LINE,RAK,SHELF,CELL,SUBCELL,PLU,NAMA,IP_DPD,ID_DPD,QTY,FRAC,UNIT,TGL_EXP,TAG,MINOR
00,00,0,01,1,20131582,JERUK BABY SANTANG  PCK,,,0,PCS,,,,1
00,00,0,02,1,20079894,DIABETASOL SUSU FORMULA DIABETES CAPPUCCINO BOX 570,,,0,PCS,CTN,,,1
00,00,0,03,1,20140884,SO GOOD SOSIS KOREA BULDAK PCK 58,,,1920,PCS,,,,10
00,00,0,04,1,20140885,SO GOOD SOSIS KOREA CHEESE BULDAK PCK 58,,,2180,PCS,,,,10
00,00,0,05,1,20034447,HILO SCHOOL SUSU BUBUK HI-CALCIUM CHOCOLATE BOX 750,,,0,PCS,CTN,,,1
00,00,0,06,1,20099223,BIOKUL GREEK YOGURT BLUEBERRY CUP 80,,,0,PCS,,,,2
00,00,0,07,1,20099224,BIOKUL GREEK YOGURT STRAWBERRY CUP 80,,,12,PCS,,,,2
00,00,0,08,1,20136630,ANLENE GOLD 5X SUSU BUBUK HI-CALCIUM HABBATUSSAUDA BOX 560,,,0,PCS,CTN,,,1
00,00,0,09,1,20141243,BLOKEES GALAXY  BOX,,,0,PCS,BOX,,,1
00,00,0,10,1,20099227,BIOKUL GREEK YOGURT STRAWBERRY CUP 473,,,0,PCS,,,,2
00,00,0,11,1,20099228,BIOKUL GREEK YOGURT BLUEBERRY CUP 473,,,12,PCS,,,,2
00,00,0,12,1,20140390,BIOKUL GREEK YOGURT PLAIN CUP 80,,,24,PCS,,,,2
00,00,0,13,1,20143394,BUMIFOOD QUICK BITES CRAB STICK SPICY BBQ PCK 50,,,1932,PCS,,,,12
00,00,0,14,1,20138652,SARI ROTI DORAYAKI (SARI KUE) PANDAN SARIKAYA PCK 53,,,0,PCS,,,,1
00,00,0,15,1,20140393,PERFETTO KEJU MOZZARELLA  PCK 120,,,96,PCS,,,,2
00,00,0,16,1,20087513,MR.BREAD ROTI SANDWICH KRIM KEJU PCK,,,0,PCS,,,N,1
00,00,0,17,1,10028602,GOOD DAY KOPI INSTANT 3 IN 1 FREEZE MOCAFRIO PCK 5X30,,,0,PCS,CTN,,,1
00,00,0,18,1,20140394,BIOKUL GREEK YOGURT HONEY CUP 473,,,2,PCS,,,,2
00,00,0,19,1,20140403,BIOKUL MINUMAN YOGHURT LYCHEE BTL 150L,,,12,PCS,,,,2
00,00,0,20,1,20052080,DIAMOND STIRRED YOGHURT BIO KUL PLAIN CUP 1000L,,,4,PCS,,,,2
00,00,0,21,1,20051843,LAGIE MILK CHOCOLATE CASHEW NUT BOX 90,,,0,PCS,,,N,1
00,00,0,22,1,20140405,BIOKUL SET YOGURT PLAIN CUP 500L,,,4,PCS,,,,2
00,00,0,23,1,10008142,DIAMOND FRESH MILK CHOCOLATE TPK 300L,,,0,PCS,,,,2
00,00,0,24,1,20019064,INDOMARET KACANG KRIUK  PCK 225,,,0,PCS,,,N,1
00,00,0,25,1,20105575,STELLA AIR FRESHENER WITH NATURAL OIL APPLE KLG 400L,,,0,PCS,CTN,,,1
00,00,0,26,1,20013260,BIOKUL STIRRED YOGHURT BLUEBERRY CUP 80L,,,0,PCS,,,,2
00,00,0,27,1,20141445,SARI ROTI BOLU MINI (SARI KUE) ORIGINAL PCK 35,,,0,PCS,,,N,1
00,00,0,28,1,20142575,CEDEA CRAB STICK JUMBO SPICY PCK 55,,,840,PCS,,,,10
00,00,0,29,1,20042512,OKAMOTO KONDOM CROWN SUPER THIN & SOFT  BOX 3S,,,0,PCS,,,N,1
00,00,0,30,1,10004946,SARI ROTI ROTI MANIS ISI/SANDROL ZPR KRM COKLAT VANNILA PCS,,,0,PCS,,,,1
00,00,0,31,1,20019757,BIOKUL MINUMAN YOGHURT BLUEBERRY BTL 150L,,,12,PCS,,,,2
00,00,0,32,1,,,,,0,PCS,,,,
00,00,0,33,1,20141982,SO GOOD GERMAN SAUSAGE SMOKED CHEESE PCK 60,,,1781,PCS,,,,10
00,00,0,34,1,20074669,TROPICANA SLIM SWEETENER STEVIA  BOX 50X2.2,,,0,PCS,,,,1
00,00,0,35,1,20140330,MY LITTLE PONY WE ARE GOOD FRIENDS  BOX,,,0,PCS,CTN,,,1
00,00,0,36,1,20141057,KANZLER SINGLES SOSIS TOM YUM PCK 60,,,3552,PCS,,,,12
00,00,0,37,1,20138892,RAW MATERIAL BANANA SYRUP  BTL 760L,,,0,PCS,,,Z,1
00,00,0,38,1,20094678,RAW MATERIAL SUSU SEGAR (DC)  TPK 1000L,,,0,PCS,,,Z,12
00,00,0,39,1,20013257,BIOKUL STIRRED YOGHURT PLAIN CUP 80L,,,0,PCS,,,,2
00,00,0,40,1,20133604,CIMORY YOGHURT THICK & CREAMY ORIGINAL PCK 40,,,1750,PCS,,,,25
00,00,0,41,1,20129787,CIMORY YOGHURT THICK & CREAMY STRAWBERRY PCK 40,,,2925,PCS,,,,25
00,00,0,42,1,20127047,MR.BREAD ROTI MANIS SOBEK SOFT CHEESE PCK,,,0,PCS,,,,1
00,00,0,43,1,20064211,MR.BREAD ROTI SANDWICH SPECIAL COKLAT PCK,,,0,PCS,,,,1
00,00,0,44,1,20010387,MR.BREAD ROTI KASUR KOMBINASI PCK 6S,,,3,PCS,,,,1
00,00,0,45,1,20104117,MR.BREAD ROTI SISIR KLASIK COKELAT PCK,,,0,PCS,,,,1
00,00,0,46,1,10029542,MR.BREAD ROTI MANIS ISI COKLAT KEJU PCK,,,0,PCS,,,,1
00,00,0,47,1,20015478,MR.BREAD ROTI KASUR COKLAT PCK 6S,,,2,PCS,,,,1
00,00,0,48,1,10029536,MR.BREAD ROTI TAWAR  PCK,,,0,PCS,,,,1
00,00,0,49,1,20020008,MR.BREAD ROTI MANIS CHOCO CHIPS PCK 4S,,,0,PCS,,,,1
00,00,0,50,1,20054414,GLADE AIR FRESHENER ONE FOR ALL OCEAN ESCAPE PCK 70,,,0,PCS,CTN,,,1
00,00,0,51,1,20135481,L-MEN STRONGBERRY BAR  PCK 20,,,0,PCS,CTN,,,1
00,00,0,52,1,20139954,SARI ROTI ROTI TAWAR TOAST  PCK 500,,,0,PCS,,,,1
00,00,0,53,1,20003593,SARI ROTI ROTI MANIS ISI/SANDROLL ZUPERR KRIM CHEESE PCK 72/55,,,0,PCS,,,,1
00,00,0,54,1,20037475,SARI ROTI ROTI TAWAR PANDAN PCK,,,0,PCS,,,,1
00,00,0,55,1,20055855,SARI ROTI ROTI TAWAR DOUBLE SOFT  PCK,,,0,PCS,,,,1
00,00,0,56,1,20109047,SARI ROTI ROTI TAWAR MILKY SOFT PCK,,,0,PCS,,,,1
00,00,0,57,1,20132616,SARI ROTI SANDWICH ZUPERR KRIM CHOCO PCS,,,0,PCS,,,,1
00,00,0,58,1,20132619,SARI ROTI SANDWICH ZUPERR KRIM SWEET PCS,,,0,PCS,,,,1
00,00,0,59,1,20119960,SCARLETT GLOWTENING SERUM  BTL 15L,,,0,PCS,PCK,,,1
00,00,0,60,1,20132618,SARI ROTI SANDWICH ZUPERR KRIM MOCHA PCS,,,0,PCS,,,,1
00,00,0,61,1,10004039,SARI ROTI ROTI MANIS CHOCO BUN  PCS 55,,,0,PCS,,,,1
00,00,0,62,1,20014916,SARI ROTI ROTI MANIS SOBEK COKLAT-STRWBERY PCK,,,0,PCS,,,,1
00,00,0,63,1,20125605,SARI ROTI ROTI MANIS SOBEK DUO COKELAT SRIKAYA PCS 108/72,,,0,PCS,,,,1
00,00,0,64,1,20035999,SARI ROTI SANDWICH COKLAT PCS,,,0,PCS,,,,1
00,00,0,65,1,20046106,SARI ROTI SANDWICH KRIM KEJU PCS,,,0,PCS,,,,1
00,00,0,66,1,20074234,SARI ROTI SANDWICH KLASIK MARGARIN MANIS PCS,,,0,PCS,,,N,1
00,00,0,67,1,10038016,MANGGA MANALAGI  WHL,,,0,PCS,,,,1
00,00,0,68,1,20108264,SARI ROTI ROTI TAWAR JUMBO SPECIAL PCK,,,0,PCS,,,,1
00,00,0,69,1,10004037,SARI ROTI ROTI TAWAR SPECIAL  PCK,,,0,PCS,,,,1
00,00,0,70,1,20052495,SARI ROTI SANDWICH PANDAN SARIKAYA MEDAN PCK,,,1,PCS,,,,1
00,00,0,71,1,20118513,SARI ROTI ROTI MANIS KLASIK KASUR KRIM MESSES PCK,,,0,PCS,,,,1
00,00,0,72,1,20125604,SARI ROTI ROTI MANIS SOBEK DUO COKELAT KEJU PCS 107/72,,,0,PCS,,,,1
00,00,0,73,1,20125603,SARI ROTI ROTI MANIS SOBEK DUO COKELAT COKLAT PCS 108/72,,,0,PCS,,,,1
00,00,0,74,1,20127008,YOSEO CREAMIX TOPPING COOKIES CREAM CUP 90,,,54,PCS,,,,2
00,00,0,75,1,20139652,RAW MATERIAL BLUE LAGOON SYRUP  BTL 760L,,,0,PCS,,,Z,1
00,00,0,76,1,10038082,SUNPRIDE PISANG CAVENDISH  WHL,,,350000,PCS,,,,1000
00,00,0,77,1,20117083,MR.BREAD ROTI TAWAR TEBAL  PCK,,,0,PCS,,,,1
00,00,0,78,1,20069665,MR.BREAD ROTI KASUR COKLAT KEJU PCK 4S,,,0,PCS,,,N,1
00,00,0,79,1,20070168,MR.BREAD ROTI KASUR COKLAT SUSU PCK 4S,,,0,PCS,,,,1
00,00,0,80,1,20134379,SARI ROTI SANDWICH CHOCO BLAST PCK,,,0,PCS,,,,1
00,00,0,81,1,20123203,SARI ROTI ROTI TAWAR DOUBLE SOFT PREMIUM PCK,,,0,PCS,,,N,1
00,00,0,82,1,20013259,BIOKUL STIRRED YOGHURT STRAWBERRY CUP 80L,,,12,PCS,,,,2
00,00,0,83,1,20139811,MABELL SINGLES SOSIS SAMBAL TEMPONG PCK 60,,,360,PCS,,,,12
00,00,0,84,1,20013683,JOHNSONS BABY POWDER BLOSSOMS BTL 300,,,0,PCS,,,N,1
00,00,0,85,1,20133078,SKINTIFIC BRIGHTENING MOISTURE GEL MSH NIACINAMIDE BOX 30,,,0,PCS,CTN,,,1
00,00,1,67,1,10006194,SARI ROTI ROTI MANIS SOBEK COKLAT PCS,,,0,PCS,,,,1
00,00,1,78,1,10003073,INDOCAFE COFFEE MIX  PCK 15X20,,,0,PCS,CTN,,,1
00,01,1,02,1,20022721,MR.BREAD KRAT ROTI  PCS,,,12,PCS,,,Z,1
00,01,1,03,1,20080421,GREENFIELDS YOGURT STRAWBERRY CUP 125,,,0,PCS,,,,2
00,01,1,04,1,20070762,LAUGHING COW BELCUBE CHEESE 24S PLAIN PCK 125,,,22,PCS,,,,2
00,01,1,05,1,20108574,LAUGHING COW CHEESE 8S  PCS 120,,,14,PCS,,,,2
00,01,1,06,1,20142305,BUMIFOOD QUICK BITES CRAB STICK PCK 60,,,204,PCS,,,,12
00,01,1,07,1,20044970,GREENFIELDS MOZZARELLA CHEESE  PCK 200,,,10,PCS,,,,2
00,01,1,08,1,10037621,ANCHOR NZ BUTTER UNSALTED PCS 200,,,20,PCS,,,,4
00,01,1,09,1,20107651,MILK LIFE FRESH MILK CHOCO BTL 200L,,,12,PCS,,,,2
00,01,1,10,1,20119943,MILK LIFE FRESH MILK CHOCOLATE BTL 1000L,,,6,PCS,,,,1
00,01,1,11,1,20107655,MILK LIFE FRESH MILK LOW LACTOSE BTL 200L,,,12,PCS,,,,2
00,01,1,12,1,20007060,GREENFIELDS FRESH MILK PASTEURISASI FULL CREAM TPK 950L,,,3,PCS,,,,1
00,01,1,13,1,20033350,GREENFIELDS FRESH MILK PASTEURISASI FULL CREAM TPK 320L,,,801,PCS,,,,1
00,01,1,14,1,20141325,HOMETOWN SQUEEZE CREAMY YOGURT HONI PINEAPPLE PCH 110,,,272,PCS,,,,2
00,01,1,15,1,20104589,IM DELICIOUS MINUMAN BERAS KENCUR  BTL 250L,,,0,PCS,,,,2
00,01,1,16,1,20143175,CIMORY YOGHURT SQUEEZE BITES BLBERY CHSE CKE PCH 120,,,1872,PCS,,,,2
00,01,1,17,1,20131933,CIMORY YOGHURT THICK & CREAMY BLUEBERRY PCK 40,,,3125,PCS,,,,25
00,01,1,18,1,20126745,KIMBO PROBITES MEXICAN JALAPENO POPPER PCK 60,,,0,PCS,,,N,12
00,01,1,19,1,10004461,KONG KEE TOFU SUTRA  PCK 240,,,20,PCS,,,,5
00,01,1,20,1,10013844,KONG KEE CINCAU HITAM MANIS PCK 290,,,0,PCS,,,,5
00,01,1,21,1,10038327,KONG KEE TOFU JEPUN  PCK 250,,,0,PCS,,,,2
00,01,1,22,1,10038336,KONG KEE TOFU UDANG PCK 140,,,100,PCS,,,,5
00,01,1,23,1,10038337,KONG KEE TOFU TELUR PCK 140,,,0,PCS,,,,2
00,01,1,24,1,20132652,SO NICE SOSIS SIAP MAKAN PREMIUM HOT PCK 55,,,1508,PCS,,,,10
00,01,1,25,1,20124746,SO NICE SOSIS SIAP MAKAN PREMIUM SMOKED BRTWURST PCK 60,,,0,PCS,,,,10
00,01,1,26,1,20124744,SO NICE SOSIS SIAP MAKAN PREMIUM ORIGINAL PCK 60,,,870,PCS,,,,10
00,01,1,27,1,20119841,GREENFIELDS YOGURT STRAWBERRY PCH 110,,,0,PCS,,,,2
00,01,1,28,1,20139188,MR.BREAD ROTI MANIS SOBEK SOFT SARIKAYA PCK 135,,,0,PCS,,,,1
00,01,1,29,1,20119844,GREENFIELDS YOGURT MANGO PCH 110,,,0,PCS,,,,2
00,01,1,30,1,10027546,ANGGUR RED FELIPE  WHL,,,0,PCS,,,,300
00,01,1,31,1,20068532,APEL FUJI SUN SWEET  PCS,,,0,PCS,,,,2
00,01,1,32,1,20070628,PEAR SEGAR  PCS,,,0,PCS,,,,2
00,01,1,33,1,10002532,APEL RED DELICIOUS  WHL,,,0,PCS,,,,1000
00,01,1,34,1,10003752,APEL SWEET GALA  WHL,,,0,PCS,,,,1000
00,01,1,35,1,10004042,APEL FUJI RRC BAZAAR  WHL,,,0,PCS,,,,1000
00,01,1,36,1,10006139,LYCHEE BUAH  WHL,,,0,PCS,,,P,1000
00,01,1,37,1,10007615,APEL PASIFIC ROSE  WHL,,,0,PCS,,,P,1000
00,01,1,38,1,10007668,JERUK BABY SANTANG BAZAAR  WHL,,,0,PCS,,,,1000
00,01,1,39,1,10008241,JERUK LEMON  WHL,,,0,PCS,,,,1000
00,01,1,40,1,10011262,PEAR SWEET BAZAAR WHL,,,0,PCS,,,,1000
00,01,1,41,1,10013184,JERUK MURCOTT  WHL,,,0,PCS,,,,1000
00,01,1,42,1,10015367,APEL FUJI BLUSH BAZAAR  WHL,,,0,PCS,,,P,1000
00,01,1,43,1,10019138,PEAR CENTURY BAZAAR  WHL,,,0,PCS,,,,1000
00,01,1,44,1,10034262,ANGGUR HIJAU  WHL,,,0,PCS,,,,1000
00,01,1,45,1,10037991,APEL GREEN SMITH  WHL,,,0,PCS,,,,1000
00,01,1,46,1,10038053,PEAR YALIE BAZAAR  WHL,,,0,PCS,,,,1000
00,01,1,47,1,10038054,PEAR XIANG LIE BAZAAR WHL,,,19,PCS,,,,1000
00,01,1,48,1,10038064,JERUK KINO PAKISTAN BAZAAR  WHL,,,0,PCS,,,P,1000
00,01,1,49,1,10038065,PLUM ANGELINO  WHL,,,0,PCS,,,,1000
00,01,1,50,1,10038056,PEAR PAKAM AFR/RRC  WHL,,,0,PCS,,,,1000
00,01,1,51,1,10038069,LENGKENG BANGKOK BAZAAR  WHL,,,0,PCS,,,,1000
00,01,1,52,1,20000935,JERUK PONKAM BAZAAR  WHL,,,0,PCS,,,,1000
00,01,1,53,1,20005194,PEAR GOLDEN  WHL,,,0,PCS,,,,1000
00,01,1,54,1,20014524,APEL FUJI RED SWEET  WHL,,,0,PCS,,,,1000
00,01,1,55,1,20015608,PEAR SINGO  WHL,,,0,PCS,,,,1000
00,01,1,56,1,20036308,KIWI FRUIT GOLD  WHL,,,0,PCS,,,P,1000
00,01,1,57,1,20039132,ANGGUR BLACK GLOBE  WHL,,,0,PCS,,,,1000
00,01,1,58,1,20039133,KIWI FRUIT HIJAU  WHL,,,0,PCS,,,,1000
00,01,1,59,1,20041194,JERUK SUNKIST NAVEL/VALENCIA BAZAAR WHL,,,0,PCS,,,,1000
00,01,1,60,1,20056609,JERUK WOGAN/WOKAM BAZAAR  WHL,,,0,PCS,,,,1000
00,01,1,61,1,20062329,APEL ENVY  WHL,,,0,PCS,,,,1000
00,01,1,62,1,20065412,KIWI FRUIT HIJAU  PCS,,,698,PCS,,,,2
00,01,1,63,1,20066152,JERUK LEMON IMPORT  PCS,,,548,PCS,,,,3
00,01,1,64,1,20067471,APEL FUJI ROYAL MOONLIGHT  PCS,,,0,PCS,,,R,2
00,01,1,65,1,20068531,PEAR PAKAM IMPORT  PCS,,,0,PCS,,,,2
00,01,1,66,1,20069674,KIWI FRUIT GOLD  PCS,,,0,PCS,,,,1
00,01,1,67,1,20139812,MABELL SINGLES SOSIS GOCHUJANG PCK 60,,,288,PCS,,,,12
00,01,1,68,1,20072211,LENGKENG BANGKOK NEW  PCK,,,0,PCS,,,R,1
00,01,1,69,1,20073884,JERUK PONKAM NEW  PCS,,,0,PCS,,,P,3
00,01,1,70,1,20076891,JERUK KINO PAKISTAN  PCS,,,0,PCS,,,,3
00,01,1,71,1,20080245,APEL FUJI AUSTRALIA  PCS,,,0,PCS,,,R,2
00,01,1,72,1,20142306,BUMIFOOD QUICK BITES BF QB FISH TOFU PCK 60,,,514,PCS,,,,12
00,01,1,73,1,20081467,APEL MERAH MANIS  PCS,,,94,PCS,,,,2
00,01,1,74,1,20087711,JERUK MURCOT/WOKAM  PCS,,,0,PCS,,,,2
00,01,1,75,1,20088357,PEAR SWEET  PCS,,,1800,PCS,,,,2
00,01,1,76,1,20094235,ANGGUR RED PROMO BAZAAR  WHL,,,206500,PCS,,,,1000
00,01,1,77,1,20106372,BUAH BLUEBERRY BUAH  PCK,,,0,PCS,,,,1
00,01,1,78,1,20127062,JERUK KIMKIT IMPORT  PCK,,,0,PCS,,,P,1
00,01,1,79,1,20130892,ANGGUR SHINE MUSCAT BAZAAR  PCK,,,400,PCS,,,,1
00,01,1,80,1,20131577,PEAR PAKHAM AUSTRALIA  WHL,,,0,PCS,,,R,1
00,01,1,81,1,10002619,MELON SKY (DAGING PUTIH)  WHL,,,300000,PCS,,,,1000
00,01,1,82,1,10003222,ALPUKAT MENTEGA  WHL,,,0,PCS,,,,1000
00,01,1,83,1,10003321,APEL MALANG  WHL,,,0,PCS,,,R,1000
00,01,1,84,1,10004031,SEMANGKA MERAH & TANPA BIJI  WHL,,,500000,PCS,,,,1000
00,01,1,85,1,10004493,KELAPA MUDA FRESH  PCS,,,0,PCS,,,,1
00,01,1,86,1,10004509,MELON GOLDEN  WHL,,,0,PCS,,,,1000
00,01,1,87,1,10008532,JAMBU BATU/KLUTUK MERAH  WHL,,,7000,PCS,,,,1000
00,01,1,88,1,10013548,MELON ROCK (MERAH & MANIS)  WHL,,,276000,PCS,,,,1000
00,01,1,89,1,10017210,MANGGA HARUM MANIS (PROMO)  WHL,,,0,PCS,,,,1000
00,01,1,90,1,10019160,MELON KINANTI  WHL,,,0,PCS,,,R,5000
00,01,1,91,1,10022223,PISANG AMBON SUPER  WHL,,,0,PCS,,,R,1000
00,01,1,92,1,10030571,PEPAYA CALIFORNIA  WHL,,,300000,PCS,,,,1000
00,01,1,93,1,20131584,ANGGUR RED  PCK,,,0,PCS,,,,1
00,01,1,94,1,10037994,BELIMBING BUAH  WHL,,,0,PCS,,,,5000
00,01,1,95,1,10037997,KEDONDONG BUAH  WHL,,,0,PCS,,,,1
00,01,1,96,1,10037999,PISANG EMAS  SSR,,,0,PCS,,,R,1
00,01,1,97,1,10038011,MANGGA HARUM MANIS  WHL,,,400000,PCS,,,,1000
00,01,1,98,1,10038020,SIRSAK BUAH  WHL,,,15000,PCS,,,,1
00,01,1,99,1,10038023,SEMANGKA KUNING  WHL,,,0,PCS,,,,1000
00,01,2,00,1,10038034,JERUK BABY JAVA (MANIS)  WHL,,,0,PCS,,,R,1000
00,01,2,01,1,10038038,BLEWAH BUAH  WHL,,,0,PCS,,,P,1
00,01,2,02,1,10038043,DURIAN LOKAL  PCS,,,0,PCS,,,P,1
00,01,2,03,1,10008867,SARI ROTI ROTI TAWAR GANDUM PCS,,,0,PCS,,,,1
00,01,2,04,1,20014988,MELON HONEY GLOBE (MANIS)  WHL,,,0,PCS,,,R,1
00,01,2,05,1,20020671,BENGKOANG BUAH  WHL,,,9000,PCS,,,,1
00,01,2,06,1,20028354,NANAS MADU (CROWN)  PCS,,,100,PCS,,,,1
00,01,2,07,1,20028593,DURIAN LOKAL MONTHONG  WHL,,,0,PCS,,,,1
00,01,2,08,1,20034526,SUNPRIDE PISANG CAVENDISH SINGLE  PCS 1S,,,160,PCS,,,,1
00,01,2,09,1,20035172,JAMBU KRISTAL (LESS SEEDLESS)  WHL,,,25000,PCS,,,,1
00,01,2,10,1,20041057,MANGGIS MANIS  WHL,,,0,PCS,,,R,5000
00,01,2,11,1,20041572,SALAK PONDOH MANIS  WHL,,,10000,PCS,,,,5000
00,01,2,12,1,20044682,BUAH NAGA MERAH (LOKAL)  WHL,,,97000,PCS,,,,1000
00,01,2,13,1,20049802,MANGGA IRWIN PROBOLINGGO  WHL,,,0,PCS,,,P,1
00,01,2,14,1,20067168,NANAS MADU (NON CROWN SMALL 15)  PCS,,,300,PCS,,,,1
00,01,2,15,1,10000208,VERKADE BISCUIT SPECULAAS SPECIAL SPICES PCK 200,,,0,PCS,,,,1
00,01,2,16,1,20089807,MANGGA HARUM MANIS TP  WHL,,,0,PCS,,,P,1000
00,01,2,17,1,20090048,JERUK SHANTANG KUNING MANIS LOKAL  WHL,,,0,PCS,,,R,1
00,01,2,18,1,20090049,JERUK SIAM HIJAU SEGAR MANIS LOKAL  WHL,,,0,PCS,,,R,1
00,01,2,19,1,20095759,SUNPRIDE MINI CRYSTAL GUAVA  PCK,,,0,PCS,,,,1
00,01,2,20,1,20126310,PISANG MANIS LOKAL  WHL,,,0,PCS,,,R,1
00,01,2,21,1,20126311,JAMUR ENOKI (DC)  PCK 100,,,0,PCS,,,,1
00,01,2,22,1,20126563,JAMUR ETIRA SLICE (DC)  PCH 250,,,0,PCS,,,R,1
00,01,2,23,1,20126565,JAMUR CHAMPIGNON (DC)  PCK 250,,,0,PCS,,,R,1
00,01,2,24,1,20126614,JAMUR SHIMEJI COKLAT (DC)  PCK 150,,,0,PCS,,,R,1
00,01,2,25,1,20126615,JAMUR SHIMEJI PUTIH (DC)  PCK 150,,,0,PCS,,,R,1
00,01,2,26,1,20113313,BAWANG PUTIH (DC)  PCK 250,,,0,PCS,,,R,1
00,01,2,27,1,20113314,BAWANG MERAH (DC)  PCK 250,,,0,PCS,,,,1
00,01,2,28,1,20104587,WAHYUDIYAN MINUMAN SINOM  BTL 330L,,,0,PCS,,,R,2
00,01,2,29,1,10003795,TELUR AYAM OMEGA-3  BTR,,,22600,PCS,,,,20
00,01,2,30,1,20020184,TELUR ASIN MATANG  BTR,,,2656,PCS,,,,4
00,01,2,31,1,20081741,TELUR AYAM KAMPUNG OMEGA 3  BTR,,,4656,PCS,,,,6
00,01,2,32,1,20119874,GREENFIELDS YOGURT BLUEBERRY PCH 110,,,0,PCS,,,,2
00,01,2,33,1,20134040,CIMORY YOGHURT THICK & CREAMY MANGO STKY RICE PCK 40,,,2850,PCS,,,,25
00,01,2,34,1,20079902,RAW MATERIAL SOSIS BAKAR SAPI ORIGINAL  PCS,,,6000,PCS,,,Z,60
00,01,2,35,1,20096065,RAW MATERIAL SOSIS BAKAR SAPI KEJU PCS,,,6000,PCS,,,Z,60
00,01,2,36,1,20062099,SARI ROTI DORAYAKI (SARI KUE) COKLAT PCK 55,,,0,PCS,,,,1
00,01,2,37,1,20072596,SARI ROTI LAPIS (SARI KUE) BAMKUHEN  PCK,,,0,PCS,,,,1
00,01,2,38,1,20080782,SARI ROTI LAPIS (SARI KUE) BAMKUHEN COKELAT PCK,,,0,PCS,,,,1
00,01,2,39,1,20091744,SARI ROTI STEAMED CHEESE CAKE (SARI KUE) ORIGINAL/CHEESE PCK,,,0,PCS,,,,1
00,01,2,40,1,20109614,STELLA AIR FRESH AEROSOL PARFUMIST SECRET LAVENDER KLG 350+50L,,,0,PCS,CTN,,,1
00,01,2,41,1,20142304,BUMIFOOD QUICK BITES ODENG PCK 60,,,468,PCS,,,,12
00,01,2,42,1,20142574,CEDEA CHIKUWA NEJIRI BLACK PEPPER PCK 50,,,0,PCS,,,,12
00,01,2,43,1,,,,,0,PCS,,,,
00,01,2,44,1,20127599,SARI ROTI LAPIS (SARI KUE) SURABAYA PRM ORIGINAL PCK 48,,,0,PCS,,,,1
00,01,2,45,1,20130214,SARI ROTI DORAYAKI (SARI KUE) CHEESE HOKKAIDO PCK 55,,,0,PCS,,,,1
00,01,2,46,1,20130215,SARI ROTI DORAYAKI (SARI KUE) CHOCO PEANUT PCK 55,,,0,PCS,,,,1
00,01,2,47,1,20132621,SARI ROTI SOFT CAKE (SARI KUE) PUTU PANDAN PCK 65,,,0,PCS,,,,1
00,01,2,48,1,,,,,0,PCS,,,,
00,01,2,49,1,20133258,SARI ROTI DORAYAKI (SARI KUE) STRAWBERRY PCK 50,,,0,PCS,,,,1
00,01,2,50,1,10004371,SARI ROTI ROTI MANIS ISI/SANDROLL ZUPERR KRIM MOCHA PCS,,,0,PCS,,,,1
00,01,2,51,1,10004372,SARI ROTI ROTI MANIS ISI/SANDROLL ZUPERR KRIM CHOCO PCS,,,0,PCS,,,,1
00,01,2,52,1,10006195,SARI ROTI ROTI MANIS SOBEK COKLAT-KEJU PCS,,,0,PCS,,,,1
00,01,2,53,1,10010255,SARI ROTI ROTI MANIS KASUR SUSU PCS 162,,,0,PCS,,,,1
00,01,2,54,1,10010256,SARI ROTI ROTI MANIS KASUR MENTEGA PCS 165,,,0,PCS,,,,1
00,01,2,55,1,10029543,MR.BREAD ROTI ISI PISANG COKLAT PCK,,,0,PCS,,,R,1
00,01,2,56,1,10029545,MR.BREAD ROTI MANIS SOBEK KEJU PCK,,,6,PCS,,,,1
00,01,2,57,1,10033661,MR.BREAD ROTI KASUR  PCK,,,3,PCS,,,,1
00,01,2,58,1,10032089,SARI ROTI ROTI MANIS CHOCO CHEESE BUN  PCK 55,,,0,PCS,,,,1
00,01,2,59,1,20025041,SARI ROTI ROTI MANIS KASUR KEJU PCK 180,,,0,PCS,,,,1
00,01,2,60,1,20031087,SARI ROTI ROTI MANIS SOBEK COKLAT-BLUBERRY PCS 226,,,0,PCS,,,,1
00,01,2,61,1,20036000,SARI ROTI SANDWICH KRIM KACANG PCS,,,0,PCS,,,,1
00,01,2,62,1,20041084,MR.BREAD ROTI KASUR PANDAN COKLAT SRIKAYA PCK 4S,,,0,PCS,,,N,1
00,01,2,63,1,20046107,SARI ROTI SANDWICH BLUEBERRY PCK,,,0,PCS,,,,1
00,01,2,64,1,10018154,SARI ROTI ROTI TAWAR COKLAT CHIP PCK 275,,,0,PCS,,,,1
00,01,2,65,1,20003591,SARI ROTI ROTI TAWAR KUPAS EXTRA KALSIUM PCK 200,,,0,PCS,,,,1
00,01,2,66,1,20120460,SARI ROTI ROTI TAWAR KUPAS JUMBO PCK,,,0,PCS,,,,1
00,01,2,67,1,20132623,SARI ROTI ROTI TAWAR JUMBO MILKY SOFT PCK,,,0,PCS,,,,1
00,01,2,68,1,10016508,SARI ROTI KRAT ROTI TAWAR  PCS,,,8,PCS,,,Z,1
00,01,2,69,1,10016509,SARI ROTI KRAT ROTI MANIS  PCS,,,9,PCS,,,Z,1
00,01,2,70,1,20127597,MR.BREAD ROTI SANDWICH KLASIK MARGARIN PCK,,,0,PCS,,,,1
00,01,2,71,1,20096536,MR.BREAD ROTI SISIR KLASIK MARGARIN GULA PCK,,,0,PCS,,,,1
00,01,2,72,1,20138467,SARI ROTI ROTI TAWAR KLASIK  PCK 360,,,0,PCS,,,,1
00,01,2,73,1,20001203,MR.BREAD ROTI TAWAR KUPAS PANDAN PCK,,,0,PCS,,,,1
00,01,2,74,1,20042205,MR.BREAD ROTI TAWAR GANDUM MULTISEED  PCK,,,0,PCS,,,,1
00,01,2,75,1,20129486,MR.BREAD ROTI MANIS ISI KEJU SUSU PCK,,,0,PCS,,,,1
00,01,2,80,1,,,,,0,PCS,,,,
00,01,2,81,1,20032984,DUREX PLAY INTIMATE LUBE FEEL BTL 50L,,,0,PCS,,,N,1
00,01,2,82,1,,,,,0,PCS,,,,
00,01,2,83,1,20136274,INDOMARET KAOS OBLONG COOLMAXXX HITAM PCK EXTRALARGE,,,0,PCS,,,V,1
00,01,2,84,1,20128392,7+ CEREAL BAR YOGHURT BERRY PCK 22,,,0,PCS,CTN,,,1
00,01,2,85,1,20114736,APEL ROCKIT  PCK,,,0,PCS,,,P,1
00,01,2,86,1,10011235,MR.MUSCLE PEMBERSIH DAPUR PUMP LEMON BTL 500L,,,0,PCS,,,,1
00,01,2,87,1,20144002,BELFOODS ROYAL BAKSO GORENG KEJU PCK 55,,125,0,PCS,,,,12
00,01,2,88,1,20144001,BELFOODS ROYAL BAKSO GORENG MERCON PCK 55,,125,0,PCS,,,,12
00,01,2,89,1,20144000,FIESTA SOSIS AYAM READY TO GO SAMBAL GEPREK PCK 60,,125,0,PCS,,,,12
00,01,2,90,1,20040153,ANTIS PMBRSH TGN A/SPTIK SPRY DOUBLE ACTION JRK NPS BTL 55L,,,0,PCS,,,N,1
00,01,2,91,1,10026611,SOFTEX MATERNITY PEMBALUT BRSLIN 10S  BAG 45,,,0,PCS,,,N,1
00,01,2,92,1,,,,,0,PCS,,,,
00,01,2,93,1,,,,,0,PCS,,,,
00,01,2,94,1,,,,,0,PCS,,,,
00,01,2,95,1,,,,,0,PCS,,,,
00,01,2,96,1,20046180,KAPAL API KOPI INSTANT 3 IN 1 WHITE COFFEE BAG 12X37,,,0,PCS,CTN,,,1
00,01,2,97,1,,,,,0,PCS,,,,
00,01,2,98,1,20103776,TROPICANA SLIM HOKAIDO CHEESE COOKIES  BOX 100,,,0,PCS,,,,1
00,01,2,99,1,,,,,0,PCS,,,,
00,01,3,01,1,20133114,SKINTIFIC PURIFYING MICELLAR WATER MUGWORT BTL 300L,,,0,PCS,CTN,,,1
00,01,3,02,1,20131289,UNICHARM WET WIPES KIREY CARE ANTI BACTERIAL PCK 20,,,0,PCS,CTN,,,1
00,01,3,03,1,20131517,S-26 PROCAL GLD PHPRO SUSU BUBUK PERTUMBUHAN 3 1-3 TAHUN KLG 800,,,0,PCS,CTN,,,1
00,01,3,04,1,20137881,PINK BODY LOTION FORGET ME NOT TUB 70L,,,0,PCS,CTN,,,1
00,01,3,05,1,20137034,MILKY BE HAPPY DRINK STRAWBERRY KLG 250L,,,0,PCS,CTN,,,1
00,01,3,06,1,,,,,0,PCS,,,,
00,01,3,07,1,20140377,HOMETOWN YOGHURT TROPICAL MANGO CUP 100L,,,0,PCS,,,,2
00,01,3,08,1,20088871,RAW MATERIAL WHIPING CREAM (DC)  PCS 1L,,,792,PCS,,,Z,1
00,01,3,09,1,10007485,MAWAR GULA HALUS  PCK 500,,,0,PCS,,,N,1
00,01,3,10,1,,,,,0,PCS,,,,
00,01,3,11,1,20113971,KURMA MEDJOOL  PCK,,,0,PCS,,,J,1
00,01,3,12,1,20107539,TOK-POKI KOREAN RICE CAKE K-POKI SPICY CHEESE PCK 150,,,0,PCS,,,N,1
00,01,3,13,1,20043976,SEMANGKA MERAH BABY BLACK (SEEDLESS)  WHL,,,120000,PCS,,,,1
00,01,3,14,1,,,,,0,PCS,,,,
00,01,3,15,1,,,,,0,PCS,,,,
00,01,3,16,1,20138651,SARI ROTI WAFFLE (SARI KUE) ORIGINAL PCK 35,,,0,PCS,,,,1
00,01,3,17,1,20131034,WONHAE INSTANT NOODLE RAMYUN BUTTER CORN PCK 120,,,0,PCS,,,N,1
00,01,3,18,1,20137468,NISSIN GEKI MI INSTAN GORENG HOT CHICKEN CUP 100,,,0,PCS,CTN,,,1
00,01,3,19,1,,,,,0,PCS,,,,
00,01,3,20,1,20140362,POKEMON PALMSIZE WONDERS MIXED PCS,,,0,PCS,BOX,,,1
00,01,3,21,1,20055495,TANI NELAYAN TEPUNG SUPER TAPIOKA BOGOR  PCK 500,,,0,PCS,,,N,1
00,01,3,22,1,10005442,DELIMA MINYAK GORENG REFFIL  PCH 1000L,,,0,PCS,,,N,12
00,01,3,23,1,20137879,SARI ROTI MINI CUPCAKE (SARI KUE) VANILLA COCONUT PCK 6S,,,0,PCS,,,N,1
00,01,3,24,1,20120975,INDOMIE MIE GORENG AYAM POP PCK 85,,,0,PCS,,,N,40
00,01,3,25,1,20041937,VERKADE COOKIES KOKOS KELAPA BOX 150,,,0,PCS,,,,2
00,01,3,26,1,10011078,DIAMOND FRESH MILK PLAIN TPK 946L,,,0,PCS,,,,2
00,01,3,27,1,20138221,OHANA MIE MI INSTANT SEHAT AYAM BAWANG PCK 60,,,0,PCS,CTN,,,1
00,01,3,28,1,,,,,0,PCS,,,,
00,01,3,29,1,20119547,TEBS SPARKLING LEMON LIME BTL 300L,,,0,PCS,,,N,2
00,01,3,30,1,20039493,OVALTINE FRESH MILK DRINK CHOCOLATE TPK 946L,,,0,PCS,,,,2
00,01,3,31,1,20105234,MR.MUSCLE PEMBERSIH DAPUR REFFIL LEMON PCH 800/720L,,,0,PCS,CTN,,,1
00,01,3,32,1,20014027,NONG SHIM INSTANT NOODLE SHIN RAMYUN SPICY MUSHROOM CUP 72,,,0,PCS,CTN,,,1
00,01,3,33,1,20137857,SARI ROTI MINI CUPCAKE (SARI KUE) PANDAN COCONUT PCK 6S,,,0,PCS,,,N,1
00,01,3,34,1,,,,,0,PCS,,,,
00,01,3,35,1,20043415,GLADE AUTOMATIC SPRAY ALAT + REFILL  PCS,,,3,PCS,CTN,,T,1
00,01,3,36,1,20085775,ENSURE GOLD NUTRITION POWDER FOS COKLAT KLG 380,,,0,PCS,,,N,1
00,01,3,37,1,20056692,MUNCHYS OAT KRUNCH DARK CHOCOLATE PCK 208,,,0,PCS,CTN,,,1
00,01,3,38,1,20138654,SARI ROTI ROTI MANIS CREAM MESSES BUN FAMILY PCK 230,,,0,PCS,,,,1
00,01,3,39,1,20134197,RAW MATERIAL HONEY SYRUP  BTL 1L,,,0,PCS,,,Z,1
00,01,3,40,1,20141862,SARI ROTI ROTI TAWAR GANDUM KUPAS PCS 200,,,0,PCS,,,,1
00,01,3,41,1,20080423,GREENFIELDS YOGURT MANGO CUP 125,,,0,PCS,,,,2
00,01,3,42,1,10038015,MANGGA INDRAMAYU  WHL,,,0,PCS,,,P,1000
00,01,3,43,1,,,,,0,PCS,,,,
00,01,3,44,1,20106726,POTABEE SNACK POTATO CHIPS WAGYU BEEF STK PCK 68/65,,,0,PCS,CTN,,,2
00,01,3,45,1,20103382,KEWPIE SAUS SIRAM THOUSAND ISLAND  BTL 200L,,,0,PCS,CTN,,,2
00,01,3,46,1,20138476,FIESTA SAUSAGE READY TO GO HICKORY SAUCE PCK 60,,,1584,PCS,,,,12
00,01,3,47,1,20113576,KATA OMA SNACK TELUR GABUS TELUR ASIN PCH 50,,,0,PCS,CTN,,N,1
00,01,3,48,1,,,,,0,PCS,,,,
00,01,3,49,1,20134985,POINT COFFEE TUMBLER TK 530 H  PCS 530L,,,0,PCS,,,I,1
00,01,3,50,1,20098866,PROMINA HOMEMADE AYAM BROKOLI LABU KUNING BOX 100,,,0,PCS,,,,1
00,01,3,51,1,10018871,BAGUS PENGHARUM LEMARI FANCYS JASMINE PCS 60,,,0,PCS,BOX,,,1
00,01,3,52,1,20138976,FIESTA BAKSO SAPI READY TO GO CHEESY LAVA PCK 55,,,264,PCS,,,,12
00,01,3,53,1,20018771,LOACKER WAFER CREMKAKAO PCK 45,,,0,PCS,BOX,,,1
00,01,3,54,1,20133068,SKINTIFIC COVER ALL PERFECT CUSHION 02 IVORY BOX 11,,,0,PCS,CTN,,,1
00,01,3,55,1,20056693,MUNCHYS OAT KRUNCH STRAW & BLCKRNT PCK 208,,,0,PCS,CTN,,,1
00,01,3,56,1,20140361,FUNISM MALTESE PUPSNAP SERIES BLIND BOX  PCK,,,0,PCS,BOX,,,1
00,01,3,57,1,20026677,LOTTE SNACK BISCUIT KOALA CHOCOLATE BOX 37,,,0,PCS,,,,1
00,01,3,58,1,20118828,CHIKI SNACK NET POTATO BARBECUE PCK 65,,,0,PCS,,,N,1
00,01,3,59,1,20101931,CHIKI SNACK BALLS CHEESE PCK 200,,,0,PCS,CTN,,,1
00,01,3,60,1,20141326,HOMETOWN SQUEEZE CREAMY YOGURT MIXED BERRIES PCH 110,,,292,PCS,,,,2
00,01,3,61,1,20128818,SOYJOY MOCHACHOCO CASHEW  PCK 30,,,0,PCS,CTN,,,1
00,01,3,62,1,20136106,SARI ROTI ROTI MANIS KLASIK BANTAL SWEET CHEESE PCK 87,,,0,PCS,,,,1
00,01,3,63,1,10005839,TROPICAL MINYAK GORENG REFILL  PCH 2000L,,,0,PCS,,,N,6
00,01,3,64,1,20016379,SOYJOY FRUIT SOY BAR RAISIN ALMOND PCK 30,,,0,PCS,,,N,1
00,01,3,65,1,20007064,GREENFIELDS FRESH MILK PASTEURISASI LOW FAT TPK 950L,,,19,PCS,,,,1
00,01,3,66,1,20033351,GREENFIELDS FRESH MILK PASTEURISASI LESS SUGAR CHOC MALT TPK 320L,,,0,PCS,,,,1
00,01,3,67,1,20134222,KENTANG GRANOLA (DC)  PCK 500,,,0,PCS,,,N,1
00,01,3,68,1,20107656,MILK LIFE FRESH MILK PURE BTL 200L,,,12,PCS,,,,2
00,01,3,69,1,20126746,MILK LIFE FRESH MILK LACTOSE FREE ORIGINAL BTL 1000L,,,6,PCS,,,,1
00,01,3,70,1,20127058,MILK LIFE FRESH MILK PURE BTL 1000L,,,7,PCS,,,,1
00,01,3,71,1,20015231,CIMORY YOGHURT DRINK STRAWBERRY BTL 240L,,,1030,PCS,,,,2
00,01,3,72,1,20023797,CIMORY YOGHURT DRINK MIX FRUITS BTL 240L,,,505,PCS,,,,2
00,01,3,73,1,20027214,ELLE & VIRE FRUITS YOGHURT MIXED BERRY CUP 125,,,16,PCS,,,,2
00,01,3,74,1,20028005,CIMORY YOGHURT DRINK BLUEBERRY BTL 240L,,,956,PCS,,,,2
00,01,3,75,1,20069777,POINT COFFEE LID FLAT  PCS 16 OZ,,,0,PCS,,,Z,50
00,01,3,76,1,20052812,CIMORY YOGHURT DRINK MIXED BERRY BTL 240L,,,801,PCS,,,,2
00,01,3,77,1,20080420,GREENFIELDS YOGURT ORIGINAL CUP 125,,,0,PCS,,,,2
00,01,3,78,1,20095317,GREENFIELDS YOGURT DRINK STRAWBERRY BTL 240L,,,0,PCS,,,,2
00,01,3,79,1,20095318,GREENFIELDS YOGURT DRINK BLUEBERRY BTL 240L,,,0,PCS,,,,2
00,01,3,80,1,,,,,0,PCS,,,,
00,01,3,81,1,20102567,CIMORY YOGHURT SQUEEZE STRAWBERRY PCH 120,,,1470,PCS,,,,2
00,01,3,82,1,20102569,CIMORY YOGHURT SQUEEZE BLUEBERRY PCH 120,,,1699,PCS,,,S,2
00,01,3,83,1,20102570,CIMORY YOGHURT SQUEEZE ORIGINAL PCH 120,,,2018,PCS,,,S,2
00,01,3,84,1,20103269,CIMORY YOGURT DRINK NO ADDED SUGAR STRAWBRY MANGO BTL 240L,,,696,PCS,,,,2
00,01,3,85,1,20133726,HOT WHEELS ULTRA HOTS HDG52 ASSORTED PCS,,,3,PCS,,,V,1
00,01,3,86,1,20095508,FREEZY CUP 12 OZ LID DOME  PCS,,,0,PCS,,,Z,1
00,01,3,87,1,20138185,RAW MATERIAL UBE POWDER  PCK 1,,,0,PCS,,,Z,1
00,01,3,88,1,20136101,SARI ROTI SANDROLL ZUPERR CREAMY (CHOCO) CHOCO BERRY PCK 50,,,0,PCS,,,,1
00,01,3,89,1,20118503,CIMORY YOGHURT SQUEEZE MANGO STKY RICE PCH 120,,,1203,PCS,,,,2
00,01,3,90,1,,,,,0,PCS,,,,
00,01,3,91,1,,,,,0,PCS,,,,
00,01,3,92,1,20122460,CIMORY YOGHURT SQUEEZE BROWN SUGAR PCH 120,,,1006,PCS,,,,2
00,01,3,93,1,,,,,0,PCS,,,,
00,01,3,94,1,20088719,KANZLER SINGLES SOSIS ORIGINAL PCK 65,,,5240,PCS,,,,12
00,01,3,95,1,20088730,KANZLER SINGLES SOSIS KEJU PCK 60,,,6708,PCS,,,,12
00,01,3,96,1,20088731,KANZLER SINGLES SOSIS MINI  PCK 65,,,3096,PCS,,,,12
00,01,3,97,1,20106308,KANZLER SINGLES SOSIS HOT PCK 65,,,9038,PCS,,,L,12
00,01,3,98,1,,,,419,0,PCS,,,,
00,01,3,99,1,20134079,INDOMARET CELANA BOXER PRIA COOLMAXXX  PCK LARGE,,,0,PCS,,,V,1
00,01,4,01,1,20118403,KANZLER SINGLES BAKSO ORIGINAL PCK 48,,,1555,PCS,,,,12
00,01,4,02,1,20118404,KANZLER SINGLES BAKSO KEJU PCK 48,,,1716,PCS,,,,12
00,01,4,03,1,20124745,SO NICE SOSIS SIAP MAKAN PREMIUM KEJU PCK 60,,,1200,PCS,,,,10
00,01,4,04,1,20126489,KANZLER SINGLES SOSIS GOCHUJANG PCK 60,,,8976,PCS,,,,12
00,01,4,05,1,20127239,KANZLER SINGLES BAKSO HOT PCK 55,,,2661,PCS,,,,12
00,01,4,06,1,20128986,FIESTA SAUSAGE READY TO GO ORIGINAL PCK 65,,,1872,PCS,,,,12
00,01,4,07,1,,,,,0,PCS,,,,
00,01,4,08,1,20132112,FIESTA SIOMAY AYAM READY TO GO  PCK 54,,,480,PCS,,,,12
00,01,4,09,1,20132113,FIESTA BAKSO AYAM READY TO GO KEJU PCK 60,,,360,PCS,,,,12
00,01,4,10,1,20132114,FIESTA BAKSO AYAM READY TO GO BBQ PCK 60,,,1932,PCS,,,,12
00,01,4,11,1,10005643,SARI ROTI ROTI MANIS SOBEK COKLAT-SRIKAYA PCS 216,,,0,PCS,,,,1
00,01,4,12,1,10031694,MR.BREAD ROTI TAWAR KUPAS  PCK,,,0,PCS,,,,1
00,01,4,13,1,20038946,CONTAINER BOX PLASTIK  PCS,,,41520,PCS,PCS,,Z,1
00,01,4,14,1,20074955,MR.BREAD ROTI KASUR CHOCO BANANA PCK 4S,,,0,PCS,,,,1
00,01,4,15,1,20100061,POINT COFFEE METAL KEYCHAIN CHEMEX  PCS,,,0,PCS,,,I,2
00,01,4,16,1,20111699,MAKARIZO HAIR & SCALP CREAMBATH FIBER/T ROYAL JELLY JAR 500,,,0,PCS,CTN,,,1
00,01,4,17,1,20100065,POINT COFFEE RUBBER KEYCHAIN MUG LOVE  PCS,,,0,PCS,,,I,2
00,01,4,18,1,20108608,POINT COFFEE NOTE BOOK NUSANTARA A5 HIJAU PCS,,,0,PCS,,,I,2
00,01,4,19,1,20055356,AJINOMOTO TEPUNG BUMBU SAJIKU  PCK 900,,,0,PCS,CTN,,,1
00,01,4,20,1,20108609,POINT COFFEE NOTE BOOK NUSANTARA A5 PUTIH PCS,,,0,PCS,,,I,2
00,01,4,21,1,20100060,POINT COFFEE METAL KEYCHAIN V60  PCS,,,0,PCS,,,I,2
00,01,4,22,1,20096057,NISSIN INSTANT CUP NOODLES KALDU SAPI CUP 66/62,,,0,PCS,CTN,,,1
00,01,4,23,1,10003730,LEE KUM KEE OYSTER SAUCE  BTL 510L,,,0,PCS,,,N,1
00,01,4,24,1,10037032,MAKARONIKU MACARONI ELBOW  BOX 200,,,0,PCS,,,N,1
00,01,4,25,1,20034619,ABC MI GORENG SELERA PEDAS AYM PEDAS LIMAU CUP 80,,,0,PCS,,,N,1
00,01,4,26,1,20037642,MAMASUKA MAYONNAIS  BTL 300,,,0,PCS,,,N,1
00,01,4,27,1,20133093,SKINTIFIC SOOTHING TONER 5X CERAMIDE BOX 80L,,,0,PCS,CTN,,,1
00,01,4,28,1,10011076,DIAMOND FRESH MILK CHOCOLATE TPK 946L,,,0,PCS,,,,2
00,01,4,29,1,,,,,0,PCS,,,,
00,01,4,30,1,,,,,0,PCS,,,,
00,01,4,31,1,20049136,OISHI SNACK PILLOWS KEJU PCH 100,,,0,PCS,CTN,,,1
00,01,4,32,1,,,,,0,PCS,,,,
00,01,4,33,1,,,,,0,PCS,,,,
00,01,4,34,1,20120868,SCARLETT BRIGHTENING SHOWER SCRUB CHARMING BTL 300L,,,0,PCS,CTN,,,1
00,01,4,35,1,20103440,ABC MIE GORENG SELERA PEDAS NAMPOL SAPI PEDAS CUP 80,,,0,PCS,,,N,1
00,01,4,36,1,20004115,CHITATO SNACK POTATO CHIPS AYAM BUMBU PCK 168,,,0,PCS,CTN,,,1
00,01,4,37,1,20126581,KACANG TANAH KULIT MENTAH (DC)  PCK 1000,,,0,PCS,,,N,1
00,01,4,38,1,20134223,KAPRI MANIS (DC)  PCK 200,,,0,PCS,,,N,1
00,01,4,39,1,20134214,KENTANG KECIL (DC)  PCK 500,,,0,PCS,,,N,1
00,01,4,40,1,20127053,JAGUNG MANIS KULIT (DC)  PCS,,,0,PCS,,,N,1
00,01,4,41,1,20134213,WORTEL BABY (DC)  PCK,,,0,PCS,,,N,1
00,01,4,42,1,20134218,KUNYIT FRESH (DC)  PCK 100,,,0,PCS,,,N,1
00,01,4,43,1,20134219,UBI MERAH (DC)  PCK 500,,,0,PCS,,,N,1
00,01,4,44,1,20134215,ASAM JAWA (DC)  PCK 250,,,0,PCS,,,N,1
00,01,4,45,1,20134220,KENCUR FRESH (DC)  PCK 100,,,0,PCS,,,N,1
00,01,4,46,1,20134217,LOBAK PUTIH (DC)  PCK 500,,,0,PCS,,,N,1
00,01,4,47,1,20134221,LENGKUAS FRESH (DC)  PCK 100,,,0,PCS,,,N,1
00,01,4,48,1,20134224,EDAMAME FRESH (DC)  PCK 250,,,0,PCS,,,N,1
00,01,4,49,1,20134211,TIMUN BESAR (DC)  PCK 450,,,0,PCS,,,N,1
00,01,4,50,1,20134212,PETAI KUPAS (DC)  PCK 100,,,0,PCS,,,N,1
00,01,4,51,1,20129832,APEL CHERRY  PCK,,,0,PCS,,,,1
00,01,4,52,1,20032999,NEXCARE EARLOOP MASKER 3S  PCK,,,0,PCS,,,N,1
00,01,4,53,1,20108738,POINT COFFEE TOTE BAG NUSANTARA HITAM PCS,,,0,PCS,,,I,2
00,01,4,54,1,20003466,KAO ATTACK DETERGENT POWDER PLUS SOFTENER  PCK 800/750,,,0,PCS,,,N,1
00,01,4,55,1,20119462,APEL IMPORT  PCK,,,0,PCS,,,,1
00,01,4,56,1,20131597,PLUM SUGAR  PCK,,,0,PCS,,,P,1
00,01,4,57,1,20113908,TROPICANA SLIM KOREAN GARLIC BUTTER COOKIES  BOX 100,,,0,PCS,CTN,,N,1
00,01,4,58,1,20056608,STRAWBERRY IMPORT  PCK,,,0,PCS,,,R,1
00,01,4,59,1,20084905,FINNA KROBE SHRIMP CRACKERS HOT SPICY PCK 70,,,0,PCS,CTN,,,1
00,01,4,60,1,20131182,JUJUBE ANGCO FRESH WINTER  PCK,,,0,PCS,,,R,1
00,01,4,61,1,20003424,LYCHEE BUAH RRC  PCK,,,0,PCS,,,,1
00,01,4,62,1,20131590,LENGKENG BANGKOK  PCK,,,0,PCS,,,,1
00,01,4,63,1,20131587,BLUEBERRY BUAH JUMBO  PCK,,,0,PCS,,,R,1
00,01,4,64,1,20093881,CHERRY MERAH  PCK,,,0,PCS,,,P,2
00,01,4,65,1,20133070,SKINTIFIC COVER ALL PERFECT CUSHION 03 PETAL BOX 11,,,0,PCS,CTN,,,1
00,01,4,66,1,20079968,PIGEON PERISTALTIC NIPPLE 2S  BOX S,,,0,PCS,PCS,,N,1
00,01,4,67,1,20133112,SKINTIFIC BARRIER ESSENCE TONER 4D HYALURONIC BOX 100L,,,0,PCS,CTN,,,1
00,01,4,68,1,20045776,OISHI SNACK PILLOWS DURIAN PCH 100,,,0,PCS,CTN,,,1
00,01,4,69,1,20052368,ROMA BISCUIT SUSU+SELAI SLAI OLAI BLUEBERRY PCK 192,,,0,PCS,CTN,,N,1
00,01,4,70,1,10037019,SUNNY VILLE CANDY HERB GOLDEN GINGER HOT KLG 150,,,0,PCS,BOX,,,1
00,01,4,71,1,20133075,SKINTIFIC ALL DAY LIGHT SUNSCREEN MIST SPF 50 PA++++ BOX 120L,,,0,PCS,CTN,,,1
00,01,4,72,1,20108739,POINT COFFEE TOTE BAG NUSANTARA PUTIH PCS,,,0,PCS,,,I,2
00,01,4,73,1,10012304,DIAMOND FRESH MILK PLAIN TPK 300L,,,0,PCS,,,,2
00,01,4,74,1,,,,,0,PCS,,,,
00,01,4,75,1,20082271,LEE KUM KEE SOY SOUCE  BTL 250L,,,0,PCS,CTN,,,1
00,01,4,76,1,10005374,SARI AYU PEMBERSIH REFRESHING AROMATIC MAWAR BTL 150L,,,0,PCS,CTN,,,1
00,01,4,77,1,20049169,SUNNY VILLE CANDY HERB GOLDEN GINGER CLASSIC KLG 100,,,0,PCS,BOX,,,1
00,01,4,78,1,20052848,NIVEA BODY SERUM EXTRA BRIGHT NIGHT NOURISH TUB 180L,,,0,PCS,CTN,,,1
00,01,4,79,1,20135027,NAEEM GARDENIA GLOW BODY LOTION TAIFI ROSE BTL 200L,,,0,PCS,CTN,,,1
00,01,4,80,1,10006178,LOTTE BUBBLE GUM BARBIE FANTASIA GRAPE PCK 9.6,,,0,PCS,,,N,4
00,01,4,81,1,20134963,FIESTA SAUSAGE READY TO GO CHEESY MELTS PCK 65,,,3576,PCS,,,,12
00,01,4,82,1,,,,,0,PCS,,,,
00,01,4,83,1,20099417,SO KLIN DETERGENT LIQUID SOFTERGENT PCH 1650/1450,,,0,PCS,CTN,,,1
00,01,4,84,1,20134764,PLAY DOH FUN STARTER SET ASSORTED BOX,,,0,PCS,CTN,,I,1
00,01,4,85,1,20013465,LOACKER WAFER VANILLE PCK 45,,,0,PCS,BOX,,,1
00,01,4,86,1,20117282,PEAR PAKAM  PCK,,,0,PCS,,,,
00,01,4,87,1,20134208,CABE PAPRIKA KUNING (DC)  PCS 150,,,0,PCS,,,,1
00,01,4,88,1,20134209,CABE MERAH BESAR (DC)  PCK 100,,,0,PCS,,,,1
00,01,4,89,1,20134210,CABE HIJAU BESAR (DC)  PCK 100,,,0,PCS,,,,1
00,01,4,90,1,20126582,JERUK NIPIS (DC)  PCK 250,,,0,PCS,,,R,1
00,01,4,91,1,20048723,UBI UNGU MANIS (MURASAKI/MO) (DC)  PCK 500,,,0,PCS,,,R,1
00,01,4,92,1,20134627,MR.BREAD ROTI ISI DAGING AYAM PCK,,,0,PCS,,,,1
00,01,4,93,1,20039650,NICE FACIAL TISSUE NON PERFUMED 2 PLY BAG 700,,,0,PCS,,,N,1
00,01,4,94,1,20111140,POINT COFFEE POCKET CUP ROSE PCS 475L,,,0,PCS,,,I,1
00,01,4,95,1,20104725,DVEGGIE SAMBAL TABUR DAUN JERUK BTL 40,,,0,PCS,CTN,,,1
00,01,4,96,1,20030176,NIVEA BODY LOTION WHITENING (NEW) / RADIANT&SMOOTH BTL 200L,,,0,PCS,CTN,,,1
00,01,4,97,1,20111141,POINT COFFEE POCKET CUP GREY PCS 475L,,,0,PCS,,,I,1
00,01,4,98,1,20115143,POINT COFFEE LAPTOP BAG  PCS,,,0,PCS,,,I,1
00,01,4,99,1,10038125,ELLE & VIRE YOGHURT STRAWBERRY CUP 125,,,4,PCS,,,,2
00,01,5,01,1,20138743,BELFOODS ROYAL RTE SAUSAGE JEJU (CHEESE) PCK 55,,,4116,PCS,,,,12
00,01,5,02,1,20033595,TONG GARDEN SALTED PEANUTS  PCK 42/50,,,0,PCS,CTN,,,1
00,01,5,03,1,20134450,TENTREM WHITE COFFEE 3 IN 1  PCK 1535,,,0,PCS,CTN,,N,1
00,01,5,04,1,20107887,EDAMAME (DC)  PCS 500,,,0,PCS,,,P,1
00,01,5,05,1,10010168,TROPICANA SLIM SUGAR FREE DRINK ITL.CAFFE LATTE BOX 10X14,,,0,PCS,CTN,,,1
00,01,5,06,1,20009274,BEBEK KLOSET PEMBERSIH KLOSET LEMON PCH 450L,,,0,PCS,CTN,,,1
00,01,5,07,1,20116706,POINT COFFEE DRIPPER V60-01  BOX,,,0,PCS,,,I,1
00,01,5,08,1,20117892,POINT COFFEE ORGANIZER BAG  PCS,,,0,PCS,,,I,1
00,01,5,09,1,10015195,MANGGA KEPONDANG  WHL,,,0,PCS,,,P,1000
00,01,5,10,1,20109704,TORABIKA CAPPUCCINO EXTRA CHOCO GRANULE  BAG 30X25,,,0,PCS,CTN,,,1
00,01,5,11,1,20048311,MANISAN FRESH MANGGA PEDAS  PCK,,,0,PCS,,,,1
00,01,5,12,1,20137392,SO GOOD SOSIS JEPANG KEJU SAUS PEDAS PCK 55,,,2946,PCS,,,,10
00,01,5,13,1,20140376,HOMETOWN YOGHURT HONI PINEAPPLE CUP 100L,,,0,PCS,,,,2
00,01,5,14,1,20045162,MANISAN FRESH SALAK PEDAS  PCK,,,0,PCS,,,,1
00,01,5,15,1,20041573,BLUE BAND MARGARINE CAKE & COOKIES 95810  KLG 1,,,0,PCS,,,N,1
00,01,5,16,1,20049831,MANISAN FRESH MANGGA MANIS  PCK,,,0,PCS,,,,1
00,01,5,17,1,20137459,KANZLER SINGLES BAKSO GOCHUJANG PCK 55,,,3324,PCS,,,,12
00,01,5,18,1,20137391,SO GOOD SOSIS JEPANG HOT PCK 55,,,2810,PCS,,,,10
00,01,5,19,1,20101773,SEMANGKA KUNING OVAL (BIJI)  WHL,,,0,PCS,,,R,
00,01,5,20,1,20137419,MR.BREAD ROTI MANIS ISI  COKELAT KACANG PCS,,,0,PCS,,,,1
00,01,5,21,1,20141959,SARI ROTI SANDROLL ZUPERR CREAMY GANDUM KEJU PCS 53,,,0,PCS,,,,1
00,01,5,22,1,20041641,S-26 PROMILGOLD SUSU BUBUK LANJUTAN 6-12 (2) VANILA KLG 900,,,0,PCS,CTN,,,1
00,01,5,23,1,20106057,BAYFRESH REED DIFFUSER AMBER LAVENDER BOX,,,0,PCS,CTN,,,1
00,01,5,24,1,,,,,0,PCS,,,,
00,01,5,25,1,,,,,0,PCS,,,,
00,01,5,26,1,20127248,OREO SANDWICH PLAYPACK KARTU UNO  BOX 358.8,,,0,PCS,,,N,1
00,01,5,27,1,,,,,0,PCS,,,,
00,01,5,28,1,20041523,FRESCO KOPI KRIM SUSU  RCG 10X27,,,0,PCS,,,N,1
00,01,5,29,1,20134256,EMCO POKEMON SPIN FIGHTER ASSORTMENT BOX,,,0,PCS,CTN,,,1
00,01,5,30,1,20135336,CIMORY YOGHURT SQUEEZE BITES STRAWBERRY LECI PCH 120,,,776,PCS,,,,2
00,01,5,31,1,10004017,TONG TJI TEH CELUP JASMINE PCK 25S,,,0,PCS,CTN,,,1
00,01,5,32,1,10020672,PIGEON SILLICONE NIPPLE B-759/3S  PCK MEDIUM,,,0,PCS,PCS,,N,1
00,01,5,33,1,20113820,MILK LIFE SUSU CAIR UHT STRAWBERRY TPK 200L,,,0,PCS,,,N,2
00,01,5,34,1,20079967,PIGEON PERISTALTIC NIPPLE 3S SLIM NECK PCK Y,,,0,PCS,PCS,,N,1
00,01,5,35,1,20052864,OREO SANDWICH PLAYPACK 4 PERMAINAN SERU BOX 64.4,,,0,PCS,,,N,1
00,01,5,36,1,,,,,0,PCS,,,,
00,01,5,37,1,20118117,POINT COFFEE MUG TYESO  PCS 350L,,,0,PCS,,,I,1
00,01,5,38,1,20133079,SKINTIFIC LOW PH CLEANSER 5X CERAMIDE BOX 80L,,,0,PCS,CTN,,,1
00,01,5,39,1,20128391,7+ CEREAL BAR COCOA CHIA PCK 22,,,0,PCS,CTN,,,1
00,01,5,40,1,20137882,PINK BODY LOTION  FIRST LOVE TUB 70L,,,0,PCS,CTN,,,1
00,01,5,41,1,20105619,ANGGUR RED GLOBE  PCK,,,0,PCS,,,P,1
00,01,5,42,1,20130783,AHMAD TEA TEH CELUP CMOMILE&LMNGRAS BOX 20X1.5,,,0,PCS,CTN,,N,1
00,01,5,43,1,20130784,AHMAD TEA TEH CELUP EARL GREY BOX 202,,,0,PCS,CTN,,N,1
00,01,5,44,1,20133147,RAW MATERIAL SOY FRESH MILK  TPK 250L,,,0,PCS,,,Z,1
00,01,5,45,1,20123733,BLUE DIAMOND ALMOND MILK LATTE TPK 180L,,,0,PCS,CTN,,V,1
00,01,5,46,1,20136273,INDOMARET KAOS OBLONG COOLMAXXX HITAM PCK LARGE,,,0,PCS,,,V,1
00,01,5,47,1,20108984,V-SOY SOYA BEAN ORIGINAL  TPK 1000L,,,0,PCS,CTN,,,1
00,01,5,48,1,20140268,SUNPRIDE PISANG CAVENDISH DUO  PCK,,,60,PCS,,,,1
00,01,5,49,1,20045413,SUNLIGHT PENCUCI PIRING REF LIME PCH 1.6/1.5L,,,0,PCS,CTN,,,1
00,01,5,50,1,20114661,ABC JUICE (BELI 2 GRATIS 1) KACANG HIJAU BDD 3250L,,,0,PCS,,,N,1
00,01,5,51,1,20125139,POINT COFFEE MUG TANPA PEGANGAN (MT 8940) ABU-ABU PCS,,,0,PCS,,,I,1
00,01,5,52,1,20139548,RAW MATERIAL SOSIS BAKAR KEJU SPICY  PCS,,,0,PCS,,,Z,60
00,01,5,53,1,20082398,BEAUTYLABO HAIR COLOR N9 NATURAL BLONDE BOX,,,0,PCS,,,T,1
00,01,5,54,1,20137528,SARI ROTI ROTI MANIS ZUPERR CREAMY DOUBLE CHOCO PCS,,,0,PCS,,,,1
00,01,5,55,1,20134766,PLAY DOH STARTER PLAYSET SET ASSORTED BOX,,,0,PCS,CTN,,I,1
00,01,5,56,1,,,,,0,PCS,,,,
00,01,5,57,1,20094342,RAW MATERIAL SUSU SEGAR (DC)  TPK 950L,,,0,PCS,,,Z,12
00,01,5,58,1,20043425,GLADE AUTOMATIC SPRAY REFILL LAVENDER&VANILA KLG 175/146,,,0,PCS,CTN,,,1
00,01,5,59,1,,,,,0,PCS,,,,
00,01,5,60,1,10025482,DAIA DETERGENT POWDER FRUITY PCK 1.5/1.4 ,,,0,PCS,CTN,,,1
00,01,5,61,1,20064549,TONG GARDEN CASHEW NUTS MIXED MACADAMIAS SALTED PCH 140,,,0,PCS,,,,1
00,01,5,62,1,20133076,SKINTIFIC SERUM SUNSCREEN 5X CERAMIDE BOX 30L,,,0,PCS,CTN,,,1
00,01,5,63,1,20125140,POINT COFFEE MUG TANPA PEGANGAN (MT 8940) PALE ROSETTE PCS,,,0,PCS,,,I,1
00,01,5,64,1,20135147,FIESTA SAUSAGE READY TO GO SPC KOREAN SAUC PCK 60,,,3456,PCS,,,,12
00,01,5,65,1,20109586,INDOCAFE KOPI INSTANT ORIGINAL BLEND BTL 100,,,0,PCS,CTN,,,1
00,01,5,66,1,20135320,HANASUI BRIGHTENING BODY SERUM JOYFUL DAYS TUB 180L,,,0,PCS,CTN,,,1
00,01,5,67,1,20138745,BELFOODS ROYAL RTE SAUSAGE NAMI (SPICY) PCS 55,,,1200,PCS,,,,12
00,01,5,68,1,20125142,POINT COFFEE MUG TANPA PEGANGAN (MT 8940) BIRU PCS,,,0,PCS,,,I,1
00,01,5,69,1,20125518,TORCH NECK WALLET BLACK PANTHER WKND ASSORTMENT PCS,,,0,PCS,,,I,2
00,01,5,70,1,20138974,FIESTA SAUSAGE READY TO GO BRATWURST PCK 65,,,0,PCS,,,V,12
00,01,5,71,1,20123330,MADU NUSANTARA HONEYMON DRINK  BTL 330L,,,0,PCS,CTN,,,1
00,01,5,72,1,20141353,INDOMARET TOTE BAG KANVAS (L) NAVY  PCS,,,0,PCS,CTN,,,1
00,01,5,73,1,,,,,0,PCS,,,,
00,01,5,74,1,20131691,WISSEUGI CAT TEASER  PCS,,,0,PCS,CTN,,N,1
00,01,5,75,1,20139684,FIESTA BAKSO SAPI READY TO GO MENTAI LAVA PCK 55,,,708,PCS,,,,12
00,01,5,76,1,20013106,BIOKUL MINUMAN YOGHURT STRAWBERRY BTL 150L,,,10,PCS,,,,2
00,01,5,77,1,20097797,BEBELAC 3+ SUSU BUBUK MADU BOX 1800,,,0,PCS,CTN,,,1
00,01,5,78,1,20097798,BEBELAC 3+ SUSU BUBUK VANILA BOX 1800,,,0,PCS,CTN,,,1
00,01,5,79,1,20014023,NONG SHIM INSTANT NOODLE KIMCHI RAMYUN CUP 70,,,0,PCS,CTN,,,1
00,01,5,80,1,20135254,CIMORY YOGHURT SQUEEZE BITES STRAWBERRY PCH 120,,,740,PCS,,,,2
00,01,5,81,1,20135255,CIMORY YOGHURT SQUEEZE BITES BLUEBERRY PCH 120,,,1152,PCS,,,,2
00,01,5,82,1,20135436,CIMORY YOGHURT SQUEEZE BITES STRWBERRY MANGO PCH 120,,,1072,PCS,,,,2
00,01,5,83,1,20135250,SARI ROTI STEAMED CHEESE CAKE (SARI KUE) STRAWBERRY PCK 70,,,0,PCS,,,,1
00,01,5,84,1,10038142,BABYBEL CHEESE MINI  PCK 5X20,,,0,PCS,,,,2
00,01,5,85,1,20134986,POINT COFFEE TUMBLER CDI  PCS 600L,,,0,PCS,,,R,1
00,01,5,86,1,10018873,BAGUS PENGHARUM LEMARI FANCYS LAVENDER PCS 60,,,0,PCS,BOX,,,1
00,01,5,87,1,20141984,SO GOOD SOSIS KOREA GOCHUJANG PCK 55,,,3490,PCS,,,,10
00,01,5,88,1,20136657,HIMALAYA BRIGHT VITAMIN C ORANGE FACE WASH TUB 100L,,,0,PCS,CTN,,,1
00,01,5,89,1,20017089,BAGUS SERAP AIR PERFUMED REFILL PCK 450L,,,0,PCS,LSN,,,1
00,01,5,90,1,20105338,BEBEK IN TANK PEMBERSIH KLOSET TWINPACK BLUEY PCK 240,,,0,PCS,CTN,,,1
00,01,5,91,1,20125519,TORCH POUCH BLACK PANTHER WAKANDA ASSORTMENT PCS,,,0,PCS,,,I,2
00,01,5,92,1,20040928,MAMA MIE INSTANT NOODLE SHRIMP TOM YUM PCK 90,,,0,PCS,CTN,,,2
00,01,5,93,1,20103216,YUMMY BITES BEBE ROLL CHEESE BOX 40,,,0,PCS,,,,1
00,01,5,94,1,20136651,HIMALAYA BRIGHTENING VITAMIN C ORANGE FACE SERUM BTL 15L,,,0,PCS,CTN,,,1
00,01,5,95,1,,,,,0,PCS,,,,
00,01,5,96,1,20082397,BEAUTYLABO HAIR COLOR B8 PURE BEIGE BOX,,,0,PCS,CTN,,T,1
00,01,5,97,1,20126282,POINT COFFEE MUG PEGANGAN (TS 8784) HIJAU PCS 360L,,,0,PCS,,,I,1
00,01,5,98,1,20131643,WISSEUGI PET TOY COLOURFUL BELL  PCS,,,0,PCS,CTN,,N,1
00,01,5,99,1,20103217,YUMMY BITES BEBE ROLL STRAWBERRY BOX 40,,,0,PCS,CTN,,,1
00,01,6,01,1,20141863,SARI ROTI SANDWICH GANDUM KRIM KEJU  PCS 46,,,0,PCS,,,,1
00,01,6,02,1,20002979,DIABETASOL SUSU FORMULA DIABETES COKELAT BOX 570,,,0,PCS,CTN,,,1
00,01,6,03,1,,,,,0,PCS,,,,
00,01,6,04,1,20131682,WISSEUGI CAT COLLAR STANDARD  PCS,,,0,PCS,CTN,,N,1
00,01,6,05,1,20099413,DAIA DETERGENT BUBUK PUTIH  PCK 2.7/2.4 ,,,0,PCS,CTN,,,1
00,01,6,06,1,20108843,EXCELSO KOPI BUBUK JAVA ARABICA PCK 200,,,0,PCS,CTN,,,1
00,01,6,07,1,20106058,BAYFRESH REED DIFFUSER VANILLA BEAN BOX,,,0,PCS,CTN,,,1
00,01,6,08,1,20090830,MAKARIZO HAIR ENERGY EASY STRAIGHT MEDIUM BOX 120L,,,0,PCS,,,N,1
00,01,6,09,1,20133326,CARASUN SOLAR SMART UV PROTECTOR SPF 45 PA++++ BOX 30L,,,0,PCS,CTN,,,1
00,01,6,10,1,20096608,ME-O CAT FOOD TUNA PCK 1.2,,,0,PCS,CTN,,,1
00,01,6,11,1,20126283,POINT COFFEE MUG PEGANGAN (TS 8784) BIRU PCS 360L,,,0,PCS,,,I,1
00,01,6,12,1,20127416,POINT COFFEE TUMBLER SPIKE DOFF BLACK PCS,,,0,PCS,,,I,1
00,01,6,13,1,20127419,POINT COFFEE TUMBLER SPIKE DOFF GREEN PCS,,,0,PCS,,,I,1
00,01,6,14,1,20097398,HILO SCHOOL SUSU BUBUK HI-CALCIUM VANILA VEGIBERI BOX 750,,,0,PCS,CTN,,,1
00,01,6,15,1,10025302,QUAKER OATMEAL QUICK COOKING (REF) BIRU PCK 800,,,0,PCS,CTN,,,1
00,01,6,16,1,,,,,0,PCS,,,,
00,01,6,17,1,20131642,WISSEUGI PET BOWL 2 SIDE SQUARE  PCS,,,0,PCS,CTN,,N,1
00,01,6,18,1,20130893,JERUK SUNKIST CARA-CARA  WHL,,,0,PCS,,,,1
00,01,6,19,1,20141958,SARI ROTI BUN GANDUM CHEESE  PCS 53,,,0,PCS,,,,1
00,01,6,20,1,20089834,KAO BIORE UV AQUA RICH WATERY ESSENCE  TUB 50,,,0,PCS,CTN,,,1
00,01,6,21,1,20137529,SARI ROTI ROTI MANIS ZUPERR CREAMY CHOCO BANANA PCS,,,0,PCS,,,,1
00,01,6,22,1,20106066,GLADE AUTOMATIC SPRAY REFILL WILD BERRIES KLG 146,,,0,PCS,CTN,,,1
00,01,6,23,1,20127422,POINT COFFEE TUMBLER SPIKE BLINK WHITE IRD PCS,,,0,PCS,,,I,1
00,01,6,24,1,20124068,LADANG LIMA COOKIES BLACKMOND PCH 80,,,0,PCS,,,,1
00,01,6,25,1,20064554,TONG GARDEN SALTED COOKTAIL NUTS  PCH 160,,,0,PCS,CTN,,,1
00,01,6,26,1,20110816,GOOD DAY COFFEE FREEZE 3IN1 HAZELNUT MACCHIATO PCK 10X30,,,0,PCS,CTN,,,1
00,01,6,27,1,20096155,ASAHI SARDINES SAUS TOMAT KLG 155,,,0,PCS,,,N,1
00,01,6,28,1,20090346,BIOKUL GREEK YOGHURT PLAIN CUP 473,,,8,PCS,,,,2
00,01,6,29,1,20131996,POINT COFFEE TUMBLER SPIKE DOFF UNGU LILAC PCS,,,0,PCS,,,I,1
00,01,6,30,1,20099423,MAMA LEMON CAIRAN PENCUCI PIRING EKS.CLN JERUK NIPIS BTL 750L,,,0,PCS,CTN,,,1
00,01,6,31,1,20025864,DUA KELINCI KACANG POLONG POLONGMAS BARBEQUE PCK 70,,,0,PCS,CTN,,,1
00,01,6,32,1,,,,,0,PCS,,,,
00,01,6,33,1,10030223,SHOCK ANTI SUMBAT  BTL 375,,,0,PCS,CTN,,,1
00,01,6,34,1,20007067,GREENFIELDS FRESH MILK PASTEURISASI LESS SUGAR CHOC MALT TPK 950L,,,0,PCS,,,,2
00,01,6,35,1,20129589,ADINATA MOKONYA RIBBON PEN  PCK,,,0,PCS,,,N,1
00,01,6,36,1,20138744,BELFOODS ROYAL RTE SAUSAGE DAEGU(ORIGINAL) PCK 55,,,840,PCS,,,,12
00,01,6,37,1,20084904,FINNA KROBE SHRIMP CRACKERS ORIGINAL PCK 70,,,0,PCS,CTN,,,1
00,01,6,38,1,20096056,NISSIN INSTANT CUP NOODLES KALDU AYAM CUP 67/62,,,0,PCS,CTN,,T,1
00,01,6,39,1,20121051,ROYCO BUMBU KALDU AYAM SPESIAL PCK 40,,,0,PCS,,,N,1
00,01,6,40,1,20002198,NUTRICIA NUTRILON ROYAL 3 MADU KLG 800,,,0,PCS,CTN,,,1
00,01,6,41,1,20131684,WISSEUGI PET DEODORIZE MORNING FRESH BTL 60L,,,0,PCS,CTN,,N,1
00,01,6,42,1,20131998,POINT COFFEE TUMBLER (TS 8726) BLACK SERIES 2 PCS 600L,,,0,PCS,,,I,1
00,01,6,43,1,20131683,WISSEUGI CAT COLLAR WITH CHARACTER  PCS,,,0,PCS,CTN,,N,1
00,01,6,44,1,20131688,WISSEUGI PET SHAMPOO & CONDITIONER AUTUMN BREEZE BTL 250L,,,0,PCS,CTN,,N,1
00,01,6,45,1,10009014,BEBEK KLOSET PEMBERSIH KLOSET EXTRA KUAT/MINT BTL 450L,,,0,PCS,CTN,,,1
00,01,6,46,1,20141974,SO GOOD ITALIAN SAUSAGE HOT TRUFFLE PCK 58,,,1749,PCS,,,,10
00,01,6,47,1,20014735,MR.MUSCLE PEMBERSIH DAPUR PUMP ORANGE BTL 500L,,,0,PCS,CTN,,,1
00,01,6,48,1,20099421,SO KLIN BIO MATIC LIQUID FRONT LOAD PCH 1500/1450,,,0,PCS,CTN,,,1
00,01,6,49,1,20101932,CHIKI SNACK BALLS CHICKEN PCK 200,,,0,PCS,CTN,,,1
00,01,6,50,1,20081749,L-MEN CRUNCHY CHOCOLATE BAR  PCK 22,,,0,PCS,CTN,,,2
00,01,6,51,1,20131689,WISSEUGI PET SCOOP  PCS,,,0,PCS,CTN,,N,1
00,01,6,52,1,20134957,POINT COFFEE TUMBLER CDI  PCS 300/360L,,,0,PCS,,,R,1
00,01,6,53,1,20124809,ADINATA MOKONYA CRAYON ASSORTED PCK,,,0,PCS,,,N,1
00,01,6,54,1,10036552,AYAM BRAND BAKED BEANS IN TOMATO SAUCE  KLG 425,,,0,PCS,,,N,1
00,01,6,55,1,20125937,RASA JUARA CUANKIE JUARA AYAM BAWANG PCH 100,,,0,PCS,,,,1
00,01,6,56,1,20126158,AVEENO BABY WASH & SHAMPOO DAILY MOISTURE BTL 100L,,,0,PCS,,,N,1
00,01,6,57,1,20133077,SKINTIFIC BARRIER MOISTURE GEL 5X CERAMIDE BOX 30,,,0,PCS,CTN,,,1
00,01,6,58,1,,,,,0,PCS,,,,
00,01,6,59,1,20135659,MR.BREAD ROTI TAWAR TEBAL  PCK 4S,,,0,PCS,,,,1
00,01,6,60,1,20037030,PEARL RIVER BRG MUSHROOM SOY SAUCE  BTL 150L,,,0,PCS,CTN,,,1
00,01,6,61,1,20136884,POINT COFFEE TUMBLER SS VACUUM  PCS 650L,,,0,PCS,,,I,1
00,01,6,62,1,20138232,DORITOS SNACK JAGUNG BAKAR PCK 55,,,0,PCS,CTN,,,1
00,01,6,63,1,20019481,NONG SHIM INSTANT NOODLE KOREAN CLAY POT PCK 120,,,0,PCS,CTN,,,1
00,01,6,64,1,20136885,POINT COFFEE TUMBLER SCANDIC SS VACUUM  PCS 600L,,,0,PCS,,,I,1
00,01,6,65,1,,,,,0,PCS,,,,
00,01,6,66,1,20128097,NUTELLA B-READY FERRERO  BOX 6X22,,,0,PCS,CTN,,,1
00,01,6,67,1,10003434,KAO ATTACK DETERGENT POWDER HYGIENE BAG 800/750,,,0,PCS,CTN,,,1
00,01,6,68,1,20120035,SCARLETT BRIGHTLY EVER AFTER SERUM  BTL 15L,,,0,PCS,PCK,,,1
00,01,6,69,1,20139683,FIESTA SAUSAGE READY TO GO HOT LAVA PCK 60,,,732,PCS,,,,12
00,01,6,70,1,20086207,NIVEA BODY SERUM EXTRA WHITE RADIANT&SMOOTH TUB 180L,,,0,PCS,CTN,,,1
00,01,6,71,1,20141983,SO GOOD FRENCH SAUSAGE LEMON SAUCE PCK 58,,,630,PCS,,,,10
00,01,6,72,1,20106861,HOY HOY TRAP A ROACH  BOX,,,0,PCS,CTN,,,1
00,01,6,73,1,,,,,0,PCS,,,,
00,01,6,74,1,20101118,EMCO SPEED DEMONZ MINI REMOTE R/C  PCS,,,0,PCS,CTN,,I,1
00,01,6,75,1,20136887,POINT COFFEE VACUUM BOTTLE VACUUM SS  PCS 500L,,,0,PCS,,,I,1
00,01,6,76,1,20136720,EXCELSO KOPI BUBUK BALI ARABICA   BOX 10X10,,,0,PCS,CTN,,,1
00,01,6,77,1,20138653,MR.BREAD ROTI MANIS ISI MUNG BEAN PCK,,,1,PCS,,,,1
00,01,6,78,1,20027384,GLADE BATHROOM FRESH LEMON ZEST PCK 75/70,,,0,PCS,CTN,,,1
00,01,6,79,1,20120261,HANASUI SERUM ANTI ACNE SERUM  BTL 20L,,,0,PCS,PCS,,,1
00,01,6,80,1,10036571,AYAM BRAND MACKEREL IN TOMATO BULAT KLG 425,,,0,PCS,,,N,1
00,01,6,81,1,20036048,SKIN AQUA UV MOISTURE MILK SPF 50  BTL 40,,,0,PCS,,,N,1
00,01,6,82,1,20136705,MR.BREAD ROTI MANIS SOBEK SOFT CHOCO PCK 135,,,0,PCS,,,,1
00,01,6,83,1,20135437,CIMORY YOGHURT SQUEEZE BITES BERRY BLEND PCH 120,,,1326,PCS,,,,2
00,01,6,84,1,,,,,0,PCS,,,,
00,01,6,85,1,20013464,LOACKER WAFER NAPOLITANER PCK 45,,,0,PCS,BOX,,,1
00,01,6,86,1,20135734,MR.BREAD ROTI TAWAR KUPAS  PCK 15S,,,0,PCS,,,,1
00,01,6,87,1,20093331,PALDO INSTANT NOODLE JJAJANG MEN  PCK 200,,,0,PCS,CTN,,,1
00,01,6,88,1,20064548,TONG GARDEN SALTED PISTACHIOS  PCH 140/150,,,0,PCS,CTN,,,1
00,01,6,89,1,20132264,KEWPIE SAUS SIRAM CAESAR  BTL 200L,,,0,PCS,CTN,,,1
00,01,6,90,1,20137036,POINT COFFEE DOUBLE WALL TUMBLER PLASTIK PCS,,,0,PCS,,,I,1
00,01,6,91,1,20137037,POINT COFFEE DOUBLE WALL TUMBLER  PLASTIK LEGND INDONESIA PCS,,,0,PCS,,,I,1
00,01,6,92,1,10033418,NUTRICIA NUTRILON 4 ROYAL KLG 800,,,0,PCS,CTN,,,1
00,01,6,93,1,20140035,CIMORY YOGHURT THICK & CREAMY ORANGE PCK 40,,,0,PCS,,,T,25
00,01,6,94,1,20098394,DELI PENCIL SHARPENER E0578  PCK,,,0,PCS,,,N,1
00,01,6,95,1,20123205,IKAN DORANG VIRGIN COCONUT OIL  BTL 250L,,,0,PCS,,,N,2
00,01,6,96,1,20130352,GLICO BISCUIT POCKY STRAWBERRY PCK 147/137,,,0,PCS,CTN,,,1
00,01,6,97,1,20134074,BTS COFFEE RED LATTE BTL 350L,,,0,PCS,,,N,1
00,01,6,98,1,20082162,ARIRANG MIE INSTANT KUAH SUM SUM PCK 130/110,,,0,PCS,CTN,,,20
00,01,6,99,1,20140036,CIMORY YOGHURT THICK & CREAMY KYOHO GRAPE PCK 40,,,0,PCS,,,T,25
00,01,7,01,1,20136063,RAW MATERIAL CASHEW MILK  TPK 1L,,,0,PCS,,,Z,1
00,01,7,02,1,20140129,MR.BREAD ROTI ISI KRIM MEISES  PCK,,,2,PCS,,,,1
00,01,7,03,1,20136089,NESTLE CEREAL BREAKFAST TRIX  BOX 150,,,0,PCS,CTN,,,1
00,01,7,04,1,20004117,CHITATO SNACK POTATO CHIPS SAPI PANGGANG PCK 168,,,0,PCS,CTN,,,2
00,01,7,05,1,20128893,KRISMA FOOD CHOCOLATE BUTTER COOKIES  PCH 100,,,0,PCS,,,N,1
00,01,7,06,1,20108983,V-SOY SOYA BEAN MULTI-GRAIN  TPK 1000L,,,0,PCS,CTN,,,1
00,01,7,07,1,20131686,WISSEUGI PET DEODORIZE CALM NIGHT BTL 60L,,,0,PCS,CTN,,N,1
00,01,7,08,1,20135843,FRESLY AIR FRESHENER SPRAY AROMATIC LVNDER KLG 400L,,,0,PCS,CTN,,,1
00,01,7,09,1,20142389,POINT COFFEE TUMBLER LILYPAD PCS 530L,,,0,PCS,,,V,1
00,01,7,10,1,20128892,KRISMA FOOD CHEESE BUTTER COOKIES  PCH 100,,,0,PCS,,,N,1
00,01,7,11,1,,,,,0,PCS,,,,
00,01,7,12,1,20019480,NONG SHIM INSTANT NOODLE KIMCHI RAMYUN PCK 120,,,0,PCS,CTN,,,1
00,01,7,13,1,,,,,0,PCS,,,,
00,01,7,14,1,20140122,CIMORY YOGHURT DRINK NO ADDED SUGAR BLUEBERRY BTL 240,,,414,PCS,,,,2
00,01,7,15,1,20119961,SCARLETT BRIGHTENING FACIAL WASH  BTL 100L,,,0,PCS,PCK,,,1
00,01,7,16,1,20040927,MAMA MIE INSTANT NOODLE SHRIMP CREAMY TOM YUM PCK 90,,,0,PCS,CTN,,,1
00,01,7,17,1,20115336,RAW MATERIAL BOX FRIED CHICKEN 5S  PCS,,,0,PCS,,,Z,100
00,01,7,18,1,20080602,YUMMY BITES RICE CRACKERS 123 BANANA BOX 50,,,0,PCS,CTN,,,1
00,01,7,19,1,20042268,SCOTCH BRITE SAPU NYLON KIPAS ID-471  PCS,,,0,PCS,,,N,1
00,01,7,20,1,,,,,0,PCS,,,,
00,01,7,21,1,20140123,CIMORY YOGHURT DRINK NO ADDED SUGAR STRAWBERRY BTL 240,,,592,PCS,,,,2
00,01,7,22,1,,,,,0,PCS,,,,
00,01,7,23,1,10038116,MAESTRO THOUSAND ISLAND SALAD DRESSING  BTL 237L,,,0,PCS,CTN,,,1
00,01,7,24,1,20140171,CIMORY YOGHURT DRINK NO ADDED SUGAR TROPICAL FRUIT BTL 240,,,198,PCS,,,,2
00,01,7,25,1,20108844,EXCELSO KOPI BUBUK SUMATERA MANDHELING PCK 200,,,0,PCS,CTN,,,1
00,01,7,26,1,20139682,FIESTA SAUSAGE READY TO GO CHEESY LAVA PCK 60,,,996,PCS,,,,12
00,01,7,27,1,,,,,0,PCS,,,,
00,01,7,28,1,20027368,DUA KELINCI KACANG SUKRO KRIBO PCK 95,,,0,PCS,CTN,,,1
00,01,7,29,1,20125789,HEALTHYWAY 1+ SUSU PERTUMBUHAN BIO SHIELD A+ VANILLA BOX 725/700,,,0,PCS,CTN,,,1
00,01,7,30,1,20122697,TROPICANA SLIM BUBUK MINUMAN MINT COCOA BOX 4X15,,,0,PCS,CTN,,,1
00,01,7,31,1,20011204,ENTRASOL GOLD SUSU BUBUK VANILA BOX 340,,,0,PCS,CTN,,,1
00,01,7,32,1,20011205,ENTRASOL GOLD SUSU BUBUK COKLAT BOX 340,,,0,PCS,CTN,,,1
00,01,7,33,1,20138597,NESTLE KITKAT CEREAL  BOX 330,,,0,PCS,CTN,,,1
00,01,7,34,1,20012690,DIABETASOL SUSU FORMULA DIABETES W/VITADG CAPPUCCINO BOX 170,,,0,PCS,CTN,,,1
00,01,7,35,1,20027864,MILNA BUBUR BAYI 8+ HATI AYAM BROKOLI PCH 100,,,0,PCS,CTN,,,2
00,01,7,36,1,20108847,EXCELSO KOPI BUBUK ROBUSTA GOLD BOX 10X10,,,0,PCS,CTN,,,1
00,01,7,37,1,20108849,EXCELSO KOPI BUBUK ARABICA GOLD BOX 10X10,,,0,PCS,CTN,,,1
00,01,7,38,1,20137033,MILKY BE HAPPY DRINK ORIGINAL KLG 240L,,,0,PCS,CTN,,,1
00,01,7,39,1,20131514,ST.DALFOUR SELAI PINEAPPLE&MANGO BTL 170,,,0,PCS,CTN,,N,1
00,01,7,40,1,20131513,ST.DALFOUR SELAI STRAWBERRY BTL 170,,,0,PCS,CTN,,N,1
00,01,7,41,1,20107710,TTS LYCHEES IN SYRUP  KLG 567,,,0,PCS,CTN,,R,1
00,01,7,42,1,20093590,KIKKOMAN KECAP ASIN KHAS JEPANG  BTL 150L,,,0,PCS,CTN,,R,1
00,01,7,43,1,20093591,KIKKOMAN SAUS TERIYAKI BAWANG BTL 300,,,0,PCS,CTN,,R,1
00,01,7,78,1,20127011,YOSEO CREAMIX CHEESECAKE STRAWBERRY CUP 110,,,26,PCS,,,,2
00,01,7,79,1,20000589,SCOTCH BRITE BRUSH ID-40 SIKAT LANTAI PAD  PCS,,,0,PCS,CTN,,,1
00,01,7,80,1,20010086,MAX TEA INSTANT DRINK LEMON TEA BAG 30X25,,,0,PCS,CTN,,,1
00,01,7,81,1,,,,,0,PCS,,,,
00,01,7,82,1,20114026,SIMBA CEREAL CHOCO CHIPS COKLAT BOX 300+30,,,0,PCS,CTN,,,1
00,01,7,83,1,20135028,NAEEM GARDENIA GLOW BODY LOTION ROYAL JASMINE BTL 200L,,,0,PCS,CTN,,,1
00,01,7,84,1,10015648,S-26 PROMIL GLD SUSU FORMULA BAYI 0-6 BULAN TAHAP 1 KLG 900,,,0,PCS,CTN,,,1
00,01,7,85,1,,,,,0,PCS,,,,
00,01,7,86,1,20132590,MORIGRO GROMAX SUSU PERTUMBUHAN VANILA KLG 800,,,0,PCS,CTN,,,1
00,01,7,87,1,20135441,NERF N SERIES AGILITY  PCS,,,0,PCS,CTN,,I,1
00,01,7,88,1,20114794,KORE/KONNICHIWA SANDAL UNISEX SERIES 5 PSG M,,,0,PCS,CTN,,,1
00,01,7,89,1,20041848,TERRY PALMER HANDUK PREMIUM MOTIF  PCS 70X140,,,0,PCS,CTN,,,1
00,01,7,90,1,20108902,BAGUS MICROMATE SPON PEMBERSIH MOBIL MICROFIBER PCK,,,0,PCS,CTN,,,1
00,01,7,91,1,20137693,INDOFOOD SOSIS EAT PEDAS PCK 65,,,2400,PCS,,,,12
00,01,7,92,1,20137694,INDOFOOD SOSIS EAT ORIGINAL PCK 65,,,2448,PCS,,,,12
00,01,7,93,1,20137695,INDOFOOD SOSIS EAT KEJU PCK 65,,,3864,PCS,,,,12
00,01,7,94,1,20067924,OVALTINE SUSU BUBUK 3IN1  PCK 18X33,,,0,PCS,CTN,,,1
00,01,7,95,1,20140289,CEDEA SNACK KOREA EOMUK BAR KOREAN SPICY PCK 65,,,120,PCS,,,,12
00,01,7,96,1,20140288,CEDEA SNACK KOREA EOMUK BAR CHEESE TASTY PCK 65,,,0,PCS,,,,12
00,01,7,97,1,20115488,ENTRASOL PLATINUM SUSU BUBUK VANILA KLG 800,,,0,PCS,CTN,,,1
00,01,7,98,1,20140128,SARI ROTI STEAMED CHEESE CAKE (SARI KUE) DUO CHEESE PCK 50,,,0,PCS,,,,1
00,01,7,99,1,20138604,HAPPY KIJANG DETERJEN CAIR GARDENIA PCH 800L,,,0,PCS,CTN,,,1
00,01,8,00,1,20120036,SCARLETT ACNE SERUM  BTL 15L,,,0,PCS,PCK,,,1
00,01,8,01,1,10037681,TROPICANA SLIM COOKIES DIABETAMIL NUTTY CHOCOLATE BOX 200,,,0,PCS,CTN,,,1
00,01,8,02,1,20140367,FIESTA SAUSAGE READY TO GO MENTAI LAVA PCK 60,,,2088,PCS,,,,12
00,01,8,03,1,20014024,NONG SHIM INSTANT NOODLE KOREAN CLAY POT CUP 70,,,0,PCS,CTN,,,1
00,01,8,04,1,10016833,JERUK DEKOPON IMPORT  WHL,,,0,PCS,,,P,1000
00,01,8,05,1,20111421,KATA OMA SNACK TELUR GABUS GULA AREN PCH 50,,,0,PCS,CTN,,,2
01,01,1,03,1,,,,3,0,PCS,,,,
01,01,1,04,1,,,,4,0,PCS,,,,
01,01,1,05,1,,,,5,0,PCS,,,,
01,01,1,06,1,20137100,INDOMILK PHOTOCARD SVENTEEN HADIAH  PCS,,6,0,PCS,,,Z,10
01,01,2,01,1,10010074,GUDANG GARAM ROKOK FILTER SURYA  MERAH BKS 12S,,7,3691,PCS,,02/02/2027,,10
01,01,2,02,1,10030733,DJI SAM SOE ROKOK KRETEK SUPER PREMIUM BKS 12S,,8,615,PCS,SLP,02/02/2027,D,10
01,01,2,03,1,20106190,CAMEL ROKOK FILTER OPTION PURPLE  BKS 12S,,9,340,PCS,,02/02/2027,S,10
01,01,2,04,1,20138085,DJARUM 76 ROKOK KRETEK ROYAL BKS 12S,,10,197,PCS,,23/09/2027,,2
01,01,2,05,1,20142606,MARLBORO ROKOK KRETEK FILTER MOTION BKS 12S,,11,777,PCS,,06/02/2027,L,2
01,01,2,06,1,20117925,CAMEL ROKOK FILTER MILD INTENSE BLUE  BKS 16S,,12,535,PCS,SLP,02/02/2027,S,10
01,01,3,01,1,20074332,SUKUN ROKOK FILTER EXECUTIVE  BKS 16S,,13,2021,PCS,,02/02/2027,,5
01,01,3,02,1,20035963,GEO ROKOK FILTER MILD  BKS 16S,,14,437,PCS,SLP,02/02/2027,,5
01,01,3,03,1,20142352,INDOMARET LIGHTER UTILITY M2000 LIGHTER PCS,,15,998,PCS,,06/02/2029,,25
01,01,3,04,1,20143811,JUARA ROKOK KRETEK INTENS PUCUK BKS 12S,,16,170,PCS,,24/09/2027,,2
01,01,3,05,1,20107796,SAMPOERNA ROKOK KRETEK HIJAU EDISI KHUSUS BKS 12S,,17,122,PCS,SLP,02/02/2027,,2
01,01,3,06,1,20139142,DJARUM CIGARILLOS FIRST CLASS  BKS 12S,,18,510,PCS,,22/05/2027,,2
01,02,1,02,1,,,,22,0,PCS,,,,
01,02,1,03,1,,,,23,0,PCS,,,,
01,02,1,04,1,,,,24,0,PCS,,,,
01,02,1,05,1,,,,25,0,PCS,,,,
01,02,1,06,1,,,,26,0,PCS,,,,
01,02,2,01,1,10012104,DJARUM 76 ROKOK KRETEK  BKS 12S,,27,790,PCS,SLP,02/02/2027,,5
01,02,2,02,1,20143812,JUARA ROKOK KRETEK INTENS MARKISA BKS 12S,,28,134,PCS,,24/09/2027,,2
01,02,2,03,1,20096502,CAMEL ROKOK FILTER YELLOW BKS 20S,,29,280,PCS,,23/04/2027,D,10
01,02,2,04,1,10010078,GUDANG GARAM ROKOK FILTER MERAH   BKS 12S,,30,0,PCS,,12/03/2027,D,20
01,02,2,05,1,20123283,TWIZZ ROKOK FILTER ROYAL CRUSH BKS 16S,,31,1302,PCS,,12/03/2027,L,2
01,02,2,06,1,20062125,L A ROKOK FILTER BOLD  BKS 20S,,32,1290,PCS,,02/02/2027,S,2
01,02,3,01,1,20140141,DJARUM ROKOK KRETEK  D WRAPS BKS 12S,,33,997,PCS,,07/01/2027,,2
01,02,3,02,1,20126307,ESSE ROKOK FILTER DOUBLE POP  BKS 16S,,34,403,PCS,,02/02/2027,S,2
01,02,3,03,1,20060300,CAMEL ROKOK FILTER ACTIVATE PURPLE MINT BKS 20S,,35,265,PCS,,02/02/2027,D,5
01,02,3,04,1,20143212,3VO ROKOK FILTER MILD CLICK MATCHA BKS 16S,,36,0,PCS,,20/09/2027,,2
01,02,3,05,1,20004283,DJI SAM SOE ROKOK FILTER MAGNUM  BKS 12S,,37,0,PCS,,07/01/2027,D,10
01,02,3,06,1,20059509,SUKUN ROKOK FILTER EXECUTIVE  BKS 12S,,38,1778,PCS,,12/03/2027,,10
01,03,1,01,1,,,,41,0,PCS,,,,
01,03,1,02,1,,,,42,0,PCS,,,,
01,03,1,03,1,,,,43,0,PCS,,,,
01,03,1,04,1,,,,44,0,PCS,,,,
01,03,1,05,1,,,,45,0,PCS,,,,
01,03,1,06,1,,,,46,0,PCS,,,,
01,03,2,01,1,20132342,DJI SAM SOE ROKOK KRETEK MAESTRO EDITION SUPER PREMIUM BKS 12S,,47,367,PCS,,02/02/2027,S,5
01,03,2,02,1,10010088,DJI SAM SOE ROKOK KRETEK  BKS 12S,,48,972,PCS,,12/03/2027,E,10
01,03,2,03,1,20124037,L A ROKOK FILTER ICE PURPLE BOOST BKS 16S,,49,493,PCS,,12/03/2027,D,10
01,03,2,04,1,20140985,R TIGA CROWN ROKOK FILTER  BKS 12S,,50,21,PCS,,07/01/2027,,1
01,03,2,05,1,10010075,GUDANG GARAM ROKOK FILTER SURYA   BKS 16S,,51,1086,PCS,,02/02/2027,E,10
01,03,2,06,1,20124848,RAPTOR ROKOK KRETEK   BKS 12S,,52,386,PCS,,12/03/2027,,10
01,03,3,01,1,20141969,DJARUM 76 ROKOK KRETEK APEL ROYAL BKS 12S,,53,478,PCS,,09/04/2027,D,2
01,03,3,02,1,10010081,DJARUM SUPER ROKOK FILTER   BKS 12S,,54,1079,PCS,,07/01/2027,D,10
01,03,3,03,1,20136325,BLENDS STICK TEMBAKAU BLOSSOM EDITION BKS 20X4,,55,68,PCS,,23/09/2027,,1
01,03,3,04,1,20139760,VEEV ONE PODS RED MELON BKS 500 PUFFS,,56,0,PCS,,02/02/2027,,1
01,03,3,05,1,20100889,DUNHILL ROKOK FINE CUT FILTER  BKS 12S,,57,462,PCS,,02/02/2027,L,2
01,03,3,06,1,20107180,MARLBORO ROKOK FILTER ICE BURST SPECIAL EDITION BKS 20S,,58,702,PCS,,23/04/2027,,2
01,04,1,01,1,20136324,BLENDS STICK TEMBAKAU PURPLE EDITION BKS 20X4,,61,191,PCS,,02/02/2027,,1
01,04,1,02,1,20143994,TEREA STICK TEMBAKAU PASION FR PEARL BKS 20X5.4 ,,62,0,PCS,,16/09/2027,,1
01,04,1,03,1,20139003,DJARUM 76 ROKOK KRETEK MANGGA ROYAL BKS 12S,,63,479,PCS,,21/05/2027,,5
01,04,1,04,1,20137334,GALANG BARU ROKOK FILTER INTERCONTINENTAL  BKS 16S,,64,1021,PCS,,12/02/2027,,5
01,04,1,05,1,20143996,TEREA STICK TEMBAKAU STRAWBERY PEARL BKS 20X5.3,,65,0,PCS,,16/09/2027,,1
01,04,1,06,1,20137963,VEEV NOW/VEEVA ULTRA DISPOSABLE PODS GRAPE BOX 1100 PUFFS,,66,214,PCS,,20/02/2027,,1
01,04,2,01,1,20119136,DJARUM 76 ROKOK SIGARET KRETEK MADU HITAM BKS 12S,,67,66,PCS,,07/01/2027,,2
01,04,2,02,1,20029731,GUDANG GARAM ROKOK KRETEK FILTER SURYA PRO MILD BKS 16S,,68,88,PCS,,02/02/2027,,1
01,04,2,03,1,20107184,MARLBORO ROKOK FILTER GOLD LIGHTS SPECIAL EDITION BKS 20S,,69,498,PCS,,02/02/2027,L,1
01,04,2,04,1,20091705,GRENDEL INTERNATIONAL FILTER KRETEK BIRU BKS 12S,,70,477,PCS,SLP,02/02/2027,,2
01,04,2,05,1,20135189,VEEV ONE/VEEVA PODS STRAWBERRY BKS 1000 PUFFS,,71,0,PCS,,11/03/2027,,1
01,04,2,06,1,20045099,DIPLOMAT ROKOK PREMIUM MILD FILTER  BKS 16S,,72,522,PCS,,23/09/2027,,2
01,04,3,01,1,20070447,ESSE ROKOK FILTER BERRY POP  BKS 16S,,73,0,PCS,,12/03/2027,L,2
01,04,3,02,1,20039178,DUNHILL ROKOK FINE CUT MILD  BKS 20S,,74,586,PCS,SLP,02/02/2027,S,10
01,04,3,03,1,20112661,ESSE ROKOK FILTER PUNCH POP  BKS 16S,,75,0,PCS,SLP,02/02/2027,L,2
01,04,3,04,1,20055795,ESSE CHANGE ROKOK FILTER APPLEMINT BKS 20S,,76,161,PCS,,23/09/2027,S,2
01,04,3,05,1,20043389,MARLBORO ROKOK FILTER ICE BLAST / ICE BURST BKS 20S,,77,486,PCS,SLP,02/02/2027,D,2
01,04,3,06,1,20096704,DUNHILL ROKOK FINE CUT MILD  BKS 16S,,78,1014,PCS,SLP,02/02/2027,L,2
01,05,1,01,1,20094431,GRENDEL INTERNATIONAL FILTER KRETEK BIRU BKS 16S,,81,9,PCS,,02/02/2027,,2
01,05,1,02,1,10010082,DJARUM SUPER ROKOK FILTER  BKS 16S,,82,524,PCS,,23/09/2027,L,2
01,05,1,03,1,20139762,TWIZZ ROKOK FILTER PRIME ROYAL CLICK BKS 16S,,83,434,PCS,,11/03/2027,,2
01,05,1,04,1,20091706,GRENDEL INTERNATIONAL MILD  BKS 16S,,84,439,PCS,,02/02/2027,,2
01,05,1,05,1,10014528,DJARUM ROKOK FILTER BLACK BKS 16S,,85,879,PCS,,02/02/2027,,2
01,05,1,06,1,20084821,FORTE ROKOK FILTER MENTHOL BKS 20S,,86,172,PCS,,17/09/2027,,1
01,05,2,01,1,10008821,GUDANG GARAM ROKOK KRETEK MERAH   BKS 12S,,87,0,PCS,SLP,02/02/2027,,2
01,05,2,02,1,20142218,JUARA ROKOK KRETEK KLIK BERRY BKS 12S,,88,195,PCS,,28/06/2027,,2
01,05,2,03,1,20138159,RELX POD PRO 2 PINEAPLE DELIGH PCS 1.5L,,89,1,PCS,,23/04/2027,,1
01,05,2,04,1,20134380,TEREA STICK TEMBAKAU MULINT EDITION BKS 20X5.5,,90,364,PCS,,23/09/2027,,2
01,05,2,05,1,20134381,TEREA STICK TEMBAKAU AUBURN EDITION BKS 20X5.3,,91,332,PCS,,02/02/2027,,1
01,05,2,06,1,20064089,SAMPOERNA KRETEK SLIMS AVOLUTION MENTHOL BKS 20S,,92,65,PCS,SLP,02/02/2027,L,5
01,05,3,01,1,20112785,ESSE CHANGE ROKOK FILTER APPLEMINT BKS 16S,,93,0,PCS,,23/09/2027,,1
01,05,3,02,1,10010100,MARLBORO ROKOK FILTER HARDPACK (PCS)  BKS 20S,,94,1510,PCS,,16/09/2027,E,10
01,05,3,03,1,20112781,ESSE CHANGE ROKOK FILTER JUICY BKS 16S,,95,0,PCS,,02/02/2027,,2
01,05,3,04,1,20007397,DUNHILL ROKOK INTERNATIONAL (BIRU) LIGHTS BKS 20S,,96,0,PCS,,12/03/2027,,2
01,05,3,05,1,20070618,MARLBORO ROKOK FILTER BLACK BKS 20S,,97,935,PCS,,23/09/2027,E,10
01,05,3,06,1,20010960,ESSE ROKOK FILTER BLUE BKS 20S,,98,0,PCS,SLP,02/02/2027,,1
01,06,1,01,1,20143815,FORTE ROKOK FILTER FUJI APPLE BKS 20S,,101,0,PCS,,02/02/2027,,2
01,06,1,02,1,20131370,SAMPOERNA ROKOK FILTER SPLASH ROYAL BKS 16S,,102,289,PCS,,23/09/2027,L,2
01,06,1,03,1,20136394,VASELINE BODY LOTION GLUTA-HYA SERUM OVRNGHT RADIANC TUB 100L,,103,0,PCS,,16/07/2027,R,1
01,06,1,04,1,10010077,GUDANG GARAM ROKOK FILTER SURYA PRO  BKS 16S,,104,133,PCS,,02/02/2027,,2
01,06,1,05,1,20137127,DIPLOMAT ROKOK FILTER MILD FILTER BERRY SPARK BKS 16S,,105,795,PCS,,28/06/2027,,5
01,06,1,06,1,20075632,L A ROKOK FILTER BOLD  BKS 12S,,106,393,PCS,,02/02/2027,,2
01,06,2,01,1,20135544,MARLBORO ROKOK FILTER VISTA TROPICAL BURST BKS 16S,,107,644,PCS,,02/02/2027,S,2
01,06,2,02,1,20084820,FORTE ROKOK FILTER ORIGINAL BKS 20S,,108,0,PCS,,23/09/2027,T,1
01,06,2,03,1,20054562,GUDANG GARAM ROKOK KRETEK FILTER MILD SHIVER BKS 16S,,109,0,PCS,SLP,02/02/2027,T,1
01,06,2,04,1,20029634,APACHE ROKOK FILTER KRETEK PREMIUM BKS 16S,,110,156,PCS,,15/07/2027,,2
01,06,2,05,1,20129762,TWIZZ ROKOK FILTER ROYAL CRUSH BKS 12S,,111,272,PCS,,02/02/2027,,2
01,06,2,06,1,20135188,VEEV ONE DEVICE KIT SPACE GREY BOX,,112,223,PCS,,07/01/2027,,1
01,06,3,01,1,20108797,WIN ROKOK FILTER BOLD  BKS 20S,,113,0,PCS,,27/05/2027,,2
01,06,3,02,1,20137098,RHINO STICKER KANAMA WORLD  PCK,,114,2,PCS,,,,1
01,06,3,03,1,20135739,CLIMAX ROKOK FILTER CLICK ICY BKS 20S,,115,408,PCS,,02/02/2027,L,2
01,06,3,04,1,20137813,SAMPOERNA ROKOK KRETEK PRIMA GO  BKS 12S,,116,804,PCS,,17/09/2027,,2
01,06,3,05,1,10035030,DJARUM ROKOK FILTER BLACK CAPPUCINO BKS 16S,,117,754,PCS,,02/02/2027,L,2
01,06,3,06,1,20105344,MARLBORO ROKOK FILTER BLACK BKS 16S,,118,388,PCS,,02/02/2027,L,2
01,07,1,01,1,20132549,FORTE ROKOK FILTER COOL MANGO BKS 20S,,121,377,PCS,,23/09/2027,,1
01,07,1,02,1,10010090,SAMPOERNA ROKOK FILTER MILD (PCS) MERAH BKS 12S,,122,1331,PCS,,02/02/2027,S,2
01,07,1,03,1,20135433,TEREA STICK TEMBAKAU SUN PEARL BKS 20X5.3,,123,1150,PCS,,02/02/2027,,2
01,07,1,04,1,20048746,L A ROKOK FILTER ICE BKS 16S,,124,480,PCS,,02/02/2027,S,2
01,07,1,05,1,20137967,VEEV/VEEVA PODS BLUEBERRY BOX 1000 PUFFS,,125,451,PCS,,23/09/2027,,1
01,07,1,06,1,20139534,DJI SAM SOE ROKOK KRETEK SUPER PREMIUM SOFT PACK BKS 12S,,126,402,PCS,,12/03/2027,,2
01,07,2,01,1,20101797,ZIGA ROKOK FILTER  BKS 12S,,127,113,PCS,,02/02/2027,,2
01,07,2,02,1,20079512,SAMPOERNA ROKOK FILTER MILD (PCS) MENTHOL BURST BKS 16S,,128,464,PCS,,02/02/2027,D,2
01,07,2,03,1,20132739,TEREA STICK TEMBAKAU GOLDEN EDITION BKS 20X5.3,,129,0,PCS,,02/02/2027,,2
01,07,2,04,1,20096605,MOBILE KIOSK WIRELESS EARPHONE MK-BSP90 PCS,,130,0,PCS,,,,1
01,07,2,05,1,20139761,VEEV ONE PODS STRAWBERY CLOVE BKS 500 PUFFS,,131,0,PCS,,02/02/2027,T,1
01,07,2,06,1,20125676,DJI SAM SOE ROKOK FILTER MAGNUM EDISI BINTANG BKS 12S,,132,176,PCS,,02/02/2027,D,5
01,07,3,01,1,20142282,CLOSE UP PASTA GIGI FIFA FRESHEN PROTECT TUB 95,,133,0,PCS,,08/04/2029,R,1
01,07,3,02,1,20107181,MARLBORO ROKOK FILTER HARDPACK SPECIAL EDITION BKS 20S,,134,406,PCS,,02/02/2027,L,5
01,07,3,03,1,20130840,CAMEL ROKOK FILTER (NEW) WHITE BKS 20S,,135,292,PCS,,07/01/2027,S,2
01,07,3,04,1,20142836,TWIZZ ROKOK FILTER THIN TROPICAL CRUSH PCK 20S,,136,342,PCS,,07/03/2027,,2
01,07,3,05,1,20094203,ESSE CHANGE ROKOK FILTER JUICY BKS 20S,,137,438,PCS,,12/03/2027,S,2
01,07,3,06,1,20134530,DJI SAM SOE ROKOK KRETEK SUPER PREMIUM BKS 16S,,138,148,PCS,,02/02/2027,S,2
01,08,1,01,1,20048021,GUDANG GARAM ROKOK FILTER SIGNATURE  BKS 12S,,141,29,PCS,,23/09/2027,L,2
01,08,1,02,1,20140879,BLENDS STICK TEMBAKAU TROPICAL BKS 20X4,,142,399,PCS,,27/08/2027,,1
01,08,1,03,1,20128084,TEREA STICK TEMBAKAU BLUE BKS 20X6.3,,143,338,PCS,,02/02/2027,,1
01,08,1,04,1,20135190,VEEV ONE/VEEVA PODS RED MELON BKS 1000 PUFFS,,144,0,PCS,,02/02/2027,,1
01,08,1,05,1,20142671,VEEVA ULTRA DISPOSIBLE PODS CHERRY CHERRY PCK 1100 PUFFS,,145,0,PCS,,09/06/2027,,1
01,08,1,06,1,20140988,KING DJAVA ROKOK FILTER  BKS 20S,,146,73,PCS,,07/01/2027,,1
01,08,2,01,1,20135434,TEREA STICK TEMBAKAU OASIS PEARL BKS 20X5.5,,147,1674,PCS,,02/02/2027,,2
01,08,2,02,1,20137968,VEEV/VEEVA PODS GRAPE BOX 1000 PUFFS,,148,287,PCS,,23/09/2027,,1
01,08,2,03,1,10002788,GT MAN CELANA DALAM 704BW ASSORTED PCS LARGE,,149,0,PCS,,,V,1
01,08,2,04,1,20128085,TEREA STICK TEMBAKAU BLACK GREEN BKS 20X6.3,,150,174,PCS,,02/02/2027,,1
01,08,2,05,1,20128086,TEREA STICK TEMBAKAU SIENNA BKS 20X6.3,,151,386,PCS,,02/02/2027,,1
01,08,2,06,1,20142509,ULTIMO ROKOK KRETEK FILTER  BKS 12S,,152,126,PCS,,13/07/2027,,2
01,08,3,01,1,20113074,MARLBORO ROKOK KRETEK  BKS 12S,,153,0,PCS,,12/03/2027,,10
01,08,3,02,1,20128089,TEREA STICK TEMBAKAU YUGEN BKS 20X6.3,,154,165,PCS,,02/02/2027,,1
01,08,3,03,1,20141629,RELX DISPOSABLE PODS WATERMELON CHIL PCS,,155,0,PCS,,06/09/2027,,1
01,08,3,04,1,20122267,GT LADIES KAOS KAKI WANITA GTHDL  PSG 36-40,,156,1,PCS,,,V,1
01,08,3,05,1,20122038,MARLBORO ROKOK KRETEK CRAFTED SELONSONG BIRU BKS 12S,,157,502,PCS,,17/09/2027,,10
01,08,3,06,1,20134458,THOMAS&FRIENDS PLASTIC ENGINE HJL21 ASSORTED PCS,,158,0,PCS,,,V,1
01,09,1,01,1,20093678,ESSE BLUE ROKOK FILTER CHANGE BKS 20S,,161,55,PCS,,02/02/2027,L,1
01,09,1,02,1,20143093,GUDANG GARAM ROKOK KRETEK MERAH NEW  BKS 12S,,162,88,PCS,,15/07/2027,,2
01,09,1,03,1,20132899,STATIONARY WHALE PEN ASSORTED PCS,,163,0,PCS,,,I,1
01,09,1,04,1,20131992,DJARUM SUPER ROKOK FILTER MILD FRESH COLA BKS 16S,,164,594,PCS,,02/02/2027,L,2
01,09,1,05,1,20058026,GUDANG GARAM ROKOK KRETEK MERAH   BKS 16S,,165,0,PCS,,02/02/2027,,2
01,09,1,06,1,20141447,RED UV ROKOK NEW TASTE MILD  BKS 16S,,166,795,PCS,,17/09/2027,,2
01,09,2,01,1,20095217,SAMPOERNA ROKOK FILTER SPLASH TROPICAL BKS 16S,,167,320,PCS,,02/02/2027,S,2
01,09,2,02,1,20138206,TEREA STICK TEMBAKAU BLACK RUBY BKS 20X5.5,,168,95,PCS,,23/09/2027,,1
01,09,2,03,1,20069791,GUDANG GARAM ROKOK FILTER SIGNATURE MILD  BKS 16S,,169,0,PCS,,02/02/2027,T,1
01,09,2,04,1,20143055,VEEVA PODS BLUEBERRY PCK 500 PUFFS,,170,181,PCS,,13/01/2028,,1
01,09,2,05,1,20136326,BLENDS STICK TEMBAKAU SUMMER EDITION BKS 20X4,,171,60,PCS,,23/09/2027,,1
01,09,2,06,1,20137964,VEEV NOW/VEEVA ULTRA DISPOSABLE PODS RED MELON BOX 1100 PUFFS,,172,171,PCS,,23/09/2027,,1
01,09,3,01,1,20141630,RELX DISPOSABLE PODS LYCHEE BURST PCS,,173,0,PCS,,06/09/2027,,1
01,09,3,02,1,20115164,MAYBELLINE SENSATIONAL LIQUID MATTE 02 SOFT WINE PCS 2L,,174,0,PCS,,27/08/2028,F,1
01,09,3,03,1,20140267,VEEV ONE/VEEVA PODS LEMON TEA BKS 1000 PUFFS,,175,0,PCS,,24/03/2027,T,1
01,09,3,04,1,20130571,WIN CLICK ROKOK FILTER BERRY CAPSULE BKS 20S,,176,107,PCS,,23/09/2027,,2
01,09,3,05,1,20140987,DJAVA ROKOK FILTER FINE CUT  BKS 16S,,177,70,PCS,,07/01/2027,,1
01,09,3,06,1,20141502,DUNHILL ROKOK MIXTURES HAND CRAFTED  BKS 12S,,178,110,PCS,,17/09/2027,,2
02,01,1,01,1,,,,181,0,PCS,,,,
02,01,1,02,1,,,,182,0,PCS,,,,
02,01,1,03,1,,,,183,0,PCS,,,,
02,01,1,04,1,,,,184,0,PCS,,,,
02,01,1,05,1,,,,185,0,PCS,,,,
02,01,1,06,1,,,,186,0,PCS,,,,
02,01,2,01,1,20141627,RELX DISPOSABLE PODS TRIPLE MANGO PCS,,187,0,PCS,,06/09/2027,,1
02,01,2,02,1,20131800,GUDANG GARAM ROKOK FILTER SURYA MERAH BKS 16S,,188,197,PCS,,02/02/2027,S,10
02,01,2,03,1,20083490,MARLBORO ROKOK FILTER BLACK BKS 12S,,189,1955,PCS,,12/03/2027,S,10
02,01,2,04,1,20135736,CLIMAX ROKOK FILTER CLICK MIX BKS 20S,,190,409,PCS,,16/09/2027,,2
02,01,2,05,1,20082432,CHIEF ROKOK FILTER  BKS 12S,,191,439,PCS,,02/02/2027,,5
02,01,2,06,1,10010091,SAMPOERNA ROKOK FILTER MILD (PCS) MERAH BKS 16S,,192,490,PCS,,02/02/2027,E,10
02,01,3,01,1,20134688,L A ROKOK FILTER BOLD (NEW)  BKS 16S,,193,597,PCS,,02/02/2027,,2
02,01,3,02,1,20064088,SAMPOERNA KRETEK SLIMS AVOLUTION  BKS 20S,,194,166,PCS,,02/02/2027,D,5
02,01,3,03,1,20100795,ESSE CHANGE ROKOK FILTER DOUBLE BKS 20S,,195,1592,PCS,,02/02/2027,E,10
02,01,3,04,1,20135993,L A ROKOK FILTER ICE MANGO BOOST BKS 16S,,196,340,PCS,,12/03/2027,S,10
02,01,3,05,1,20135180,DJARUM 76 ROKOK KRETEK NANAS BKS 12S,,197,0,PCS,,23/04/2027,,2
02,01,3,06,1,10010084,L A ROKOK FILTER  LIGHT BKS 16S,,198,645,PCS,,02/02/2027,S,5
02,02,1,01,1,,,,201,0,PCS,,,,
02,02,1,02,1,,,,202,0,PCS,,,,
02,02,1,03,1,,,,203,0,PCS,,,,
02,02,1,04,1,,,,204,0,PCS,,,,
02,02,1,05,1,,,,205,0,PCS,,,,
02,02,1,06,1,,,,,0,PCS,,,,
02,02,2,01,1,10010112,LUCKY STRIKE ROKOK FILTER (PCS)  BKS 20S,,207,5930,PCS,,02/02/2027,D,10
02,02,2,02,1,20010262,GT MAN CELANA DALAM 708/3S  BOX MEDIUM,,208,0,PCS,,,V,1
02,02,2,03,1,20132548,DJARUM SUPER ROKOK KRETEK ESPRESSO BKS 12S,,209,386,PCS,,02/02/2027,,2
02,02,2,04,1,20055060,DUNHILL ROKOK FINE CUT FILTER  BKS 16S,,210,209,PCS,,23/04/2027,D,10
02,02,2,05,1,20140125,SPACE ROKOK KRETEK  BKS 12S,,211,1260,PCS,,20/02/2027,,2
02,02,2,06,1,20046794,CAMEL ROKOK FILTER WHITE BKS 20S,,212,390,PCS,,23/04/2027,D,10
02,02,3,01,1,20143813,JUARA ROKOK KRETEK INTENS JUS JAMBU BKS 12S,,213,238,PCS,,24/09/2027,,2
02,02,3,02,1,20002901,DUNHILL ROKOK INTERNATIONAL (HIJAU) MENTHOL LIGHTS BKS 20S,,214,0,PCS,,02/02/2027,S,2
02,02,3,03,1,20128470,CAMEL ROKOK FILTER OPTION PURPLE  BKS 16S,,215,80,PCS,,02/02/2027,S,10
02,02,3,04,1,20134733,POETRI ROKOK KRETEK  BKS 12S,,216,0,PCS,,23/09/2027,,2
02,02,3,05,1,20119629,WIN ROKOK FILTER  BKS 20S,,217,584,PCS,,02/02/2027,,2
02,02,3,06,1,20141927,DJI SAM SOE ROKOK KRETEK MAGNUM 234  PCK 12S,,218,572,PCS,,27/08/2027,D,5
02,03,1,01,1,,,,221,0,PCS,,,,
02,03,1,02,1,,,,222,0,PCS,,,,
02,03,1,03,1,,,,223,0,PCS,,,,
02,03,1,04,1,,,,224,0,PCS,,,,
02,03,1,05,1,,,,225,0,PCS,,,,
02,03,1,06,1,,,,226,0,PCS,,,,
02,03,2,01,1,,,,227,0,PCS,,,,
02,03,2,02,1,20134964,SAMPOERNA ROKOK KRETEK LEGIT NIRA BKS 12S,,228,762,PCS,,23/09/2027,,2
02,03,2,03,1,20134738,DJIT SAM KIOE ROKOK KRETEK  BKS 12S,,229,2,PCS,,23/09/2027,,2
02,03,2,04,1,20140222,GLOW & LOVELY ULTRALIGHT GEL CREAM GLASS BRIGHT BOX 30,,230,314,PCS,,27/11/2027,,1
02,03,2,05,1,20134790,SAMPOERNA ROKOK KRETEK PRIMA  BKS 12S,,231,976,PCS,,23/04/2027,S,10
02,03,2,06,1,20115758,CAMEL ROKOK FILTER (NEW) YELLOW BKS 20S,,232,520,PCS,,02/02/2027,D,10
02,03,3,01,1,20138598,SAMPOERNA ROKOK FILTER AVOLUTION ROYAL BURST BKS 20S,,233,280,PCS,,23/04/2027,L,2
02,03,3,02,1,20138754,DJARUM 76 ROKOK KRETEK APEL BKS 12S,,234,2262,PCS,,23/04/2027,E,5
02,03,3,03,1,20142409,INDOMARET LIGHTER ELEKTRIK M2000 LIGHTER PCS,,235,261,PCS,,06/02/2029,,50
02,03,3,04,1,20136323,BLENDS STICK TEMBAKAU WARM EDITION BKS 20X4,,236,17,PCS,,23/09/2027,,1
02,03,3,05,1,10010094,SAMPOERNA ROKOK KRETEK  HIJAU BKS 12S,,237,492,PCS,,23/09/2027,,2
02,03,3,06,1,20135439,SAMPOERNA ROKOK FILTER MILD CLASSIC MERAH BKS 16S,,238,1041,PCS,,27/08/2027,E,10
02,04,1,01,1,20130634,DJARUM 76 ROKOK SIGARET KRETEK MANGGA BKS 12S,,241,412,PCS,,23/09/2027,,2
02,04,1,02,1,20140875,TEREA STICK TEMBAKAU RIVIERA PEARL BKS 20X5.5,,242,42,PCS,,28/06/2027,,2
02,04,1,03,1,20137759,KAPAL SAKTI ROKOK KRETEK BLACK EDITION BKS 12S,,243,0,PCS,,02/02/2027,,2
02,04,1,04,1,20137754,HS ROKOK FILTER ORIGINAL SLIM BKS 20S,,244,75,PCS,,02/02/2027,,2
02,04,1,05,1,20137751,HS ROKOK FILTER PURPLE CLICK BKS 20S,,245,511,PCS,,02/02/2027,,2
02,04,1,06,1,20142607,MARLBORO ROKOK KRETEK FILTER MOTION BKS 20S,,246,352,PCS,,06/02/2027,L,2
02,04,2,01,1,20095302,JUARA ROKOK KRETEK TEH MANIS BKS 12S,,247,0,PCS,,23/09/2027,,2
02,04,2,02,1,20142476,VEEVA PODS GRAPE PCK 500 PUFFS,,248,8,PCS,,28/05/2027,,1
02,04,2,03,1,20137997,RELX POD PRO 2 HIBISCUS ICETEA PCS 1.5L,,249,0,PCS,,20/02/2027,,1
02,04,2,04,1,20102167,DIPLOMAT ROKOK EVO  BKS 16S,,250,764,PCS,,23/01/2027,,2
02,04,2,05,1,20123763,INDOMARET LIGHTER TOKAI MOTIF  PCS,,251,2324,PCS,,18/11/2027,L,20
02,04,2,06,1,20137998,RELX POD PRO 2 STRAWBERY BURST PCS 2L,,252,1,PCS,,20/02/2027,,1
02,04,3,01,1,20139245,JUARA ROKOK KRETEK BERRY BKS 12S,,253,0,PCS,,27/08/2027,,2
02,04,3,02,1,20142217,JUARA ROKOK KRETEK KLIK GREEN GRAPE BKS 12S,,254,106,PCS,,28/06/2027,,2
02,04,3,03,1,20139533,SAMPOERNA ROKOK KRETEK PRIMA SOFT PACK BKS 12S,,255,324,PCS,,13/04/2027,S,2
02,04,3,04,1,20139616,VEEV ONE/VEEVA PODS CHERRY BKS 1000 PUFFS,,256,0,PCS,,12/03/2027,T,2
02,04,3,05,1,20102468,LUCKY STRIKE ROKOK FILTER PURPLE BOOST BKS 20S,,257,0,PCS,,02/02/2027,,2
02,04,3,06,1,20136123,DJARUM SUPER ROKOK KRETEK ESPRESSO GOLD BKS 12S,,258,353,PCS,,02/02/2027,,5
02,05,1,01,1,20137962,VEEV NOW/VEEVA ULTRA DISPOSABLE PODS MANGO BOX 1100 PUFFS,,261,137,PCS,,07/01/2027,,1
02,05,1,02,1,20140984,SEN ROKOK FILTER  BKS 12S,,262,19,PCS,,07/01/2027,,1
02,05,1,03,1,20137965,VEEV/VEEVA PODS SOUR APPLE BOX 1000 PUFFS,,263,414,PCS,,17/09/2027,,1
02,05,1,04,1,20137176,WARUNG KOPI ROKOK KRETEK JAMBU BKS 12S,,264,770,PCS,,11/01/2027,,2
02,05,1,05,1,20137752,HS ROKOK FILTER MENTHOL SLIM BKS 20S,,265,0,PCS,,02/02/2027,,2
02,05,1,06,1,20137753,HS ROKOK FILTER FRESH MNT CLICK BKS 20S,,266,261,PCS,,02/02/2027,,2
02,05,2,01,1,20134742,LAKON ROKOK KRETEK  BKS 12S,,267,303,PCS,,02/02/2027,,2
02,05,2,02,1,20134734,KAPAL SAKTI ROKOK KRETEK  BKS 12S,,268,0,PCS,,02/02/2027,,2
02,05,2,03,1,20129226,SUKUN ROKOK SPECIAL BARU  BKS 12S,,269,575,PCS,,23/09/2027,,2
02,05,2,04,1,20140983,HS ROKOK FILTER MILD ORIGINAL BKS 16S,,270,431,PCS,,07/01/2027,,1
02,05,2,05,1,20142598,MARLBORO ROKOK KRETEK FILTER MOTION BKS 16S,,271,0,PCS,,06/02/2027,L,2
02,05,2,06,1,20137996,RELX POD PRO 2 WATERMELON ICE PCS 2L,,272,4,PCS,,11/03/2027,,1
02,05,3,01,1,10024523,CLAS MILD ROKOK FILTER  BKS 16S,,273,549,PCS,,02/02/2027,S,2
02,05,3,02,1,20139759,VEEV ONE PODS MANGO BKS 500 PUFFS,,274,9,PCS,,12/03/2027,,1
02,05,3,03,1,20138345,VEEV NOW/VEEVA ULTRA DISPOSABLE PODS SOURAPPLE BOX 1100 PUFFS,,275,239,PCS,,02/02/2027,,1
02,05,3,04,1,20096602,MOBILE KIOSK USB CABLE TYPE C-2A FOR POWER BANK PCS,,276,16,PCS,,,,1
02,05,3,05,1,10010113,LUCKY STRIKE ROKOK FILTER COOL SWITCH BKS 20S,,277,10,PCS,,02/02/2027,S,10
02,05,3,06,1,20085760,ESSE CHANGE ROKOK FILTER GRAPE BKS 20S,,278,78,PCS,,02/02/2027,L,1
02,06,1,01,1,20143094,HS ROKOK FILTER MILD PURPLE ICE BKS 16S,,281,124,PCS,,28/07/2027,,2
02,06,1,02,1,20137756,HS ROKOK KRETEK  BKS 12S,,282,2753,PCS,,02/02/2027,,5
02,06,1,03,1,20134737,117 ROKOK KRETEK MANGGA BKS 12S,,283,0,PCS,,02/02/2027,,2
02,06,1,04,1,20143380,MARLBORO ROKOK FILTER LIMITED EDITION GOLD ADVENTURE BKS 20S,,284,716,PCS,,06/08/2027,,2
02,06,1,05,1,20137757,OCHA ROKOK KRETEK GUAVA BKS 12S,,285,286,PCS,,02/02/2027,,2
02,06,1,06,1,20139763,TWIZZ ROKOK FILTER PRIME TROPICAL CLICK BKS 16S,,286,546,PCS,,11/03/2027,,2
02,06,2,01,1,20142560,HS ROKOK KRETEK FILTER  BKS 12S,,287,46,PCS,,28/06/2027,,2
02,06,2,02,1,20107794,DJI SAM SOE ROKOK KRETEK EDISI KHUSUS6+6 BKS 12S,,288,284,PCS,,12/03/2027,,5
02,06,2,03,1,20137296,DUNHILL ROKOK FINE CUT MILD EVOQUE BKS 16S,,289,0,PCS,,12/03/2027,,2
02,06,2,04,1,20138763,VEEV NOW/VEEVA ULTRA DISPOSABLE PODS STRAWBERY CLOVE BOX 1100 PUFFS,,290,484,PCS,,20/02/2027,,1
02,06,2,05,1,20140124,SUPERNOVA ROKO KRETEK  BKS 12S,,291,1764,PCS,,02/02/2027,,2
02,06,2,06,1,20138128,JUARA ROKOK KRETEK APEL BKS 12S,,292,0,PCS,,02/02/2027,,1
02,06,3,01,1,10010102,MARLBORO ROKOK FILTER (PCS) LIGHT BKS 20S,,293,1053,PCS,,12/03/2027,D,5
02,06,3,02,1,20138160,RELX POD PRO 2 ICE TEA PCS 1.5L,,294,0,PCS,,20/02/2027,,1
02,06,3,03,1,20141628,RELX DISPOSABLE PODS VERY BERRY PCS,,295,0,PCS,,06/09/2027,,1
02,06,3,04,1,20070579,INDOMARET LIGHTER CRICKET ELEKTRIK  PCS,,296,1852,PCS,,25/05/2028,,2
02,06,3,05,1,20143381,MARLBORO ROKOK FILTER LIMITED EDITION RED ADVENTURE PCK 20S,,297,432,PCS,,06/08/2027,,2
02,06,3,06,1,20139526,VEEV NOW/VEEVA ULTRA DISPOSABLE PODS BLUE RASPBERRY BOX 1100 PUFFS,,298,228,PCS,,11/03/2027,,1
02,07,1,01,1,20135191,VEEV ONE/VEEVA PODS MANGO BKS 1000 PUFFS,,301,0,PCS,,11/03/2027,,1
02,07,1,02,1,20143095,ESSE CHANGE ROKOK KRETEK DOUBLE PINEAPPL BKS 20S,,302,0,PCS,,13/07/2027,,2
02,07,1,03,1,20122518,GAJAH BARU ROKOK FILTER KRETEK  BKS 12S,,303,1772,PCS,,12/02/2027,,5
02,07,1,04,1,10003383,BIO PIPE CIGARETTE FILTER  PCS,,304,162,PCS,,18/11/2027,,1
02,07,1,05,1,20120901,MOBILE KIOSK EARPHONE MK118 TYPE C  PCS,,305,173,PCS,,,,1
02,07,1,06,1,10035016,KARTU REMI  PCS,,306,270,PCS,,,,2
02,07,2,01,1,20137999,RELX POD PRO 2 MENTHOL XTRA  PCS 2L,,307,1,PCS,,20/02/2027,,1
02,07,2,02,1,20139349,TEREA STICK TEMBAKAU PERINT PEARL BKS 20X5.4,,308,58,PCS,,17/09/2027,,1
02,07,2,03,1,20120903,MOBILE KIOSK BRAIDED CABLE TYPE C TO TYPE C  PCS,,309,79,PCS,,,,1
02,07,2,04,1,20095233,INDOMARET LIGHTER CRICKET SOLID  PCS,,310,2971,PCS,,18/11/2027,L,20
02,07,2,05,1,20120902,MOBILE KIOSK EARPHONE MK119 IPHONE  PCS,,311,0,PCS,,,,1
02,07,2,06,1,20078869,KRISBOW VOLTAGE TESTER 250V KW01-4089 PCS,,312,100,PCS,,,T,1
02,07,3,01,1,20135737,CLIMAX ROKOK FILTER CLICK MANGO BKS 20S,,313,371,PCS,,17/09/2027,L,2
02,07,3,02,1,20133141,RHINO STICKER PUFFY  PCK,,314,3,PCS,,,,1
02,07,3,03,1,20129835,ACMIC VELCRO STRAP (CABLE TIE)  PCK 1,,315,95,PCS,,,,1
02,07,3,04,1,20130761,ADINATA EMBOSSED STICKERS  PCK,,316,58,PCS,,,,1
02,07,3,05,1,20137298,LUCKY STRIKE ROKOK FILTER BERRY FREEZE BKS 20S,,317,1217,PCS,,11/03/2027,,2
02,07,3,06,1,20129834,ACMIC KEYLINE KABEL DATA USB-A TO USB-C PCK,,318,46,PCS,,,,1
02,08,1,01,1,20128701,ACMIC KABEL DATA FAST CHARGING TYPE C PCK 1,,321,40,PCS,,,,1
02,08,1,02,1,20129833,ACMIC KEYLINE KABEL DATA USB-C TO USB-C PCK,,322,37,PCS,,,,1
02,08,1,03,1,20128700,ACMIC KABEL DATA FAST CHARGING MICRO USB PCK 1,,323,27,PCS,,,,1
02,08,1,04,1,20075330,MOBILE KIOSK STEREO  EARPHONE MK 552  PCS,,324,0,PCS,,,,1
02,08,1,05,1,20139838,WARDAH UV SHIELD ACNE CLMNG SUNSCREEN SPF 50PA++++ TUB 25,,325,1,PCS,,16/05/2029,,1
02,08,1,06,1,20138659,VEEV NOW/VEEVA ULTRA DISPOSABLE PODS STRAWBERRY BOX 1100 PUFFS,,326,277,PCS,,02/02/2027,,1
02,08,2,01,1,20141244,WISMILAK ROKOK KRETEK SLIM KLIK LYCHEE TEA BKS 16S,,327,0,PCS,,06/04/2027,,2
02,08,2,02,1,20136196,CLAS MILD ROKOK FILTER PURPLE DUO BKS 16S,,328,718,PCS,,07/01/2027,S,2
02,08,2,03,1,20140252,VEEV NOW/VEEVA ULTRA DISPOSABLE PODS LEMON TEA BOX 1100 PUFFS,,329,1,PCS,,12/03/2027,,1
02,08,2,04,1,20132819,BELLAGIO HOMME POMADE KIDZ BUBBLEGUM KLG 40,,330,262,PCS,,18/11/2028,,1
02,08,2,05,1,20106824,MONSTER JAM VALUE TRUCK  PCS,,331,48,PCS,,,,1
02,08,2,06,1,20130785,JUARA ROKOK KRETEK JAMBU BKS 12S,,332,0,PCS,,02/02/2027,,2
02,08,3,01,1,20137297,CAMEL ROKOK KRETEK  BKS 12S,,333,470,PCS,,11/03/2027,,10
02,08,3,02,1,20133214,NEXCARE BUBBLE SHOWER PUFF NS-08 PCK,,334,122,PCS,,,,1
02,08,3,03,1,20143814,FORTE ROKOK FILTER HOKKAIDO MELON BKS 20S,,335,0,PCS,,02/02/2027,,2
02,08,3,04,1,20124309,SPIN MASTER TECH DECK BASIC  PCS,,336,0,PCS,,,,1
02,08,3,05,1,20096601,MOBILE KIOSK USB CABLE IPHONE 2A FOR POWER BANK PCS,,337,76,PCS,,,,1
02,08,3,06,1,20137571,TWIZZ ROKOK FILTER PRIME BKS 16S,,338,562,PCS,,11/03/2027,L,2
02,09,1,01,1,20140265,VEEV ONE/VEEVA PODS LATTE TEA BKS 1000 PUFFS,,341,485,PCS,,11/03/2027,T,1
02,09,1,02,1,20140982,HS ROKOK FILTER MILD MANGO ICE BKS 16S,,342,390,PCS,,07/01/2027,,2
02,09,1,03,1,20137797,DIPLOMAT ROKOK KRETEK FILTER EVO MANGO SQUIZZ BKS 16S,,343,141,PCS,,11/03/2027,,2
02,09,1,04,1,20137758,DJAVA ROKOK KRETEK TRADISIONAL BKS 12S,,344,0,PCS,,02/02/2027,,2
02,09,1,05,1,20099972,MOBILE KIOSK USB CAR CHARGER 2 PORT  PCS,,345,166,PCS,,,,1
02,09,1,06,1,20134745,R TIGA CROWN ROKOK KRETEK PREMIUM  BKS 12S,,346,115,PCS,,21/05/2027,,1
02,09,2,01,1,20140378,DJARUM SUPER ROKOK KRETEK WRAP BKS 12S,,347,1005,PCS,,11/03/2027,,5
02,09,2,02,1,20140986,R TIGA CROWN ROKOK KRETEK BERRY BKS 12S,,348,0,PCS,,08/01/2027,,1
02,09,2,03,1,20135213,DJI SAM SOE ROKOK KRETEK MAGNUM SILVER BKS 12S,,349,226,PCS,,02/02/2027,,2
02,09,2,04,1,20081584,MOBILE KIOSK 3 PORT USB MINI 2.1/5.4A  PCS,,350,0,PCS,,,,2
02,09,2,05,1,20128702,ACMIC KABEL DATA FAST CHARGING TYPE C PCK 2,,351,2,PCS,,,,1
02,09,2,06,1,10024555,FABER CASTELL PAKET UMPTN  SET,,352,39,PCS,,,,1
02,09,3,01,1,20143072,VEEVA PODS SOUR APPLE PCK 500 PUFFS,,353,214,PCS,,13/01/2028,,1
02,09,3,02,1,20124280,WIKI IDM DELIVERY TRUCK DIE CAST  BOX,,354,0,PCS,,,,1
02,09,3,03,1,20128557,INDOMARET PLASTIK KLIP POLOS 25X16  PCK 50S,,355,0,PCS,,,V,1
02,09,3,04,1,20088105,MOBILE KIOSK BRAIDED 2A USB CABLE FOR ANDROID PCS,,356,48,PCS,,,,1
02,09,3,05,1,20056601,MAYBELLINE MASCARA HYPERCURL V/E BLISTER WATERPROOF PCS 9.2L,,357,287,PCS,,18/11/2027,,1
02,09,3,06,1,20130374,BENTOEL SJT ROKOK KRETEK  BKS 12S,,358,495,PCS,,21/05/2027,,2
03,01,1,01,1,20080424,RAW MATERIAL COFFEE BEAN (DC)  PCK 1000,,1,122,PCS,,13/12/2026,Z,2
03,01,1,02,1,20034078,FRISIAN FLAG SUSU CAIR UHT STROBERI TPK 225L,,2,1992,PCS,,23/03/2027,S,36
03,01,2,01,1,20139148,RAW MATERIAL CASHEW MILK  TPK 200L,,3,396,PCS,,27/05/2027,Z,12
03,01,2,02,1,20143447,PUCUK HARUM MINUMAN TEH ORIGINAL TPK 300L,,4,0,PCS,,10/08/2027,,1
03,01,2,03,1,20122435,SAY BREAD PLASTIK ROTI CROISSANT 18X21/26X0.03CM PCS,,5,25500,PCS,,,Z,250
03,01,2,04,1,20143929,POINT COFFEE TUMBLER BRONZE METALIC SERIES  PCS 750 L,,6,198,PCS,,,,1
03,01,2,05,1,20092879,SENDOK DESSERT/ICIP-ICIP  PCS,,7,157500,PCS,,,Z,500
03,01,2,06,1,20115550,RAW MATERIAL PAPER BOWL 16OZ SNACK  PCS,,8,0,PCS,,,Z,300
03,02,1,01,1,20014069,FRISIAN FLAG SUSU CAIR UHT FULL CREAM TPK 946L,,11,307,PCS,,20/06/2027,E,12
03,02,1,02,1,20140793,CIMORY FRESH MILK UHT NO ADDED SUGAR MATCHA TPK 225L,,12,523,PCS,,15/03/2027,S,3
03,02,2,01,1,20139881,STATIONARY LITTLE STICKY NOTE  PCS,,13,1,PCS,,,I,1
03,02,2,02,1,20128754,FRISIAN FLAG SUSU SEREAL CAIR UHT COKELAT TPK 225L,,14,0,PCS,,27/05/2027,,4
03,02,2,03,1,20140328,BUAVITA JUICE SLIM KMUSCAT GRAPE TPK 245L,,15,0,PCS,,27/07/2027,T,2
03,02,2,04,1,20142466,BEBELAC 1 SUSU CAIR UHT STRAWBERRY TPK 105L,,16,913,PCS,,27/04/2027,,2
03,02,2,05,1,20033546,GREENFIELDS UHT MILK CHOCOLATE TPK 1000/950L,,17,477,PCS,,27/05/2027,,1
03,02,2,06,1,20142757,RAW MATERIAL OAT DRINK  TPK 1L,,18,102,PCS,,14/08/2027,Z,6
03,03,1,01,1,20122822,CIMORY FRESH MILK UHT MARIE BISCUITS TPK 250/225 L,,21,1299,PCS,,17/03/2027,,12
03,03,1,02,1,20046862,ULTRA MIMI SUSU CAIR UHT FULL CREAM TPK 125L,,22,2900,PCS,,10/05/2027,L,40
03,03,2,01,1,20139749,POINT COFFEE SOLO LEVELING  CUP 22OZ,,23,0,PCS,,,V,300
03,03,2,02,1,20141537,POINT COFFEE TUMBLER  PCS 360,,24,77,PCS,,27/07/2031,V,1
03,03,2,03,1,20109705,RAW MATERIAL SYRUP FRAMBOZEN  BTL 750L,,25,29,PCS,,27/07/2027,Z,1
03,03,2,04,1,20125943,Y/COFFEE GOLD DRINK TRAY 2 CUPS  PCS,,26,1250,PCS,,,Z,250
03,03,2,05,1,20109706,RAW MATERIAL SYRUP PANDAN  BTL 750L,,27,0,PCS,,27/07/2027,Z,1
03,03,2,06,1,20112794,INDOMILK SUSU CAIR UHT KIDS STRAWBERRY BDD 6X115L,,28,0,PCS,,27/04/2027,,1
03,04,1,01,1,20127408,POINT COFFEE TAS RAMAH LINGKUNGAN 1-2 CUP SMALL PCS,,31,0,PCS,,,,50
03,04,1,02,1,20101055,RAW MATERIAL GULA CAIR  PCS 5,,32,81,PCS,,06/07/2027,Z,1
03,04,2,01,1,20115354,DANCOW SUSU CAIR UHT FORTIGRO COKLAT BDD 4X110L,,33,0,PCS,,20/06/2027,,2
03,04,2,02,1,20141497,KLIK INDOMARET PAPER BAG  PCS,,34,1700,PCS,,,Z,10
03,04,2,03,1,20115337,RAW MATERIAL PAPER BAG CRUNCHEE BESAR PCS,,35,50,PCS,,,Z,500
03,04,2,04,1,20080429,RAW MATERIAL FRAPPE BASE (DC)  PCK 1000,,36,37,PCS,,26/06/2027,Z,1
03,04,2,05,1,20096560,Y/CHOICE ADDITIONAL TOPPING SAOS CHILLI PCS 20,,37,1225,PCS,,27/04/2027,,25
03,04,2,06,1,20134359,RAW MATERIAL NANGKA JELLY  TPS 1,,38,0,PCS,,27/07/2027,Z,1
03,05,1,01,1,20101056,RAW MATERIAL PALM SUGAR LIQUID  PCS 1300,,41,76,PCS,,24/06/2027,Z,1
03,05,1,02,1,20119876,HYDRO COCO NATURAL HEALTH DRINK VITA-D TPK 330L,,42,480,PCS,,28/04/2027,,12
03,05,2,01,1,20133871,MILO HEALTY DRINK UHT NUTRIACTIV CHOCO CEREAL TPK 180L,,43,3,PCS,,27/07/2027,,12
03,05,2,02,1,20109085,RAW MATERIAL OVOMALTINE CRUNCHY CREAM  BTL 680,,44,259,PCS,,27/04/2027,Z,1
03,05,2,03,1,20134560,RAW MATERIAL PASSION FRUIT SYRUP  BTL 750L,,45,69,PCS,,27/01/2028,Z,1
03,05,2,04,1,20096561,Y/CHOICE ADDITIONAL TOPPING SAOS BBQ PCS 20,,46,625,PCS,,27/04/2027,,25
03,05,2,05,1,20080440,RAW MATERIAL PRIMALINE AVOCADO (DC)  PCS 800,,47,21,PCS,,20/04/2027,Z,1
03,05,2,06,1,20142048,POINT COFFEE TUMBLER STAINLESS STEEL NO LIMIT SERIES PCS 540,,48,0,PCS,,27/07/2031,V,1
03,06,1,01,1,20102840,RAW MATERIAL CREAMER POWDER  PCK 1000,,51,39,PCS,,23/07/2027,Z,1
03,06,1,02,1,20080428,RAW MATERIAL MATCHA GREEN TEA POWDER (DC)  PCK 1000,,52,124,PCS,,18/06/2027,Z,1
03,06,2,01,1,20096568,Y/CHOICE ADDITIONAL TOPPING MAYONAISE  PCS 20,,53,0,PCS,,,,1
03,06,2,02,1,10004884,INDOMILK SUSU CAIR UHT CHOCOLATE TPK 950L,,54,0,PCS,,27/04/2027,,1
03,06,2,03,1,20135179,RAW MATERIAL JAVA GINGER TEA  PCS,,55,0,PCS,,18/07/2028,Z,25
03,06,2,04,1,20134358,RAW MATERIAL TROPICAL JELLY  TPS 1,,56,50,PCS,,07/07/2027,Z,1
03,06,2,05,1,20120852,SAY BREAD PLASTIK ROTI PANJANG (11.5X31)  PCS 350.03,,57,6000,PCS,,,Z,250
03,06,2,06,1,20136886,POINT COFFEE VACUUM FLASK TUMBLER  PCS 700/900L,,58,0,PCS,,,,1
03,07,1,01,1,20040893,RAW MATERIAL BIJI KOPI  PCK 500,,61,168,PCS,,09/02/2027,Z,1
03,07,1,02,1,20137039,POINT COFFEE BOTOL  PCS 1L,,62,0,PCS,,,Z,50
03,07,2,01,1,20140111,RAW MATERIAL SNACK POCKET  PCS,,63,3500,PCS,,,Z,500
03,07,2,02,1,20069776,POINT COFFEE LID DOME  PCS 16 OZ,,64,1950,PCS,,,Z,50
03,07,2,03,1,20128556,INDOMARET PLASTIK KLIP POLOS 15X10  PCK 50S,,65,0,PCS,,,V,1
03,07,2,04,1,20142391,POINT COFFEE TUMBLER SPIDERMEN GREY PCS 530L,,66,0,PCS,,27/07/2031,V,1
03,07,2,05,1,20104936,RAW MATERIAL BISCOFF CRUNCHY  BTL 380,,67,0,PCS,,27/07/2027,Z,1
03,07,2,06,1,20116923,RAW MATERIAL KERTAS MINYAK POLOS  PCS,,68,0,PCS,,,Z,500
03,08,1,01,1,20111188,POINT COFFEE CUP PLASTIK  PCS 22 OZ,,71,11000,PCS,,,Z,500
03,08,1,02,1,20111189,POINT COFFEE CUP PLASTIK  PCS 12 OZ,,72,0,PCS,,,Z,250
03,08,2,01,1,20142050,POINT COFFEE TUMBLER STAINLESS  STEEL COLORFULL CTN 360,,73,0,PCS,,27/07/2031,V,1
03,08,2,02,1,20115157,BUAVITA JUICE ORANGE TPK 1000L,,74,0,PCS,,27/04/2027,V,1
03,08,2,03,1,20134357,RAW MATERIAL BROWN SUGAR KONYAKU  TPS 1,,75,0,PCS,,27/07/2027,Z,1
03,08,2,04,1,20119285,RAW MATERIAL WHIPPING CREAM N20  PCS,,76,3780,PCS,,27/07/2031,Z,10
03,08,2,05,1,20142383,POINT COFFEE TUMBLER SPIDERMAN RED JUMP PCS 530L,,77,0,PCS,,27/07/2031,V,1
03,08,2,06,1,20115340,RAW MATERIAL BOX PIZZA  PCS,,78,0,PCS,,,Z,250
03,09,1,01,1,20106236,Y/COFFEE GOLD CUP HOT  PCS 12 OZ,,81,0,PCS,,,Z,250
03,09,1,02,1,20118230,RTE PAPER BAG SEDANG PCS,,82,0,PCS,,,,100
03,09,2,01,1,20084978,RAW MATERIAL HAZELNUT SYRUP (DC)  BTL 750L,,83,31,PCS,,26/02/2027,Z,1
03,09,2,02,1,20131236,RAW MATERIAL PISTACHIO SYRUP  BTL 760L,,84,83,PCS,,24/06/2027,Z,1
03,09,2,03,1,20142756,RAW MATERIAL GUAVA SYRUP  BTL 760L,,85,0,PCS,,11/07/2027,Z,1
03,09,2,04,1,20102080,RAW MATERIAL TOFFEE POWDER  PCK 1000,,86,72,PCS,,05/06/2027,Z,1
03,09,2,05,1,20127409,POINT COFFEE TAS RAMAH LINGKUNGAN 3-4 CUP LARGE PCS,,87,3,PCS,,,,50
03,09,2,06,1,20142384,POINT COFFEE TUMBLER FORKY PCS 530L,,88,0,PCS,,27/07/2031,V,1
04,01,1,01,1,20100143,ULTRA TEH KOTAK APPLE TPK 300L,,181,0,PCS,,23/04/2027,,4
04,01,1,02,1,20115188,CIMORY FRESH MILK UHT ALMOND TPK 250/225 L,,182,1640,PCS,,05/03/2027,,12
04,01,2,01,1,20134172,DANCOW SUSU CAIR UHT FORTIGRO VANILA TPK 110L,,183,6,PCS,,27/07/2027,,6
04,01,2,02,1,20102839,RAW MATERIAL LEMON TEA POWDER  PCK 500,,184,136,PCS,,06/08/2027,Z,1
04,01,2,03,1,20141140,POINT COFEE ONE PIECE  CUP 22OZ,,185,0,PCS,,,V,200
04,01,2,04,1,20112746,INDOMILK SUSU CAIR UHT KIDS COKELAT BDD 6X115L,,186,0,PCS,,27/04/2027,,1
04,01,2,05,1,20131238,RAW MATERIAL ROASTED ALMOND SYRUP  BTL 750L,,187,90,PCS,,27/06/2028,Z,1
04,01,2,06,1,20136644,DIAMOND SUSU UHT MARSHMALLOW TPK 200L,,188,653,PCS,,14/06/2027,,2
04,02,1,01,1,20014070,FRISIAN FLAG SUSU CAIR UHT LOW FAT TPK 946L,,191,162,PCS,,20/06/2027,,3
04,02,1,02,1,20014071,FRISIAN FLAG SUSU CAIR UHT CHOCOLATE TPK 946L,,192,290,PCS,,23/06/2027,,3
04,02,2,01,1,20133873,MILO HEALTY DRINK UHT NUTRIACTIV CHOCO BANANA TPK 180L,,193,171,PCS,,27/07/2027,,6
04,02,2,02,1,10008825,ULTRA SUSU UHT STERIL COKLAT TPK 125L,,194,1,PCS,,22/04/2027,,4
04,02,2,03,1,20142049,POINT COFFEE TUMBLER STAINLESS STEEL CARRY PCS 540,,195,0,PCS,,27/07/2031,,2
04,02,2,04,1,20138262,POINT COFFEE VACUUM FLASK BOTTLE  PCS 560/620L,,196,0,PCS,,27/07/2036,V,1
04,02,2,05,1,20139773,BEBELAC 1 SUSU CAIR UHT CHOCOLATE TPK 105,,197,148,PCS,,27/04/2027,,2
04,02,2,06,1,20088789,INDOMILK SUSU CAIR UHT KIDS NO SUGAR FULL CREAM TPK 115L,,198,0,PCS,,27/04/2027,,1
04,03,1,01,1,20129109,CIMORY FRESH MILK UHT CHOCO TIRAMISU TPK 250/225 L,,201,1148,PCS,,23/06/2027,,6
04,03,1,02,1,20070253,FRISIAN FLAG SUSU CAIR UHT COCONUT DELIGHT TPK 225L,,202,2250,PCS,,23/05/2027,,6
04,03,2,01,1,20140794,CIMORY FRESH MILK UHT NO ADDED SUGAR MARIE REGAL TPK 225L,,203,263,PCS,,23/03/2027,,2
04,03,2,02,1,20138263,POINT COFFEE VACUUM BOTTLE  PCS 1000L,,204,0,PCS,,27/07/2036,I,2
04,03,2,03,1,20095509,Y/COFFEE GOLD CUP COLD  PCS 14 OZ,,205,7000,PCS,,,Z,500
04,03,2,04,1,20138916,CIMORY FRESH MILK UHT THAI TEA TPK 250/225 L,,206,716,PCS,,20/03/2027,,2
04,03,2,05,1,20140795,CIMORY FRESH MILK UHT NO ADDED SUGAR CHOCOLATE TPK 225L,,207,365,PCS,,23/03/2027,,3
04,03,2,06,1,20094408,MIKA BUAH POTONG  PCS,,208,0,PCS,,27/07/2027,Z,250
04,04,1,01,1,20052311,DIAMOND SUSU UHT FULL CREAM TPK 1000L,,211,1146,PCS,,21/04/2027,S,12
04,04,1,02,1,20069690,RTD STRAW SLIM (GREEN)  PCS,,212,70000,PCS,,,Z,500
04,04,2,01,1,20085198,RAW MATERIAL LYCHEE SYRUP (DC)  BTL 750L,,213,57,PCS,,23/07/2028,Z,1
04,04,2,02,1,20094407,TRAY BUAH POTONG  PCS,,214,0,PCS,,27/07/2027,Z,250
04,04,2,03,1,20085199,RAW MATERIAL PEACH SYRUP (DC)  BTL 750L,,215,82,PCS,,09/05/2027,Z,1
04,04,2,04,1,20139750,POINT COFFEE TUTUP CUP SOLO LEVELING  PCS,,216,0,PCS,,,Z,300
04,04,2,05,1,20142387,POINT COFFEE TUMBLER JESSIE PCS 530L,,217,0,PCS,,27/07/2031,V,2
04,04,2,06,1,20083859,RAW MATERIAL TOPPING SAOS BBQ PCS 500,,218,0,PCS,,22/07/2027,R,20
04,05,1,01,1,20106981,RAW MATERIAL GULA CAIR  SCT 8L,,221,4000,PCS,,10/04/2027,Z,400
04,05,1,02,1,20115342,RAW MATERIAL BOX SNACKING  PCS,,222,0,PCS,,,Z,500
04,05,2,01,1,20120854,SAY BREAD PLASTIK ROTI VARIETY 25X30/35X03CM PCS,,223,5750,PCS,,,Z,250
04,05,2,02,1,20138895,ULTRA SUSU UHT STERIL SLIM BLUEBERRY BLAST TPK 200L,,224,2,PCS,,27/05/2027,,6
04,05,2,03,1,20040894,RAW MATERIAL COKLAT  PCK 700,,225,111,PCS,,24/02/2027,Z,1
04,05,2,04,1,20127001,RAW MATERIAL BISCUIT CRUMB  PCK 1000,,226,97,PCS,,27/07/2027,Z,1
04,05,2,05,1,20139301,POINT COFFEE VACUUM FLASK BOTTLE   PCS 800L,,227,0,PCS,,,V,1
04,05,2,06,1,20092877,POINT COFFEE STRAW BIG FRAPPE & FREEZY  PCS,,228,13600,PCS,,,Z,100
04,06,1,01,1,20069664,POINT COFFEE CUP COLD  PCK 16 OZ,,231,10550,PCS,,,Z,50
04,06,1,02,1,20116490,HYDRO COCO NATURAL HEALTH DRINK  TPK 1L,,232,100,PCS,,21/05/2027,,1
04,06,2,01,1,20106233,POINT COFFEE PLASTIK SEAL CUP  PCS 16 OZ,,233,28,PCS,,,Z,2
04,06,2,02,1,20139358,MILO HEALTY DRINK UHT PRO  TPK 225L,,234,0,PCS,,27/07/2027,,2
04,06,2,03,1,20142390,POINT COFFEE TUMBLER SPIDERMAN BLUE PCS 530L,,235,0,PCS,,27/07/2031,V,1
04,06,2,04,1,20138608,SAY BREAD GOODIE BAG  PCS,,236,0,PCS,,,,200
04,06,2,05,1,20138891,RAW MATERIAL CITRUS CONCENTRATE  BTL 750L,,237,92,PCS,,27/01/2028,Z,1
04,06,2,06,1,20120850,SAY BREAD PAPER BAG  PCS,,238,900,PCS,,,Z,100
04,07,1,01,1,20115341,RAW MATERIAL PAPER LUNCH BOX FRIED CHICKEN  PCS,,241,9500,PCS,,,Z,500
04,07,1,02,1,20069607,POINT COFFEE CUP SET HOT (LID &STIRRER)  PCS 8 OZ,,242,2750,PCS,,,Z,250
04,07,2,01,1,20139302,POINT COFFEE VACUUM FLASK BOTTLE   PCS 400L,,243,0,PCS,,,V,1
04,07,2,02,1,20119970,RAW MATERIAL SENDOK + GARPU PLASTIK  PCS,,244,0,PCS,,,Z,500
04,07,2,03,1,20133209,RAW MATERIAL TIRAMISU SYRUP  BTL 760L,,245,1,PCS,,20/09/2027,Z,1
04,07,2,04,1,20137554,RAW MATERIAL COCONUT MILK  TPK 1000L,,246,186,PCS,,18/05/2027,Z,1
04,07,2,05,1,20134848,RAW MATERIAL BUTTERSCOTCH SYRUP  BTL 760L,,247,59,PCS,,19/08/2027,Z,1
04,07,2,06,1,20118229,RTE PAPER BAG KECIL PCS,,248,0,PCS,,,,100
04,08,1,01,1,20069691,POINT COFFEE BOTTLE  PCS 250L,,251,2100,PCS,,,Z,300
04,08,1,02,1,20113683,POINT COFFEE BOTTLE KOPI SAKU  PCS 200L,,252,0,PCS,,,Z,300
04,08,2,01,1,20141536,POINT COFFEE TUMBLER  PCS 600,,253,0,PCS,,28/07/2031,V,1
04,08,2,02,1,20080434,RAW MATERIAL CARAMEL SYRUP (DC)  BTL 750L,,254,59,PCS,,19/08/2027,Z,1
04,08,2,03,1,20128179,RAW MATERIAL KOPI BUBUK DECAFFEIN  PCK 200,,255,0,PCS,,27/07/2027,Z,1
04,08,2,04,1,20135971,RTE CUP ICIP-ICIP IDM  PCS 4 OZ,,256,750,PCS,,,Z,500
04,08,2,05,1,20134776,RAW MATERIAL SEASALT POWDER  PCK 1,,257,26,PCS,,30/06/2027,Z,1
04,08,2,06,1,20137439,Y/CHOICE ADD TOPPING STEAK  PCS 20,,258,0,PCS,,18/03/2027,T,50
04,09,1,01,1,20125564,Y/COFFEE GOLD BOTTLE  PCS 250L,,261,600,PCS,,,Z,300
04,09,1,02,1,20080433,RAW MATERIAL VANILLA SYRUP (DC)  BTL 750L,,262,377,PCS,,27/07/2027,Z,1
04,09,2,01,1,20080425,RAW MATERIAL CHOCOLATE POWDER (DC)  PCK 1000,,263,35,PCS,,14/07/2027,Z,1
04,09,2,02,1,20132527,RAW MATERIAL CHEESE FOAM TOPING POWDER  PCK 500,,264,60,PCS,,08/07/2027,Z,1
04,09,2,03,1,20101151,RAW MATERIAL TROPICANA SLIM SWEETENER STICK CLASSIC PCS 100S,,265,0,PCS,,27/07/2028,Z,1
04,09,2,04,1,20113294,Y/COFFEE GOLD PLASTIK SEAL CUP 14OZ  PCS,,266,0,PCS,,,Z,2
04,09,2,05,1,20106684,POINT COFFEE DRINK TRAY 2 CUPS  PCS,,267,0,PCS,,,Z,500
04,09,2,06,1,20128767,BOTOL SARI BUAH MURNI  PCS 250L,,268,0,PCS,,,Z,300
05,01,1,01,1,20100142,ULTRA TEH KOTAK BLACKCURRANT TPK 300L,,1,786,PCS,,23/09/2027,,8
05,01,1,02,1,10004780,INDOMILK SUSU CAIR UHT KIDS STRAWBERRY TPK 115L,,2,584,PCS,CTN,28/02/2027,,8
05,01,2,01,1,20143446,PUCUK HARUM MINUMAN TEH LESS SUGAR TPK 300L,,3,0,PCS,,10/08/2027,,1
05,01,2,02,1,20137160,ULTRA SUSU CAIR UHT STERIL MOKA TPK 750L,,4,0,PCS,,28/04/2027,,1
05,01,2,03,1,20138647,SUN KARA SANTAN KELAPA SIAP PAKAI  TPK 110L,,5,0,PCS,,19/11/2027,,1
05,01,2,04,1,20087284,SASA SANTAN KELAPA  TPK 200L,,6,249,PCS,,24/07/2027,,3
05,01,2,05,1,20115548,INDOMARET COCONUT WATER  TPK 250L,,7,0,PCS,,21/02/2027,R,1
05,01,2,06,1,20137159,ULTRA TEH KOTAK MANGGA TPK 300L,,8,0,PCS,,19/06/2027,,2
05,02,1,01,1,10013027,GREENFIELDS UHT MILK FULL CREAM TPK 1000/950L,,11,316,PCS,,02/05/2027,T,4
05,02,1,02,1,20099572,CIMORY FRESH MILK UHT STRAWBERRY TPK 250/225 L,,12,1564,PCS,,17/02/2027,,2
05,02,2,01,1,20118377,TROPICANA SLIM OAT DRINK VANILLICIOUS TPK 190L,,13,178,PCS,,23/06/2027,,2
05,02,2,02,1,20108987,V-SOY SOYA BEAN MILK MULTI-GRAIN  TPK 200L,,14,48,PCS,,15/09/2027,,4
05,02,2,03,1,10004443,INDOMILK SUSU CAIR UHT CHOCOLATE TPK 190/180L,,15,256,PCS,CRT,28/02/2027,,10
05,02,2,04,1,20142385,POINT COFFEE TUMBLER DISNEY REX PCS 530L,,16,0,PCS,,19/08/2031,V,2
05,02,2,05,1,20134390,CIMORY FRESH MILK UHT BEBAS LAKTOSA FULL CREAM TPK 250/225 L,,17,548,PCS,,15/03/2027,,2
05,02,2,06,1,20026226,ULTRA TEH KOTAK  TPK 500L,,18,0,PCS,,23/04/2027,,2
05,03,1,01,1,20133540,ULTRA SUSU CAIR UHT STERIL PLAIN TPK 750L,,21,0,PCS,,06/05/2027,,2
05,03,1,02,1,20034077,FRISIAN FLAG SUSU CAIR UHT FULL CREAM TPK 225L,,22,891,PCS,CTN,08/01/2027,L,14
05,03,2,01,1,10007974,BUAVITA JUICE SLIM (82207) LYCHEE TPK 245L,,23,299,PCS,,23/09/2027,,2
05,03,2,02,1,20088875,FRISIAN FLAG SUSU CAIR UHT SWEET DELIGHT TPK 225L,,24,216,PCS,CTN,11/03/2027,,2
05,03,2,03,1,20048435,ULTRA TEH KOTAK LESS SUGAR  TPK 300L,,25,0,PCS,,02/07/2027,,2
05,03,2,04,1,10004442,INDOMILK SUSU CAIR UHT STRAWBERRY TPK 180L,,26,120,PCS,CRT,23/06/2027,,6
05,03,2,05,1,20143652,DIAMOND JUICE UNSWEET BLUEBERRY TPK 200L,,27,2328,PCS,,09/03/2027,,1
05,03,2,06,1,20032644,ULTRA SUSU CAIR LOW FAT HI-CALCIUM PLAIN TPK 250L,,28,0,PCS,,28/04/2027,,6
05,04,1,01,1,20057229,VIDORAN XMART SUSU CAIR KIDS COKLAT TPK 110L,,31,1251,PCS,,06/06/2027,,10
05,04,1,02,1,10019614,ULTRA MIMI SUSU CAIR UHT CHOCOLATE TPK 125L,,32,1500,PCS,,28/04/2027,,10
05,04,2,01,1,20032643,ULTRA SUSU CAIR LOW FAT HI-CALCIUM COKLAT TPK 250L,,33,4,PCS,,28/04/2027,,6
05,04,2,02,1,20087290,HILO SCHOOL SUSU CAIR UHT CHOCOLATE TPK 200L,,34,56,PCS,,11/03/2027,,2
05,04,2,03,1,20067200,BUAVITA JUICE (79367) NEW GUAVA TPK 1000L,,35,88,PCS,,04/03/2027,,1
05,04,2,04,1,20130518,TROPICANA SLIM ALMOND DRINK CHOCOLICIOUS TPK 190L,,36,352,PCS,CTN,23/06/2027,,8
05,04,2,05,1,20138376,BEBELAC 1 SUSU CAIR UHT  TPK 105L,,37,1217,PCS,,23/06/2027,,4
05,04,2,06,1,20087016,ULTRA TEH KOTAK LEMON TPK 300L,,38,0,PCS,,28/07/2027,,3
05,05,1,01,1,20077501,FRISIAN FLAG SUSU CAIR UHT COCONUT DELIGHT TPK 946L,,41,290,PCS,,23/06/2027,,2
05,05,1,02,1,20033547,GREENFIELDS UHT MILK LOW FAT TPK 1000/950L,,42,167,PCS,,31/03/2027,,1
05,05,2,01,1,20136769,FRISIAN FLAG SUSU CAIR UHT MIXED BERRIES TPK 225L,,43,0,PCS,,23/02/2027,,9
05,05,2,02,1,20117879,TROPICANA SLIM KOREAN GOGUMA COOKIES  BOX 100,,44,0,PCS,CTN,23/09/2027,,1
05,05,2,03,1,20135795,TROPICANA SLIM COLLAGEN SHOT DRINK PEACH BLOSSOM TPK 190L,,45,151,PCS,,15/06/2027,,1
05,05,2,04,1,,,,46,0,PCS,,,,
05,05,2,05,1,20087412,GREENFIELDS UHT MILK STRAWBERRY TPK 105L,,47,349,PCS,,28/04/2027,,20
05,05,2,06,1,20127735,INDOMILK SUSU CAIR UHT BLACK LATTE/ DALGONA COFFEE TPK 180L,,48,0,PCS,,28/04/2027,,1
05,06,1,01,1,20044334,SOSRO TEH BOTOL (KOTAK)  TPK 330/300L,,51,1200,PCS,,28/02/2027,S,8
05,06,1,02,1,10004779,INDOMILK SUSU CAIR UHT KIDS COKELAT TPK 115L,,52,1102,PCS,,28/03/2027,,5
05,06,2,01,1,20134048,HILO SUSU CAIR PROTEIN CHOCOFIT CHOCOLATE TPK 190L,,53,164,PCS,,19/05/2027,,1
05,06,2,02,1,10004778,INDOMILK SUSU CAIR UHT KIDS VANILLA TPK 115L,,54,0,PCS,,28/03/2027,,2
05,06,2,03,1,20142386,POINT COFFEE TUMBLER BUZZ PCS 530L,,55,0,PCS,,24/08/2031,V,2
05,06,2,04,1,20024315,SOSRO TEH BOTOL LESS SUGAR  TPK 250L,,56,481,PCS,,15/09/2027,,2
05,06,2,05,1,20142388,POINT COFFEE TUMBLER BUNNY PCS 530L,,57,0,PCS,,24/08/2031,V,1
05,06,2,06,1,20125062,INDOMILK SUSU CAIR UHT KOREAN BANANA TPK 180L,,58,0,PCS,,23/06/2027,,2
05,07,1,01,1,20133541,ULTRA SUSU CAIR UHT STERIL CHOCOLATE TPK 750L,,61,0,PCS,,16/04/2027,,2
05,07,1,02,1,20037974,ULTRA SUSU UHT MOKA TPK 250L,,62,0,PCS,,27/04/2027,,6
05,07,2,01,1,20139295,BROOKFARM ALMOND DRINK ORIGINAL TPK 200L,,63,98,PCS,,29/05/2027,,2
05,07,2,02,1,20090314,DIAMOND SUSU UHT FULL CREAM TPK 200L,,64,768,PCS,,09/01/2027,,1
05,07,2,03,1,20076429,PHILIPS MYCARE LED BULB E27  PCS 10WT,,65,0,PCS,,,V,1
05,07,2,04,1,20121662,INDOMILK SUSU CAIR UHT KIDS LESS SUGAR COKELAT TPK 115L,,66,0,PCS,,28/03/2027,,4
05,07,2,05,1,10007415,SUN KARA SANTAN KELAPA SIAP PAKAI  TPK 200L,,67,0,PCS,,22/06/2027,,2
05,07,2,06,1,10000278,ABC JUICE KACANG HIJAU TPK 250L,,68,0,PCS,,23/06/2027,,6
05,08,1,01,1,20135532,ULTRA SUSU CAIR UHT STERIL STRAWBERRY TPK 750L,,71,0,PCS,,28/04/2027,,6
05,08,1,02,1,20134673,FRISIAN FLAG SUSU CAIR UHT NUTRIBRAIN PLAIN BDD 6X110L,,72,2,PCS,CTN,06/04/2027,L,2
05,08,2,01,1,20134081,INDOMARET MENS BRIEF COOLMAXXX 2S  PCK MEDIUM,,73,0,PCS,,,V,1
05,08,2,02,1,20109404,GREENFIELDS UHT MILK SKIMMED TPK 1000L,,74,0,PCS,,28/04/2027,,1
05,08,2,03,1,10005128,SOSRO TEH BOTOL (KOTAK)  TPK 250L,,75,360,PCS,,23/09/2027,L,2
05,08,2,04,1,20080706,L-MEN SUSU CAIR WHEY PROTEIN 2 GO CHOCOLATE TPK 200L,,76,280,PCS,,23/04/2027,,2
05,08,2,05,1,20137603,INDOMILK KIDS YOGURT ORIGINAL PCS 70,,77,0,PCS,,18/02/2027,,2
05,08,2,06,1,20135647,ULTRA TEH KOTAK LYCHEE TPK 300L,,78,0,PCS,,19/06/2027,,2
05,09,1,01,1,20019631,SOSRO TEH BOTOL (KOTAK)  TPK 1L,,81,45,PCS,,15/03/2027,J,2
05,09,1,02,1,20017225,ULTRA SUSU CAIR LOW FAT HI-CALCIUM COKLAT TPK 1000L,,82,0,PCS,,28/04/2027,,1
05,09,2,01,1,,,,83,0,PCS,,,,
05,09,2,02,1,20077454,HEAVENLY BLUSH GREEK YOGURT DRINK CLASSIC TPK 200L,,84,161,PCS,,23/12/2026,,1
05,09,2,03,1,20141446,LIFEBUOY SABUN MANDI CAIR REFILL FIFA MENTHOL KICK PCH 360,,85,0,PCS,,24/02/2029,R,1
05,09,2,04,1,20131730,SAYANG DETERJEN LIQUID KONSENTRAT ROMANTIC ROSE BTL 700L,,86,0,PCS,,24/08/2029,N,2
05,09,2,05,1,,,,87,0,PCS,,,,
05,09,2,06,1,,,,88,0,PCS,,,,
06,01,1,01,1,10008887,ULTRA JUICE (SLIM) KACANG HIJAU TPK 250L,,91,1859,PCS,,14/06/2027,L,12
06,01,1,02,1,10008095,ULTRA SUSU UHT STERIL SLIM STRAWBERRY TPK 200L,,92,1608,PCS,,06/05/2027,L,24
06,01,2,01,1,20091807,DIAMOND SUSU UHT COKLAT TPK 200L,,93,146,PCS,,14/08/2027,,2
06,01,2,02,1,20135314,LUX BODY WASH HIJAB LAVENDER&CHAMO PCH 400L,,94,0,PCS,,24/02/2029,R,1
06,01,2,03,1,,,,95,0,PCS,,,,
06,01,2,04,1,20015250,ULTRA MIMI SUSU CAIR UHT VANILLA TPK 125L,,96,447,PCS,,28/04/2027,,5
06,01,2,05,1,20027768,NESCAFE COFFEE CREAM  TPK 180L,,97,458,PCS,CTN,23/06/2027,,6
06,01,2,06,1,20140324,BUAVITA JUICE SLIM K.STRAWBERRY TPK 245L,,98,92,PCS,,13/07/2027,,2
06,02,1,01,1,20070569,INDOMILK SUSU CAIR UHT BANANA TPK 180L,,101,0,PCS,,23/06/2027,,6
06,02,1,02,1,20104636,CIMORY FRESH MILK UHT CHOCO MALT TPK 250/225 L,,102,1815,PCS,CTN,18/02/2027,,6
06,02,2,01,1,20040217,LIFEBUOY SABUN MANDI CAIR REFILL BLUE COOL FRESH PCH 400/380,,103,0,PCS,,24/02/2029,R,2
06,02,2,02,1,10034798,FRISIAN FLAG SUSU CAIR UHT NUTRIBRAIN STRAWBERRY TPK 110L,,104,43,PCS,,01/04/2027,L,1
06,02,2,03,1,20136649,DIAMOND JUICE UNSWEET CRANBERRY TPK 200L,,105,0,PCS,,15/05/2027,,8
06,02,2,04,1,20137977,DIAMOND SUSU UHT BUBBLE GUM TPK 200L,,106,344,PCS,,23/09/2027,,2
06,02,2,05,1,20131373,GENTLE GEN DETERJEN CAIR SILK ROSE / FRENCH PEONY PCH 360L,,107,0,PCS,,24/08/2028,V,1
06,02,2,06,1,20049941,LUX SABUN MANDI CAIR REFILL MAGICAL ORCHID PCH 450/400L,,108,0,PCS,,24/02/2029,R,2
06,03,1,01,1,10019615,ULTRA MIMI SUSU CAIR UHT STRAWBERRY TPK 125L,,111,0,PCS,,02/05/2027,,20
06,03,1,02,1,10007379,ULTRA SUSU UHT STERIL SLIM PLAIN TPK 200L,,112,3,PCS,CTN,28/04/2027,S,24
06,03,2,01,1,10036806,KARA SANTAN KELAPA SIAP PAKAI  TPK 200L,,113,23,PCS,,23/10/2027,,1
06,03,2,02,1,20137599,INDOMILK KIDS YOGURT BANANA BERRIES PCS 70,,114,0,PCS,,18/04/2027,,2
06,03,2,03,1,10007973,BUAVITA JUICE SLIM (82313) MANGGA TPK 245L,,115,187,PCS,CTN,15/09/2027,S,12
06,03,2,04,1,20025753,FRISIAN FLAG SUSU CAIR LOW FAT COKELAT TPK 225L,,116,599,PCS,,23/06/2027,,9
06,03,2,05,1,20115187,CIMORY FRESH MILK UHT HAZELNUT TPK 250/225 L,,117,42,PCS,,27/04/2027,,6
06,03,2,06,1,20130190,GREENFIELDS UHT MILK CHOCOLATE TPK 105L,,118,729,PCS,CTN,23/06/2027,,4
06,04,1,01,1,20136951,CIMORY FRESH MILK UHT MATCHA TPK 250/225 L,,121,530,PCS,,28/03/2027,S,12
06,04,1,02,1,10008826,ULTRA SUSU UHT STERIL STRAWBERRY TPK 125L,,122,753,PCS,CTN,28/04/2027,,5
06,04,2,01,1,20118209,GREENFIELDS UHT MILK STRAWBERRY TPK 250L,,123,0,PCS,,11/03/2027,,2
06,04,2,02,1,20130034,OATSIDE OAT MILK WITH STRAW BARISTA BLEND TPK 200L,,124,1518,PCS,,04/03/2027,,6
06,04,2,03,1,,,,125,0,PCS,,,,
06,04,2,04,1,10034797,FRISIAN FLAG SUSU CAIR UHT NUTRIBRAIN CHOCO TPK 110L,,126,1059,PCS,,02/07/2027,L,2
06,04,2,05,1,20130186,GREENFIELDS UHT MILK CHOCOLATE TPK 250L,,127,0,PCS,CTN,23/06/2027,,2
06,04,2,06,1,10007385,ULTRA SARI ASAM ASLI SLIM  TPK 250L,,128,4,PCS,,15/09/2027,,2
06,05,1,01,1,20122061,OATSIDE OAT MILK BARISTA BLEND TPK 1L,,131,556,PCS,,06/05/2027,L,2
06,05,1,02,1,20087413,GREENFIELDS UHT MILK FULL CREAM TPK 250L,,132,1124,PCS,,19/05/2027,,16
06,05,2,01,1,20090189,ULTRA SUSU UHT STERIL SLIM KARAMEL TPK 200L,,133,0,PCS,,28/04/2027,,2
06,05,2,02,1,20067201,BUAVITA JUICE (79425) NEW MANGO TPK 1000L,,134,0,PCS,,20/02/2027,V,1
06,05,2,03,1,10007971,BUAVITA JUICE SLIM (82317) ORANGE TPK 245L,,135,161,PCS,CTN,12/02/2027,,2
06,05,2,04,1,20088964,ULTRA SUSU UHT STERIL SLIM TARO TPK 200L,,136,6,PCS,,15/07/2027,,8
06,05,2,05,1,20142233,INDOMILK SUSU CAIR UHT JAPANESE MATCHA TPK 180,,137,0,PCS,,28/04/2027,,2
06,05,2,06,1,10007972,BUAVITA JUICE SLIM (82312) APPLE TPK 245L,,138,28,PCS,,15/09/2027,,2
06,06,1,01,1,10036647,ULTRA SUSU CAIR UHT STERIL CHOCOLATE TPK 1000L,,141,308,PCS,,28/04/2027,D,2
06,06,1,02,1,20083931,MILO HEALTY DRINK UHT COMBO PACK ACTIV-GO BDD 4X180L,,142,0,PCS,,06/03/2027,,1
06,06,2,01,1,,,,143,0,PCS,,,,
06,06,2,02,1,20138377,BEBELAC 1 SUSU CAIR UHT PLAIN TPK 165L,,144,149,PCS,,23/06/2027,,1
06,06,2,03,1,20041399,LIFEBUOY SABUN MANDI CAIR REFILL LEMON FRESH PCH 400/380,,145,0,PCS,,24/02/2029,R,2
06,06,2,04,1,,,,146,0,PCS,,,,
06,06,2,05,1,,,,147,0,PCS,,,,
06,06,2,06,1,10004401,INDOMILK SUSU CAIR UHT VANILLA TPK 190/180L,,148,491,PCS,,11/03/2027,,6
06,07,1,01,1,10036646,ULTRA SUSU CAIR LOW FAT TPK 1000L,,151,0,PCS,,02/05/2027,,2
06,07,1,02,1,10005909,INDOMILK SUSU CAIR UHT PLAIN TPK 950L,,152,551,PCS,,11/03/2027,,2
06,07,2,01,1,20123171,LACTASOY DRINK SOY MILK COLLAGEN TPK 250L,,153,534,PCS,,15/02/2027,,1
06,07,2,02,1,20115332,INDOMARET SANTAN KELAPA (NEW)  TPK 200L,,154,0,PCS,,28/02/2027,T,1
06,07,2,03,1,,,,155,0,PCS,,,,
06,07,2,04,1,20096322,FRISIAN FLAG SUSU CAIR NUTRIBRAIN PLAIN MILK TPK 110L,,156,6,PCS,,12/01/2027,,2
06,07,2,05,1,20113180,MILO HEALTY DRINK UHT COKLAT BDD 4X110L,,157,0,PCS,,28/03/2027,,9
06,07,2,06,1,20132659,INDOMILK SUSU CAIR UHT HONG KONG LYCHEE TPK 180L,,158,0,PCS,,28/04/2027,,2
06,08,1,01,1,20104637,CIMORY FRESH MILK UHT CASHEW TPK 250/225 L,,161,694,PCS,,28/03/2027,,3
06,08,1,02,1,10007970,BUAVITA JUICE SLIM (82314) JAMBU TPK 245L,,162,145,PCS,,28/07/2027,S,24
06,08,2,01,1,20136768,FRISIAN FLAG SUSU CAIR UHT MATCHA TPK 225L,,163,618,PCS,,14/06/2027,,2
06,08,2,02,1,,,,164,0,PCS,,,,
06,08,2,03,1,,,,165,0,PCS,,,,
06,08,2,04,1,,,,166,0,PCS,,,,
06,08,2,05,1,20139300,BROOKFARM ALMOND DRINK MATCHA TPK 200L,,167,74,PCS,,23/04/2027,,2
06,08,2,06,1,10007803,WELCO JAM NENAS BTL 410/370L,,168,2,PCS,,27/02/2027,,1
06,09,1,01,1,20019597,MILO HEALTY DRINK UHT ACTIV-GO TPK 180L,,171,0,PCS,,15/05/2027,,12
06,09,1,02,1,20136466,ULTRA TEH KOTAK JASMINE TEA TPK 1000L,,172,0,PCS,,23/04/2027,,1
06,09,2,01,1,20001119,SOSRO TEH BOTOL KOTAK (4+2)  BDD 6X200L,,173,0,PCS,,20/09/2027,T,2
06,09,2,02,1,,,,,0,PCS,,,,
06,09,2,03,1,,,,,0,PCS,,,,
06,09,2,04,1,,,,,0,PCS,,,,
06,09,2,05,1,,,,,0,PCS,,,,
06,09,2,06,1,20128766,BOTOL FRESH JUICE & SMOOTHIES  PCS 350L,,178,0,PCS,,,Z,200
07,01,1,01,1,20131625,LARISST FACIAL TISSUE 250S  PCK,,181,468,PCS,,18/11/2029,S,12
07,01,1,02,1,20064972,MAMY POKO PANTS STANDAR 44/42S  BAG LARGE,,182,0,PCS,,12/11/2028,,1
07,01,2,01,1,10011850,HEAD &SHOULDERS SHAMPOO A/D MENTHOL DINGIN BTL 160/145L,,183,0,PCS,CTN,01/03/2028,S,2
07,01,2,02,1,10037285,KIT BLACK MAGIC INSTANT TIRE CLEAN  KLG 400/360L,,184,0,PCS,,,,1
07,01,2,03,1,20003007,TOTALCARE MOUTHWASH ANTI BAKTERIAL COOL MINT BTL 250L,,185,9,PCS,,18/09/2027,,1
07,01,2,04,1,20027185,WETZ NATURAL WET WIPES 10S GREEN TEA PCK,,186,769,PCS,CTN,06/07/2028,,2
07,01,2,05,1,20074721,KISPRAY PELICIN PAKAIAN FINE PERFUME GLAMOROUS GOLD PCH 300/280L,,187,178,PCS,,23/04/2027,,2
07,01,2,06,1,20139575,CUSSONS BABY MILK BATH SOFT & SMOOTH PCH 375,,188,19,PCS,,17/09/2028,,1
07,02,1,01,1,20139956,GENKI MOKO MOKO PANTS 38S  BAG NBS,,191,39,PCS,,11/03/2028,,1
07,02,1,02,1,20076572,CHARM PEMBALUT EXTRA COMFORT 26 MAXI WING PCK 16S,,192,70,PCS,,17/09/2029,,2
07,02,2,01,1,20091271,EMERON SHAMPOO HIJAB CLEAN & FRESH BTL 170L,,193,0,PCS,,06/07/2028,,2
07,02,2,02,1,10036356,CASABLANCA DEODORANT ANTI-PERSPIRANT R/O MEN BLACK BTL 50L,,194,519,PCS,,18/11/2027,,2
07,02,2,03,1,10026626,CASABLANCA BODY MIST COLOGNE AQUA BTL 100L,,195,622,PCS,CTN,18/11/2027,,2
07,02,2,04,1,20121018,POSH DEO ROLL ON HIJAB CHIC REFRESHING GRN BTL 50L,,196,174,PCS,,06/07/2028,,2
07,02,2,05,1,20045924,NIVEA BODY SERUM EXTRA BRIGHT CARE & PROTECT TUB 180L,,197,287,PCS,,17/06/2028,,1
07,02,2,06,1,20093183,GIV SABUN MANDI WHITE BENGKOANG & YOGHURT BDD 3100,,198,129,PCS,,18/11/2027,,3
07,03,1,01,1,20121399,MAMY POKO BABY PANTS SKIN COMFORT 28S  BAG LARGE,,201,56,PCS,,18/11/2027,,1
07,03,1,02,1,20140003,RINSO DETERGEN POWDER ANTI NODA ROSE FRESH BAG 1440,,202,32,PCS,,25/10/2027,S,2
07,03,2,01,1,20088375,NIVEA DEO ROLL ON PEARL & BEAUTY BTL 50L,,203,200,PCS,CTN,23/01/2028,,1
07,03,2,02,1,20142235,MORRIS EAU DE PARFUM GOURMAND BERRY CRUSH BTL 100,,204,117,PCS,,16/05/2030,,1
07,03,2,03,1,10000318,GILLETTE RAZOR GOAL II YELLOW SINGLE  PCS,,205,1364,PCS,,,,4
07,03,2,04,1,20127481,NAEEM MOISTURIZING BODY WASH TAIFI ROSE PCH 400L,,206,184,PCS,,18/11/2027,,2
07,03,2,05,1,20100248,MARINA EAU DE TOILETTE WHITE DIAMOND BTL 150L,,207,82,PCS,,18/03/2027,,1
07,03,2,06,1,20082862,GATSBY STYLING POMADE PERFECT RISE POT 75,,208,0,PCS,CTN,18/11/2027,,1
07,04,1,01,1,20134007,BABY HAPPY  BABY DIAPERS PANTS 38+2S  BAG SMALL,,211,16,PCS,,18/11/2027,,1
07,04,1,02,1,20092521,SWEETY SILVER MAXX PROTECTION PANTS 26/28S BAG LARGE,,212,68,PCS,,03/02/2028,L,1
07,04,2,01,1,20133513,VIO ACNE SHIELD PATCH 24S DAY/NIGHT PCK,,213,170,PCS,,28/02/2028,,1
07,04,2,02,1,20033798,VEET HAIR REMOVAL CREAM NORMAL SKIN TUB 25,,214,0,PCS,CTN,06/07/2028,,1
07,04,2,03,1,20115271,MORRIS EAU DE PARFUM TRAVEL METROPOLIS BTL 100L,,215,147,PCS,CTN,18/11/2028,,1
07,04,2,04,1,20037058,STELLA AIR FRESHENER MATIC REFFIL WILD FLOWER KLG 225/160L,,216,61,PCS,,18/11/2027,,1
07,04,2,05,1,10033930,CUSSONS BABY CREAM SOFT & SMOOTH POT 50,,217,162,PCS,CTN,18/11/2027,,1
07,04,2,06,1,20103176,NIVEA DEO ROLL ON WHITENING HIJAB FRESH BTL 50L,,218,229,PCS,,18/05/2027,,1
07,05,1,01,1,20101378,KODOMO BABY WIPES RICE MILK PINK PCK 250S,,221,148,PCS,,21/08/2027,S,2
07,05,1,02,1,20134303,MAMA LEMON LIQUID PENCUCI PIRING YUZU+JRK NIPIS PCH 690/650 ,,222,78,PCS,,20/07/2028,,2
07,05,2,01,1,20091430,CLEAR SHAMPOO A/K PERAWATAN KOMPLIT  BTL 300L,,223,109,PCS,,23/09/2027,,1
07,05,2,02,1,20136511,GARNIER BRIGHT COMPLETE SERUM CLEANSER VITAMIN C TUB 100L,,224,179,PCS,,18/11/2027,,1
07,05,2,03,1,20128378,JOYKO GLUE GL-R50  BTL 50L,,225,510,PCS,CTN,,,1
07,05,2,04,1,20105968,RINSO DETERGEN POWDER A/NODA + MOLTO JAPANESE PEACH BAG 770/700,,226,20,PCS,CTN,17/02/2028,,1
07,05,2,05,1,20140225,LOREAL PARIS ELSEVE GLYCOLIC GLOSS  CONDITIONER BTL 175,,227,129,PCS,,08/08/2028,,1
07,05,2,06,1,20083934,KOJIESAN SKIN LIGHTENING SOAP  BAR 65,,228,251,PCS,,06/07/2028,L,2
07,06,1,01,1,20139947,SUNLIGHT PENCUCI PIRING BIOCARE NATURE BLUEBERRIES BTL 675,,231,82,PCS,,10/10/2027,,1
07,06,1,02,1,10038967,NICE FACIAL TISSUE LIVING 2000HELAI  PCK 1000,,232,82,PCS,,11/02/2030,,1
07,06,2,01,1,20138026,NUVO SABUN KESEHATAN FAMILY FRESH PROTECT BDD 3+1100,,233,0,PCS,,07/01/2028,,2
07,06,2,02,1,20135637,MY BABY HAIR & BODY WASH PUMP  BTL 300L,,234,9,PCS,,06/07/2028,,1
07,06,2,03,1,20143339,LIFEBUOY SABUN MANDI CAIR REFILL LEMON FRESH PCH 350,,235,202,PCS,,04/02/2029,,1
07,06,2,04,1,20141732,MITU BABY POWDER FRESH  BTL 300,,236,67,PCS,,01/04/2028,,1
07,06,2,05,1,20135615,CAT CHOIZE PLUS ADULT CAT FOOD TUNA & SALMON PCK 1.2,,237,19,PCS,,09/04/2027,,1
07,06,2,06,1,20140420,CHARM PEMBALUT SAFE NIGHT 35 DAUN SIRIH PCK 11S,,238,221,PCS,,27/11/2028,,1
07,07,1,01,1,20133707,CHARM SAFE NIGHT PANTIES 2S SLEEP PROTECT PCK L-XL,,241,26,PCS,,18/11/2027,,2
07,07,1,02,1,20137863,CERTAINTY POPOK CELANA 7S  BAG LARGE,,242,25,PCS,,16/09/2029,,1
07,07,2,01,1,20139962,GARNIER MICELLAR CLEANSING WATER PINK BTL 300+100L,,243,109,PCS,,22/10/2028,,1
07,07,2,02,1,20138648,CBD COLOR SHIELD HAIRMASK  SCT 35,,244,486,PCS,,31/05/2028,,1
07,07,2,03,1,20133795,SCARLETT FRAGRANCE BRIGHT.BODY LOTION JOLLY TUB 180L,,245,49,PCS,,06/07/2028,,1
07,07,2,04,1,20134237,HIT INSEKTISIDA SPRAY PINK BLOSSOM KLG 400/400+40,,246,97,PCS,,18/11/2027,,1
07,07,2,05,1,20135857,FRES & NATURAL EAU DE TOILETTE SONG OF SPRING BTL 100L,,247,109,PCS,,18/11/2027,,1
07,07,2,06,1,20139067,ESKULIN EAU DE PARFUM TWILIGHT AMOUR BTL 30L,,248,184,PCS,,01/08/2028,,1
07,08,1,01,1,20048847,INDOMARET FACIAL TISSUE NON PERFUMED BAG 900,,251,192,PCS,,18/11/2029,S,2
07,08,1,02,1,20097386,HAPPY NAPPY SMART PANTS 30/28S  PCK LARGE,,252,19,PCS,,10/08/2029,,2
07,08,2,01,1,20142347,SCARLETT BODY SERUM INTENSE BRIGHTENING VELVET ROUGE TUB 170L,,253,63,PCS,,02/02/2029,,1
07,08,2,02,1,20133797,SCARLETT EAU DE PARFUME EUPHORIA BTL 30 L,,254,123,PCS,,18/11/2027,,1
07,08,2,03,1,20139874,STATIONARY FAST FOOD SHARPNER  PCS,,255,0,PCS,,,I,1
07,08,2,04,1,20138097,FACETOLOGY TRIPLE CARE ACNE CALM MICELLAR WATER BTL 300L,,256,108,PCS,,23/04/2028,,1
07,08,2,05,1,20123361,Y.O.U HY AMINO AC-TTACK ANTI ACNE FACIAL WASH TUB 100,,257,145,PCS,,04/01/2028,,1
07,08,2,06,1,20134226,ME-O CAT FOOD TUNA IN JELLY KLG 400,,258,43,PCS,,18/11/2027,,1
07,09,1,01,1,20054610,RINSO DETERJEN LIQUID FRONT LOAD PCH 1.6/1.45L,,261,75,PCS,,21/08/2027,,1
07,09,1,02,1,20071123,INDOMARET JAS HUJAN SETELAN (NEW)  PCK,,262,369,PCS,,,V,1
07,09,2,01,1,20136299,SUNSILK MULTIVITAMIN HAIR PERFUME  BTL 100L,,263,0,PCS,,18/05/2027,T,1
07,09,2,02,1,20136879,BEAUTY CHARM BRIGHT GLOW FACIAL WASH  PCS 25,,264,0,PCS,,20/12/2027,T,1
07,09,2,03,1,20139877,STATIONARY HAPPY SEAL STAMP 2S  PCS,,265,144,PCS,,,I,1
07,09,2,04,1,20071630,JOHNSONS KIDS ACTIVE SHAMPOO SHINY DROPS BTL 100L,,266,17,PCS,,20/09/2028,,1
07,09,2,05,1,20120258,HANASUI WHITENING GOLD SERUM  BTL 20L,,267,101,PCS,,18/11/2027,,1
07,09,2,06,1,20133211,STATIONARY MERMAID NOTE BOOK WITH PEN  PCK,,268,0,PCS,,,I,1
08,01,1,01,1,20087027,RINSO DETERJEN POWDER + MOLTO PERFUME ESSENCE PCK 215/195,,271,0,PCS,,30/08/2028,,6
08,01,1,02,1,20087464,INDOMARET PEWANGI PAKAIAN PINK PASSION PCH 720L,,272,340,PCS,CTN,06/07/2028,,2
08,01,2,01,1,20128132,BAYGON INSEKTISIDA SPRAY FLOWER GARDEN KLG 450/400L,,273,99,PCS,,18/11/2027,L,2
08,01,2,02,1,20131286,PUCELLE EAU DE LUXE PARFUM THE GODDESS BTL 50L,,274,200,PCS,,18/11/2027,,1
08,01,2,03,1,10016079,SHINZUI SABUN MANDI SKIN WHITENING MATSU BAR 85/80,,275,384,PCS,CTN,01/03/2028,,2
08,01,2,04,1,20031208,KAO BIORE BODY FOAM LIVELY REFRESH BTL 100L,,276,348,PCS,CTN,06/07/2028,,2
08,01,2,05,1,20143930,POINT COFFEE TUMBLER BRONZE METALIC SERIES  PCS 500 L,,277,582,PCS,,,,1
08,01,2,06,1,20085121,LUX SABUN MANDI BATANG PINK SOFT TOUCH BDD 3110,,278,233,PCS,,18/05/2027,,1
08,02,1,01,1,20072925,BABY HAPPY  BABY DIAPERS PANTS 30/28S  BAG LARGE,,281,85,PCS,,20/12/2027,E,4
08,02,1,02,1,20114021,INDOMARET FACIAL TISSUE PREMIUM 100S  PCK,,282,542,PCS,,20/12/2027,,6
08,02,2,01,1,20138742,SARI AYU TONE UP SUNSCREEN SERUM SPF 30 PA    BOX 30,,283,20,PCS,,10/10/2028,,1
08,02,2,02,1,20036191,HEAD &SHOULDERS SHAMPOO A/D MENTHOL DINGIN BTL 70L,,284,1,PCS,CTN,22/06/2028,,2
08,02,2,03,1,20010381,LIFEBUOY SHAMPOO ANTI DANDRUFF BTL 170L,,285,348,PCS,CTN,18/05/2027,,1
08,02,2,04,1,20069227,GLOW & LOVELY MLTVTMN FCL FOAM/DRM GLW 39482  TUB 50,,286,232,PCS,CTN,18/11/2027,,2
08,02,2,05,1,20135847,ROYALE PREMIUM SOFTENER SUMMER LOVIN BTL 600L,,287,1,PCS,,06/07/2028,V,1
08,02,2,06,1,20142134,SO KLIN DETERGENT LIQUID EAU DE PARFUM BLEU PETALE BTL 700,,288,71,PCS,,21/05/2028,,1
08,03,1,01,1,20143348,PURBASARI GLUTA-HYA BODY SERUM BRIGHTENING TUB 180L,,291,13,PCS,,10/08/2029,,1
08,03,1,02,1,20045419,MAMY POKO PANTS STANDAR 32S  PCK MEDIUM,,292,24,PCS,,16/09/2029,D,2
08,03,2,01,1,20123020,NIVEA DEO ROLL ON SHAVE LESS HIJAB SOFT BTL 50L,,293,196,PCS,CTN,18/11/2027,,1
08,03,2,02,1,20095150,DETTOL BODY WASH ANTI BAKTERI COOL PCH 800/720,,294,49,PCS,,03/04/2027,,1
08,03,2,03,1,20122270,MY BABY BODY COLOGNE SWEET FLORAL BTL 100L,,295,43,PCS,,06/07/2028,,1
08,03,2,04,1,20016076,LAURIER PEMBALUT 22.5 SLIM GUARD PCK 20S,,296,70,PCS,CTN,17/09/2029,,1
08,03,2,05,1,20040194,GARNIER BRIGHT COMPLETE VIT C FACIAL WASH SCRUB TUB 100L,,297,339,PCS,,18/11/2027,,1
08,03,2,06,1,20140680,ZEN ANTI BACTERIAL BODY SOAP SHISO JUNIPER BERRIES BDD 4X60,,298,219,PCS,,11/11/2028,,2
08,04,1,01,1,20021324,LAURIER PEMBALUT 35 RELAX NIGHT BAG 12S,,301,235,PCS,,18/11/2027,L,2
08,04,1,02,1,20143373,INDOMARET KESET HANDUK PREMIUM  PCS,,302,59,PCS,,,,1
08,04,2,01,1,20130824,KAO BIORE BODY FOAM REFILL FLORAL SPA PCH 400L,,303,98,PCS,CTN,06/07/2028,,1
08,04,2,02,1,20136409,STELLA AIR FRESHENER ALL IN ONE BALINESE JASMIN PCK 42+13,,304,134,PCS,,28/06/2028,,2
08,04,2,03,1,20064018,FORMULA PASTA GIGI TWIN PACK STRONG PROTECTOR BOX 2160,,305,243,PCS,CTN,18/11/2027,,1
08,04,2,04,1,20100033,ANTIS PEMBERSIH TANGAN A/SPTIK SPRAY JASMINE TEA BTL 55L,,306,40,PCS,CTN,06/07/2028,,2
08,04,2,05,1,20096495,SENSODYNE SIKAT GIGI SENSITIVE 2S  PCK SOFT,,307,451,PCS,CTN,06/07/2028,,1
08,04,2,06,1,20140693,HOT WHEELS FAST&FURIOUS 25TH ANNIVERSARY ASSORTED PCS,,308,0,PCS,BOX,,,1
08,05,1,01,1,20141204,INDOMARET PENCUCI PIRING JERUK NIPIS PCH 950,,311,208,PCS,,16/09/2028,,2
08,05,1,02,1,20133708,SOFTEX PEMBALUT WANITA COMFORT 29 NIGHT WING PCK 20/18S,,312,53,PCS,,18/11/2027,,2
08,05,2,01,1,20143426,LUX BODY WASH BOTANICALS MAGICAL ORCHID PCH 350,,313,33,PCS,,29/01/2029,,1
08,05,2,02,1,20129309,FORMULA SIKAT GIGI MAXICARE 3S  PCK SOFT,,314,185,PCS,,10/06/2029,,1
08,05,2,03,1,20141838,PEPSODENT SIKAT GIGI FIFA BEST DEFENDER  PCS SOFT,,315,0,PCS,,15/03/2029,V,2
08,05,2,04,1,20130191,HANASUI COLLAGEN WATER SUNSCREEN SPF30PA++ TUB 30L,,316,21,PCS,CTN,18/11/2027,,1
08,05,2,05,1,20141071,CITRA HAND & BODY LOTION SERUM BOUNCY GLOW TUB 180,,317,88,PCS,,06/02/2028,,1
08,05,2,06,1,20039153,INDOMARET CUTTER BESAR  PCS,,318,216,PCS,PCS,,,1
08,06,1,01,1,20070711,MERRIES PANTS GOOD SKIN 32/32+2S  BAG MEDIUM,,321,10,PCS,,20/07/2029,S,2
08,06,1,02,1,20129722,BU KRIM CAIRAN PENCUCI PIRING LIQUISH ECO JERUK NIPIS PCH 550/520 L,,322,393,PCS,CTN,06/03/2028,,2
08,06,2,01,1,20132820,YUNIKON ANTIBACTERIAL BABY WIPES DREAMY CLOUDS PCK 240,,323,47,PCS,CTN,06/07/2028,,1
08,06,2,02,1,20141929,MAKARIZO HAIR & SCALP CREAMBATH FIBER/T ALOE & MELON TUB 100,,324,54,PCS,,15/07/2029,,1
08,06,2,03,1,20079751,CETAPHIL GENTLE SKIN CLEANSER FACE&BODY  BTL 118L,,325,128,PCS,CTN,06/07/2028,,1
08,06,2,04,1,20028329,HOT WHEELS COLOUR SHIFTERS CAR  PCS,,326,20,PCS,CTN,,,1
08,06,2,05,1,20137859,MORRIS EAU DE PARFUM ROSE VANILLA BTL 100L,,327,125,PCS,,24/03/2030,,1
08,06,2,06,1,20134590,PANTENE SHAMPOO PRO-V ANTI DANDRUFF BTL 110L,,328,397,PCS,,18/11/2027,,1
08,07,1,01,1,20090066,WIPOL KARBOL SEREH+JERUK PCH 750L/720,,331,15,PCS,,06/07/2028,,1
08,07,1,02,1,20099812,RINSO DETERJEN LIQUID + MOLTO PERFUME ESSENCE PCH 1.5 ,,332,41,PCS,,21/05/2028,,1
08,07,2,01,1,20132715,GLAD2GLOW 5% CERAMIDE MOISTURIZER  BLUEBERRY POT 30,,333,290,PCS,,25/02/2028,,1
08,07,2,02,1,20128126,VITALIS EAU DE PARFUME MEN MORNING RUN BTL 100L,,334,0,PCS,,25/08/2027,T,1
08,07,2,03,1,20120259,HANASUI VITAMIN C + COLLAGEN SERUM  BTL 20L,,335,295,PCS,,18/11/2027,,1
08,07,2,04,1,20138029,GIV BODY WASH SMOOTH & FLAWLESS SAKURA & PEARL PCH 400L,,336,330,PCS,,01/08/2028,,2
08,07,2,05,1,20122326,VERILE ACNE GEL  BOX 10,,337,263,PCS,CTN,18/11/2027,,1
08,07,2,06,1,20134589,PANTENE SHAMPOO PRO-V HAIR FALL CNTRL BTL 110L,,338,442,PCS,,18/11/2027,,1
08,08,1,01,1,10018962,YURI PEMBERSIH PORSELIN PORSTEX OCEAN BLUE BTL 700L,,341,57,PCS,,18/11/2028,,1
08,08,1,02,1,20142277,MAMA LIME GREEN CAIRAN PENCUCI PIRING JERUK NPS BTL 690,,342,156,PCS,,16/05/2029,,1
08,08,2,01,1,20067586,SO KLIN DETERGENT CAIR BIO-MATIC MIDNIGHT BLOOM PCH 720/700 ,,343,54,PCS,,29/12/2027,,1
08,08,2,02,1,20134763,POSH MEN EAU DE TOILETTE BLUE GRAVITY BTL 100L,,344,40,PCS,,21/01/2028,,1
08,08,2,03,1,20140221,DOWNY SOFTENER PASSION PCH 900/875,,345,20,PCS,,05/05/2027,,1
08,08,2,04,1,20134576,LIFEBUOY PENCUCI PIRING REF LEMON PCH 650L,,346,90,PCS,,01/07/2028,,2
08,08,2,05,1,20109501,ELLIPS HAIR VITAMIN WITH PRO-KERATIN SILKY BLACK JAR 501L,,347,0,PCS,,18/11/2027,,1
08,08,2,06,1,20120995,KAO BIORE BODY FOAM RELAXING AROMATIC  PCH 800/725L,,348,12,PCS,,12/03/2028,,1
08,09,1,01,1,20139313,HIMALAYA PURIFYING NEEM CLAY STICK MASK  PCS 30,,351,0,PCS,,20/09/2029,T,1
08,09,1,02,1,20136707,INDOMARET BABY DIAPERS PANTS 32S LUXURY SOFT BAG MEDIUM,,352,0,PCS,,26/03/2028,,1
08,09,2,01,1,20137173,SCARLETT EXTRAIT DE PARFUM VELVET ROUGE BTL 30L,,353,227,PCS,,03/04/2028,L,1
08,09,2,02,1,20139882,STATIONARY SUMMER TUMBLER  PCS 500L,,354,377,PCS,,,,1
08,09,2,03,1,20139869,STATIONARY CAMERA TOPPER PEN   PCK,,355,0,PCS,,,I,1
08,09,2,04,1,20122574,HOT WHEELS MONSTER TRUCK 1:70 ASSORTED PCS,,356,0,PCS,,,I,1
08,09,2,05,1,20134684,POKEMON SET SPECIAL SV6S-P PCK 2,,357,0,PCS,,,I,1
08,09,2,06,1,20079788,PROCLIN PENGHILANG NODA BAJU PUTIH DAN BERWARNA PCH 400L,,358,192,PCS,,31/05/2027,,1
09,01,1,01,1,20072923,BABY HAPPY  BABY DIAPERS PANTS 34/32S  BAG MEDIUM,,1,137,PCS,,01/10/2028,E,2
09,01,1,02,1,20123818,SO KLIN DETERGENT LIQUID PROVNC.LAVENDER PCH 525/510 ,,2,506,PCS,CTN,23/04/2028,,3
09,01,2,01,1,20138875,GIV BODY WASH GOATS MILK & ALMOND OIL PCH 400,,3,116,PCS,,11/04/2027,,2
09,01,2,02,1,20026865,GATSBY STYLING WAX (NEW) POWER & SPIKES POT 75,,4,51,PCS,,26/03/2028,,1
09,01,2,03,1,20009266,KAO BIORE BODY FOAM RELAXING AROMATIC  BTL 100L,,5,578,PCS,,18/11/2027,,2
09,01,2,04,1,20095011,WARDAH NATURE DAILY MICELLAR WATER ALOE SEAWEED BTL 100L,,6,46,PCS,,18/11/2027,T,1
09,01,2,05,1,20096153,PEPSODENT TRAVEL KIT  PCS,,7,606,PCS,CTN,18/11/2027,L,2
09,01,2,06,1,20142955,NIVEA DEO ROLL ON B&W FOR MEN EPIC NIGHT BTL 50L,,8,128,PCS,,10/01/2028,,1
09,02,1,01,1,20070712,MERRIES PANTS GOOD SKIN 28/28+2S  BAG LARGE,,11,62,PCS,,18/11/2027,D,2
09,02,1,02,1,20077515,SOFTEX PEMBALUT DAUN SIRIH 29 SLIM WING PCK 16S,,12,302,PCS,,05/05/2028,,2
09,02,2,01,1,20120451,NYU HENNA SHAMPOO NATURAL BLACK SCT 20L,,13,8,PCS,CTN,03/11/2027,,4
09,02,2,02,1,20133615,BIZARRE EAU DE TOILETTE/PARFUM CHIC HAUTE BTL 50L,,14,44,PCS,,18/11/2029,,1
09,02,2,03,1,20141203,RINSO DETERGENT CAIR ROYAL GOLD PCH 700,,15,57,PCS,,25/01/2028,,1
09,02,2,04,1,20127476,GARNIER MICELLAR CLEANSING WATER SALICYLIC BHA BTL 125L,,16,372,PCS,CTN,18/11/2027,,1
09,02,2,05,1,20139070,VIVA MILK CLEANSER LEMON BTL 200L,,17,35,PCS,,07/05/2028,,1
09,02,2,06,1,20130343,CALIFORNIA SCNT AIR FRESHENER SHSTA STRWBERRY PCS,,18,0,PCS,,18/11/2034,,1
09,03,1,01,1,20041257,MAMY POKO BABY DIAPERS STANDAR 24S TIPE PEREKAT PCK SMALL,,21,136,PCS,,18/11/2027,L,2
09,03,1,02,1,20143841,INDOMARET HAND WASH PUMP JASMINE TEA BTL 500L,,22,0,PCS,,20/09/2028,,1
09,03,2,01,1,20130417,GLO WASH & SHINE CAR SHAMPOO  PCH 720/700L,,23,36,PCS,,18/11/2027,,1
09,03,2,02,1,10000525,JF SABUN MANDI SULFUR 10% ACNE TREATMENT BAR 90,,24,52,PCS,CRT,18/11/2027,,1
09,03,2,03,1,20111362,REXONA DEO ROLL ON MEN MOTIONSENSE LIME COOL BTL 45L,,25,330,PCS,CTN,01/05/2028,,1
09,03,2,04,1,20115976,CIPTADENT SIKAT GIGI PERFECT CARE 3S  PCK SOFT,,26,137,PCS,BOX,18/11/2027,,1
09,03,2,05,1,20131253,WARDAH UV SHIELD AIRY SUNSCREEN SERUM SPF 50 PA++++ TUB 25L,,27,15,PCS,,18/11/2027,,1
09,03,2,06,1,20061707,WARDAH PERFECT BRIGHT MOISTRZER BRGHT +OIL CTRL SPF30 TUB 20L,,28,20,PCS,,18/11/2027,,1
09,04,1,01,1,10006957,SELECTION KAPAS KECANTIKAN  PCK 75,,31,465,PCS,,18/11/2027,L,2
09,04,1,02,1,20128974,MONTISS FACIAL TISSUE 2PLY/200S 2 IN 1 PCK,,32,108,PCS,,18/11/2029,S,10
09,04,2,01,1,20017478,SWALLOW DEODORANT WITH NET S-160 ORANGE PCS,,33,193,PCS,LSN,18/11/2029,,1
09,04,2,02,1,20142869,STELLA AIR FRESHENER RAJA AMPT LAGON KLG 350+50L,,34,2,PCS,,01/06/2028,,1
09,04,2,03,1,20137608,PONDS PEMBERSIH WAJAH ULTRA LIGHT BRIGHT MIRACLE TUB 90,,35,101,PCS,,09/05/2028,,1
09,04,2,04,1,20107146,UNO EXPRESS PERMAINAN UNO  PCS,,36,515,PCS,CTN,,,1
09,04,2,05,1,20142834,SYSTEMA SIKAT GIGI ACTIVE CLEAN 2S WIDER HEAD PCK SOFT,,37,27,PCS,,13/07/2031,,1
09,04,2,06,1,10014740,FORMULA PASTA GIGI GEL JNR+SIKAT GIFT STRAWBERRY&GUM PCK,,38,113,PCS,CTN,18/11/2027,,1
09,05,1,01,1,20130846,SOFTEX PEMBALUT DAUN SIRIH 36 SLIM WING PCK 18S,,41,3,PCS,,18/11/2027,,2
09,05,1,02,1,20074992,BU KRIM DETERGENT OXY KLIN POWDER VIOLET SCENT BAG 700/650 ,,42,402,PCS,,18/11/2029,,1
09,05,2,01,1,20095744,HIT ANTI NYAMUK REFILL EXPERT FRESH BOX 35L,,43,378,PCS,,18/11/2027,,2
09,05,2,02,1,20021435,NIVEA LIP STRAWBERRY SHINE  PCS 4.8,,44,136,PCS,,15/02/2027,,1
09,05,2,03,1,10022333,SNOWMAN SPIDOL MARKER KECIL 3S MERAHBIRUHTM PCK,,45,58,PCS,BOX,,,1
09,05,2,04,1,20102648,EMCO SLIME TIME  PCS,,46,122,PCS,CTN,,,1
09,05,2,05,1,20023627,REJOICE SHAMPOO RICH BTL 340L,,47,280,PCS,CTN,22/06/2028,,1
09,05,2,06,1,20064828,DAIA DETERGENT BUBUK+SOFTENER VIOLET PASSION BAG 245/190 ,,48,0,PCS,,30/08/2028,,6
09,06,1,01,1,20142684,INDOMARET BABY DIAPERS PANTS LUXURY SOFT PCS 26XL,,51,0,PCS,,01/06/2029,,1
09,06,1,02,1,20133398,MOLTO PELICIN &PEWANGI PAKAIAN TRIKA PURE PCH 300L,,52,541,PCS,,03/04/2028,,2
09,06,2,01,1,10000632,MUSTIKA RATU HAIR TONIC RAMUAN PENYUBUR BTL 175L,,53,31,PCS,,06/07/2028,,1
09,06,2,02,1,20118380,JOYKO OIL PASTEL OP-12S  PCS,,54,12,PCS,BOX,,,1
09,06,2,03,1,20141642,NEXT PRIME FACE WASH MEN BRIGHTENING TUB 100,,55,23,PCS,,12/07/2028,L,1
09,06,2,04,1,20053613,INDOMARET TALI TAMBANG  PCK 6,,56,57,PCS,,,,1
09,06,2,05,1,20033978,GILLETTE RAZOR BLUE3 SINGLE  PCS,,57,494,PCS,,,,2
09,06,2,06,1,20137359,HOT WHEELS NEON SPEEDER 2025 HLH72  PCS,,58,2,PCS,,,,1
09,07,1,01,1,20135746,MAKUKU DIAPERS COMFORT FIT PANTS 26S  BAG LARGE,,61,54,PCS,,20/12/2027,,2
09,07,1,02,1,20027167,INDOMARET FACIAL TISSUE NON PERFUMED PCK 400,,62,226,PCS,,27/05/2028,,2
09,07,2,01,1,20054750,RINSO DETERJEN LIQUID + MOLTO PERFUME ESSENCE PCH 510,,63,8,PCS,,01/07/2028,,2
09,07,2,02,1,20099735,NUVO SABUN KESEHATAN FAMILY BIRU BDD 3+1100,,64,32,PCS,,18/11/2027,,2
09,07,2,03,1,20137585,GLAD2GLOW MICELLAR WATER PERFECT VIT C BTL 130L,,65,21,PCS,,17/03/2029,,1
09,07,2,04,1,20126372,COOGER DISC MULTI SLOT TOOTHBRUSH RAK DARK BLUE PCS,,66,80,PCS,PCS,,V,1
09,07,2,05,1,20133309,GLAD2GLOW POMEGRANATE 5% NIACINAMD BRIGH MOISTURIZER POT 30,,67,466,PCS,CTN,18/05/2027,,1
09,07,2,06,1,20142126,POSH DEO ROLL ON POWDER FRESH BTL 50,,68,20,PCS,,12/02/2029,,1
09,08,1,01,1,20130828,CONFIDENCE ADULT PANTS TIPIS & PAS 8S  BAG LARGE,,71,50,PCS,,01/06/2029,,1
09,08,1,02,1,20093193,RAPIKA PELICIN PAKAIAN REFILL SAKURA STRWBERY PCH 400/300L,,72,1132,PCS,,28/12/2027,,4
09,08,2,01,1,20055950,MAKARIZO HAIR ENERGY FIBERTHERAPY ROYAL JELLY SCT 30,,73,1250,PCS,,17/09/2029,,2
09,08,2,02,1,20107792,NOURISH BEAUTY CARE ACNE PLAST 12S PINK (GIRL) PCS,,74,0,PCS,,05/03/2027,T,1
09,08,2,03,1,20137696,GINZA TXA BRIGHTENING MOISTURIZER  PCS 30,,75,91,PCS,,05/03/2028,,1
09,08,2,04,1,20141942,NATUR-E SKIN START HAND BODY LOTION NOURISH  TUB 180,,76,77,PCS,,16/06/2029,,1
09,08,2,05,1,20136388,KAHF WATER BASED POMADE SLEEK CLASSY POT 70,,77,27,PCS,,03/04/2028,,1
09,08,2,06,1,20055144,MARINA HAND BODY LOTION UV WHITE EXTRA SPF 30 BTL 200/185L,,78,93,PCS,,18/09/2027,,1
09,09,1,01,1,20141667,NORTHLAND MINI CAR ALLOY MODEL  10 MODEL  PCS,,81,203,PCS,,06/03/2031,,1
09,09,1,02,1,20097739,INDOMARET DETERGENT CAIR (NEW)  PCH 800/700L,,82,222,PCS,,03/04/2027,,2
09,09,2,01,1,20141638,LIFEBUOY BODY WASH FIFA MENTHOL KICK BTL 500,,83,0,PCS,,24/02/2029,R,1
09,09,2,02,1,20132173,MOMAMI ANTIBACTERIAL WIPES BABY FRESH PCK 30,,84,0,PCS,,06/07/2028,,1
09,09,2,03,1,20138027,WARDAH 5% SYMRADIANCE ADV SYMRADIANCE BRIGHT & BARRIE PCS 30,,85,58,PCS,,23/02/2029,,1
09,09,2,04,1,20140002,RINSO DETERGENT POWDER ANTI NODA PURE BAG 1440,,86,113,PCS,,12/11/2027,,1
09,09,2,05,1,20140018,INDOMARET BABY WIPES RICE MILK BDD 250,,87,585,PCS,,20/10/2027,,1
09,09,2,06,1,20142450,PLUSHIES FIFA BLIND BOX  PCS,,88,0,PCS,,20/09/2031,Z,1
10,01,1,01,1,10005803,SO KLIN PEWANGI PAKAIAN REFILL RED PCH 800/780L,,91,333,PCS,CTN,12/07/2027,S,6
10,01,1,02,1,20135845,EKONOMI PENCUCI PIRING LIQUID NATURAL JERUK NPS&LEMON BTL 650L,,92,29,PCS,,28/06/2027,,6
10,01,2,01,1,20130709,LUX SABUN MANDI CAIR REFILL MAGICAL ORCHID PCH 825L,,93,28,PCS,,28/12/2028,L,1
10,01,2,02,1,20114112,NUVO SABUN KESEHATAN CAIR FRESH PRO.LEMON PCH 450/400L,,94,131,PCS,CTN,06/07/2028,L,2
10,01,2,03,1,20140293,BIZARRE EAU DE PARFUM FLOWER POWER BTL 50,,95,101,PCS,,10/10/2030,,1
10,01,2,04,1,20138144,KODOMO WIPES HAND AND MOUTH OAT&PURE WATER PCK 250,,96,120,PCS,,28/06/2028,,1
10,01,2,05,1,20134797,WARDAH UV SHIELD ACNE CLMNG SUNSCREEN SPF 35 PA+++ TUB 35L,,97,0,PCS,,11/03/2028,L,1
10,01,2,06,1,10025484,SHINZUI SABUN MANDI SKIN LIGHTENING KIREI BAR 85/80,,98,196,PCS,CTN,18/11/2027,,4
10,02,1,01,1,20077483,MERRIES PANTS GOOD SKIN 26S  BAG EXTRALARGE,,101,50,PCS,,18/11/2027,S,2
10,02,1,02,1,20083489,SWEETY BRONZE PANTS BABY 36+2/38S  BAG SMALL,,102,116,PCS,,18/11/2027,L,2
10,02,2,01,1,20113303,ZEN ANTI BACTERIAL BODY SOAP SHISO&SANDALWOD BDD 470/60,,103,76,PCS,,18/11/2027,,2
10,02,2,02,1,20110001,WARDAH UV SHIELD ESSENT SUNSCREEN GEL SPF 30/35 PA+++ PCK 40L,,104,102,PCS,CTN,18/11/2027,L,1
10,02,2,03,1,20027963,INDOMARET PEMBERSIH KACA  PCH 400L,,105,54,PCS,CTN,06/07/2028,,2
10,02,2,04,1,20135695,CLEAN & CLEAR VITAMIN C FACE WASH  BTL 100L,,106,0,PCS,,18/11/2027,T,1
10,02,2,05,1,20084999,CASABLANCA SPRAY COLOGNE/EDT HOMME AQUA BTL 100L,,107,268,PCS,CTN,01/03/2029,,1
10,02,2,06,1,20088715,HIT INSEKTISIDA SPRAY LILY BLOSSOM KLG 400/400+40,,108,116,PCS,,18/11/2027,,2
10,03,1,01,1,20142276,DAIA DETERGENT POWDER LILY & JASMINE PCK 1.5/1.4 ,,111,240,PCS,,16/06/2029,,1
10,03,1,02,1,20073499,SO KLIN SOFTERGENT POWDER MAGNOLIA&BERIES PCK 700/650 ,,112,289,PCS,,09/06/2027,,2
10,03,2,01,1,20142623,GIV BODY WASH PEACH BLOSSOM PCH 400L,,113,360,PCS,,16/06/2028,,1
10,03,2,02,1,20120506,INDOMARET MASKER HIJAB 5S (NEW)  PCK,,114,0,PCS,,14/05/2030,,2
10,03,2,03,1,20093101,ZEN ANTI BACTERIAL BODY WASH SHISO&SANDALWOD PCH 400/380L,,115,189,PCS,,18/11/2027,L,3
10,03,2,04,1,20137338,GLAD2GLOW MICELLAR WATER CHERRY BLOSSOM BTL 300L,,116,21,PCS,,09/11/2027,,1
10,03,2,05,1,20139605,AZZURA DIAMOND BRIGHT SUNSCREEN SPF 50 PA++++ TUB 30,,117,311,PCS,,11/07/2028,,1
10,03,2,06,1,20124789,NIVEA BODY SERUM SUPER 10 VITAMIN GLOW PROTECTION TUB 180/170L,,118,193,PCS,,18/05/2027,,1
10,04,1,01,1,20127694,LARISST DIAPERS PANTS ADULT 10S  BAG MEDIUM,,121,33,PCS,,18/11/2027,,1
10,04,1,02,1,20091786,CHARM PEMBALUT COOLING FRESH 23 NON WING PCK 16/17S,,122,287,PCS,,03/04/2028,,2
10,04,2,01,1,20123082,GARNIER HAIR COLOR NATURALS 3.1 MIDNIGHT BLUE PCK,,123,390,PCS,CTN,18/05/2027,,1
10,04,2,02,1,10029632,STELLA AIR FRESHENER ALAT MATIC  PCS,,124,47,PCS,CTN,18/11/2027,,1
10,04,2,03,1,20141369,RINSO DETERGENT CAIR QUICK WASH PERFUME BREEZE BTL 650,,125,124,PCS,,11/03/2028,,2
10,04,2,04,1,20096659,INDOMARET PISAU CUKUR RAZOR 3 MATA SILET (NEW) PCS,,126,285,PCS,,,,2
10,04,2,05,1,20139145,DOWNY SOFTENER PERFUME SERUM MILKY TOUCH PCH 500L,,127,54,PCS,,19/02/2027,,1
10,04,2,06,1,20131083,LARISST SABUN COLEK LIME BOOM PCK 370,,128,0,PCS,,18/11/2027,,1
10,05,1,01,1,20121228,NUVO WET TISSUE FRESH BIRU PCK 50,,131,60,PCS,,06/07/2028,,2
10,05,1,02,1,20021393,MAMY POKO PANTS STANDAR 20S  PCK EXTRALARGE,,132,162,PCS,,18/11/2027,,1
10,05,2,01,1,20123404,ZWITSAL BABY BATH HAIR & BODY ANTIBACTERIAL BTL 200L,,133,309,PCS,CTN,18/03/2027,,1
10,05,2,02,1,20129289,NIVEA FAC.SCRUB FOR MEN EXTRA BRGHT C&HYA TUB 100L,,134,149,PCS,,18/05/2027,,1
10,05,2,03,1,20039449,LIFREE POPOK CELANA EXTRA 4S  BAG LARGE,,135,9,PCS,,27/08/2029,,1
10,05,2,04,1,20141220,WHISKAS CAT FOOD TUNA PCK 200,,136,159,PCS,,20/03/2027,,1
10,05,2,05,1,20137410,CLOSE UP SIKAT GIGI PRECISION CLEAN 2S  PCK ULTRASOFT,,137,135,PCS,,12/01/2028,,1
10,05,2,06,1,20134238,POISE FACIAL FOAM OIL CONTROL/  CGLOW TUB 100 ,,138,147,PCS,,18/11/2027,,1
10,06,1,01,1,20006422,TESSA FACIAL TISSUE REF.TP-09 50S  BAG,,141,274,PCS,,22/10/2028,,4
10,06,1,02,1,10011440,RAPIKA PELICIN PAKAIAN REFILL LAVENDER SPLASH PCH 400/300L,,142,915,PCS,,28/12/2027,,3
10,06,2,01,1,20144244,HI SUN BODY SERUM GLOWING BOOSTER NIACINAMIDE&VIT BTL 200,,143,54,PCS,,01/08/2029,,1
10,06,2,02,1,20095866,WIKI GIRL ASSORTED SERIES  PCS,,144,54,PCS,,,,1
10,06,2,03,1,20133754,NORTHLAND TOYS GIRL SERIES  BOX,,145,0,PCS,,,,1
10,06,2,04,1,20116752,BIMA S FIGURIN 17CM MDR AST  PCS,,146,71,PCS,,,,1
10,06,2,05,1,20135284,CBD KERATIN PRO DIALY HAIR MASK  SCT 30+5,,147,1606,PCS,,01/03/2028,,2
10,06,2,06,1,20140791,DOVE DERMA SHAMPOO HAIRFALL CONTROL BIOTIN BTL 155,,148,0,PCS,,11/05/2028,V,1
10,07,1,01,1,20139327,HAPPILY ADULT PANTS LARGE BAG 8S,,151,0,PCS,,20/08/2028,,2
10,07,1,02,1,20138470,SO KLIN PEWANGI PAKAIAN REFILL ENERGETIC RED PCH 1700L,,152,216,PCS,,10/01/2027,,2
10,07,2,01,1,20137292,INDOMARET GEL PEN 3S  PCS,,153,259,PCS,,,,1
10,07,2,02,1,20133796,SCARLETT EAU DE PARFUME DREAMY BTL 30 L,,154,156,PCS,,18/11/2027,,1
10,07,2,03,1,20141837,PEPSODENT PASTA GIGI FIFA BEST DEFENDER  TUB 95,,155,0,PCS,,07/02/2029,V,1
10,07,2,04,1,20108003,DO RE MI KIDS COLOGNE HIJAB BTL 100L,,156,2,PCS,,24/08/2029,N,1
10,07,2,05,1,10000090,ABC BATTERY BIRU R6 4S  PCK,,157,158,PCS,,,,4
10,07,2,06,1,20139791,LARISST SIKAT GIGI ULTRA SHINE 3S SOFT PCK,,158,473,PCS,,,,2
10,08,1,01,1,20140325,SO SOFT DETERJEN CAIR FLORAL LILY BTL 700 ,,161,312,PCS,,11/03/2027,L,2
10,08,1,02,1,20021392,MAMY POKO PANTS STANDAR 20S  PCK LARGE,,162,92,PCS,,20/11/2027,,1
10,08,2,01,1,20141669,NORTHLAND KITCHEN PLAY HOUSE  PCS,,163,25,PCS,,06/03/2031,,1
10,08,2,02,1,20141073,GLAD2GLOW MICELLAR WATER PORE CLEARING BLUEBERRY BTL 130,,164,553,PCS,,16/12/2028,,1
10,08,2,03,1,20132867,REGAZZA EAU DE PARFUME FEMME FASCINATING BTL 50L,,165,329,PCS,,31/10/2028,,1
10,08,2,04,1,20137260,BARBER DAILY ACNE CARE & OIL CONTROL  FACE WASH TUB 100L,,166,42,PCS,,06/04/2028,S,3
10,08,2,05,1,20143278,SUNSILK HAIR MASK KERATIN SILK SCT 60L,,167,1,PCS,,12/01/2029,,1
10,08,2,06,1,20133672,HANASUI COLLAGEN WATER SUNSCREEN SPF50PA++++ TUB 30L,,168,19,PCS,,18/11/2027,,1
10,09,1,01,1,20139608,LAURIER PEMBALUT RELAX NIGHT 30 WING PCK 24S,,171,8,PCS,,22/10/2028,,2
10,09,1,02,1,20123338,RINSO DETERJEN LIQUID + MOLTO REF ROSE FRESH PCH 1.5/1.45,,172,127,PCS,,26/03/2027,,1
10,09,2,01,1,20139326,KODOMO KIDS 2IN1 HAIR & BODY WASH BELLO BERRIES BTL 300L,,173,39,PCS,,14/04/2028,,1
10,09,2,02,1,20140081,GARNIER DRY TOUCH CREAM SALICYLIC POT 30L,,174,0,PCS,,20/09/2029,T,1
10,09,2,03,1,20137636,KODOMO BABY HAIR & BODY TOP TO TOE PINK PCH 450L,,175,266,PCS,,18/03/2027,,1
10,09,2,04,1,20138874,RHINO BUBBLE TEA  PCS,,176,73,PCS,,,,1
10,09,2,05,1,20138077,STATIONARY FAST FOOD ERASER 4 MODEL  PCK,,177,237,PCS,,,V,1
10,09,2,06,1,20141672,NORTHLAND GIRLS LAYNIER PRINCESS  PCS,,178,25,PCS,,06/03/2031,,1
11,01,1,01,1,20130008,LARISST TOKAI GAS  KLG 235,,1,838,PCS,,28/02/2028,,5
11,01,1,02,1,20124826,FAVOUR CHARACTER FACIAL TISSUE 2PLY GENTLE TOUCH PCK 120,,2,329,PCS,,18/11/2029,,2
11,01,2,01,1,10034732,HIT MAT ELEKTRIK ANTI NYAMUK 48S CLASSIC BOX,,3,200,PCS,CTN,18/11/2027,,2
11,01,2,02,1,20084780,RAPIKA PELICIN PAKAIAN BIANG 5 IN 1 GOLD PCH 250L,,4,74,PCS,CYN,12/07/2027,,2
11,01,2,03,1,20021822,DREAM WHITENING FACIAL SOAP PAPAYA BAR 100,,5,251,PCS,,06/07/2028,,1
11,01,2,04,1,20029237,INDOMARET PISAU CUKUR RAZOR 2 MATA SILET  PCS,,6,214,PCS,,,,2
11,01,2,05,1,20115786,INDOMARET COTTON BUDS REFFIL 100S (NEW)  PCK,,7,222,PCS,,22/01/2030,L,12
11,01,2,06,1,20031232,WHISKAS CAT FOOD TUNA PCK 85/80,,8,670,PCS,,15/05/2028,,4
11,02,1,01,1,10005974,CHARM PEMBALUT SAFE NIGHT 29 WING PCK 10/9S,,11,456,PCS,,18/11/2027,,2
11,02,1,02,1,10006955,SELECTION KAPAS KECANTIKAN  PCK 50,,12,342,PCS,,18/11/2027,L,12
11,02,2,01,1,10005427,STELLA AIR FRESHENER ALL IN ONE LEMON / LEMON FRESH PCK 70/42,,13,134,PCS,CTN,06/07/2028,,2
11,02,2,02,1,20106050,CHARM PANTY LINERS 32S COOLING FRESH PCK,,14,222,PCS,CTN,18/11/2027,,2
11,02,2,03,1,20138848,EMERON SHAMPOO NUTRITIVE BT21 ANTI HAIR FALL BTL 340L,,15,209,PCS,,07/07/2028,,1
11,02,2,04,1,20051842,NIVEA DEO ROLL ON INVISIBLE FOR MEN BLACK & WHITE BTL 50L,,16,79,PCS,CTN,23/01/2028,,2
11,02,2,05,1,20062311,REXONA DEODORANT ROLL ON WOMEN FREE SPIRIT BTL 45L,,17,171,PCS,CTN,06/07/2028,L,2
11,02,2,06,1,20053651,GARNIER MEN TURBO BRIGHT SUPER DUO FOAM TUB 100/150L,,18,246,PCS,,18/11/2027,,1
11,03,1,01,1,20073638,SWEETY BRONZE PANTS 32S  PCK MEDIUM,,21,85,PCS,,04/03/2028,S,2
11,03,1,02,1,20103297,INDOMARET FACIAL TISSUE POP UP 200S NON PERFUMED PCK,,22,2,PCS,,18/11/2027,,4
11,03,2,01,1,20096095,KODOMO SHAMPOO & CONDITIONER STRAWBERRY BTL 200L,,23,143,PCS,CTN,06/07/2028,,1
11,03,2,02,1,20096642,INDOMARET AIR FRESHENER FRESH LEMON PCK 50,,24,255,PCS,CTN,18/05/2027,,1
11,03,2,03,1,20142237,BARBER DAILY ANTIPERSPIRANT DEO COMFORT POWER SHIELD BTL 50,,25,132,PCS,,21/04/2029,,1
11,03,2,04,1,20118252,PANTENE MIRACLES SUPLEMENT CONDITIONER COLLAGEN REPAIR TUB 70L,,26,17,PCS,CTN,18/05/2027,,1
11,03,2,05,1,20127065,POISE FACIAL FOAM ANTI ACNE/ CLEAR GLOW TUB 100 ,,27,311,PCS,CTN,06/07/2028,,1
11,03,2,06,1,20140681,VITALIS EAU DE PARFUME EXTRA BLOOM BTL 50,,28,297,PCS,,08/07/2029,,1
11,04,1,01,1,20131516,LARISST DETERGENT BUBUK FRESH BOTANICAL PCK 450,,31,0,PCS,,23/05/2028,,1
11,04,1,02,1,20120919,NUVO SABUN KESEHATAN CAIR MILD PROTECT PCH 825/800,,32,257,PCS,,06/07/2028,L,1
11,04,2,01,1,20129466,MAKARIZO HAIR ENERGY SCENTSATIONS AMBER WOOD BTL 100L,,33,318,PCS,CTN,18/11/2027,L,2
11,04,2,02,1,20080361,DOWNY SOFTENER PASSION PCH 600/550L,,34,31,PCS,,23/10/2027,,1
11,04,2,03,1,20142600,GLAD2GLOW RETINOL BODY SERUM  TUB 180L,,35,0,PCS,,28/12/2028,,1
11,04,2,04,1,20127437,SERASOFT SHAMPOO HAIR FALL TREAT BTL 340L,,36,187,PCS,,11/04/2028,,1
11,04,2,05,1,20120927,KAHF SUNSCREEN MOISTURIZER SPF 30/35 PA+++ TUB 30L,,37,50,PCS,,10/01/2027,,1
11,04,2,06,1,20013680,JOHNSONS HAIR & BODY WASH TOP TO TOE BTL 200 L,,38,23,PCS,CTN,06/07/2028,,1
11,05,1,01,1,20130829,CONFIDENCE ADULT PANTS EXTRA SERAP 10S  BAG MEDIUM,,41,50,PCS,,18/11/2027,,1
11,05,1,02,1,20121205,CHARM PEMBALUT SAFE NIGHT 35 WING PCK 18S,,42,233,PCS,,12/10/2027,L,2
11,05,2,01,1,20134791,AXE BODY SPRAY DEODORANT BLUE LAVENDER KLG 135L,,43,26,PCS,,18/11/2027,,1
11,05,2,02,1,20115360,EVANGELINE EAU DE PARFUM WHITE MUSK BTL 100L,,44,366,PCS,,06/07/2028,V,1
11,05,2,03,1,20129160,MOLTO PELEMBUT&PWANGI PAKAIAN PAFRUM ELGNT FREN.RASB PCH 650L,,45,94,PCS,,09/01/2027,,1
11,05,2,04,1,20133332,ZINC SHAMPOO A/K REFRESHING COOL  BTL 450L,,46,97,PCS,,18/11/2027,,1
11,05,2,05,1,20134039,CLOSE UP TRAVEL KIT  PCS,,47,174,PCS,,18/05/2027,,2
11,05,2,06,1,20140802,INDOMARET TISSUE DAPUR 1+1  BAG,,48,120,PCS,,,,1
11,06,1,01,1,20133333,GENTLE GEN DETERJEN CAIR ANTI KERINGAT BTL 750/700L,,51,2,PCS,CTN,06/07/2028,,2
11,06,1,02,1,20136134,VAPE OBAT NYAMUK SPRAY FUMAKILLA CANDY FLOWER KLG 600L,,52,101,PCS,,30/03/2028,,1
11,06,2,01,1,20135855,GATSBY EAU DE PARFUM BOLD STAR CODE BTL 75L,,53,0,PCS,,18/11/2027,T,1
11,06,2,02,1,20117862,INDOMARET MASKER MULTIFUNGSI 5S  PCK,,54,0,PCS,,18/11/2029,,2
11,06,2,03,1,20140968,LIFEBUOY SABUN MANDI CAIR REFILL COOL FRESH PCH 800,,55,209,PCS,,06/08/2028,L,1
11,06,2,04,1,20143330,B&B HAIR LOTION SPRAY  BTL 100 L,,56,83,PCS,,28/08/2028,,1
11,06,2,05,1,20141938,GLAD2GLOW MICELLAR WATER BRIGHTENING BTL 130,,57,596,PCS,,10/10/2028,,1
11,06,2,06,1,20133062,KAO BIORE FACIAL FOAM MENS BRIGHT EXPERT TUB 100,,58,19,PCS,CTN,01/04/2028,,1
11,07,1,01,1,20142124,POSH DEO ROLL ON FRESH COOL BTL 50,,61,59,PCS,,23/02/2029,,1
11,07,1,02,1,20071775,BAYGON INSEKTISIDA SPRAY FLOWER GARDEN KLG 600/675L,,62,428,PCS,CTN,10/01/2028,D,2
11,07,2,01,1,20140874,GLAD2GLOW NIACINAMIDE BRIGHT BODY SERUM  TUB 180,,63,90,PCS,,29/06/2028,,1
11,07,2,02,1,20128697,LIFE CAT CAT FOOD OCEAN FISH TUNA KLG 400,,64,34,PCS,,06/07/2028,,1
11,07,2,03,1,20136100,RHINO STICKER FAMILY ASSORTED PCK,,65,327,PCS,,,,1
11,07,2,04,1,20136548,RHINO DIY BOOBLY BEADS  BOX,,66,94,PCS,,,,1
11,07,2,05,1,20118218,INDOMARET MASKER SLIM 3PLY 5S HITAM PCK,,67,0,PCS,,24/02/2030,,2
11,07,2,06,1,20040611,ZINC SHAMPOO A/K BLACK & SHINE  BTL 170L,,68,23,PCS,,25/01/2028,,1
11,08,1,01,1,20139154,HIT INSEKTISIDA SPRAY COTTON POWDER KLG 600/600+50,,71,161,PCS,,26/07/2028,,1
11,08,1,02,1,20142219,MOLTO PEWANGI PAKAIAN GENTLE FRESH PCH 765,,72,34,PCS,,21/05/2028,,1
11,08,2,01,1,20142833,SYSTEMA SIKAT GIGI SMART CLEAN 3S REGULAR PCK SOFT,,73,1,PCS,,11/08/2031,,1
11,08,2,02,1,20143349,LIFEBUOY SABUN MANDI CAIR REFILL COOL FRESH PCH 350,,74,0,PCS,,04/02/2029,,1
11,08,2,03,1,20133803,ADINATA WATER COLOR BOOK/STATIONERY  SET,,75,95,PCS,,,,1
11,08,2,04,1,20103818,HEAD &SHOULDERS SHAMPOO A/D SUPER COOL BTL 160/145 L,,76,294,PCS,,10/10/2027,,1
11,08,2,05,1,20115472,INDOMARET MASKER 4D PREMIUM 4S HITAM PCK,,77,925,PCS,,06/02/2031,,10
11,08,2,06,1,20143276,PEPSODENT PASTA GIGI PRO CARE ICY FRESH TUB 90,,78,7,PCS,,20/06/2029,,1
11,09,1,01,1,20132175,MOMAMI TOOTH & GUM WIPES GRAPE PCK 30,,81,0,PCS,,25/07/2027,,1
11,09,1,02,1,20105929,STATIONARY VEGETABLE 3D SILLICON PEN  PCS,,82,0,PCS,,,I,1
11,09,2,01,1,20139961,MAKARIZO HAIR ENERGY FIBER/T SHAMPOO CITRUS TEA BTL 170L,,83,60,PCS,,11/03/2028,,1
11,09,2,02,1,20085987,EKONOMI SABUN CREAM (EV-900K) VIOLET PCK 400/380,,84,33,PCS,,20/07/2027,,2
11,09,2,03,1,20143346,ONYX HAIR SERUM  BOX 65L,,85,131,PCS,,09/01/2029,,1
11,09,2,04,1,20134161,EMCO BLING BANDZ  PCK,,86,27,PCS,,,,1
11,09,2,05,1,20138868,RHINO DIY BEADS CHARM  PCS,,87,157,PCS,,,,1
11,09,2,06,1,20049716,MITU BABY ANTISEPTIC WIPES 3X10S REFRESHING LIME BDD,,88,778,PCS,,20/09/2028,,2
12,01,1,01,1,10008104,SO KLIN PEWANGI PAKAIAN REFILL BLUE PCH 800/780L,,91,70,PCS,CTN,12/07/2027,,6
12,01,1,02,1,20000071,INDOMARET FACIAL COTTON  PCK 35,,92,762,PCS,,18/11/2027,L,12
12,01,2,01,1,20140269,LOREAL PARIS ELSEVE HYALURON PURE SHAMPOO BTL 200,,93,206,PCS,,09/09/2028,,1
12,01,2,02,1,20042866,GARNIER MEN ACNO FIGHT FOAM 12-IN-1 ANTI ACNE TUB 100/150L,,94,76,PCS,,18/11/2027,,2
12,01,2,03,1,20136586,HEAD &SHOULDERS SHAMPO + KONDISIONER 2 IN 1 MENTHOL DINGIN BTL 160/145L,,95,121,PCS,,20/05/2027,L,1
12,01,2,04,1,20038765,PANTENE SHAMPOO PRO-V (NEW I) ANTI DANDRUFF BTL 70L,,96,228,PCS,,22/06/2028,,1
12,01,2,05,1,20067449,GLOW & LOVELY MLTVTMN FCL FOAM/DRM GLW 39484  TUB 100,,97,313,PCS,CTN,18/11/2027,S,6
12,01,2,06,1,20067210,PONDS PEMBERSIH WAJAH BRIGHT BEAUTY/ NIASORCINOL TUB 100,,98,201,PCS,,18/11/2027,S,6
12,02,1,01,1,20035113,MITU BABY FRESH & CLEAN WIPES BLUE BLOSSOM BERRY PCK 240S,,101,0,PCS,,09/06/2027,,2
12,02,1,02,1,20021323,LAURIER PEMBALUT 35 RELAX NIGHT BAG 6S,,102,700,PCS,CTN,18/11/2027,,2
12,02,2,01,1,10026612,PEPSODENT SIKAT GIGI SENSITIVE SOFT PCS,,103,26,PCS,,18/11/2034,,2
12,02,2,02,1,20052043,GARNIER MEN ACNO FIGHT WASABI FOAM  TUB 100L,,104,178,PCS,CTN,18/11/2027,,1
12,02,2,03,1,20075951,MAKARIZO HAIR ENERGY SCENTSATIONS MORNING DEW BTL 100L,,105,180,PCS,,18/05/2027,,2
12,02,2,04,1,20011382,SHINZUI BODY SCRUB SKIN LIGHTENING KIREI POT 200,,106,108,PCS,CTN,18/11/2027,,1
12,02,2,05,1,20059867,LIFEBUOY SABUN MANDI MULTIPACK (45593) MILD CARE BDD 4110,,107,137,PCS,CTN,18/05/2027,,1
12,02,2,06,1,20142676,KAO BIORE BODY FOAM GUARD REFILL LEMONGRASS PCH 725L,,108,21,PCS,,28/06/2029,,1
12,03,1,01,1,20125992,INDOMARET TAS RAMAH LINGKUNGAN KARAKTER MICE PCS 383010.5,,111,1400,PCS,,,,5
12,03,1,02,1,20128374,LIFEBUOY PENCUCI PIRING REF LIME PCH 680/650L,,112,752,PCS,,06/07/2028,V,4
12,03,2,01,1,20031238,WHISKAS JUNIOR CAT FOOD MACKEREL PCK 85/80,,113,90,PCS,CTN,12/09/2027,,2
12,03,2,02,1,20134060,GLAD2GLOW CERAMIDE LOW PH GEL CLEANSER BLUEBERRY TUB 70L,,114,151,PCS,,22/11/2027,,2
12,03,2,03,1,20092192,POSH DEO ROLL ON WHITENING BTL 50L,,115,96,PCS,CTN,06/07/2028,,2
12,03,2,04,1,20010379,LIFEBUOY SHAMPOO ANTI DANDRUFF BTL 70L,,116,184,PCS,CTN,18/05/2027,,1
12,03,2,05,1,20062307,REXONA DEODORANT ROLL ON MEN INVISIBLE DRY BTL 45L,,117,188,PCS,CTN,06/07/2028,,2
12,03,2,06,1,20085122,LUX SABUN MANDI BATANG WHITE VELVET TOUCH BDD 3110,,118,118,PCS,CTN,18/05/2027,,1
12,04,1,01,1,20108875,LIFREE PANTS LIGHT 10S  BAG MEDIUM,,121,76,PCS,,18/11/2027,,1
12,04,1,02,1,10031962,CHARM PEMBALUT BODY FIT 23 EXTRA MAXI WING PCK 10S,,122,522,PCS,,10/11/2027,,2
12,04,2,01,1,20131886,INDOMARET KAMPER DEODORIZER 5S SWEET SAKURA PCK 200,,123,97,PCS,,18/11/2029,,1
12,04,2,02,1,20103167,MY BABY HAIR & BODY WASH REFILL FRESH & MOIST PCH 375L,,124,308,PCS,CTN,06/07/2028,,1
12,04,2,03,1,20128951,MORRIS POMADE WATER BASE EXTREAMLY HOLD POT 80,,125,296,PCS,CTN,18/11/2027,,1
12,04,2,04,1,20099164,PONDS VITAMIN MICELLAR WATER BRGHTENING ROSE BTL 100L,,126,30,PCS,CTN,18/11/2027,,1
12,04,2,05,1,20004868,JOHNSONS BABY LOTION REGULER BTL 100 L,,127,84,PCS,CTN,18/11/2027,,1
12,04,2,06,1,20143277,SUNSILK SHAMPOO SILKY SMOOTH BDD 2160 L,,128,0,PCS,,28/02/2029,,1
12,05,1,01,1,20105576,STELLA AIR FRESHENER WITH NATURAL OIL JAPANESE SAKURA KLG 400/350L,,131,153,PCS,CTN,18/11/2027,,1
12,05,1,02,1,20124631,LIFREE POPOK CELANA EXTRA 5S  PCK XXL,,132,129,PCS,,18/11/2027,,1
12,05,2,01,1,20127466,IMPLORA PERFECT SHIELD SUNSCREEN SPF 40 PA++++ TUB 50L,,133,139,PCS,BOX,18/11/2028,,1
12,05,2,02,1,20140120,SOFTEX PEMBALUT BEARY COOL 36  PCK 8S,,134,178,PCS,,11/11/2028,,1
12,05,2,03,1,20104149,FRESH A HAND SOAP ANTI BACTERIAL  PCH 250L,,135,236,PCS,CTN,06/07/2028,T,1
12,05,2,04,1,20140682,VITALIS EAU DE PARFUME GLAM SLAY BTL 50,,136,236,PCS,,08/07/2029,,1
12,05,2,05,1,10003163,ENZIM PASTA GIGI FRESH MINT TUB 124,,137,124,PCS,CTN,18/11/2027,,1
12,05,2,06,1,20090397,INDOMARET MASSAGE OIL OLIVE OIL BTL 150L,,138,0,PCS,CTN,18/11/2027,,1
12,06,1,01,1,20134526,SO KLIN PEWANGI PAKAIAN REFILL COTTON FANTASY PCH 800/780L,,141,470,PCS,,30/03/2027,,6
12,06,1,02,1,20095876,MAMY POKO PANTS STANDAR 23S TIDAK GEMBUNG PCK EXTRALARGE,,142,0,PCS,,30/03/2028,,2
12,06,2,01,1,20085048,ADINATA STICKER BOOK (7 SCENES)  PCK,,143,0,PCS,PCS,,,1
12,06,2,02,1,20141608,POINT COFFEE TUMBLER STAINLESS STEEL  PCS 540,,144,0,PCS,,03/03/2031,V,2
12,06,2,03,1,20135184,HANASUI CERAMIDE PROBIOTICS MSTRZR GEL  POT 30,,145,34,PCS,,30/03/2028,,1
12,06,2,04,1,20082114,INDOMARET PLASTIK HDPE  PCK 15X30,,146,0,PCS,,,,1
12,06,2,05,1,20141943,MUSTIKA RATU BODY LOTION TUBEROSE&SEA BL TUB 200,,147,21,PCS,,04/04/2029,,1
12,06,2,06,1,20140080,GARNIER DRY TOUCH CREAM NIACINAMIDE POT 30L,,148,234,PCS,,12/12/2028,,1
12,07,1,01,1,20082445,MAMY POKO BABY WIPES AIR MURNI NON FRAGRANCE BDD 250,,151,81,PCS,,09/06/2028,,1
12,07,1,02,1,20122478,WIPOL PEMBERSIH LANTAI CITRUS FRESH PCH 450L/390,,152,331,PCS,,28/06/2028,,1
12,07,2,01,1,20143518,NUVO SABUN KESEHATAN FAMILY CLEAN PROTECT BDD 3+1100,,153,18,PCS,,11/08/2028,,1
12,07,2,02,1,20017976,JOHNSONS BABY BEDTIME HAIR & BODY BATH  BTL 200 L,,154,15,PCS,,18/11/2027,,1
12,07,2,03,1,20138902,SUNSILK SHAMPOO SILKY SMOOTH BTL 320L,,155,113,PCS,,10/01/2028,,1
12,07,2,04,1,20126392,POST IT SUPER STICKY NOTES 3321 135S FLAMINGO PCK 33,,156,234,PCS,CTN,,,1
12,07,2,05,1,20135595,OVALE REAL CLAY MASK PRFECT PURIFYNG TUB 50,,157,53,PCS,,18/11/2027,,1
12,07,2,06,1,20136022,GATSBY FIBER CLAY MATTE FINISH POT 80,,158,239,PCS,,18/11/2027,,1
12,08,1,01,1,20138108,KAO ATTACK DETERGENT POWDER JAZ1 SOFTENER PURPLE BLOSSOM BAG 1.4/1.2,,161,136,PCS,,15/05/2028,S,2
12,08,1,02,1,20131668,INDOMARET FACIAL COTTON  PCK 50,,162,650,PCS,,20/07/2029,,2
12,08,2,01,1,20137697,GINZA MOUSSE CLEANSER ACNE CARE BTL 110L,,163,228,PCS,,01/02/2028,,1
12,08,2,02,1,20140427,REXONA WHOLE BODY DEO MEN ARCTIC SEA TUB 50,,164,210,PCS,,29/12/2027,,1
12,08,2,03,1,20143470,B&B KIDS SPRAY COLOGNE CUDDLY BREEZE BTL 100L,,165,0,PCS,,11/08/2028,,1
12,08,2,04,1,20032859,DADI PVC PENCASE + STAT SET  PCK,,166,1,PCS,,,,1
12,08,2,05,1,20142275,MAMA LIME CAIRAN PENCUCI PIRING REFILL CHARCOAL PCH 950/920 ,,167,150,PCS,,04/04/2029,,2
12,08,2,06,1,20014590,ADINATA PENCIL CASE PAPER ASSORTED PCS,,168,165,PCS,,,,1
12,09,1,01,1,20133395,FLORINA FORGED CASSEROLE WITH LID  PCS 20,,171,0,PCS,,,I,1
12,09,1,02,1,20138078,STATIONARY BAKED NOTE BOOK  PCK,,172,5,PCS,,,I,1
12,09,2,01,1,20053858,SO KLIN SOFTERGENT POWDER PEONY ROSE/ROSY PCK 225/180 ,,173,0,PCS,,24/08/2028,,6
12,09,2,02,1,20011008,LIFEBUOY SABUN MANDI CAIR REF. TOTAL10 RED PCH 450/380,,174,0,PCS,,27/02/2029,R,2
12,09,2,03,1,20138079,STATIONARY CAKE PUSH PEN 3 MODEL  PCK,,175,103,PCS,,,I,1
12,09,2,04,1,20134687,ADINATA SPECIAL SHAPE MEMO  PCS,,176,0,PCS,,,,1
12,09,2,05,1,20136877,BEAUTY CHARM PIMPLE CARE FACIAL WASH  PCS 25,,177,0,PCS,,20/12/2027,T,1
12,09,2,06,1,20011832,KENMASTER SELANG GAS PAKET+PROTECTION 3005-029-01 PCS,,178,28,PCS,,,,1
13,01,1,01,1,20001404,INDOMARET HAND SOAP STRAWBERRY PCH 400L,,181,220,PCS,,17/09/2028,,2
13,01,1,02,1,20071105,MITU BABY TISSUE GANTI POPOK PURPLE PLAYFUL FRESSIA PCK 250S,,182,4,PCS,,18/06/2028,L,2
13,01,2,01,1,20002944,PEPSODENT PASTA GIGI HERBAL  TUB 190,,183,229,PCS,,10/12/2027,,2
13,01,2,02,1,20038763,PANTENE SHAMPOO PRO-V (NEW I) ANTI DANDRUFF BTL 160/145L,,184,120,PCS,,04/04/2028,L,2
13,01,2,03,1,20142353,INDOMARET BOTOL MINUM POKEMON PIKACHU CTN,,185,0,PCS,,21/05/2031,,6
13,01,2,04,1,20131161,HIT ANTI NYAMUK REFILL XPRESS APPLE BOX 35L,,186,346,PCS,CTN,31/10/2027,L,2
13,01,2,05,1,20040609,ZINC SHAMPOO A/K RE-FRESHING COOL  BTL 170L,,187,104,PCS,,18/06/2028,L,2
13,01,2,06,1,20143096,RINSO DETERGEN CAIR ANTI NODA ROSE FRESH BDD 2510,,188,228,PCS,,30/07/2028,V,1
13,02,1,01,1,20099396,CHARM PEMBALUT COOLING FRESH 35 NIGHT WING PCK 8S,,191,347,PCS,,31/10/2027,,2
13,02,1,02,1,10003646,SO KLIN PEMBERSIH LANTAI REFILL APPLE & PEONY PCH 770L/760,,192,119,PCS,,18/06/2028,,2
13,02,2,01,1,20068904,NONI MAGIC BLACK HAIR SHAMPOO  PCK 220L,,193,20,PCS,BOX,31/10/2027,,1
13,02,2,02,1,20084568,VAPE LIQUID ANTI NYAMUK 45MALAM REF SAKURA BLOSSOM BTL 45L,,194,78,PCS,CTN,31/10/2027,,2
13,02,2,03,1,20138028,GLAD2GLOW BRIGHTENING CLEANSER MILK AMINO ACID BTL 80,,195,26,PCS,,19/11/2027,,1
13,02,2,04,1,20118290,PANTENE MIRACLES SUPLEMENT CONDITIONER BIOTIN STRENGTH TUB 70L,,196,68,PCS,,31/10/2027,,1
13,02,2,05,1,20074434,LIFEBUOY SABUN MANDI TS (34270) LEMON FRESH BDD 4110,,197,144,PCS,,30/04/2027,,1
13,02,2,06,1,20017349,LISTERINE MOUTHWASH ANTISEPTIC COOL MINT BTL 100L,,198,240,PCS,CTN,18/06/2028,,2
13,03,1,01,1,10010189,CHARM PEMBALUT SAFE NIGHT 29 WING PCK 18S,,201,176,PCS,,31/10/2027,,2
13,03,1,02,1,20140804,SO KLIN DETERGENT POWDER EAU DE PARFUM FLEURS BLANCHES PCK 1.3 K,,202,28,PCS,,27/08/2029,,2
13,03,2,01,1,20141643,NEXT PRIME FACE WASH MEN DEEP CLEAN TUB 100,,203,60,PCS,,12/07/2028,,1
13,03,2,02,1,10040188,DETTOL SABUN MANDI ANTI BAKTERI COOL BAR 105/100,,204,135,PCS,CTN,18/06/2028,,2
13,03,2,03,1,20013764,JOHNSONS BABY TOP TO TOE WASH ALOEVRA PANTHNL PCH 375L,,205,1,PCS,,27/08/2028,,1
13,03,2,04,1,20022902,HIT INSEKTISIDA SPRAY ORANGE KLG 180/180+30,,206,13,PCS,,31/10/2027,,2
13,03,2,05,1,20008748,VAPE LIQUID ANTI NYAMUK 45MALAM REF FRUITY FRESH BOX 45L,,207,2,PCS,CTN,31/03/2028,L,2
13,03,2,06,1,20133516,KAHF ANTI PERSPIRANT DEODORANT COOLING POWER BTL 45L,,208,130,PCS,,04/03/2028,,1
13,04,1,01,1,20067253,SOFTEX PEMBALUT DAUN SIRIH 36 SLIM WING PCK 12S,,211,44,PCS,,31/10/2027,,2
13,04,1,02,1,20123700,GILLETTE RAZOR BLUE II FLEXI HRDC  PCK,,212,2476,PCS,,,,2
13,04,2,01,1,20040702,PEPSODENT PASTA GIGI FRESH COOL MINT  TUB 190,,213,667,PCS,,31/10/2027,,2
13,04,2,02,1,20142474,NCO EXTRAIT DE PARFUM DUCHESS BTL 40L,,214,43,PCS,,05/02/2029,,1
13,04,2,03,1,20075740,FORMULA SIKAT GIGI FLIP GO  PCK,,215,85,PCS,CTN,31/10/2027,,1
13,04,2,04,1,20091437,CLEAR SHAMPOO ANTI DANDRUFF MENTHOL SEGAR BTL 70L,,216,30,PCS,CTN,30/04/2027,,1
13,04,2,05,1,20137791,SO KLIN DETERGENT CAIR HIJAB COOL PCH 700 L,,217,44,PCS,CTN,11/04/2027,,2
13,04,2,06,1,20143019,PROBABY LIQUID CLEANSER  PCH 450L,,218,26,PCS,,02/07/2028,,1
13,05,1,01,1,20081449,ROYALE SOFTENER PURPLE DAWN PCH 650/600L,,221,157,PCS,,29/06/2027,,2
13,05,1,02,1,20084438,LIFREE POPOK CELANA EXTRA 8S  BAG LARGE,,222,91,PCS,,26/02/2028,S,2
13,05,2,01,1,20133517,KAHF ANTI PERSPIRANT DEODORANT EXTRA DRY BTL 45L,,223,207,PCS,,12/02/2028,,1
13,05,2,02,1,20120378,EMERON HAND & BODY LOTION LOVELY JEJU ORANGE BTL 500L,,224,20,PCS,CTN,31/10/2027,,1
13,05,2,03,1,20009499,KAO BIORE BODY FOAM REFFIL WHITENING SCRUB PCH 400/380 L,,225,18,PCS,CTN,31/10/2027,,1
13,05,2,04,1,20041400,LIFEBUOY BODY WASH (48091) LEMON FRESH BTL 100L,,226,76,PCS,,30/04/2027,,2
13,05,2,05,1,10031156,PURBASARI LULUR MANDI BRIGHTENING BENGKOANG POT 235/200,,227,18,PCS,,31/10/2027,,1
13,05,2,06,1,20001402,INDOMARET PEMBERSIH LANTAI GREEN APPLE PCH 800L,,228,71,PCS,CTN,18/06/2028,,1
13,06,1,01,1,20116987,GIV BODY WASH HIJAB TIN & ZAITUN PCH 450/400L,,231,94,PCS,,18/06/2028,,1
13,06,1,02,1,20127573,LARISST DIAPERS PANTS ADULT 8S  BAG LARGE,,232,169,PCS,,28/02/2027,,1
13,06,2,01,1,10005428,STELLA AIR FRESHENER ALL IN ONE ORANGE PCK 42,,233,174,PCS,,07/07/2028,,2
13,06,2,02,1,10017886,ORAL B SIKAT GIGI MICKEY FOR KIDS SOFT PCS,,234,36,PCS,,31/10/2027,,1
13,06,2,03,1,20139610,NUVO FAMILY WET WIPES NATURE PROTECT PCK 225,,235,233,PCS,,17/09/2027,,2
13,06,2,04,1,20038185,SOFTEX PANTY LINERS EKSTRA DAUN SIRIH NON PERFUME PCK 44,,236,69,PCS,,27/02/2028,,1
13,06,2,05,1,20001713,KIT BLACK MAGIC TIRE GEL  PCH 180L,,237,105,PCS,,,,1
13,06,2,06,1,20083615,HERBORIST MINYAK ZAITUN  BTL 150L,,238,219,PCS,CTN,31/10/2027,L,1
13,07,1,01,1,20098616,CHARM PEMBALUT COOLING FRESH 29 NIGHT WING PCK 10S,,241,324,PCS,,10/02/2028,,2
13,07,1,02,1,20130077,BABY HAPPY  BABY DIAPERS PANTS 34+2/32S PINKFONG BAG MEDIUM,,242,0,PCS,,31/10/2027,L,1
13,07,2,01,1,20086179,SO KLIN SOFTERGENT POWDER MAGNOLIA BERIES PCK 225/180 ,,243,48,PCS,,24/08/2028,,6
13,07,2,02,1,10013107,WINGS SUPERSOL KARBOL WANGI PINE PCH 750L/720,,244,33,PCS,CTN,18/06/2028,,1
13,07,2,03,1,20128689,CAT CHOIZE PLUS ADULT CAT FOOD TUNA & MACKEREL PCK 500,,245,87,PCS,,12/05/2027,,1
13,07,2,04,1,20019342,LAURIER PEMBALUT 22.5 SLIM GUARD PCK 10S,,246,206,PCS,,17/09/2029,,2
13,07,2,05,1,20134496,NIVEA DEO ROLL ON MEN DEEP ESPRESSO BTL 50L,,247,105,PCS,,22/09/2027,,1
13,07,2,06,1,20031233,WHISKAS CAT FOOD MACKEREL&SALMON PCK 80,,248,99,PCS,,09/04/2027,,1
13,08,1,01,1,20136041,CHARM PEMBALUT SAFE NIGHT 42 WING PCK 14S,,251,169,PCS,,31/10/2027,,1
13,08,1,02,1,20128706,ROYALE SOFTENER LAVENDER VANILA/MUSK PCH 680/600L,,252,13,PCS,,18/06/2028,,1
13,08,2,01,1,20133723,RHINO SWEET LICIOUS  PCS,,253,0,PCS,,,,1
13,08,2,02,1,10004612,SOS PEMBERSIH LANTAI REFILL ORANGE PCH 725/700L,,254,0,PCS,,19/08/2028,,2
13,08,2,03,1,20028001,LIFEBUOY SHAMPOO STRONG & SHINY BTL 170L,,255,126,PCS,,20/06/2027,,1
13,08,2,04,1,20134002,POISE LUMINOUS BRIGHT MICELLAR WATER  BTL 125L,,256,332,PCS,,31/10/2027,,1
13,08,2,05,1,20140079,GARNIER DRY TOUCH CREAM VITAMIN C POT 30L,,257,403,PCS,,10/04/2028,,1
13,08,2,06,1,20141730,POSH EAU DE PARFUME NEW ROMANCE BTL 50,,258,307,PCS,,03/03/2029,,1
13,09,1,01,1,20021391,MAMY POKO PANTS STANDAR 20S  PCK MEDIUM,,261,64,PCS,,31/10/2027,,1
13,09,1,02,1,20095874,MAMY POKO PANTS STANDAR 30S TIDAK GEMBUNG PCK MEDIUM,,262,16,PCS,,13/08/2027,,1
13,09,2,01,1,20134374,STELLA AIR FRESHENER ELECTRIC REFILL LAVENDER BLOOM BOX 25L,,263,256,PCS,,18/06/2028,,1
13,09,2,02,1,20100662,POSH BODY SPRAY PERFUMED HIJAB CHIC PURPLE WISH KLG 150L,,264,34,PCS,,09/01/2028,,2
13,09,2,03,1,20070183,CIPTADENT PASTA GIGI HERBAL ANTI BAKTERI TUB 190,,265,149,PCS,,06/08/2027,,1
13,09,2,04,1,20143472,B&B KIDS HAIR & BODY WASH PUMP ALL IN CUDDLE BTL 300L,,266,20,PCS,,11/08/2028,,1
13,09,2,05,1,20132955,STATIONARY ASTRONOUT PENCIL CASE ASSORTED PCS,,267,1,PCS,,,I,1
13,09,2,06,1,20134862,FREE FIRE COLLECTIBLE TRADING CARD  PCK,,268,0,PCS,,,,1
14,01,1,01,1,20047284,CHARM PEMBALUT SAFE NIGHT 35 WING PCK 12S,,271,394,PCS,,13/12/2027,L,2
14,01,1,02,1,20029372,CHARM PEMBALUT BODY FIT 23 EXT.MAXI WING PCK 30/28S,,272,224,PCS,,14/07/2028,L,2
14,01,2,01,1,20113403,KAHF FACE WASH OIL & ACNE CARE TUB 100L,,273,40,PCS,,18/06/2028,S,3
14,01,2,02,1,20039156,INDOMARET/LARIS JAS HUJAN DISPOSABLE DEWASA PCK,,274,878,PCS,,,S,12
14,01,2,03,1,20063269,NUVO SABUN KESEHATAN CAIR NATURE PCH 450/400L,,275,110,PCS,,18/06/2028,,2
14,01,2,04,1,20073377,GARNIER MICELLAR CLEANSING WATER PINK BTL 125L,,276,7,PCS,CTN,31/10/2027,S,2
14,01,2,05,1,10004051,CIPTADENT PASTA GIGI COOL MINT TUB 190,,277,84,PCS,CTN,31/10/2027,,2
14,01,2,06,1,20025002,GARNIER BRIGHT COMPLETE VIT C FACIAL WASH TUB 100L,,278,65,PCS,CTN,31/10/2027,L,2
14,02,1,01,1,20016864,CUSSONS BABY WIPES NATURALLY REFRESHING PCK 2/345S,,281,74,PCS,CTN,30/04/2027,,2
14,02,1,02,1,20021326,LAURIER PEMBALUT 30 RELAX NIGHT PCK 16S,,282,111,PCS,,20/12/2027,,2
14,02,2,01,1,20064216,HIT INSEKTISIDA SPRAY LILY BLOSSOM KLG 180/180+30,,283,174,PCS,,31/10/2027,,2
14,02,2,02,1,20070126,MARINA HAND BODY LOTION NATURAL NUTRI FRESH BTL 200/190L,,284,444,PCS,CTN,11/04/2027,,2
14,02,2,03,1,20059866,LIFEBUOY SABUN MANDI MULTIPACK (45592) TOTAL 10 BDD 4110,,285,71,PCS,CTN,30/04/2027,,2
14,02,2,04,1,20111612,GARNIER MEN SHAMPOO COLOR 1.0 HITAM ALAMI PCK,,286,348,PCS,CTN,30/04/2027,,2
14,02,2,05,1,20009500,KAO BIORE BODY FOAM RELAXING AROMATIC  PCH 450/400L,,287,50,PCS,,31/10/2027,,2
14,02,2,06,1,20090022,WARDAH BRIGHT NOW GLUTATHIONE BIO  ENZYM SMOTH GLW TUB 100L,,288,318,PCS,CTN,30/04/2027,,1
14,03,1,01,1,20124726,INDOMARET FACIAL TISSUE 2 PLY (2+1)  BDD 3180,,291,440,PCS,,14/07/2028,E,20
14,03,1,02,1,10014168,NICE FACIAL TISSUE LIVING (2X200S)  BDD 400+100,,292,300,PCS,,01/07/2028,L,5
14,03,2,01,1,20122091,KAHF FACE SCRUB GENTLE EXFOLTNG TUB 100L,,293,59,PCS,,18/06/2028,,2
14,03,2,02,1,20142568,LIFEBUOY BODY WASH ANTI ACNE GREEN TEA PCH 300,,294,36,PCS,,11/03/2028,,1
14,03,2,03,1,20118829,CHARM PANTYLINER LONG & WIDE 28S COOLING FRESH PCK,,295,56,PCS,CTN,31/10/2027,,2
14,03,2,04,1,20098605,BAYGON INSEKTISIDA SPRAY ANTI NYAMUK CHERRY BLOSSOM KLG 600L,,296,33,PCS,,10/04/2028,,1
14,03,2,05,1,20082864,GARNIER HAIR COLOR NATURALS EXPRESS 1 HITAM PCK,,297,64,PCS,,15/12/2027,,6
14,03,2,06,1,20039727,SHINZUI BODY CLEANSER SKIN LIGHTENING MATSU PCH 400/380L,,298,322,PCS,,31/10/2027,L,2
14,04,1,01,1,20069547,INDOMARET DIAPERS ADULT 7S LEAK GUARD BAG LARGE,,301,20,PCS,,20/12/2027,L,2
14,04,1,02,1,20045418,MAMY POKO PANTS STANDAR 38S  PCK SMALL,,302,47,PCS,,09/03/2027,S,2
14,04,2,01,1,20106135,EMINA BRIGHT STUFF PREBIOTIC TRANEXA ACID CLEANSER   TUB 50L,,303,53,PCS,CTN,18/06/2028,,1
14,04,2,02,1,20070713,SHINZUI SABUN MANDI SKIN LIGHTENING MATSU BDD 3110/100,,304,110,PCS,,19/08/2028,,2
14,04,2,03,1,20113000,SENSODYNE PASTA GIGI DEEP CLEAN TUB 100,,305,216,PCS,CTN,18/06/2028,,1
14,04,2,04,1,20143316,ZWITSAL BABY BATH NATURAL PUMP ANTIBACTERIAL BTL 300L,,306,0,PCS,,30/01/2029,,1
14,04,2,05,1,20094811,MARINA EAU DE TOILETTE FRESH SPARKLE BTL 150L,,307,118,PCS,,28/02/2027,,1
14,04,2,06,1,20023011,HEAD &SHOULDERS SHAMPOO A/D MENTHOL DINGIN BTL 300L,,308,69,PCS,,23/04/2029,,1
14,05,1,01,1,20116712,HERS PROTEX DAILY COMFORT 23.5 CINNAMOROLL PCK 20S,,311,260,PCS,CTN,10/06/2028,,2
14,05,1,02,1,20001645,WIPOL KARBOL WANGI LEMON PCH 750L/720,,312,107,PCS,,31/10/2027,,1
14,05,2,01,1,20107245,PEPSODENT KIDS PATRICK PASTA+SIKAT GIGI STRAWBERRY PCK 50/45,,313,59,PCS,CTN,18/06/2028,,1
14,05,2,02,1,10003645,SO KLIN PEMBERSIH LANTAI REFILL LEMON ZESS PCH 770L/760,,314,66,PCS,,19/08/2028,,2
14,05,2,03,1,20022917,GATSBY WATERGLOSS HYPER SOLID POT 75,,315,3,PCS,,22/12/2027,,6
14,05,2,04,1,20141941,MUSTIKA RATU SUNSCREEN SERUM 50  TUB 30,,316,778,PCS,,16/05/2029,,1
14,05,2,05,1,20021810,ACNES CREAMY WASH  TUB 100,,317,286,PCS,,31/10/2027,,1
14,05,2,06,1,20090435,MARINA EAU DE TOILETTE SWEET ROMANCE BTL 150L,,318,104,PCS,,28/02/2027,,1
14,06,1,01,1,20045423,MAMY POKO PANTS STANDAR 26S  PCK EXTRALARGE,,321,20,PCS,CTN,09/03/2027,E,4
14,06,1,02,1,20001221,PASEO TRAVEL PACK TISSUES KARAKTER PCK,,322,1174,PCS,,16/09/2031,,3
14,06,2,01,1,10006651,VAPE OBAT NYAMUK SPRAY FUMAKILLA ORANGE KLG 600L,,323,0,PCS,,,S,2
14,06,2,02,1,20139455,NIVEA BODY SERUM EXTRA BRIGHT C&AHA TUB 170L,,324,208,PCS,,19/02/2028,,1
14,06,2,03,1,20003395,JOHNSONS BABY HAIR & BODY BATH REFILL MILK + RICE PCH 400/375 L,,325,42,PCS,,31/10/2027,,1
14,06,2,04,1,20139706,HEAD &SHOULDERS SHAMPO + KONDISIONER 2 IN 1 MENTHOL DINGIN BTL 300,,326,13,PCS,,10/10/2027,,1
14,06,2,05,1,10034652,GLADE AIR FRESHENER OCEAN ESCAPE KLG 350L,,327,38,PCS,,31/10/2029,,1
14,06,2,06,1,20112622,K NATURAL WHITE BRIGHTENING BODY WASH COTTON  FLOWERS PCH 420/400L,,328,165,PCS,,18/06/2028,,1
14,07,1,01,1,20072919,BABY HAPPY  BABY DIAPERS PANTS 20S  BAG LARGE,,331,57,PCS,,20/12/2027,,1
14,07,1,02,1,20139870,STATIONARY SUMMER PENCIL CASE   PCK,,332,403,PCS,,,,1
14,07,2,01,1,20105341,AXE BODY SPRAY DEODORANT ICE CHILL KLG 150/135L,,333,44,PCS,CTN,31/10/2027,,1
14,07,2,02,1,20138098,SCORA SALICYLIC ACID GENTLE LOW PH  CLEANSER TUB 75,,334,0,PCS,CTN,14/03/2028,S,2
14,07,2,03,1,10027167,DOVE DEODORANT ROLL ON COMPLETE CR/ ORIGINAL BTL 40L,,335,83,PCS,,18/06/2028,,1
14,07,2,04,1,20129490,EVANGELINE EAU DE PARFUM BLACK MUSK BTL 100L,,336,11,PCS,,18/06/2028,,1
14,07,2,05,1,20071707,NIVEA BODY LOTION EXTRA BRIGHT SPF15 INSTANT GLOW BTL 200/190L,,337,0,PCS,,03/12/2027,T,1
14,07,2,06,1,20139083,HEAD &SHOULDERS SHAMPOO A/D MENTHOL DINGIN BTL 110L,,338,50,PCS,,18/07/2027,,1
14,08,1,01,1,20103165,MERRIES PANTS GOOD SKIN 40S  BAG SMALL/NB,,341,32,PCS,,31/10/2027,,1
14,08,1,02,1,20135246,SO SOFT DETERJEN CAIR  SWEET PEONY BTL 700 ,,342,333,PCS,,18/06/2028,S,6
14,08,2,01,1,20133704,INDOMARET BAMBOO FACIAL TISSUE 2PLY  PCK 70,,343,668,PCS,,31/10/2027,,2
14,08,2,02,1,20142565,HOT WHEELS NEON SPEEDERS 2026  PCS,,344,0,PCS,,16/06/2031,,1
14,08,2,03,1,20141975,EVANGELINE EXTRAIT DE PARFUM WONDER BOMBSHELL BTL 100,,345,0,PCS,,19/04/2028,,1
14,08,2,04,1,20142764,INDOMARET MASKER SLIM 3PLY 5S PUTIH PCK 5,,346,0,PCS,,21/07/2029,,1
14,08,2,05,1,20138023,HEAD &SHOULDERS SHAMPO + KONDISIONER 2 IN 1 SELEMBUT SUTERA BTL 160/145L,,347,318,PCS,,26/03/2027,,1
14,08,2,06,1,20143785,INDOMARET DETERGENT CAIR AUTUMN SONATA BTL 700L,,348,86,PCS,,09/03/2029,,1
14,09,1,01,1,20122879,RINSO DETERJEN LIQUID + MOLTO KOREAN STRAWBERRY PCH 510,,351,736,PCS,,09/10/2027,,2
14,09,1,02,1,20137862,CERTAINTY POPOK CELANA 8S  BAG MEDIUM,,352,28,PCS,,04/01/2028,,1
14,09,2,01,1,20134049,KODOMO BABY HAIR & BODY BATH TOP TO TOE BTL 400L,,353,242,PCS,,31/10/2027,,1
14,09,2,02,1,20141668,NORTHLAND LAYNIER PRINCESS  SERVING  PCS,,354,232,PCS,,06/03/2031,,1
14,09,2,03,1,20141727,CLOSE UP PASTA GIGI WHITE NOW PURPLE TUB 95,,355,34,PCS,,18/09/2029,,1
14,09,2,04,1,20134770,DOVE ROLL ON DEODORANT SERUM NCNMDE+COLLAGEN BTL 50L,,356,317,PCS,,18/06/2028,,1
14,09,2,05,1,20138080,STATIONARY BAKED PUSH PEN 3 MODEL  PCK,,357,223,PCS,,,I,1
14,09,2,06,1,20129938,KIKY HARD COVER EXCLUSIVE A5  PCS,,358,94,PCS,,,,1
15,01,1,01,1,20139948,SUNLIGHT PENCUCI PIRING BERRY & LIME BTL 675,,1,457,PCS,,25/03/2027,,1
15,01,1,02,1,20085113,RINSO DETERJEN POWDER + MOLTO PERFUME ESSENCE BAG 770/700,,2,144,PCS,CTN,18/09/2027,,2
15,01,2,01,1,20060392,NUVO SABUN KESEHATAN CAIR (BIRU) CARING PCH 450/400L,,3,178,PCS,CTN,18/06/2028,L,2
15,01,2,02,1,20118537,PEPSODENT PASTA GIGI WHITE  TUB 120+30,,4,67,PCS,CTN,31/10/2027,L,2
15,01,2,03,1,20110117,GLOW & LOVELY BRIGHT C GLOW FACIAL FOAM VITAMIN C TUB 100,,5,39,PCS,CTN,31/10/2027,L,2
15,01,2,04,1,20139069,SUNSILK SHAMPOO GLOSSY BLACK BTL 70L,,6,80,PCS,,28/02/2028,,1
15,01,2,05,1,20123796,CIPTADENT SIKAT GIGI DIAMOND CLEAN 3S  PCK SOFT,,7,42,PCS,BOX,31/10/2027,,2
15,01,2,06,1,20123803,FORMULA SIKAT GIGI GENIO 3S  PCK SOFT,,8,469,PCS,CTN,31/10/2027,,2
15,02,1,01,1,20115153,KODOMO BABY WIPES ANTI BACTERIAL PCK 250S,,11,31,PCS,,18/06/2028,,2
15,02,1,02,1,20045421,MAMY POKO PANTS STANDAR 24S  PCK XXL,,12,66,PCS,,31/10/2027,D,4
15,02,2,01,1,20142578,WIPOL KARBOL WANGI CEMARA BDD 2720,,13,3,PCS,,30/07/2028,,1
15,02,2,02,1,20103647,GARNIER HAIR COLOR NATURALS 7.32 GOLDEN BROWN PCK,,14,106,PCS,CTN,30/04/2027,,2
15,02,2,03,1,20076987,BAYGON INSEKTISIDA SPRAY FLOWER GARDEN KLG 225/200L,,15,12,PCS,CTN,31/10/2027,,2
15,02,2,04,1,10012742,LISTERINE MOUTHWASH ANTISEPTIC COOL MINT BTL 250L,,16,62,PCS,,18/06/2028,L,2
15,02,2,05,1,20016897,GLADE CAR FRESHENER SWEET APPLE PCK 70,,17,0,PCS,,,,2
15,02,2,06,1,10005836,FORMULA SIKAT GIGI SILVER PTOTECTOR3S DIAMOND PCK MEDIUM,,18,172,PCS,,31/10/2029,,2
15,03,1,01,1,10005246,WINGS PORCELAIN CLEANER BIRU BTL 750/700 L,,21,224,PCS,,18/06/2028,,2
15,03,1,02,1,20099414,SO KLIN SOFTERGENT POWDER PURPLE LAVENDER PCK 1.44/1.3,,22,90,PCS,,18/06/2028,L,6
15,03,2,01,1,20100027,POSH BODY SPRAY PERFUMED HIJAB CHIC GREEN BLOSSOM KLG 150L,,23,38,PCS,CTN,18/06/2028,,2
15,03,2,02,1,20139843,BELLAGIO HOMME EAU DE PARFUM BLACK SHADOW BTL 50,,24,65,PCS,,09/01/2029,,1
15,03,2,03,1,10003503,FORMULA SIKAT GIGI TRENDY 3S SOFT PCK,,25,20,PCS,CTN,31/10/2029,,2
15,03,2,04,1,20134769,POSH MEN EAU DE TOILETTE BLACK SUIT BTL 100L,,26,22,PCS,,31/10/2027,,1
15,03,2,05,1,10032483,FORMULA SIKAT GIGI PLATINUM PROTECTOR DISC EXTR.CLEAN PCS SOFT,,27,136,PCS,,31/10/2029,,2
15,03,2,06,1,20070599,SO KLIN SOFTERGENT POWDER PURPLE LAVENDER PCK 225/180 ,,28,24,PCS,,30/08/2028,,6
15,04,1,01,1,20098001,GENKI MOKO MOKO PANTS 28/26S  BAG EXTRALARGE,,31,102,PCS,CTN,31/10/2027,L,2
15,04,1,02,1,20080360,DOWNY SOFTENER MYSTIQUE PCH 600/550L,,32,175,PCS,,03/01/2028,,1
15,04,2,01,1,20046176,KAO BIORE BODY FOAM REFILL ENERGETIC COOL PCH 450/400L,,33,38,PCS,CTN,31/10/2027,,1
15,04,2,02,1,20079010,SHINZUI FACIAL WASH SKIN LIGHT/BRGHTNG  TUB 80L,,34,80,PCS,CTN,31/10/2027,L,2
15,04,2,03,1,20132372,CHARM PANTYLINERS 32S DAUN SIRIH+HRBL PCK,,35,27,PCS,,31/10/2027,,1
15,04,2,04,1,20120379,EMERON HAND & BODY LOTION LOVELY BENGKOANG BTL 500L,,36,23,PCS,CTN,31/10/2027,,1
15,04,2,05,1,20124418,VAPE OBAT NYAMUK SPRAY FUMAKILLA SWEET POWDER KLG 240/200L,,37,121,PCS,,16/09/2028,,2
15,04,2,06,1,20044874,DETTOL ANTISEPTIC WET WIPES 10S  PCK,,38,22,PCS,CTN,18/06/2028,,2
15,05,1,01,1,20009731,LAURIER PEMBALUT 22 X-TRA MAXI PCK 30S,,41,245,PCS,,20/12/2027,,1
15,05,1,02,1,20021394,MAMY POKO PANTS STANDAR 18S  PCK XXL,,42,70,PCS,,31/10/2027,,1
15,05,2,01,1,20139863,STATIONARY PANCAKE BOOK  PCS,,43,140,PCS,,,I,1
15,05,2,02,1,20000777,DETTOL BODY WASH ANTI BAKTERI FRESH PCH 410/370,,44,6,PCS,CTN,18/06/2028,,1
15,05,2,03,1,20075742,PEPSODENT SIKAT GIGI SILVER CHARCOAL  PCS SOFT,,45,57,PCS,,31/10/2034,,1
15,05,2,04,1,20048310,GARNIER MEN ACNO FIGHT SCRUB IN FOAM ANTI ACNE TUB 50L,,46,17,PCS,CTN,31/10/2027,,1
15,05,2,05,1,20139864,STATIONARY HAPPY DUCK PRESS ERASER  PCS,,47,0,PCS,,,I,1
15,05,2,06,1,20131363,HERS PROTEX COMFORT NIGHT 35 WING PCK 12S,,48,46,PCS,,31/10/2027,,2
15,06,1,01,1,10005468,PASEO FACIAL TISSUE SOFT 250S/510PLY  BAG,,51,12,PCS,,20/09/2028,,2
15,06,1,02,1,20139653,LARISST FACIAL TISSUE  PCK 2200,,52,304,PCS,,,S,4
15,06,2,01,1,10011852,HEAD &SHOULDERS SHAMPOO A/D ANTI BACTERIAL BERSIH & HARUM BTL 160/145L,,53,358,PCS,,04/04/2028,,1
15,06,2,02,1,20143275,PEPSODENT PASTA GIGI PRO CARE MULTIPROTECTION TUB 90,,54,159,PCS,,18/06/2029,,1
15,06,2,03,1,20125158,ROMANO EAU DE PARFUM GRANDIOSE BTL 100 L,,55,32,PCS,,31/10/2027,,1
15,06,2,04,1,20077498,VASELINE REPAIRING JELLY  POT 50L,,56,135,PCS,,31/10/2027,L,3
15,06,2,05,1,20139049,BARBIE CHARM AND BRACELET JML5  PCS,,57,30,PCS,,,,1
15,06,2,06,1,20031235,WHISKAS JUNIOR CAT FOOD KITTEN TUNA PCK 85/80,,58,60,PCS,,12/09/2027,,4
15,07,1,01,1,20140807,BRAVEN EXTRAIT DE PARFUM AQUA BTL 100,,61,313,PCS,,01/05/2031,,1
15,07,1,02,1,20093913,LIFREE PANTS LIGHT 8S  BAG LARGE,,62,81,PCS,,31/10/2027,,1
15,07,2,01,1,20142128,DOVE ROLL ON DEODORANT SERUM NCNMDE VIT CE BTL 45,,63,15,PCS,,26/05/2028,,1
15,07,2,02,1,20053295,JOHNSONS BABY COLOGNE HAPPY BERRIES BTL 100 L,,64,18,PCS,CTN,18/06/2028,,1
15,07,2,03,1,20015040,HARPIC PEMBERSIH KLOSET TRIPLE ACTION /POWER BTL 450L,,65,137,PCS,,18/06/2028,,1
15,07,2,04,1,20131721,SCARLETT FRAGRANCE BRIGHT.BODY LOTION CHARMING BTL 180L,,66,140,PCS,CTN,18/06/2028,,1
15,07,2,05,1,20104951,ROYALE HIJAB SOFTENER BLACK VELVET PCH 650/600L,,67,17,PCS,,17/09/2028,,1
15,07,2,06,1,20105698,ZWITSAL KIDS BUBBLE BATH CLEAN & FRESH BTL 280L,,68,69,PCS,,18/06/2028,,1
15,08,1,01,1,20106045,CAT CHOIZE PLUS ADULT CAT FOOD TUNA & SALMON PCK 500,,71,234,PCS,,16/03/2027,L,2
15,08,1,02,1,20133798,SO KLIN DETERGENT LIQUID NATURE ENGLISH ROSE BTL 720/700L,,72,113,PCS,,07/03/2027,,2
15,08,2,01,1,20141731,POSH EAU DE PARFUME DREAM CHASER BTL 50,,73,276,PCS,,03/03/2029,,1
15,08,2,02,1,20097527,PUCELLE EAU DE LUXE COLOGNE DAINTY BTL 100L,,74,50,PCS,CTN,31/10/2027,,1
15,08,2,03,1,20137253,BRAVEN EAU DE PARFUM FOR MEN COOL WATER BTL 100L,,75,86,PCS,,07/03/2030,,2
15,08,2,04,1,20137635,KODOMO KIDS 2IN1 HAIR & BODY MINION TROPICAL FRUITS BTL 300L,,76,41,PCS,,10/02/2028,,1
15,08,2,05,1,20049429,WARDAH LIGHTENING DAY CREAM  TUB 20,,77,0,PCS,,05/03/2029,T,1
15,08,2,06,1,20038203,ENZIM PASTA GIGI 40 PLUS  TUB 124,,78,52,PCS,,31/10/2027,,1
15,09,1,01,1,20014403,BAYCLIN PEMUTIH PAKAIAN REGULER BTL 1000L,,81,4,PCS,,03/03/2027,,1
15,09,1,02,1,20090167,CHARM PEMBALUT EXTRA COMFORT 23 MAXI WING PCK 18S,,82,138,PCS,,21/08/2027,,1
15,09,2,01,1,20130071,AMARA BEAUTY BAG MAKE UP KIT ASSORTED BOX,,83,104,PCS,,30/08/2027,L,1
15,09,2,02,1,10015526,BAYGON INSEKTISIDA SPRAY SILKY LAVENDER KLG 750L,,84,40,PCS,,08/09/2029,,1
15,09,2,03,1,20030179,NIVEA BODY LOTION INTENSIVE MOISTURE 5IN1 COMPL.CARE BTL 200/190L,,85,129,PCS,,17/11/2027,,1
15,09,2,04,1,20138844,GATSBY POWDER CLAY UNBR.SMOOTH BTL 20,,86,98,PCS,,29/06/2028,,1
15,09,2,05,1,20113219,GARNIER MICELLAR CLEANSING WATER VITAMIN C BTL 125L,,87,0,PCS,,09/01/2029,,1
15,09,2,06,1,20008843,INDOMARET HANDUK MANDI POLOS  PCS 70X135,,88,51,PCS,,,,1
16,01,1,01,1,10004034,VIXAL PEMBERSIH KAMAR MANDI EKTRA KUAT BTL 750L/720,,91,354,PCS,,30/11/2027,L,2
16,01,1,02,1,20091792,CHARM PEMBALUT COOLING FRESH 23 WING PCK 16/15S,,92,511,PCS,CTN,31/10/2027,,2
16,01,2,01,1,20060393,NUVO SABUN KESEHATAN CAIR CLASSIC PCH 400L/400,,93,112,PCS,,18/06/2028,L,4
16,01,2,02,1,20135211,ZEN ANTI BACTERIAL BODY WASH SHISO JUNIPR BR PCH 400/380L,,94,238,PCS,,09/09/2028,,1
16,01,2,03,1,20034716,SHINZUI SABUN MANDI SKIN LIGHTENING KENSHO BAR 85/80,,95,45,PCS,CTN,31/01/2028,,2
16,01,2,04,1,10028739,VIVA MILK CLEANSER BENGKOANG BTL 100L,,96,416,PCS,CTN,31/10/2027,,2
16,01,2,05,1,10014567,LAURIER PANTY LINERS 40S CLEANFRESH NON PARFUMED PCK,,97,10,PCS,,31/10/2027,,2
16,01,2,06,1,20140418,SOFTEX PEMBALUT GRAVITY 23  PCK 20S,,98,76,PCS,,27/11/2028,,1
16,02,1,01,1,20035278,CHARM PEMBALUT BODY FIT 23 EXTRA MAXI PCK 30S,,101,85,PCS,,31/10/2027,,2
16,02,1,02,1,20052031,MAMA LIME LIQUID PENCUCI PIRING GREEN TEA PCH 690/650 ,,102,32,PCS,,08/09/2029,,6
16,02,2,01,1,10040202,SOFFELL LOTION ANTI NYAMUK KULIT JERUK BTL 80/60,,103,464,PCS,,18/06/2028,,2
16,02,2,02,1,20135458,KAHF FACE WASH SCRUB ACNE&PORE CLNSE TUB 100L,,104,109,PCS,,04/03/2028,,1
16,02,2,03,1,10000279,SWALLOW TOILET COLOUR BALL S-109 (5S)  PCK,,105,56,PCS,LSN,31/10/2029,L,2
16,02,2,04,1,20136021,GATSBY FIBER POMADE GLOSSY FINISH POT 80,,106,0,PCS,,31/10/2027,,1
16,02,2,05,1,20073514,GIV BODY WASH FLOWER & BERRY PCH 450/400L,,107,78,PCS,,18/06/2028,,2
16,02,2,06,1,20115501,KODOMO PASTA GIGI ANAK-ANAK MIXED BERRY TUB 45,,108,408,PCS,,09/10/2027,,2
16,03,1,01,1,20065462,CONFIDENCE ADULT DIAPERS CLASIC NIGHT 6S  BAG EXTRALARGE,,111,83,PCS,,20/12/2027,L,2
16,03,1,02,1,20063288,PASEO FACIAL TISSUE PURE SOFT 3PLY  PCK 130S,,112,13,PCS,,02/12/2029,,2
16,03,2,01,1,20034274,GARNIER MEN TURBO LIGHT OIL CONTROL ICY SCRUB TUB 100L,,113,167,PCS,CTN,31/10/2027,,1
16,03,2,02,1,20141345,LARISST SABUN PENCUCI PIRING JERUK NIPIS PCH 650L,,114,167,PCS,,01/04/2029,,1
16,03,2,03,1,20128711,AUTAN LOTION ANTI NYAMUK JERUK & LEMON TUB 50L,,115,146,PCS,CTN,31/10/2027,,1
16,03,2,04,1,20098513,ZEBRA OBAT NYAMUK BAKAR (5S) JUMBO BOX 140,,116,150,PCS,,,,1
16,03,2,05,1,20116823,CIPTADENT PASTA GIGI MAXI 12 PLUS JUMBO FRESHMINT TUB 225,,117,26,PCS,,08/09/2029,,2
16,03,2,06,1,20018697,DETTOL SABUN MANDI ANTI BAKTERI ORIGINAL BAR 105/100,,118,89,PCS,,26/07/2027,,2
16,04,1,01,1,20083937,SWEETY SILVER MAX PROTECION PANTS 24S BAG EXTRALARGE,,121,36,PCS,CTN,31/10/2027,,1
16,04,1,02,1,20139595,MOLTO PELICIN &PEWANGI PAKAIAN TRIKA  BDD 3300L,,122,50,PCS,,29/07/2029,,2
16,04,2,01,1,20100794,EVANGELINE EAU DE PARFUM BLACK SAKURA BTL 100L,,123,156,PCS,,04/07/2029,,1
16,04,2,02,1,20078101,EMERON HAIR VITAMIN (PINK) SOFT & SMOOTH PCK 6X1L,,124,337,PCS,CTN,31/10/2027,,2
16,04,2,03,1,10013360,KAO BIORE BODY FOAM REFILL PURE MILD PCH 450/400L,,125,50,PCS,CTN,17/09/2029,,1
16,04,2,04,1,20092190,POSH BODY SPRAY PERFUMED RED EXTREME KLG 150L,,126,51,PCS,,31/10/2027,,1
16,04,2,05,1,20134800,WARDAH ACNEDERM MICELLAR WATER ACNE CARE BTL 100L,,127,0,PCS,,09/01/2029,T,1
16,04,2,06,1,20120923,K NATURAL WHITE BRIGHTENING BODY WASH SPRKLG.MAGNOLIA PCH 420/400L,,128,108,PCS,CTN,18/06/2028,,2
16,05,1,01,1,20071827,RINSO DETERJEN POWDER + MOLTO ROSE FRESH BAG 770/700,,131,130,PCS,CTN,24/04/2027,,2
16,05,1,02,1,20001407,INDOMARET PEMBERSIH LANTAI LAVENDER PCH 800L,,132,43,PCS,,17/09/2028,,2
16,05,2,01,1,20126940,KITTIE BITTIE CAT FOOD SALMON PCK 120,,133,47,PCS,CTN,07/02/2027,,1
16,05,2,02,1,20138333,PUCELLE EAU DE LUXE PARFUM THE SIGMA BTL 50L,,134,25,PCS,,20/05/2028,,1
16,05,2,03,1,20141673,NORTHLAND DIECAST-RACING CRAZY DCABIN  PCS,,135,113,PCS,,06/03/2031,,1
16,05,2,04,1,20059788,POSH BODY SPRAY PERFUMED BLAZE PINK KLG 150L,,136,150,PCS,,31/10/2027,,1
16,05,2,05,1,20131224,BARAKAT PASTA GIGI HALAL SIWAK&GREEN TEA TUB 190,,137,17,PCS,CTN,17/09/2029,,1
16,05,2,06,1,20041266,PEPSODENT PASTA GIGI ACTION 123 COMPLETE  TUB 190,,138,37,PCS,,31/10/2027,,1
16,06,1,01,1,20130527,KAO ATTACK DETERGENT POWDER JAZ1+SOFTENER ROSE BERRY BAG 1.4/1.2 ,,141,156,PCS,,31/10/2027,L,2
16,06,1,02,1,10004048,PEPSODENT PASTA GIGI WHITE  TUB 72/70 ,,142,172,PCS,,12/06/2029,L,12
16,06,2,01,1,20143803,GLOWSOPHY BRIGHTENING MOISTURIZER WATERMELON BTL 100L,,143,288,PCS,,05/08/2029,,1
16,06,2,02,1,20111611,GARNIER HAIR COLOR NATURALS 6.64 MERAH BERRY PCK,,144,391,PCS,CTN,30/04/2027,,1
16,06,2,03,1,20137605,KAHF ANTI PERSPIRANT DEODORANT CLEAN FRESH BTL 45L,,145,58,PCS,,26/02/2028,,1
16,06,2,04,1,20139050,EMINA WATER UV GEL SPF 50 PA++++  PCS 25L,,146,167,PCS,,22/07/2028,,1
16,06,2,05,1,20090400,KODOMO BODY WASH STRAWBERRY BTL 200L,,147,224,PCS,CTN,18/06/2028,,1
16,06,2,06,1,20124850,VAPE OBAT NYAMUK SPRAY FUMAKILLA SWEET POWDER KLG 600L,,148,1,PCS,,18/06/2028,L,2
16,07,1,01,1,20139328,HAPPILY ADULT PANTS MEDIUM BAG 10S,,151,0,PCS,,29/07/2029,L,2
16,07,1,02,1,20060386,GIV BODY WASH GLOWING WHITE MULBERY&COLAGEN PCH 450/400L,,152,527,PCS,,17/09/2028,L,2
16,07,2,01,1,20135778,CUSSONS BABY HAIR & BODY WASH DEEP MOISTURE PCH 375L,,153,8,PCS,,31/12/2027,,1
16,07,2,02,1,20139452,NIVEA BODY SERUM EXTRA BRIGHT SUPER C TUB 70L,,154,113,PCS,,19/02/2028,T,1
16,07,2,03,1,20089486,INDOMARET KARBOL SEREH CITRONELLA OIL PCH 800/650L,,155,53,PCS,,23/09/2028,,1
16,07,2,04,1,20132056,TROLLS BAND TOGETHER FIGURE ASSORTMENT BOX,,156,0,PCS,,,I,1
16,07,2,05,1,20110145,VAPE OBAT NYAMUK BAKAR FUMAKILLA 5S LOW SMOKE BOX,,157,18,PCS,,01/06/2028,,2
16,07,2,06,1,20143425,LUX BODY WASH HIJAB SERIES LVENDR CHAMOMIE PCH 350,,158,34,PCS,,17/02/2029,,1
16,08,1,01,1,20113354,SWEETY BRONZE COMFORT DIAPERS 44S  BAG NEW BORN,,161,74,PCS,,20/12/2027,L,2
16,08,1,02,1,20143927,INDOMARET ADULT DIAPERS HAPPY PANTS 3IN1 M PCK 8,,162,152,PCS,,08/09/2029,,1
16,08,2,01,1,20091432,CLEAR SHAMPOO ANTI DANDRUFF MENTHOL SEGAR BTL 300L,,163,60,PCS,CTN,30/04/2027,,1
16,08,2,02,1,,,,164,0,PCS,,,,
16,08,2,03,1,20139566,MY BABY KIDS HAIR & BODY WASH HEALTHY FRESH BTL 280,,165,123,PCS,,12/06/2028,,1
16,08,2,04,1,20141372,GENTLE GEN DETERJEN CAIR LILAC BLOOM BTL 700,,166,0,PCS,,10/02/2028,S,2
16,08,2,05,1,20132254,WIKI INDOMARET UNIFORM BRICK SERIES ASSORTMENT PCK,,167,0,PCS,,,I,1
16,08,2,06,1,20096787,CITRA FRESH GLOW MULTIFUNCTION GEL ALOE VERA TUB 180L,,168,70,PCS,,18/06/2028,,1
16,09,1,01,1,20099420,SO KLIN DETERGENT LIQUID VIOLET BLOSSOM PCH 1650/1450,,171,52,PCS,,29/07/2028,,1
16,09,1,02,1,20113093,ROYALE SOFTENER SUNNY DAY PCH 680/600L,,172,527,PCS,,26/05/2027,,2
16,09,2,01,1,20135026,PONDS MICELLAR MIRACEL WATER BRIGHTENING  BTL 55L,,173,0,PCS,,13/07/2029,T,1
16,09,2,02,1,20134326,SCARLETT ULTRA LIGHT DAILY SUNSCREEN SPF 50 PA+++ TUB 30L,,174,37,PCS,,31/10/2027,,1
16,09,2,03,1,20140970,SHINZUI BODY SCRUB SKIN LIGHTENING SAKURA POT 200,,175,96,PCS,,29/12/2028,,1
16,09,2,04,1,20141711,NORTHLAND DIECASTOFF ROAD VEHICLE  PCS,,176,280,PCS,,06/03/2031,,1
16,09,2,05,1,20091428,CLEAR MEN SHAMPOO A/D MNTHOL FRSH ACTVE/ COOL SPORT BTL 160L,,177,495,PCS,,12/08/2028,,1
16,09,2,06,1,20140790,NIVEA LIP & CHEEK CARING COLOR CORAL PCS 4.8,,178,297,PCS,,16/09/2029,,1
17,01,1,01,1,10004068,MAMA LIME LIQUID PENCUCI PIRING LIME&MNRAL SALT PCH 690/650 ,,1,94,PCS,CTN,31/10/2027,,6
17,01,1,02,1,20108418,SO KLIN PEWANGI PAKAIAN HIJAB REFILL GREEN PCH 800/780L,,2,577,PCS,CTN,18/06/2028,,6
17,01,2,01,1,20081895,SOFTEX PANTY LINERS DAUN SIRIH 18 LONGER & WIDER PCK 30S,,3,77,PCS,,31/10/2027,,2
17,01,2,02,1,20095746,HARPIC PEMBERSIH KLOSET PENGHANCUR KERAK CITRUS BTL 450/405L,,4,24,PCS,,18/06/2028,,1
17,01,2,03,1,20135853,GATSBY EAU DE PARFUM BLUE AIR CODE BTL 75L,,5,30,PCS,,31/12/2027,,1
17,01,2,04,1,20131285,PUCELLE EAU DE LUXE PARFUM THE STUNNER BTL 50L,,6,149,PCS,,31/10/2027,,1
17,01,2,05,1,20140082,VIVA BRIGHT FACIAL FOAM ACNE CARE TUB 100L,,7,32,PCS,,01/09/2028,,1
17,01,2,06,1,20036892,INDOMARET SIKAT GIGI ULTRA SENSITIVE 1S SOFT PCS,,8,494,PCS,CTN,31/10/2029,,2
17,02,1,01,1,20039728,SHINZUI BODY CLEANSER SKIN LIGHTENING KIREI PCH 400/380L,,11,0,PCS,CTN,31/10/2027,S,4
17,02,1,02,1,20007307,LAURIER PEMBALUT 22 X-TRA MAXI PCK 10S,,12,804,PCS,CTN,31/10/2027,,2
17,02,2,01,1,20142475,NCO EXTRAIT DE PARFUM CHARME BTL 40 L,,13,70,PCS,,05/02/2029,,1
17,02,2,02,1,20122854,GARNIER ULTRA COLOR ASH BLONDE PCK 30L,,14,179,PCS,CTN,31/10/2027,L,2
17,02,2,03,1,20038958,GLOW & LOVELY MLTVTMN CREAM/DRM GLW (95385)  TUB 25/23,,15,190,PCS,CTN,18/06/2028,,1
17,02,2,04,1,20057868,DETTOL SABUN MANDI ANTI BAKTERI LASTING FRESH BAR 105/100,,16,164,PCS,CTN,18/06/2028,,2
17,02,2,05,1,20128963,KOJIESAN SKIN LIGHTENING SOAP WITH HYDROMOIST BAR 65,,17,212,PCS,,18/06/2028,,1
17,02,2,06,1,20135402,KODOMO TOOTHBRUSH KIDS FLEXY PCS,,18,22,PCS,,20/12/2027,,1
17,03,1,01,1,10031961,CHARM PEMBALUT BODY FIT 23 EXT.MAXI N/WING PCK 10S,,21,246,PCS,,31/10/2027,,1
17,03,1,02,1,20064414,KAO ATTACK DETERGENT POWDER JAZ 1 PESONA SEGAR BAG 1.4/1.3 ,,22,156,PCS,,20/09/2028,,2
17,03,2,01,1,20055262,STELLA DAILY FRESHNESS INDOOR DREAM PCS 7L,,23,45,PCS,,,,1
17,03,2,02,1,20013924,MIRANDA HAIR COLOR NATURAL BLACK BOX 30L2,,24,400,PCS,CTN,30/04/2027,,2
17,03,2,03,1,20142344,WHITE INC ALPHA GLOWHITE BODY LOTION  TUB 180L,,25,261,PCS,,10/06/2028,,1
17,03,2,04,1,20134680,LIFEBUOY SHAMPOO ANTI KETOMBE MENTHOL DINGIN BTL 170L,,26,164,PCS,,11/06/2027,,1
17,03,2,05,1,20088376,NIVEA DEO ROLL ON MEN DEEP BTL 50L,,27,436,PCS,,03/12/2027,,1
17,03,2,06,1,20062314,REXONA DEODORANT ROLL ON WOMEN SHOWER CLEAN BTL 45L,,28,62,PCS,,18/06/2028,,1
17,04,1,01,1,20067585,SO KLIN DETERGENT LIQUID SCARLET BLOSSOM PCH 720/700 ,,31,328,PCS,,20/09/2027,,2
17,04,1,02,1,20106051,SOFTEX PEMBALUT DAUN SIRIH 23 WING PCK 30S,,32,292,PCS,,31/10/2027,,2
17,04,2,01,1,10013751,NATUR HAIR TONIC GINGSENG BTL 90L,,33,261,PCS,,20/06/2027,,1
17,04,2,02,1,20095132,GARNIER HAIR COLOR NATURALS 6.62 CRANBERRY RED PCK,,34,61,PCS,CTN,30/04/2027,,1
17,04,2,03,1,20131644,REXONA DEO LOTION WOMEN FREE SPIRIT TUB 45,,35,281,PCS,,18/06/2028,,1
17,04,2,04,1,20140429,CHARM PEMBALUT SAFE NIGHT 29 DAUN SIRIH PCK 17S,,36,154,PCS,,27/11/2028,,1
17,04,2,05,1,20136213,SHINZUI BODY CLEANSER SKIN LIGHTENING SAKURA PCH 725 L,,37,19,PCS,,22/01/2029,,1
17,04,2,06,1,20022015,FORMULA SIKAT GIGI DISCOVERY 3S EXTREME CLEAN PCK,,38,148,PCS,CTN,31/10/2029,,1
17,05,1,01,1,20027166,INDOMARET FACIAL TISSUE 220S NON PERFUMED PCK,,41,99,PCS,,18/05/2028,L,3
17,05,1,02,1,20114622,SELECTION KAPAS SPECIAL TIPIS  PCK 60,,42,300,PCS,,31/10/2029,L,2
17,05,2,01,1,20130339,CALIFORNIA SCNT AIR FRESHENER NEWPORT NEW CAR PCS,,43,0,PCS,,07/03/2035,,1
17,05,2,02,1,20090906,BELLAGIO HOMME POMADE MODERN LUX  POT 80,,44,0,PCS,CTN,31/10/2027,,1
17,05,2,03,1,20129838,K NATURAL WHITE BRIGHTENING+ANTIBACT BODY WASH JEJU LEMON PCH 400L,,45,23,PCS,CTN,18/06/2028,,1
17,05,2,04,1,20080927,KAO BIORE BODY FOAM REFILL CHERRY SAKURA PCH 450/400L,,46,69,PCS,CTN,18/06/2028,,1
17,05,2,05,1,20000765,CLEAN & CLEAR FOAMING FACIAL WASH  BTL 50L,,47,118,PCS,CTN,31/10/2027,T,1
17,05,2,06,1,20130478,DO RE MI KIDS COLOGNE BOBOIBOY GLACIER BTL 100L,,48,44,PCS,,31/10/2027,,1
17,06,1,01,1,20139728,SUNLIGHT PENCUCI PIRING BIOCARE NATURE BLUEBERRIES PCH 870,,51,127,PCS,,09/10/2027,,2
17,06,1,02,1,20048563,LAURIER PEMBALUT WANITA RLX NIGHT 40 WITH GATHERS WG PCK 8S,,52,304,PCS,,31/10/2027,,1
17,06,2,01,1,20128894,KAO BIORE BODY FOAM REFILL BRIGHT LILAC PCH 400L,,53,22,PCS,CTN,18/06/2028,,2
17,06,2,02,1,20142127,POSH BODY SPRAY PERFUMED KUROMI PURPLE POP BTL 150,,54,101,PCS,,24/02/2029,,1
17,06,2,03,1,20093521,RINSO DETERJEN POWDER ANTI NODA PERFUME ESSENCE BAG 1.8/1440,,55,98,PCS,CTN,03/03/2028,,2
17,06,2,04,1,20111564,MATCHBOX MOVING PARTS FWD 28  PCS,,56,52,PCS,,,,1
17,06,2,05,1,20138904,KAHF AMINOGEL FACE WASH BRIGHT REVITLZG TUB 100L,,57,77,PCS,,12/09/2028,L,2
17,06,2,06,1,20141681,NORTHLAND BRICKS SUPER CAR EGG  PCS,,58,218,PCS,,06/03/2031,,1
17,07,1,01,1,20141928,MAKARIZO HAIR & SCALP CREAMBATH FIBER/T ROYAL JELLY TUB 100,,61,187,PCS,,15/07/2029,,1
17,07,1,02,1,20114105,CHARM PEMBALUT COOLING FRESH 42  PCK 6S,,62,408,PCS,,31/10/2027,,2
17,07,2,01,1,20142611,INDOMARET WET TISSUE ALCOHOL 75% FOOD GRADE BDD 210S,,63,1,PCS,,28/06/2028,,1
17,07,2,02,1,20135485,STELLA AIR FRESHENER MATIC REFILL BALINESE JASMNE KLG 160L,,64,3,PCS,,31/10/2027,,1
17,07,2,03,1,20139778,SYSTEMA SIKAT GIGI NINE DEGREE 3S SENSITIVE PCK SOFT,,65,119,PCS,,08/09/2031,,1
17,07,2,04,1,20142010,ROYALE SOFTENER MATCHA BLOSSOM PCH 600,,66,88,PCS,,04/05/2028,,1
17,07,2,05,1,20129014,MORRIS EAU DE PARFUM PURE ROMANTIC BTL 100L,,67,84,PCS,,31/10/2029,,1
17,07,2,06,1,20108465,DARLIE PASTA GIGI DOUBLE ACTION FRESH CLEAN TUB 150+25,,68,178,PCS,CTN,31/10/2027,,1
17,08,1,01,1,20131365,HIT INSEKTISIDA SPRAY JAPANESE SAKURA KLG 600/600+50,,71,262,PCS,,31/10/2027,,1
17,08,1,02,1,10004610,SOS PEMBERSIH LANTAI REFILL APPLE PCH 725/700L,,72,162,PCS,,17/09/2028,,2
17,08,2,01,1,10000482,SWALLOW KAMPER DEODORIZER BALL S-105  PCK,,73,46,PCS,LSN,31/10/2029,,1
17,08,2,02,1,10003813,EKONOMI SABUN CREAM REFFIL (EL-900K) LEMON PCK 400/380,,74,115,PCS,,10/06/2027,,2
17,08,2,03,1,20117628,WHISKAS TASTY MIX CAT FOOD 1+ TUNA KANIKAMA PCH 70,,75,262,PCS,,17/05/2028,,1
17,08,2,04,1,20137698,GINZA MOUSSE CLEANSER BRIGHTENING BTL 110L,,76,162,PCS,,07/03/2028,,1
17,08,2,05,1,20111567,KAGUMI DEO SCENT COFFEE PCS,,77,35,PCS,BOX,,,1
17,08,2,06,1,20115744,PUCELLE AUDACITY LE PARFUM VALOROUS BTL 50L,,78,40,PCS,CTN,18/06/2028,,1
17,09,1,01,1,20135247,BAYGON MAX INSEKTISIDA SPRAY ANTI NYAMUK FLORAL FANTASY KLG 500L,,81,0,PCS,,04/04/2028,V,1
17,09,1,02,1,20023111,SOS KARBOL WANGI ANTIBACTERIAL REF CLASSIC PINE PCH 750/725L,,82,24,PCS,,18/06/2028,,1
17,09,2,01,1,20141940,GLAD2GLOW SERUM FACIAL WASH GLYCOLIC ACID TUB 70,,83,3,PCS,,19/04/2029,,1
17,09,2,02,1,20134674,PLAY DOH ESSENTIAL COLORS 10S  BOX,,84,0,PCS,,,,1
17,09,2,03,1,20141935,PANTENE SHAMPOO MIRACLE BIOTIN STRENGTH BTL 145,,85,56,PCS,,19/04/2029,,1
17,09,2,04,1,20082446,MAMY POKO BABY WIPES AIR MURNI FRAGRANCE BDD 250,,86,54,PCS,,24/08/2028,,1
17,09,2,05,1,20138347,GLOW SUNSCREEN BRIGHT UV DUO SPF 50 TUB 15,,87,218,PCS,,20/05/2027,,1
17,09,2,06,1,20138684,SCORA D-PANTHENOL BARRIER SHIELD MOISTURIZER POT 40L,,88,27,PCS,,22/09/2028,,1
18,01,1,01,1,20115959,GENTLE GEN DETERJEN CAIR SILK ROSE / FRENCH PEONY BTL 750/700L,,91,0,PCS,,18/06/2028,S,6
18,01,1,02,1,20120180,SO SOFT DETERJEN CAIR NATURE FRESH/ ROSE&WATERLILY BTL 700 ,,92,324,PCS,,18/06/2028,L,6
18,01,2,01,1,20090918,SOFTEX PANTY LINERS DAUN SIRIH 20S NON PERFUME PCK,,93,98,PCS,CTN,31/10/2027,,2
18,01,2,02,1,20134373,STELLA AIR FRESHENER ELCTRIC ALAT+REF  BOX,,94,17,PCS,,18/06/2028,,1
18,01,2,03,1,10003569,CLOSE UP PASTA GIGI GEL GREEN EVER FRESH TUB 160,,95,312,PCS,,31/10/2027,S,12
18,01,2,04,1,10003336,EMERON SHAMPOO NUTRITIVE BLACK & SHINE BTL 170L,,96,34,PCS,CRT,18/06/2028,,2
18,01,2,05,1,20026410,INDOMARET LAP MOBIL TABUNG TRANSPARANT  PCS,,97,181,PCS,,,,1
18,01,2,06,1,20140426,REXONA WHOLE BODY DEO FROZEN ENGLISH TUB 50,,98,201,PCS,,29/12/2027,,1
18,02,1,01,1,20131278,INDOMARET MASKER DUCKBILL 5PLY PUTIH PCK 4,,101,0,PCS,,31/05/2029,,2
18,02,1,02,1,20114428,SO KLIN DETERGENT LIQUID KOREAN CAMELIA PCH 525/510 ,,102,250,PCS,,19/06/2027,,2
18,02,2,01,1,20132102,VASELINE HIJAB PROTECT GLUTA VITAMIN SPF 20 SERUM TUB 180L,,103,93,PCS,,04/07/2028,V,1
18,02,2,02,1,20141373,RINSO DETERGENT CAIR QUICK WASH POWER CLEAN BTL 650,,104,204,PCS,,10/03/2028,,2
18,02,2,03,1,10036357,CASABLANCA DEODORANT ANTI-PERSPIRANT R/O MEN BLUE BTL 50L,,105,167,PCS,CTN,31/10/2027,,2
18,02,2,04,1,20010383,LIFEBUOY SHAMPOO ANTI DANDRUFF BTL 340L,,106,48,PCS,,20/06/2027,,1
18,02,2,05,1,20144230,CHARM PEMBALUT DAUN SIRIH MAXI 24S  PCK 23,,107,3,PCS,,27/09/2029,,1
18,02,2,06,1,20067203,PONDS PEMBERSIH WJH FACIAL FOAM PURE BRIGHT/CHARCOAL TUB 50,,108,219,PCS,,10/12/2027,,1
18,03,1,01,1,10004032,VIXAL PEMBERSIH KAMAR MANDI KUAT HARUM BTL 720/700 ,,111,32,PCS,,30/11/2027,,2
18,03,1,02,1,20137793,RINSO DETERJEN LIQUID   MOLTO ROSE FRESH PCH 510,,112,250,PCS,,17/09/2028,,2
18,03,2,01,1,20030445,VAPE OBAT NYAMUK SPRAY 1 X SEMPROT ORANGE KLG 10L,,113,130,PCS,,18/06/2028,L,2
18,03,2,02,1,20005532,ELLIPS HAIR VITAMIN (PINK) HAIR TREATMENT PCK 6X1L,,114,0,PCS,CTN,31/10/2027,,2
18,03,2,03,1,20113111,KAO BIORE FACIAL FOAM MENS BRIGHT OIL CLEAR TUB 100,,115,242,PCS,CTN,31/10/2027,,1
18,03,2,04,1,20011060,SARI AYU FACIAL FOAM PUTIH LANGSAT TUB 75,,116,194,PCS,,31/10/2027,,1
18,03,2,05,1,10004107,KODOMO PASTA GIGI ANAK-ANAK STRAWBERRY TUB 45,,117,19,PCS,,05/12/2027,,1
18,03,2,06,1,20129702,LERVIA SABUN SUSU CAIR HONEY / JOJOBA PCH 400L/400,,118,1426,PCS,,11/07/2028,,2
18,04,1,01,1,20129370,MOLTO PELEMBUT & PEWANGI PAKAIAN REF MORNING FRESH PCH 650/550L,,121,197,PCS,,03/03/2027,,2
18,04,1,02,1,20099791,SELECTION ROUND KAPAS 80S  PCK,,122,112,PCS,,31/10/2027,L,2
18,04,2,01,1,20142118,BARBER DAILY STRONG COMPOUND POMADE  POT 75,,123,15,PCS,,21/03/2029,,1
18,04,2,02,1,20141939,GLAD2GLOW SERUM FACIAL WASH NIACINAMIDE TUB 70,,124,64,PCS,,10/04/2029,,1
18,04,2,03,1,20134634,EVANGELINE EAU DE PARFUM BABY POWDER BTL 100L,,125,42,PCS,,31/10/2029,,1
18,04,2,04,1,20121430,SLEEK PENCUCI BOTOLDOT&PERLENGKAPAN BAYI BTL 150L,,126,121,PCS,CTN,31/10/2027,,1
18,04,2,05,1,20116482,VIVA PENYEGAR AIR MAWAR BTL 200L,,127,116,PCS,,17/09/2028,,1
18,04,2,06,1,20062308,REXONA DEODORANT ROLL ON MEN SPORT DEFENCE BTL 45L,,128,16,PCS,CTN,18/06/2028,,2
18,05,1,01,1,20121396,MAMY POKO BABY PANTS SKIN COMFORT 32+2S  BAG MEDIUM,,131,22,PCS,,31/10/2027,,1
18,05,1,02,1,20112492,SUNLIGHT PENCUCI PIRING JERUK NIPIS PCH 420L/400,,132,433,PCS,,21/08/2027,,6
18,05,2,01,1,20141671,NORTHLAND GIRLS LOVELY GIRLS IN CAGE  PCS,,133,123,PCS,,06/03/2031,,1
18,05,2,02,1,20092849,SOFTEX CELANA MENSTRUASI 2S  PCK M-L,,134,20,PCS,CTN,31/10/2027,,2
18,05,2,03,1,20100915,GATSBY EAU DE TOILETTE WHITE UP SKY REFLECTION BTL 50L,,135,0,PCS,CTN,18/06/2028,T,1
18,05,2,04,1,20139844,BELLAGIO HOMME EAU DE PARFUM DARKER BLUE BTL 50,,136,393,PCS,,23/10/2028,,1
18,05,2,05,1,20131223,SO KLIN PEMBERSIH LANTAI REFILL CITRUS GARDEN PCH 700L,,137,161,PCS,CTN,18/06/2028,,2
18,05,2,06,1,10027090,SENSODYNE PASTA GIGI COOL GEL TUB 100,,138,271,PCS,LSN,29/06/2027,,1
18,06,1,01,1,20054151,HIT INSEKTISIDA SPRAY LILY BLOSSOM KLG 600/600+50,,141,546,PCS,,31/10/2027,L,2
18,06,1,02,1,20119730,HERS PROTEX DAILY COMFORT NGT 30 CINNAMOROLL PCK 24S,,142,1,PCS,,08/08/2028,,2
18,06,2,01,1,10037275,SWALLOW KAMPER BUTIR S-113 PUTIH PCK 300,,143,8,PCS,CTN,31/10/2029,,1
18,06,2,02,1,20141717,NORTHLAND BRICKS ANIMAL RANDOM BAG  PCS,,144,229,PCS,,06/03/2031,,1
18,06,2,03,1,20106672,WARDAH LIGHT+LOW PH NANO NIACINAMIDE F.FOAM WHIP TUB 100L,,145,216,PCS,,18/06/2028,,1
18,06,2,04,1,20128695,BIO CREAMY TUNA PCK 415,,146,54,PCS,CTN,17/01/2028,,1
18,06,2,05,1,20123451,EMINA SUN BATTLE/BRIGHT GLOW SPF 35 PA+++ TUB 20L,,147,223,PCS,,31/10/2027,,1
18,06,2,06,1,20103680,GATSBY EAU DE TOILETTE WHITE UP BLANC WOOD BTL 50L,,148,157,PCS,CTN,18/06/2028,,1
18,07,1,01,1,20135144,SUNLIGHT PENCUCI PIRING REF BIOCARE NATURE PCH 600L/600,,151,225,PCS,,18/06/2028,,2
18,07,1,02,1,20049293,PASEO KITCHEN TOWEL TISSUE 70S  ROL,,152,83,PCS,,15/05/2028,,1
18,07,2,01,1,20138272,LARISST BABY WIPES SWEET BLOSSOM BDD 250,,153,38,PCS,,13/07/2028,,2
18,07,2,02,1,10037228,BAYCLIN PEMUTIH PAKAIAN REGULER BTL 200 L,,154,144,PCS,,20/09/2027,,6
18,07,2,03,1,20135858,FRES & NATURAL EAU DE TOILETTE OCEAN SECRET BTL 100L,,155,140,PCS,,31/10/2027,,1
18,07,2,04,1,20121459,PUCELLE EAU DE LUXE COLOGNE LUCENT BTL 100L,,156,299,PCS,CTN,31/10/2027,,1
18,07,2,05,1,20093143,PANTENE CONDITIONER TANPA BILAS PERFECT ON PCS 40L,,157,269,PCS,,23/04/2028,,1
18,07,2,06,1,20113916,MY BABY HAIR & BODY WASH SWEET FLORAL PCH 375L,,158,0,PCS,CTN,18/06/2028,,1
18,08,1,01,1,20094733,DOWNY SOFTENER MYSTIQUE PCH 900/875L,,161,438,PCS,,23/10/2027,,1
18,08,1,02,1,10030924,SO KLIN DETERGENT BIO-MATIC + SOFTENER FRONT LOAD BAG 800/900,,162,24,PCS,,19/05/2028,,1
18,08,2,01,1,20140086,SUNSILK CONDITIONER SILKY SMOOTH TUB 160,,163,46,PCS,,29/03/2028,,1
18,08,2,02,1,10005441,EKONOMI SABUN CREAM REFFIL E-2K  BAG 1850,,164,2,PCS,,10/06/2027,,1
18,08,2,03,1,20140296,DERMA ANGEL SALICYLIC ACID ACNE CLAY STICK ACNE CARE BOX 20,,165,45,PCS,,29/10/2027,,1
18,08,2,04,1,20070068,VIENNA FACE SPA PEEL OFF MASK PURIFYING BLACK PCK 15,,166,412,PCS,BOX,31/10/2027,,1
18,08,2,05,1,20142121,NCO EAU DE PARFUM AMETHYST BTL 100 L,,167,143,PCS,,13/03/2029,,1
18,08,2,06,1,20091707,TRESEMME KONDISIONER KERATIN SMOOTH NEW  BTL 170L,,168,192,PCS,CTN,30/04/2027,,1
18,09,1,01,1,20120239,SHINZUI BODY CLEANSER SKIN LIGHTENING KIREI PCH 800/725L,,171,7,PCS,,20/12/2027,L,1
18,09,1,02,1,20140135,CUTIES CATZ CAT FOOD TUNA PCK 500,,172,211,PCS,,17/03/2027,,2
18,09,2,01,1,20042956,HARPIC PEMBERSIH KLOSET POWER PLUS ORANGE/CITRUS BTL 450L,,173,87,PCS,,07/03/2027,,1
18,09,2,02,1,20137670,GARNIER SUPER UV COOLING WATERGEL SUNSCREEN SPF35 TUB 20L,,174,0,PCS,,18/05/2027,,1
18,09,2,03,1,20128424,WIKI MONSTER STUNT CAR ASSORTMENT BOX,,175,3,PCS,,,T,1
18,09,2,04,1,10003706,MR.MUSCLE PEMBERSIH KACA SERBAGUNA REF. ORIGINAL PCH 440/400L,,176,192,PCS,,14/05/2027,,2
18,09,2,05,1,20142504,RINSO DETERGEN POWDER ANTI NODA PERFUME ESSENCE BAG 2750,,177,0,PCS,,20/07/2028,,1
18,09,2,06,1,20136706,INDOMARET BABY DIAPERS PANTS 28S LUXURY SOFT BAG LARGE,,178,0,PCS,,15/11/2027,,1
19,01,1,01,1,20040294,SGM EKSPLOR 1+ PRO-GRESSMAXX SUSU PERTUMBUHAN MADU BOX 900,,181,119,PCS,CTN,18/06/2028,E,10
19,01,1,02,1,10005315,SGM ANANDA 1 FORMULA BAYI BUBUK 0-6 BULAN BOX 150,,182,1416,PCS,CTN,18/06/2028,S,12
19,01,2,01,1,10010350,FRISIAN FLAG 1+ SUSU BUBUK PERTUMBUHAN VANILA BOX 750/700,,183,64,PCS,,18/02/2028,,1
19,01,2,02,1,10004490,MEIJI BISCUIT HELLO PANDA STRAWBERRY BOX 42,,184,270,PCS,,23/04/2027,L,10
19,01,2,03,1,20129863,ARNOTTS NYAM NYAM SMILEY COKELAT BOX 45,,185,268,PCS,,20/02/2027,,2
19,01,2,04,1,20137013,MILNA CRUNCH CHEESE  BOX 20,,186,118,PCS,,23/02/2027,,2
19,01,2,05,1,20142952,BEBELAC 3+ SUSU PERTUMBUHAN MADU BOX 775,,187,0,PCS,,13/01/2028,,1
19,01,2,06,1,20077368,PROMINA SNACK RICE PUFFS BANANA PCH 15,,188,362,PCS,CTN,06/03/2027,,4
19,02,1,01,1,20142453,SGMEKSPLOR 3+ PRO-GRESSMAXX SUSU PERTUMBUHAN MADU BOX 1050,,191,96,PCS,,07/02/2028,,1
19,02,1,02,1,20040303,SGM EKSPLOR 3+ PRO-GRESSMAXX SUSU PERTUMBUHAN COKLAT BOX 400/350,,192,0,PCS,,18/06/2028,V,1
19,02,2,01,1,10025373,ENTRASOL GOLD SUSU BUBUK VANILA BOX 170,,193,161,PCS,CTN,07/04/2027,,1
19,02,2,02,1,20035678,S-26 PROCAL SUSU BUBUK PERTUMBUHAN 3 VANILLA BOX 700,,194,35,PCS,,06/05/2027,,1
19,02,2,03,1,20040301,SGM EKSPLOR 3+ PRO-GRESSMAXX SUSU PERTUMBUHAN VANILA BOX 400/350,,195,408,PCS,,18/06/2028,,1
19,02,2,04,1,10010874,DANCOW 1+ SUSU BUBUK PERTUMBUHAN MADU BOX 120,,196,0,PCS,,23/05/2027,,2
19,02,2,05,1,20057865,GLICO BISCUIT POCKY DOUBLE CHOCO BOX 47/39,,197,250,PCS,,03/03/2027,,10
19,02,2,06,1,20137570,NABATI RICHEESE WAFER STICK BIG ROLLS CHEESE BOX 48,,198,0,PCS,,18/03/2027,O,2
19,03,1,01,1,20090042,VIDORAN XMART1+ SUSU PERTUMBUHAN VANILA BOX 700,,201,109,PCS,,27/02/2027,L,1
19,03,1,02,1,20055312,NABATI RICHOCO WAFER CHOCOLATE PCK 110/100,,202,1635,PCS,,18/09/2027,,4
19,03,2,01,1,10025325,PROMINA SUP MI AYAM & SAYUR BOX 81,,203,171,PCS,,02/07/2027,,1
19,03,2,02,1,10008314,MORINAGACHILKID SUSU PERTUMBUHAN VANILLA+DHA BOX 190,,204,138,PCS,,22/04/2027,,1
19,03,2,03,1,20113322,PROMINA PASTA MAC & CHEESE BOX 70,,205,236,PCS,,07/01/2027,,1
19,03,2,04,1,10005338,DANCOW FORTIGRO SUSU BUBUK INSTANT BOX 195,,206,0,PCS,,27/02/2027,,5
19,03,2,05,1,10033018,ROMA CRACKERS MALKIST  BAG 168,,207,528,PCS,,23/04/2027,,1
19,03,2,06,1,20137230,LEMONILO BROWNIES CRISPY STRWBERY CHEESE PCH 33/32,,208,950,PCS,,23/09/2027,,2
19,04,1,01,1,10012967,DANCOW 3+ SUSU BUBUK PRTCTS PROBIO MADU BOX 350,,211,0,PCS,,05/04/2027,,6
19,04,1,02,1,20140126,NEXTAR CHEESECAKE PIE STRW CHEES CAKE BOX 6X24,,212,143,PCS,,02/07/2027,,1
19,04,2,01,1,20115159,MILNA RICE CRACKERS BANANA BERRIES BOX 20,,213,1,PCS,,23/06/2027,,2
19,04,2,02,1,20138462,NABATI RICHEESE WAFER STRAWBERY BOX 122,,214,244,PCS,,18/06/2027,,2
19,04,2,03,1,10036860,NESTLE CEREAL BREAKFAST KOKO KRUNCH BOX 150,,215,65,PCS,,23/02/2027,,1
19,04,2,04,1,10006861,UBM BISCUIT ARROW BRAND SQUAREPUFF  PCK 350,,216,73,PCS,,13/04/2027,,1
19,04,2,05,1,20138483,PROMINA MELTY BUNS ORIGINAL BOX 42,,217,0,PCS,,23/09/2027,,1
19,04,2,06,1,20142908,MILKOW ACTIGROW SUSU PERTUMBUHAN 1-3 TAHUN VANILA BOX 900,,218,68,PCS,,19/02/2028,,1
19,05,1,01,1,20017679,LACTOGEN PRO SUSU BAYI FORMULA LANJUTAN6-12  BOX 350,,221,0,PCS,,06/02/2027,L,2
19,05,1,02,1,10006262,DANCOW 1+ SUSU BUBUK PRTCTS PROBIO MADU BOX 750,,222,95,PCS,,23/05/2027,S,2
19,05,2,01,1,20112515,ANLENE GOLD 5X SUSU BUBUK HI-CALCIUM ORIGINAL BOX 850/825,,223,43,PCS,,03/06/2027,,1
19,05,2,02,1,20092042,PROMINA SNACK RICE PUFFS STRAWBERY APPLE PCH 15,,224,28,PCS,,18/02/2027,,4
19,05,2,03,1,10000132,MONDE BISCUIT BUTTER COOKIES  KLG 454,,225,0,PCS,,03/03/2027,J,12
19,05,2,04,1,20138276,BEBELAC JUMBO PLUSH KEYCHAIN JAWA BOX,,226,0,PCS,,,Z,1
19,05,2,05,1,10036853,ENERGEN CEREAL & SUSU INSTANT VANILA BOX 5X32,,227,0,PCS,,23/04/2027,,1
19,05,2,06,1,20142953,BEBELAC 3+ SUSU PERTUMBUHAN VANILA BOX 775,,228,0,PCS,,28/12/2027,,1
19,06,1,01,1,10006260,DANCOW FORTIGRO SUSU BUBUK COKELAT BOX 780,,231,178,PCS,,12/06/2027,L,1
19,06,1,02,1,20021004,LACTOGROW PRO1+ SUSU PERTUMBUHAN ORIGINAL BOX 735,,232,57,PCS,CTN,23/05/2027,,1
19,06,2,01,1,10003453,MAX CREAMER KRIMER NABATI  BOX 500,,233,119,PCS,,27/02/2027,,1
19,06,2,02,1,20136631,BEBELOVE 1 SUSU FORMULA BAYI 0-6 BULAN  BOX 600,,234,46,PCS,,27/06/2027,,1
19,06,2,03,1,20134875,CHOKI STIX BISCUIT CHOCOLATE  BOX 48,,235,107,PCS,,08/09/2027,,1
19,06,2,04,1,10033560,PROMINA SWEET CEREAL 9+ CHOCO.AVOCADO BOX 100,,236,55,PCS,,11/09/2027,,1
19,06,2,05,1,20073380,MORINAGA SCHOOL SUSU PERTUMBUHAN 4 MADU BOX 780,,237,31,PCS,,07/07/2027,,1
19,06,2,06,1,20141134,GLICO BISCUIT POCKY STRW PCH YOGURT BOX 38,,238,38,PCS,,12/01/2027,,1
19,07,1,01,1,20117983,VIDORAN XMART5+ SUSU PERTUMBUHAN COKELAT BOX 700,,241,125,PCS,,23/08/2027,,2
19,07,1,02,1,20113578,CHILGO 3+ SUSU PERTUMBUHAN MADU BOX 660,,242,69,PCS,,20/03/2027,,1
19,07,2,01,1,20014398,MORINAGACHILMIL SUSU LANJUTAN DHA 2  BOX 780,,243,70,PCS,,27/04/2027,,1
19,07,2,02,1,20044555,DANCOW 1+ SUSU BUBUK NUTRITODS MADU BOX 1,,244,0,PCS,,22/02/2027,,1
19,07,2,03,1,20117108,BENG-BENG WAFER CHOCOLATE PCK 3X20,,245,2400,PCS,,19/05/2027,,10
19,07,2,04,1,10008425,SUMBER RASA MISUA MERAH  PCK 400,,246,56,PCS,,07/01/2027,,1
19,07,2,05,1,10036864,NESTLE CEREAL BREAKFAST KOKO KRUNCH BOX 300,,247,6,PCS,,18/04/2027,,1
19,07,2,06,1,20027850,ZEE SUSU BUBUK KRUNCHZEE VANILLA TWIST BOX 340,,248,81,PCS,,20/04/2027,,2
19,08,1,01,1,20035626,BEBELOVE 1 SUSU BUBUK INFANT FORMULA  BOX 350,,251,321,PCS,,07/07/2027,D,2
19,08,1,02,1,20142947,BEBELOVE SUSU FORMULA BAYI 0-6 BULAN  BOX 775,,252,138,PCS,,28/12/2027,,1
19,08,2,01,1,20011063,PRENAGEN MOMMY SUSU BUBUK IBU HAMIL VELVETY CHOCO BOX 360,,253,103,PCS,,09/09/2027,L,1
19,08,2,02,1,10025848,NUTRICIA NUTRILON ROYAL 3 VANILLA BOX 400,,254,13,PCS,,07/07/2027,S,1
19,08,2,03,1,10000587,MAIZENAKU TEPUNG JAGUNG  BOX 150,,255,840,PCS,,09/09/2027,,2
19,08,2,04,1,10003653,MORINAGA BMT 1 LACTOFERIN  BOX 390,,256,92,PCS,,06/09/2027,D,1
19,08,2,05,1,20143587,MEIJI HELLO PANDA HAIKYU PHOTOCARDS (HADIAH) PCS,,257,0,PCS,,14/12/2030,Z,1
19,08,2,06,1,20062323,KAPAL API KRIM KAFE  BOX 500,,258,42,PCS,,07/01/2027,,1
19,09,1,01,1,20138474,VIDORAN XMART5+ SUSU BUBUK MADU BOX 925/900,,261,90,PCS,,14/09/2027,,1
19,09,1,02,1,20142835,DANCOW SUSU BUBUK GROPLUS YUMMY VANILLA BOX 800,,262,0,PCS,,23/03/2028,,1
19,09,2,01,1,20136567,SIMBA SEREAL MAGIC RAINBOW  BOX 150,,263,89,PCS,,23/04/2027,,1
19,09,2,02,1,20137628,HOT WHEELS PEARL & CHROME 2025 HDH54 PCS,,264,5,PCS,,,V,1
19,09,2,03,1,20055290,PHILIPS LAMPU LED COOL DAYLIGHT E27  PCS 8 WATT,,265,0,PCS,,,V,1
19,09,2,04,1,20101060,RTE POPCORN FUNMANIA  PCS,,266,0,PCS,,03/06/2027,,1
19,09,2,05,1,10008064,ANLENE GOLD 5X SUSU BUBUK HI-CALCIUM ORIGINAL BOX 240,,267,64,PCS,,20/05/2027,,1
19,09,2,06,1,20139391,NEXTAR CHOCOLATE PIE  BOX 6X24,,268,387,PCS,,03/03/2027,,2
20,01,1,01,1,20098369,VIDORAN XMART3+ SUSU PERTUMBUHAN VANILA  BOX 350,,271,438,PCS,,20/01/2028,,1
20,01,1,02,1,20077508,SGM EKSPLOR 1+ PRO-GRESSMAXX SUSU PERTUMBUHAN VANILA BOX 600,,272,388,PCS,,23/04/2028,D,6
20,01,2,01,1,20138741,GLICO BISCUIT POCKY MILK BOX 39/40,,273,283,PCS,,20/02/2027,,2
20,01,2,02,1,20122975,CHOCOLITO MINI COOKIES CHOCOCHIPS RICH CHOCO BOX 38,,274,274,PCS,,09/01/2027,,6
20,01,2,03,1,20129288,PROMINA BABY CRUNCHIES CHIKEN BROCCOLI BOX 20,,275,1,PCS,,06/03/2027,,1
20,01,2,04,1,20076573,NEXTAR CHOCO BROWNIES  BOX 8X9,,276,112,PCS,,21/02/2027,,2
20,01,2,05,1,20141387,PROMINA MULTIGRAIN COOKIES CHOCO ALMOND BOX 42,,277,0,PCS,,17/02/2027,,1
20,01,2,06,1,10038704,MEIJI BISCUIT HELLO PANDA CHOCOLATE BOX 42,,278,187,PCS,,23/06/2027,L,10
20,02,1,01,1,20070110,VIDORAN XMART1+ SUSU PERTUMBUHAN MADU BOX 700,,281,184,PCS,CTN,27/02/2027,L,1
20,02,1,02,1,20040299,SGM EKSPLOR 1+ PRO-GRESSMAXX SUSU PERTUMBUHAN MADU BOX 400/350,,282,405,PCS,,06/07/2028,S,2
20,02,2,01,1,20136087,PROMINA SNACK SOFTCORN STRWBRRY YOGURT BOX 15,,283,2,PCS,,23/04/2027,,2
20,02,2,02,1,10000726,ASTOR WAFER STICK CHOCOLATE BOX 150,,284,172,PCS,,23/06/2027,L,2
20,02,2,03,1,10036998,MENTOS CANDY MINT ROL 37,,285,213,PCS,,10/03/2027,,12
20,02,2,04,1,20073496,SUN BUBUR SEREAL SUSU UBI UNGU BOX 120,,286,0,PCS,,10/05/2027,,2
20,02,2,05,1,20122572,PRO CHIZ KEJU QUICK MELT SLICE 5S  PCK 85,,287,254,PCS,,19/05/2027,,2
20,02,2,06,1,20138034,KELLOGGS CEREAL COCO FILLS  BOX 150,,288,7,PCS,,23/02/2027,,1
20,03,1,01,1,20117981,VIDORAN XMART3+ SUSU PERTUMBUHAN VANILA BOX 925/900,,291,175,PCS,,27/02/2027,S,6
20,03,1,02,1,10013035,DANCOW 3+ SUSU BUBUK PRTCTS PROBIO MADU BOX 750,,292,58,PCS,,23/05/2027,S,2
20,03,2,01,1,10031256,SUN BUBUR SEREAL SUSU AYAM KAMP&BAYAM BOX 120,,293,96,PCS,,18/06/2028,,6
20,03,2,02,1,20138169,SGM EKSPLOR 5+ PRO-GRESSMAXX SUSU PERTUMBUHAN MADU BOX 575,,294,276,PCS,,20/04/2027,,1
20,03,2,03,1,20071797,NEXTAR NASTAR COOKIES PINEAPPLE BOX 8X9,,295,77,PCS,,18/03/2027,,2
20,03,2,04,1,20033353,HILO SCHOOL SUSU BUBUK HI-CALCIUM CHOCOLATE BOX 250,,296,293,PCS,CTN,27/02/2027,L,1
20,03,2,05,1,10000578,DIABETASOL SUSU FORMULA DIABETES W/VITADG VANILA BOX 170,,297,134,PCS,,25/05/2027,,1
20,03,2,06,1,10036942,MONDE BISCUIT SOFT PIE STRAWBERI PCK 85,,298,166,PCS,,07/01/2027,,1
20,04,1,01,1,20040297,SGM ANANDA 1 FORMULA BAYI BUBUK 0-6 BULAN BOX 1000,,301,28,PCS,,18/06/2028,E,2
20,04,1,02,1,20135313,WOW SPAGETI INSTANT SPAGHETTI MEATY BOLOGNESE PCK 84/76,,302,0,PCS,,23/06/2027,,10
20,04,2,01,1,10010825,MILNA BUBUR BAYI PNAMBAH BERAT BDN AYM+SYRN/KC.PLG BOX 120,,303,140,PCS,,20/03/2028,,1
20,04,2,02,1,20042356,DIABETASOL ZERO CALORIE SWEETENER 50S  BOX 50X1.5,,304,0,PCS,,22/03/2027,,1
20,04,2,03,1,10020147,ANLENE GOLD 5X SUSU BUBUK HI-CALCIUM COKLAT BOX 230,,305,157,PCS,,30/10/2027,,1
20,04,2,04,1,10030201,MENTOS CANDY CHEWY DRAGEES ROLL ANGGUR ROL 37,,306,312,PCS,,10/03/2027,,2
20,04,2,05,1,20137760,BRIO BISCUIT CRACKER GO POTATO ORIGINAL BOX 104,,307,11,PCS,,02/07/2027,,2
20,04,2,06,1,20012830,PROMINA BUBUR TIM 8+ AYAM KAMPUNG KACANG POLONG BOX 100,,308,135,PCS,,07/07/2027,,1
20,05,1,01,1,20122291,BEBELAC 1+ SUSU PERTUMBUHAN MADU BOX 600,,311,315,PCS,,07/07/2027,S,1
20,05,1,02,1,20135312,WOW SPAGETI INSTANT SPAGHETTI CREAM CARBONARA PCK 88/80,,312,1,PCS,,27/04/2027,,20
20,05,2,01,1,20002504,ADEM SARI MINUMAN PENYEJUK  BOX 6X7/5X7,,313,36,PCS,,07/07/2027,,6
20,05,2,02,1,10037671,TROPICANA SLIM SWEETENER  PCK 50X2.5,,314,235,PCS,,23/02/2028,,1
20,05,2,03,1,20063092,SELAMAT WAFER DOUBLE CHOCO BOX 145/128,,315,267,PCS,,07/01/2027,,1
20,05,2,04,1,20101059,RTE POPCORN BLAST O BUTTER  PCS,,316,0,PCS,,20/03/2027,,1
20,05,2,05,1,10003340,ENERGEN CEREAL & SUSU INSTANT COKELAT BOX 5X34,,317,341,PCS,CTN,23/04/2027,,1
20,05,2,06,1,10009494,DANCOW FORTIGRO SUSU BUBUK INSTANT BOX 390,,318,365,PCS,,27/02/2027,,1
20,06,1,01,1,10005279,SGM ANANDA 2 FORMULA BAYI BUBUK 6 -12 BULAN BOX 150,,321,908,PCS,,18/06/2028,S,3
20,06,1,02,1,10009493,DANCOW FORTIGRO SUSU BUBUK COKELAT BOX 390,,322,0,PCS,,26/07/2027,,4
20,06,2,01,1,20134840,ETAWALIN SUSU NYERI SENDI & PEGAL LINU  BOX 200,,323,145,PCS,,13/06/2028,,1
20,06,2,02,1,20132986,SEDAAP MIE TASTY BAKMI AYAM CHCKEN TERIYAKI BOX 120,,324,182,PCS,,20/06/2027,,2
20,06,2,03,1,20083539,DELFI CUSTAS SOFT CUP CAKE ORION  BOX 6X23,,325,0,PCS,CTN,12/03/2027,V,1
20,06,2,04,1,20135431,DELI-JOY CREAMY TREATS TUNA PCK 214,,326,0,PCS,,23/04/2028,V,1
20,06,2,05,1,10004540,TANGO WAFER CHOCOLATE BOX 133/124,,327,151,PCS,,06/03/2027,,2
20,06,2,06,1,20142451,SGM EKSPLOR 1+ PRO-GRESSMAXX SUSU PERTUMBUHAN MADU BOX 1050,,328,0,PCS,,11/02/2027,,1
20,07,1,01,1,20094437,PROMINA BABY CRUNCHIES KEJU CHEDDAR BOX 20,,331,276,PCS,,23/05/2027,,6
20,07,1,02,1,20115158,MILNA RICE CRACKERS S.POTATO CARROT BOX 20,,332,11,PCS,,19/05/2027,,2
20,07,2,01,1,20141197,PRO CHIZ KEJU QUICK MELT  BOX 160,,333,213,PCS,,23/08/2027,,1
20,07,2,02,1,20069236,HILO SUSU BUBUK HI-CALCIUM PLATINUM SWISS CHOCOLATE BOX 420/408,,334,19,PCS,,07/07/2027,,1
20,07,2,03,1,20133247,OREO SOFT CAKE MULTI PACK MULTIPACK BOX 96,,335,0,PCS,,07/01/2027,,2
20,07,2,04,1,20138171,PROMINA MELTY BUNS STRAWBERRY BOX 42,,336,306,PCS,,18/06/2027,,2
20,07,2,05,1,20101061,RTE POPCORN THE BIG CHEEZ  PCS,,337,0,PCS,,02/02/2027,,1
20,07,2,06,1,20035635,BEBELAC 3+ SUSU BUBUK MADU BOX 350,,338,0,PCS,,07/07/2027,L,1
20,08,1,01,1,10010351,FRISIAN FLAG 1+ SUSU BUBUK PERTUMBUHAN MADU BOX 750/700,,341,262,PCS,,19/01/2028,,1
20,08,1,02,1,20142910,MILKOW ACTIGROW SUSU PERTUMBUHAN 1-3 TAHUN MADU BOX 900,,342,57,PCS,,07/02/2028,,1
20,08,2,01,1,20126380,COOGER 30 CLIP COLOR WINDPROOF PLATIK BASKET BLUE PCS,,343,0,PCS,,,V,1
20,08,2,02,1,20135432,DELI-JOY CREAMY TREATS TUNA & SALMON PCK 214,,344,0,PCS,,23/04/2028,V,1
20,08,2,03,1,20001705,MILNA BISCUIT BAYI 6+ PISANG BOX 110,,345,69,PCS,,12/08/2027,,1
20,08,2,04,1,10008484,ANCHOR BONEETO SUSU BUBUK HI-CALCIUM CHOCO BOX 685,,346,63,PCS,,23/07/2027,,1
20,08,2,05,1,20021935,MAX TEA INSTANT DRINK TARIKK  BOX 5X25,,347,121,PCS,,27/02/2027,,1
20,08,2,06,1,20071471,TULIP MILK CHOCOLATE COMPOUND  PCK 250/225,,348,29,PCS,,13/07/2027,,1
20,09,1,01,1,20087018,BEBELAC 3+ SUSU BUBUK VANILLA BOX 1000,,351,7,PCS,,27/01/2028,,1
20,09,1,02,1,20027866,MILNA BUBUR BAYI 6+ SUP AYAM WORTEL PCH 120,,352,0,PCS,,07/01/2027,,1
20,09,2,01,1,10002789,GT MAN CELANA DALAM 704BW ASSORTED PCS EXTRALARGE,,353,0,PCS,,,V,1
20,09,2,02,1,20138843,RASA MASA BUMBU NUSANTARA SAYUR LODEH PCK 25,,354,0,PCS,,03/06/2027,,1
20,09,2,03,1,20007744,HOT WHEELS ACCELERACERS 2025 GDG-83 PCS,,355,0,PCS,,,V,1
20,09,2,04,1,20125788,HEALTHYWAY 1+ SUSU PERTUMBUHAN BIO SHIELD A+ MADU BOX 725/700,,357,0,PCS,,26/07/2027,,1
20,09,2,05,1,20123181,PHILIPS LAMPU ESSENTIAL LED E27  BOX 11WATT,,358,0,PCS,,,V,1
20,09,2,06,1,20011132,MORINAGA SCHOOL SUSU PERTUMBUHAN 4 VANILLA BOX 780,,359,65,PCS,,10/03/2027,,1
21,01,1,01,1,20074147,SGM EKSPLOR 1+ PRO-GRESSMAXX SUSU PERTUMBUHAN MADU BOX 600,,1,274,PCS,,18/06/2028,D,6
21,01,1,02,1,20040295,SGM EKSPLOR 3+ PRO-GRESSMAXX SUSU PERTUMBUHAN VANILA BOX 900,,2,60,PCS,,18/06/2028,D,5
21,01,2,01,1,10000213,GLICO BISCUIT POCKY CHOCOLATE BOX 47/40 ,,3,442,PCS,,14/03/2027,S,10
21,01,2,02,1,20069149,TANGO WAFER LONG VANILLA MILK PCK 110/100,,4,1416,PCS,,03/01/2027,L,2
21,01,2,03,1,20063359,ROMA CRACKERS MALKIST BELGIAN STYLE COKELAT PCK 90,,5,0,PCS,,07/01/2027,,6
21,01,2,04,1,20129287,PROMINA BABY CRUNCHIES SEAWEED BOX 20,,6,3,PCS,,06/03/2027,,1
21,01,2,05,1,20062839,GLICO BISCUIT POCKY MATCHA BOX 33/35,,7,592,PCS,,07/01/2027,,10
21,01,2,06,1,20130543,CHOCOLITO MINI COOKIES CHOCOCHIPS ORIGINAL BOX 38,,8,184,PCS,,09/01/2027,,2
21,02,1,01,1,20065379,SGM SOYA 1+ EKSPLOR PRO-GRESSMAXX VANILA BOX 700,,11,128,PCS,,18/06/2028,S,1
21,02,1,02,1,20037098,SGM SOYA 1+ EKSPLOR PRO-GRESSMAXX VANILLA BOX 400,,12,11,PCS,,18/06/2028,,1
21,02,2,01,1,20019815,TROPICANA SLIM SWEETENER NO CALORI DIABETICS BOX 50X1.8,,13,196,PCS,,23/02/2028,L,1
21,02,2,02,1,20027848,ZEE SUSU BUBUK KRUNCHZEE SWIZZ CHOCOLATE BOX 340,,14,82,PCS,,20/11/2027,S,2
21,02,2,03,1,20139421,PROMINA YOGURT MELTS STRAWBERRY PCH 8,,15,0,PCS,,02/07/2028,,2
21,02,2,04,1,20141772,TROPICANA SLIM SUSU BUBUK DIABTX MILK W/WHEY VANILLA MALT BOX 150,,16,14,PCS,,09/07/2027,,1
21,02,2,05,1,10000126,VAN HOUTEN COCOA POWDER  BOX 90/80,,17,48,PCS,,20/06/2027,,1
21,02,2,06,1,20067680,PROMINA SILKY PUDING 8+ STRAWBERRY BOX 100,,18,266,PCS,,18/06/2027,,2
21,03,1,01,1,20082394,VIDORAN XMART3+ SUSU PERTUMBUHAN MADU BOX 700,,21,21,PCS,,27/02/2027,,1
21,03,1,02,1,20142950,BEBELAC 1+ SUSU PERTUMBUHAN VANILA BOX 775,,22,0,PCS,,28/12/2027,,1
21,03,2,01,1,10040192,ANLENE GOLD 5X SUSU BUBUK HI-CALCIUM COKLAT BOX 570/560,,23,31,PCS,,19/11/2027,,1
21,03,2,02,1,10000175,NISSIN WAFER CHOCOLATE PCK 110,,24,392,PCS,,18/06/2027,,2
21,03,2,03,1,10015652,DANCOW 1+ SUSU BUBUK PRTCTS PROBIO VANILA BOX 750,,25,314,PCS,,05/04/2027,S,2
21,03,2,04,1,10000638,INDOCAFE COFFEE MIX  BOX 5X20,,26,237,PCS,,27/02/2027,,1
21,03,2,05,1,20002201,PROMINA BUBUR TIM AYAM KAMPUNG TOMAT & WORTEL BOX 100,,27,120,PCS,,07/07/2027,,2
21,03,2,06,1,20044008,BENG-BENG WAFER CHOCOLATE MAXX  PCK 32,,28,2,PCS,,19/05/2027,,6
21,04,1,01,1,10013572,FRISIAN FLAG 3+ SUSU BUBUK PERTUMBUHAN MADU BOX 750/700,,31,207,PCS,,08/06/2027,,1
21,04,1,02,1,20117985,VIDORAN XMART5+ SUSU PERTUMBUHAN MADU BOX 700,,32,196,PCS,,12/05/2027,,1
21,04,2,01,1,20113345,LACTOGROW PRO1+ SUSU PERTUMBUHAN VANILA BOX 350,,33,95,PCS,,23/05/2027,,2
21,04,2,02,1,20130555,NEXTAR KRIMERO CHOCO COOKIES RICHOCO BOX 8X10,,34,0,PCS,,20/06/2027,,5
21,04,2,03,1,20019814,HILO TEEN SUSU BUBUK HI-CALCIUM VANILA CARAMEL BOX 250,,35,88,PCS,,23/05/2027,,2
21,04,2,04,1,20134839,GLICO BISCUIT POCKY CRUSHED NUTS ALMOND DARK.CHO BOX 25,,36,194,PCS,,23/09/2027,,2
21,04,2,05,1,20004385,NESTLE CERELAC BUBUR SEREAL SUSU PISANG & SUSU BOX 120,,37,0,PCS,,23/05/2027,,1
21,04,2,06,1,20093997,DIABETAMIL SWEETENER  BOX 50,,38,49,PCS,,23/10/2027,,1
21,05,1,01,1,10009495,DANCOW FORTIGRO SUSU BUBUK FULL CREAM BOX 390,,41,237,PCS,,27/02/2027,,1
21,05,1,02,1,20071686,SGM SOYA 1+ EKSPLOR PRO-GRESSMAXX MADU BOX 700,,42,162,PCS,,18/06/2028,L,1
21,05,2,01,1,20132654,MOMS RECIPE SILKY PUDING BUBUK STRAWBERRY PCH 110,,43,86,PCS,,25/11/2027,,1
21,05,2,02,1,20139959,PROMINA BUBUR BAYI 6+ SALMON LB MADU BOX 120,,44,125,PCS,,07/08/2027,,1
21,05,2,03,1,20122288,BEBELAC 1+ SUSU PERTUMBUHAN VANILA BOX 600,,45,0,PCS,,07/07/2027,S,1
21,05,2,04,1,20116090,CHILGO 1+ SUSU PERTUMBUHAN VANILA BOX 660,,46,39,PCS,,09/01/2027,,1
21,05,2,05,1,20060710,LOTTE PEPERO BISCUIT STICK WHITE COOKIE BOX 32,,47,123,PCS,,07/01/2027,,1
21,05,2,06,1,20104894,BEBELAC GOLD 3 SUSU BUBUK SOYA VANILLA BOX 700,,48,63,PCS,,07/07/2027,,1
21,06,1,01,1,10006258,DANCOW FORTIGRO SUSU BUBUK FULL CREAM BOX 780,,51,31,PCS,,27/02/2027,L,1
21,06,1,02,1,10040193,ANLENE ACTIFIT 3X SUSU BUBUK HI-CALCIUM COKLAT BOX 570/560,,52,90,PCS,,19/11/2027,,1
21,06,2,01,1,20135049,EMINA CHEESE SLICE CEDDA  PCK 10S,,53,0,PCS,,24/04/2027,,1
21,06,2,02,1,20027865,MILNA BUBUR BAYI 8+ SUP AYAM JAGUNG PCH 100,,54,314,PCS,CTN,07/01/2027,,1
21,06,2,03,1,20133324,PROMINA SNACK RICE CRACKERS BEEF BROCCOLI  BOX 20,,55,229,PCS,,23/04/2027,,1
21,06,2,04,1,20049388,LACTOGROW PRO3+ SUSU BUBUK PERTUMBUHAN 3+ VANILLA BOX 735,,56,45,PCS,,23/05/2027,,1
21,06,2,05,1,10027768,LA FONTE SPAGHETTI INSTANT SAUS BOLOGNESE BOX 117,,57,200,PCS,,06/03/2027,,1
21,06,2,06,1,20094693,SEDAAP MIE TASTY BAKMI AYAM RP 5.500-  BOX 129,,58,100,PCS,,19/05/2027,,2
21,07,1,01,1,20062254,LACTOGROW PRO3+ SUSU BUBUK PERTUMBUHAN MADU BOX 735,,61,105,PCS,,23/05/2027,,1
21,07,1,02,1,20128384,ANLENE GOLD 5X SUSU BUBUK HI-CALCIUM VANILA BOX 850/825,,62,48,PCS,,04/06/2027,,1
21,07,2,01,1,10036861,NESTLE CEREAL BREAKFAST HONEY STARS BOX 150,,63,17,PCS,,23/02/2027,,1
21,07,2,02,1,20142904,CHOCOLATOS COATED WAFER ROLL RICH SMOOTH MATCHA BOX 54,,64,420,PCS,,04/05/2027,,1
21,07,2,03,1,20134695,PROMINA SNACK RICE CRACKERS MIXED BERRIES BOX 20,,65,293,PCS,,12/01/2027,,2
21,07,2,04,1,20138203,MAMASUKA RUMPUT LAUT GIM BORI BIG CRISP ORIGINAL PCS 3,,66,0,PCS,,14/03/2027,O,2
21,07,2,05,1,20138655,MILNA NATURE PUFFS ORGANIC SEAWEED PCH 13,,67,17,PCS,,20/02/2027,,2
21,07,2,06,1,10000501,WINDMOLEN COCOA POWDER  BOX 90/80,,68,5,PCS,,07/07/2027,,1
21,08,1,01,1,20135200,VIDORAN SUSU FORMULA BAYI 0-6 MY BABY BOX 575/550,,71,15,PCS,,08/05/2027,,1
21,08,1,02,1,20090437,VIDORAN XMART3+ SUSU PERTUMBUHAN VANILA BOX 700,,72,56,PCS,,27/02/2027,,1
21,08,2,01,1,20132992,DANCOW BABY SUSU FORMULA BAYI 6-12 BULAN  BOX 550,,73,42,PCS,CTN,07/07/2027,,1
21,08,2,02,1,20142268,GLICO BISCUIT PEJOY ITALIA TIRAMISU BOX 30,,74,67,PCS,,28/08/2027,,1
21,08,2,03,1,20114869,AMH MINUMAN JAHE MERAH  BOX 5X20,,75,270,PCS,,07/01/2027,,1
21,08,2,04,1,20055496,PRO CHIZ KEJU SPREADABLE  BOX 170/160,,76,0,PCS,,21/04/2027,L,4
21,08,2,05,1,20098371,VIDORAN XMART3+ SUSU PERTUMBUHAN MADU BOX 350/325,,77,54,PCS,,18/12/2027,,1
21,08,2,06,1,10036842,COLATTA DARK COMPOUND CHOCOLATE PCK 250,,78,166,PCS,,07/07/2027,,1
21,09,1,01,1,20058306,PRO CHIZ KEJU GOLD  BOX 170/160,,81,269,PCS,,22/04/2027,,6
21,09,1,02,1,20138913,EMCO POCKET TITANS  PCS,,82,5,PCS,,27/08/2031,V,1
21,09,2,01,1,20085916,INDOMARET FOOD SAVER 2S  PCS 750L,,83,0,PCS,,,V,1
21,09,2,02,1,20063481,INDOMARET CELANA DALAM MEN SPORT 2S  BOX MEDIUM,,84,0,PCS,,,V,1
21,09,2,03,1,20142909,MILKOW ACTIGROW SUSU PERTUMBUHAN 1-3 TAHUN VANILA BOX 600,,85,46,PCS,,01/01/2028,,1
21,09,2,04,1,20120918,MORRIS EAU DE PARFUM TRAVEL CREATIVE BTL 100L,,86,0,PCS,,20/09/2030,T,1
21,09,2,05,1,,,,87,0,PCS,,,,
21,09,2,06,1,,,,,0,PCS,,,,
22,01,1,01,1,20040293,SGM EKSPLOR 1+ PRO-GRESSMAXX SUSU PERTUMBUHAN VANILA BOX 900,,91,225,PCS,,06/02/2028,E,10
22,01,1,02,1,20052630,LOTTE CHOCO PIE MARSMALLOW (6S)  BOX 156,,92,301,PCS,,18/06/2027,L,2
22,01,2,01,1,20073409,ROMA BISCUIT SANDWICHI CHOCOLATE PCK 157,,93,59,PCS,,07/01/2027,,7
22,01,2,02,1,20034046,SUN MARIE BISCUIT BALITA  PCK 80,,94,188,PCS,CTN,13/02/2027,,4
22,01,2,03,1,20056930,SGM EKSPLOR 3+ PRO-GRESSMAXX SUSU PERTUMBUHAN MADU BOX 150,,95,303,PCS,,18/09/2028,L,3
22,01,2,04,1,10022197,SUN BUBUR SUSU (EKONOMIS) PISANG PCK 120,,96,459,PCS,,18/06/2028,,2
22,01,2,05,1,20103341,ROMA CRACKERS MALKIST COKELAT KELAPA PCK 95/90,,97,0,PCS,,07/01/2027,,2
22,01,2,06,1,20052628,LOTTE CHOCO PIE MARSMALLOW (2S)  BOX 52,,98,184,PCS,,23/06/2027,,2
22,02,1,01,1,20113346,VIDORAN XMART1+ SUSU PERTUMBUHAN VANILLA BOX 925/900,,101,86,PCS,CTN,27/02/2027,D,6
22,02,1,02,1,20069147,BEBELAC 1+ SUSU PERTUMBUHAN VANILA BOX 1000,,102,0,PCS,,07/07/2027,E,1
22,02,2,01,1,20141376,PROMINA MULTIGRAIN COOKIES BLUEBERRY CHSE BOX 42,,103,0,PCS,,06/02/2027,,1
22,02,2,02,1,10025326,PROMINA SUP MI DAGING & SAYUR BOX 84,,104,13,PCS,,07/01/2027,,6
22,02,2,03,1,20141582,ZEE SUSU BUBUK INSTANT SWIZZ CHOCOLATE BOX 600,,105,45,PCS,,03/05/2027,,1
22,02,2,04,1,10021949,PROMINA BUBUR BAYI TIM DAGING&BROKOLI BOX 100,,106,61,PCS,CTN,07/07/2027,,2
22,02,2,05,1,10036916,GLICO BISCUIT POCKY STRAWBERRY BOX 45/39,,107,776,PCS,,02/07/2027,L,10
22,02,2,06,1,20037096,SGMANANDA SOYA1 FORMULA BAYI BUBUK 0-6 BULAN BOX 200,,108,90,PCS,,18/06/2028,,2
22,03,1,01,1,10015650,DANCOW 3+ SUSU BUBUK PRTCTS PROBIO VANILA BOX 750,,111,66,PCS,,23/05/2027,S,2
22,03,1,02,1,20087019,BEBELAC 3+ SUSU BUBUK MADU BOX 1000,,112,0,PCS,,07/07/2027,L,1
22,03,2,01,1,10000720,PROMINA BUBUR BAYI TIM 6+ SAPI & WORTEL BOX 120,,113,328,PCS,,18/06/2028,,1
22,03,2,02,1,20052529,KELLOGGS CEREAL FROOT LOOPS BOX 150,,114,76,PCS,,23/02/2027,,1
22,03,2,03,1,10016650,SELAMAT WAFER CHOCOLATE CREAM BOX 145/128,,115,230,PCS,,07/01/2027,,2
22,03,2,04,1,20126004,PROMINA PASTA CRMY CHICKEN SP BOX 60,,116,0,PCS,,03/03/2027,,4
22,03,2,05,1,20129572,CHOCOLATOS WAFER ROLL DELIGHT VANILLA BOX 90,,117,0,PCS,,03/03/2027,V,1
22,03,2,06,1,10008348,MICKEY MOUSE BUBUK MERICA  BTL,,118,23,PCS,,18/06/2028,,1
22,04,1,01,1,20043039,BEBELAC 1+ SUSU PERTUMBUHAN MADU BOX 175,,121,0,PCS,,14/08/2027,L,2
22,04,1,02,1,20047324,SGM ANANDA 2 FORMULA BAYI BUBUK 6 -12 BULAN BOX 600/550,,122,356,PCS,,16/07/2027,D,4
22,04,2,01,1,10003707,PROMINA BUBUR BAYI CHEEZY CHIKEN BROCCOLI BOX 120,,123,81,PCS,,18/06/2028,,1
22,04,2,02,1,10032077,NISSIN LONGER STICK BISCUIT  BOX 90,,124,82,PCS,,03/03/2027,,2
22,04,2,03,1,20130350,GLICO BISCUIT POCKY CHOCOLATE PCK 154/140,,125,85,PCS,,06/07/2027,,1
22,04,2,04,1,20113830,LACTOGROW PRO+1 SUSU PERTUMBUHAN VANILA BOX 1,,126,56,PCS,,16/06/2027,,1
22,04,2,05,1,20142267,GLICO BISCUIT POCKY PASSION FRUIT BOX 38,,127,629,PCS,,20/09/2027,,1
22,04,2,06,1,10004949,NESTLE CERELAC BUBUR SEREAL BERAS MERAH BOX 120,,128,0,PCS,,23/05/2027,,5
22,05,1,01,1,20087025,SGM EKSPLOR 3+ PRO-GRESSMAXX SUSU PERTUMBUHAN VANILA BOX 600,,131,167,PCS,,18/06/2028,,1
22,05,1,02,1,20055287,LACTOGROW PRO1+ SUSU PERTUMBUHAN 1+ MADU BOX 350,,132,218,PCS,,23/05/2027,,1
22,05,2,01,1,20027867,MILNA BUBUR BAYI 6+ TIM ATI AYM BYM PCH 120,,133,433,PCS,,07/01/2027,,1
22,05,2,02,1,10033417,NUTRICIA NUTRILON ROYAL 4 VANILA BOX 400,,134,17,PCS,,07/07/2027,,1
22,05,2,03,1,20113575,CHILGO 1+ SUSU PERTUMBUHAN MADU BOX 660,,135,48,PCS,,23/05/2027,,1
22,05,2,04,1,20001701,MILNA BISCUIT BAYI 6+ ORIGINAL BOX 110,,136,124,PCS,,07/01/2027,,1
22,05,2,05,1,20125628,NISSIN WAFER CREAM DAPUR COKLAT CHOCO LAVA BOX 137,,137,0,PCS,,08/01/2027,,2
22,05,2,06,1,20142452,SGM EKSPLOR 3+ PRO-GRESSMAXX SUSU PERTUMBUHAN VANILLA BOX 1050,,138,84,PCS,,11/02/2027,,1
22,06,1,01,1,10035871,LACTOGEN PRO SUSU BAYI FORMULA LANJUTAN6-12  BOX 735,,141,0,PCS,,23/05/2027,,1
22,06,1,02,1,20106381,VIDORAN XMART3+ SUSU PERTUMBUHAN MADU BOX 925/900,,142,276,PCS,,24/07/2027,D,2
22,06,2,01,1,20052907,MILO HEALTY DRINK ENERGY ACTIGEN-E PCK 790,,143,72,PCS,,23/05/2027,,1
22,06,2,02,1,20113339,EMINA BLOCK CHEESE MOZZA BOX 160/150,,144,16,PCS,,18/02/2027,,6
22,06,2,03,1,20035633,BEBELAC 3+ SUSU BUBUK VANILLA BOX 350,,145,0,PCS,,07/07/2027,,1
22,06,2,04,1,20136934,LOTTE CHOCO PIE MARSMALLOW (6S) STRAWBERRY BOX 156,,146,95,PCS,,23/06/2027,,1
22,06,2,05,1,20138656,MILNA CRUNCH BERRIES WITH YOGHURT  BOX 20,,147,0,PCS,,23/09/2027,,2
22,06,2,06,1,10003091,SOSRO TEH CELUP BLACK TEA BOX 30X2,,148,0,PCS,,07/01/2027,,10
22,07,1,01,1,20142454,SGM EKSPLOR 1+ PRO-GRESSMAXX SUSU PERTUMBUHAN VANILLA BOX 1050,,151,108,PCS,,18/08/2028,,1
22,07,1,02,1,20035627,BEBELOVE 2 SUSU FORMULA LANJUTAN 6-12 BLN  BOX 350,,152,324,PCS,,07/07/2027,S,2
22,07,2,01,1,10002835,LA FONTE SPAGHETTI  BOX 225,,153,206,PCS,,18/12/2027,,1
22,07,2,02,1,20113338,EMINA BLOCK CHEESE MILD BOX 160/150,,154,0,PCS,,20/07/2027,V,1
22,07,2,03,1,20053733,SIMBA CEREAL CHOCO CHIPS COKLAT BOX 150,,155,11,PCS,,18/09/2027,,1
22,07,2,04,1,20101391,KEWPIE ROASTED SESAME WIJEN SANGRAI BTL 200L,,156,136,PCS,,20/02/2027,L,1
22,07,2,05,1,10011507,ANCHOR BONEETO SUSU BUBUK HI-CALCIUM VANILLA BOX 685,,157,80,PCS,,18/09/2027,,1
22,07,2,06,1,10010220,SARIWANGI TEH CELUP ASLI BOX 50X1.9,,158,116,PCS,,07/07/2027,,4
22,08,1,01,1,10006259,DANCOW FORTIGRO SUSU BUBUK INSTANT BOX 780,,161,0,PCS,,27/02/2027,,1
22,08,1,02,1,20137600,FRISIAN FLAG KEJU CHEDDAR  BOX 150,,162,0,PCS,,23/04/2027,V,1
22,08,2,01,1,20098368,VIDORAN XMART1+ SUSU PERTUMBUHAN VANILA BOX 350/325,,163,299,PCS,,12/05/2027,,1
22,08,2,02,1,20140675,WINCHEEZ KEJU CHEDDAR OLAHAN SPREADABLE BOX 150,,164,780,PCS,,17/03/2027,,2
22,08,2,03,1,20035976,CAP BOTOL TEH CELUP HIJAU MELATI BOX 25X2,,165,61,PCS,,07/01/2027,,1
22,08,2,04,1,10000430,REGAL MARIE SPECIAL PCK 230,,166,286,PCS,,07/07/2027,,1
22,08,2,05,1,20040458,HILO TEEN SUSU BUBUK HI-CALCIUM COKLAT BOX 500,,167,104,PCS,,24/04/2027,,1
22,08,2,06,1,20138072,RASA MASA BUMBU NUSANTARA OPOR AYAM PCK 40,,168,0,PCS,,03/03/2027,,1
22,09,1,01,1,20135143,VR TOYS ALIEN SLIME SPILLED ASSORTED PCS,,171,3,PCS,,,V,1
22,09,1,02,1,20129931,APOLO WOBBLE WOBBLE ASSORTED BOX,,172,0,PCS,,,V,1
22,09,2,01,1,,,,173,0,PCS,,,,
22,09,2,02,1,20090011,KRISBOW PADLOCK 3 DIAL COMBINATION TSA21105 PCS,,174,0,PCS,,,T,1
22,09,2,03,1,,,,,0,PCS,,,,
22,09,2,04,1,,,,,0,PCS,,,,
22,09,2,05,1,,,,,0,PCS,,,,
22,09,2,06,1,,,,,0,PCS,,,,
23,01,1,01,1,10000206,NISSIN CRACKERS CRISPY PCK 250/225,,1,198,PCS,CTN,06/03/2027,L,6
23,01,1,02,1,20040298,SGM ANANDA 2 FORMULA BAYI BUBUK 6 -12 BULAN BOX 1000,,2,198,PCS,,18/06/2028,E,2
23,01,2,01,1,20087580,ENTRASOL GOLD SUSU BUBUK VANILA BOX 2X280,,3,45,PCS,,09/01/2027,S,1
23,01,2,02,1,20014399,MORINAGACHILKID SUSU PERTUMBUHAN DHA 3 VANILA BOX 780,,4,100,PCS,,06/05/2027,D,1
23,01,2,03,1,20138461,NABATI RICHEESE WAFER STICK ROLLS STRAWBERRY BOX 55,,5,194,PCS,,20/06/2027,,2
23,01,2,04,1,10003491,FROZZ CANDY CHERRY MINT BOX 15,,6,164,PCS,,18/09/2027,,2
23,01,2,05,1,20057224,BEBELOVE 1 SUSU FORMULA BAYI 0-6 BULAN  BOX 175,,7,436,PCS,,07/07/2027,L,2
23,01,2,06,1,20142954,VIDORAN XMART5+ SUSU PERTUMBUHAN VANILA BOX 700,,8,49,PCS,,11/02/2027,,1
23,02,1,01,1,20069146,BEBELAC 1+ SUSU PERTUMBUHAN MADU BOX 1000,,11,0,PCS,CTN,07/07/2027,D,1
23,02,1,02,1,20040340,SGM ANANDA 1 FORMULA BAYI BUBUK 0-6 BULAN BOX 400,,12,276,PCS,CTN,04/01/2028,S,6
23,02,2,01,1,10012172,ANLENE GOLD 5X SUSU BUBUK HI-CALCIUM VANILA BOX 230,,13,38,PCS,,19/11/2027,,1
23,02,2,02,1,10000146,SUN BUBUR SUSU (EKONOMIS) KACANG HIJAU PCK 120,,14,91,PCS,,18/06/2028,,2
23,02,2,03,1,10003481,FROZZ CANDY BARLEY MINT BOX 15,,15,85,PCS,,18/09/2027,,2
23,02,2,04,1,10033006,PRENAGEN MOMMY SUSU BUBUK IBU HAMIL COKLAT BOX 180,,16,39,PCS,,07/07/2027,,1
23,02,2,05,1,20086168,GLICO BISCUIT POCKY COOKIES & CREAM BOX 40,,17,690,PCS,,02/07/2027,L,10
23,02,2,06,1,20035629,BEBELAC 1+ SUSU PERTUMBUHAN VANILA BOX 350,,18,1,PCS,,07/07/2027,S,1
23,03,1,01,1,20040300,SGM EKSPLOR 1+ PRO-GRESSMAXX SUSU PERTUMBUHAN VANILA BOX 400/350,,21,463,PCS,,18/06/2028,S,7
23,03,1,02,1,20047323,SGM ANANDA 1 FORMULA BAYI BUBUK 0-6 BULAN BOX 600/550,,22,246,PCS,,10/01/2027,D,2
23,03,2,01,1,10009496,DANCOW 1+ SUSU BUBUK PRTCTS PROBIO MADU BOX 350,,23,69,PCS,,23/05/2027,,2
23,03,2,02,1,20065096,GERY CRACKERS MALKIST SALUUT KEJU PCK 110/100,,24,236,PCS,,20/06/2027,,6
23,03,2,03,1,20092863,YUMMY BITES BABY RICE CRACKERS STRAWBERRY BOX 25,,25,0,PCS,,07/01/2027,,1
23,03,2,04,1,10004394,MENTOS CANDY FRUIT ROL 37,,26,642,PCS,,27/11/2027,,2
23,03,2,05,1,20138261,GLICO BISCUIT POCKY BLUEBERRY YGURT BOX 38,,27,106,PCS,,07/01/2027,,2
23,03,2,06,1,10015651,DANCOW 3+ SUSU BUBUK PRTCTS PROBIO VANILA BOX 350,,28,81,PCS,,07/01/2027,,1
23,04,1,01,1,10023780,DANCOW 5+ SUSU BUBUK INST CALCI-N MADU BOX 750,,31,168,PCS,,23/05/2027,,1
23,04,1,02,1,20037097,SGMANANDA SOYA2 FORMULA BAYI BUBUK 6 -12 BULAN BOX 400,,32,674,PCS,,18/06/2028,,1
23,04,2,01,1,20139061,BISKUAT BISKUIT BITE COKELAT BOX 35,,33,2,PCS,,12/02/2027,V,2
23,04,2,02,1,20144283,MEG CHEESE KEJU OLES  PCS 140,,34,2250,PCS,,29/05/2027,,1
23,04,2,03,1,20023912,KRAFT CHEESE QUICK MELT MOZZA  BOX 165,,35,22,PCS,,23/06/2027,,1
23,04,2,04,1,10034745,SOSRO TEH CELUP BLACK TEA BOX 50X2,,36,0,PCS,,13/04/2027,,5
23,04,2,05,1,20017965,LACTOGEN PRO SUSU BAYI FORMULA 0-6 BULAN  BOX 350,,37,0,PCS,,23/05/2027,S,2
23,04,2,06,1,10013569,FRISIAN FLAG 3+ SUSU BUBUK PERTUMBUHAN VANILA BOX 750/700,,38,11,PCS,,08/06/2027,,1
23,05,1,01,1,20040575,SGM EKSPLOR 1+ PRO-GRESSMAXX SUSU PERTUMBUHAN VANILA BOX 150,,41,1223,PCS,,18/06/2028,S,4
23,05,1,02,1,20132727,WINCHEEZ KEJU CHEDDAR OLAHAN GOLD  BOX 170,,42,0,PCS,,25/04/2027,,6
23,05,2,01,1,10036891,NITTO CRACKERS PEANUT PCK 475,,43,130,PCS,,23/09/2027,,1
23,05,2,02,1,20034315,ABC SAMBAL TERASI  PCH 180,,44,0,PCS,,07/01/2027,,1
23,05,2,03,1,20029770,NUTRICIA NUTRIBABY 1 ROYAL BOX 400,,45,99,PCS,,07/07/2027,,1
23,05,2,04,1,20025592,KHONG GUAN CHOCOLATE WAFER CLASSIC  PCK 350,,46,0,PCS,,23/09/2027,,2
23,05,2,05,1,10038107,KEPALA DJENGGOT TEH CELUP 25S GREEN TEA PCK 50,,47,63,PCS,,18/06/2028,,2
23,05,2,06,1,,,,48,0,PCS,,,,
23,06,1,01,1,20040302,SGM EKSPLOR 3+ PRO-GRESSMAXX SUSU PERTUMBUHAN MADU BOX 400/350,,51,350,PCS,,02/07/2028,,1
23,06,1,02,1,20090696,LACTOGROW PRO1+ SUSU PERTUMBUHAN VANILLA BOX 735,,52,342,PCS,,09/01/2027,,1
23,06,2,01,1,20064553,TONG GARDEN ALL COCKTAIL SNACK  PCH 140,,53,0,PCS,,26/03/2027,,1
23,06,2,02,1,20086601,MAMEE MONSTER SNACK MI BBQ PCK 200,,54,0,PCS,,07/01/2027,,1
23,06,2,03,1,20142903,CHOCOLATOS COATED WAFER ROLL RICH DUBAI PISTACHIO PCK 54,,55,433,PCS,,04/05/2027,,1
23,06,2,04,1,20014400,MORINAGACHILKID SUSU PERTUMBUHAN DHA 3 MADU BOX 780,,56,103,PCS,,08/05/2027,S,1
23,06,2,05,1,20122054,MILNA BUBUR BAYI 8+ SALMON CAH BAYAM PCH 100,,57,159,PCS,,07/01/2027,,1
23,06,2,06,1,20002980,DIABETASOL SUSU FORMULA DIABETES VANILA BOX 570,,58,66,PCS,,14/03/2027,,1
23,07,1,01,1,20129773,VIDORAN SUSU FORMULA LANJUTAN 6-12 MY BABY BOX 575/550,,61,6,PCS,,27/02/2027,,1
23,07,1,02,1,20098227,KAPAL API KOPI BUBUK SPECIAL MERAH PCK 350,,62,158,PCS,,11/06/2027,L,3
23,07,2,01,1,10000129,CERES HAGELSLAG RICE CHOCO FESTIVE PCK 80,,63,17,PCS,,23/09/2027,,1
23,07,2,02,1,20039648,LOTTE PEPERO BISCUIT STICK ALMOND BOX 32,,64,83,PCS,,25/03/2027,,1
23,07,2,03,1,20102392,SARIWANGI TEH CELUP ASLI BOX 30X1.85,,65,436,PCS,,20/01/2028,,2
23,07,2,04,1,20134371,INDOMARET CABAI MERAH BUBUK  BTL 50,,66,47,PCS,,20/11/2027,,1
23,07,2,05,1,20141377,PROMINA PASTA SPGHT BOLOGNESE BOX 60,,67,239,PCS,,20/07/2027,,1
23,07,2,06,1,20003902,KRAFT KEJU CHEDDAR OLAHAN  BOX 160/150,,68,17,PCS,,03/03/2027,,1
23,08,1,01,1,20024908,NUTRICIA NUTRILON ROYAL 3 MADU BOX 400,,71,15,PCS,,03/09/2027,,1
23,08,1,02,1,20044862,PRO CHIZ KEJU SLICE 10S  PCK 170,,72,293,PCS,,22/04/2027,,1
23,08,2,01,1,20046933,PHILIPS LAMPU LED COOL DAYLIGHT E27  PCS 6 WATT,,73,0,PCS,,,V,1
23,08,2,02,1,20063732,AROMA WEDANG JAHE  BOX 5X23,,74,0,PCS,,23/04/2027,,1
23,08,2,03,1,,,,75,0,PCS,,,,
23,08,2,04,1,10036854,MILO CEREAL BREAKFAST + CALCIUM  BOX 150,,76,0,PCS,,06/05/2027,,1
23,08,2,05,1,20134372,INDOMARET BAWANG PUTIH BUBUK  BTL 60,,77,185,PCS,,10/01/2027,,1
23,08,2,06,1,20121168,RICOLA SUGAR FREE CANDIES LEMON MINT BOX 40,,78,316,PCS,,12/01/2027,,1
23,09,1,01,1,20142948,BEBELOVE SUSU FORMULA LANJUTAN 6-12 BLN  BOX 775,,81,236,PCS,,28/12/2027,,1
23,09,1,02,1,,,,,0,PCS,,,,
23,09,2,01,1,,,,,0,PCS,,,,
23,09,2,02,1,,,,,0,PCS,,,,
23,09,2,03,1,,,,,0,PCS,,,,
23,09,2,04,1,,,,,0,PCS,,,,
23,09,2,05,1,,,,,0,PCS,,,,
23,09,2,06,1,20067964,LIFEBUOY SABUN MANDI TS MULTIPACK 06105 TOTAL 10 BDD 460,,88,0,PCS,,28/12/2028,T,1
24,01,1,01,1,20116091,CHILGO 3+ SUSU PERTUMBUHAN VANILA BOX 660,,91,58,PCS,,09/01/2027,,1
24,01,1,02,1,20040296,SGM EKSPLOR 3+ PRO-GRESSMAXX SUSU PERTUMBUHAN MADU BOX 900,,92,74,PCS,CTN,18/06/2028,D,2
24,01,2,01,1,20045528,BEBELOVE 2 SUSU FORMULA LANJUTAN 6-12 BLN  BOX 175,,93,222,PCS,,07/07/2027,,2
24,01,2,02,1,20071746,SUPERSTAR WAFER TRIPLE CHOCOLATE BOX 6X12.5,,94,0,PCS,,06/04/2027,,2
24,01,2,03,1,20042444,PRENAGEN MOMMY EMESIS SUSU BUBUK IBU HAMIL COKLAT BOX 360,,95,63,PCS,,20/02/2027,,1
24,01,2,04,1,20134559,MEIJI BISCUIT HELLO PANDA DOUBLE CHOCO BOX 42,,96,0,PCS,,20/09/2027,,10
24,01,2,05,1,20135120,PROMINA SNACK SOFTCORN BUTTERMILK BOX 15,,97,235,PCS,,06/02/2027,,2
24,01,2,06,1,20126003,PROMINA MI BATITA AYAM KAMPUNG BOX 75,,98,224,PCS,,07/01/2027,,2
24,02,1,01,1,20098370,VIDORAN XMART1+ SUSU PERTUMBUHAN MADU BOX 350/325,,101,192,PCS,,08/08/2027,L,2
24,02,1,02,1,20008947,KHONG GUAN CRACKERS MALKIST SUPERCO  PCK 138,,102,0,PCS,,23/09/2027,,5
24,02,2,01,1,10008316,MORINAGACHILKID SUSU PERTUMBUHAN MADU+DHA BOX 190,,103,107,PCS,,28/04/2027,,1
24,02,2,02,1,20110249,KRAFT ALL IN ONE CHEDDAR  BOX 160/150,,104,353,PCS,,14/04/2027,,1
24,02,2,03,1,20136285,BEBELOVE 2 SUSU FORMULA LANJUTAN 6-12 BLN  BOX 600,,105,110,PCS,,13/07/2027,S,1
24,02,2,04,1,10000724,SUN BUBUR SEREAL SUSU BERAS MERAH BOX 120,,106,0,PCS,,18/06/2028,,1
24,02,2,05,1,10015653,DANCOW 1+ SUSU BUBUK PRTCTS PROBIO VANILA BOX 350,,107,314,PCS,CTN,23/05/2027,,2
24,02,2,06,1,20138473,VIDORAN SUSU FORMULA LANJUTAN 6-12 MY BABY BOX 925/900,,108,39,PCS,,14/09/2027,,1
24,03,1,01,1,20087024,SGM EKSPLOR 3+ PRO-GRESSMAXX SUSU PERTUMBUHAN MADU BOX 600,,111,216,PCS,,18/06/2028,,1
24,03,1,02,1,20066494,SGM EKSPLOR 5+ PRO-GRESSMAXX SUSU PERTUMBUHAN MADU BOX 900,,112,87,PCS,,18/06/2028,S,5
24,03,2,01,1,20138950,INDOMARET ABON AYAM  PCH 80,,113,53,PCS,,19/06/2027,,2
24,03,2,02,1,20012831,PROMINA BUBUR TIM INSTANT SALMON NORWEGIA BOX 100,,114,69,PCS,CTN,07/07/2027,,1
24,03,2,03,1,10013353,ANLENE GOLD 5X SUSU BUBUK HI-CALCIUM ORIGINAL BOX 570/560,,115,58,PCS,,19/06/2027,,1
24,03,2,04,1,20080924,YUMMY BITES BABY RICE CRACKERS BANANA BOX 25,,116,0,PCS,,07/01/2027,,1
24,03,2,05,1,20100805,PROMINA SILKY PUDING 9+ CHOCOLATE BOX 4X25,,117,178,PCS,CTN,07/01/2027,,1
24,03,2,06,1,10005797,MUSTIKA RATU SLIMMING TEA  BOX 15S,,118,44,PCS,,16/08/2028,,1
24,04,1,01,1,20101825,VIDORAN XMART1+ SUSU PERTUMBUHAN MADU BOX 925/900,,121,241,PCS,,27/02/2027,D,2
24,04,1,02,1,20040312,SGM ANANDA 2 FORMULA BAYI BUBUK 6 -12 BULAN BOX 400,,122,369,PCS,,10/01/2027,S,2
24,04,2,01,1,10005241,MORINAGACHILMIL SUSU LANJUTAN ORIGINAL BOX 190,,123,125,PCS,,07/05/2027,,1
24,04,2,02,1,10036931,MONDE BUTTER COOKIES  PCK 150,,124,207,PCS,,20/02/2027,,1
24,04,2,03,1,20010085,MAX TEA INSTANT DRINK LEMON TEA BOX 5X25,,125,22,PCS,,27/02/2027,,1
24,04,2,04,1,20096783,DELFI CHOCO PIE ORION 6S DARK BOX 180,,126,154,PCS,CTN,04/03/2027,,2
24,04,2,05,1,,,,127,0,PCS,,,,
24,04,2,06,1,20086598,MAMEE MONSTER SNACK MI CHICKEN PCK 200,,128,0,PCS,,07/01/2027,,1
24,05,1,01,1,10025846,NUTRICIA NUTRIBABY 2 ROYAL BOX 400,,131,38,PCS,,07/07/2027,,1
24,05,1,02,1,20035631,BEBELAC 1+ SUSU PERTUMBUHAN MADU BOX 350,,132,12,PCS,,07/07/2027,S,1
24,05,2,01,1,20090691,PEDIASURE TRIPLESURE VANILA BOX 200,,133,49,PCS,CTN,30/05/2027,,1
24,05,2,02,1,10016520,LA FONTE MAKARONI PAZTO INSTANT KEJU BOX 63,,134,297,PCS,,06/03/2027,,1
24,05,2,03,1,10033009,PRENAGEN MOMMY SUSU BUBUK IBU HAMIL VANILA BOX 180,,135,112,PCS,,29/06/2027,,1
24,05,2,04,1,20138100,FORVITA MARGARINE  TUB 200,,136,232,PCS,,14/10/2027,,2
24,05,2,05,1,10002565,KRAFT CHEESE SINGLE HIGH CALCIUM 5S PLAIN PCK 83/75,,137,0,PCS,,20/05/2027,V,1
24,05,2,06,1,20124402,MORINAGACHILKID SOYA SUSU PERTUMBUHAN 3 VANILA BOX 600,,138,45,PCS,,09/01/2027,,1
24,06,1,01,1,20021571,ANLENE GOLD 5X SUSU BUBUK HI-CALCIUM VANILA BOX 570/560,,141,229,PCS,,11/11/2027,L,1
24,06,1,02,1,10026038,SGM EKSPLOR 1+ PRO-GRESSMAXX SUSU PERTUMBUHAN MADU BOX 150,,142,261,PCS,CTN,18/06/2028,S,6
24,06,2,01,1,20138977,TANGO WAFER CHEESE PCK 100/98,,143,162,PCS,,23/09/2027,,2
24,06,2,02,1,20055286,LACTOGROW PRO+1 SUSU PERTUMBUHAN MADU BOX 735,,144,120,PCS,,23/05/2027,L,1
24,06,2,03,1,,,,145,0,PCS,,,,
24,06,2,04,1,20005712,DANCOW 5+ SUSU BUBUK PRTCTS PROBIO VANILA BOX 350,,146,3,PCS,,16/08/2027,,2
24,06,2,05,1,20099762,ARNOTTS NYAM-NYAM POP STIX CHOCOLATE BOX 48,,147,0,PCS,,07/01/2027,,2
24,06,2,06,1,10000465,KRAFT CHEESE SINGLE 10S PLAIN PCK 150,,148,0,PCS,,05/04/2027,,1
24,07,1,01,1,20127761,CHOCOLATOS WAFER ROLL DELIGHT CHOCOLATE BOX 90,,151,0,PCS,,22/02/2027,,4
24,07,1,02,1,10035865,LACTOGEN PRO SUSU BAYI FORMULA 0-6 BULAN  BOX 735,,152,0,PCS,,23/05/2027,,1
24,07,2,01,1,20028342,VILLA TEH CELUP KOTAK  BOX 252,,153,0,PCS,,18/06/2028,,1
24,07,2,02,1,20065180,GLICO BISCUIT PEJOY BELGIAN CHOCO BOX 30,,154,450,PCS,,07/01/2027,,10
24,07,2,03,1,10036934,ASTOR WAFER STICK (K) CHOCOLATE BOX 40,,155,2,PCS,,23/04/2027,,4
24,07,2,04,1,20008887,MONDE COOKIES SERENA EGG ROLL  BOX 168,,156,44,PCS,,23/09/2027,,1
24,07,2,05,1,10003111,PROMINA BABY BISCUIT MARIE SUSU ROL 150,,157,37,PCS,,06/03/2027,,2
24,07,2,06,1,10009288,FRISIAN FLAG SUSU BUBUK INSTANT KOMPLETA CHOCOLATE BOX 800/750,,158,26,PCS,,07/07/2028,,1
24,08,1,01,1,20142425,SARI ROTI WAFFLE (SARI KUE) COKELAT  PCS 35,,161,0,PCS,,08/10/2026,N,
24,08,1,02,1,20082594,BEBELAC GOLD 3 SUSU BUBUK VANILLA BOX 700,,162,208,PCS,CTN,03/09/2027,,2
24,08,2,01,1,10005491,TONG TJI TEH CELUP (TANPA AMPLOP) JASMINE BOX 25S,,163,555,PCS,,23/04/2027,,2
24,08,2,02,1,20142951,BEBELAC 1+ SUSU PERTUMBUHAN MADU BOX 775,,164,0,PCS,,19/02/2028,,1
24,08,2,03,1,10004541,TANGO WAFER VANILLA BOX 133/124,,165,334,PCS,,18/02/2027,,1
24,08,2,04,1,20103061,MILNA NATURE PUFFS ORGANIC CHEESE PCH 15,,166,320,PCS,,08/01/2027,,2
24,08,2,05,1,10022742,POCI TEH CELUP VANILLA BOX 25X2,,167,12,PCS,,23/03/2027,,2
24,08,2,06,1,20138335,DANCOW SUSU BUBUK GROPLUS  BOX 400,,168,13,PCS,,25/02/2027,,2
24,09,1,01,1,,,,,0,PCS,,,,
24,09,1,02,1,,,,,0,PCS,,,,
24,09,2,01,1,,,,,0,PCS,,,,
24,09,2,02,1,,,,,0,PCS,,,,
24,09,2,03,1,,,,,0,PCS,,,,
24,09,2,04,1,,,,,0,PCS,,,,
24,09,2,05,1,,,,,0,PCS,,,,
24,09,2,06,1,,,,,0,PCS,,,,
25,01,1,01,1,20040276,ADEM SARI CHING KU LEMON KLG 320L,,181,485,PCS,,06/05/2027,D,8
25,01,1,02,1,20134047,MILKU SUSU UHT ORIGINAL BTL 200L,,182,0,PCS,,02/03/2027,,6
25,01,2,01,1,20137094,PORORO MINUMAN BERPERISA PEACH BTL 235L,,183,0,PCS,,19/05/2027,,2
25,01,2,02,1,20025756,PRONAS CORNED BEEF KORNETKU  KLG 340,,184,18,PCS,,22/02/2028,,1
25,01,2,03,1,20138018,SARI CHOCO SPREAD HEZELNUT CRUNCH BTL 150,,185,41,PCS,,23/04/2027,,1
25,01,2,04,1,20139859,BIOKUL TO GO YOGURT BROWN SUGAR PCH 80,,186,52,PCS,,08/06/2027,,2
25,01,2,05,1,20015850,INDOFOOD SAMBAL PEDAS BTL 275L,,187,93,PCS,,13/07/2027,,2
25,01,2,06,1,20053868,POLARIS SOFT DRINK CAFENERGY COFFEE CREAM KLG 330L,,188,54,PCS,,29/04/2027,,2
25,02,1,01,1,20014608,NEO HORMOVITON PASAK BUMI  BTL 150L,,191,231,PCS,,05/01/2028,,10
25,02,1,02,1,20126897,MUJIGAE SUSU CAIR STRWBRRY BANANA BTL 250L,,192,16,PCS,,04/03/2027,,2
25,02,2,01,1,20048546,HEMAVITON HEALTH DRINK VITAMIN C1000 ORANGE KLG 330L,,193,25,PCS,,23/10/2027,L,2
25,02,2,02,1,20029054,KIRANTI JUICE SEHAT DATANG BULAN ORANGE BTL 150L,,194,46,PCS,,04/03/2027,,2
25,02,2,03,1,10000107,GREEN SANDS ORIGINAL LIME & APPLE  KLG 330L,,195,51,PCS,,23/04/2027,,4
25,02,2,04,1,10036562,GAGA SARDINES CHILI & TOMATO KLG 155,,196,0,PCS,,06/07/2028,,5
25,02,2,05,1,20022431,RED BULL ENERGY DRINK  KLG 250L,,197,4,PCS,,06/07/2028,,2
25,02,2,06,1,20141102,MILKU SUSU UHT MARIE BISKUIT BTL 200L,,198,0,PCS,,04/01/2027,,6
25,03,1,01,1,20069199,KAKI TIGA LARUTAN PENYEGAR COOLTOPIA LEMON LIME KLG 320L,,201,44,PCS,,19/08/2027,,2
25,03,1,02,1,20003698,SOSRO FRUIT TEA X-TREME APEL-BLACKCRRNT BTL 500L,,202,447,PCS,,23/09/2027,,3
25,03,2,01,1,10036619,MARJAN SYRUP LYCHEE BTL 425L,,203,0,PCS,,18/11/2027,,3
25,03,2,02,1,20068089,GREEN SANDS SOFT DRINK LEMON & GRAPE KLG 250L,,204,36,PCS,,04/03/2027,,4
25,03,2,03,1,10027529,DELMONTE CHILLI SAUCE EXTRA HOT BTL 270/265L,,205,38,PCS,,19/02/2027,,2
25,03,2,04,1,20056989,RED BULL GOLD ENERGY DRINK  KLG 250L,,206,119,PCS,,10/01/2027,L,6
25,03,2,05,1,20142818,EWATER MINUMAN ISOTONIC GRAPEFRUIT BTL 555L,,207,0,PCS,,05/01/2027,,1
25,03,2,06,1,10036773,KOEPOE KOEPOE LADA PUTIH BUBUK  BTL 85,,208,97,PCS,,06/10/2027,,1
25,04,1,01,1,10006263,HEMAVITON ENERGI DRINK  BTL 150L,,211,56,PCS,,23/02/2028,,4
25,04,1,02,1,20133058,NESCAFE COFFEE DRINK OAT LATTE KLG 220L,,212,348,PCS,,23/05/2027,,8
25,04,2,01,1,20036194,DELMONTE KETCHUP SAUCE TOMAT  BTL 140/135L,,213,45,PCS,CTN,04/03/2027,,6
25,04,2,02,1,20115489,INDOFOOD SAMBAL PEDAS DAHSYAT BTL 275L,,214,66,PCS,,13/07/2027,,2
25,04,2,03,1,20139813,BIOKUL TO GO YOGURT MARSHMALLOW PCH 80,,215,2508,PCS,,29/04/2027,,2
25,04,2,04,1,20091863,MAMASUKA SAUS SAMBAL DELISAOS HOT LAVA  BTL 130/160,,216,0,PCS,,04/03/2027,,4
25,04,2,05,1,20127835,ALANG SARI MINUMAN COOL JERUK NIPIS BTL 300L,,217,38,PCS,,17/04/2027,,2
25,04,2,06,1,20042859,MOGU-MOGU MINUMAN NATA DE COCO MANGGA BTL 320L,,218,1226,PCS,,06/05/2027,,2
25,05,1,01,1,20114493,NESCAFE COFFEE DRINK LATTE KLG 220L,,221,0,PCS,,23/04/2027,D,24
25,05,1,02,1,20120855,INDOMILK KENTAL MANIS SWISS CHOCO PCH 545/535,,222,0,PCS,,23/04/2027,S,2
25,05,2,01,1,20027096,INDOFOOD SAUS TOMAT  BTL 275L,,223,0,PCS,,13/07/2027,,6
25,05,2,02,1,10020784,BANGO KECAP MANIS (10012)  BTL 189,,224,145,PCS,,06/07/2028,,2
25,05,2,03,1,20138841,POKKA NATSBEE DRINK HONEY ORANGE BTL 350L,,225,0,PCS,,02/06/2027,,2
25,05,2,04,1,10004771,CERES CHOCO SPREAD DUO MILK HAZELNUT BTL 350,,226,11,PCS,,04/03/2027,,1
25,05,2,05,1,20139732,NU MINUMAN YOGURT TEA BERRY CRUSH BTL 450L,,227,0,PCS,,04/03/2027,T,3
25,05,2,06,1,20042860,MOGU-MOGU MINUMAN NATA DE COCO STRAWBERRY BTL 320L,,228,78,PCS,CTN,06/05/2027,,2
25,06,1,01,1,,,,231,0,PCS,,,,
25,06,1,02,1,20121456,NESCAFE COFFEE DRINK ICE BLACK KLG 220L,,232,780,PCS,,04/03/2027,D,12
25,06,2,01,1,10000212,ABC SAMBAL  BTL 135/130L,,233,0,PCS,CTN,04/03/2027,,2
25,06,2,02,1,20044599,AJINOMOTO SAUS TIRAM SAORI  BTL 270L,,234,121,PCS,CTN,11/03/2027,,1
25,06,2,03,1,20101396,ENDJOEKAN.Q KUNYIT ASAM (ECO) BTL 330L,,235,20,PCS,,24/12/2026,,1
25,06,2,04,1,20036713,INDOMARET CUKA  BTL 150L,,236,96,PCS,CTN,04/03/2027,,1
25,06,2,05,1,10012917,INDOFOOD SAMBAL ALA BANGKOK ASAM MANIS BTL 335/340L,,237,70,PCS,CTN,06/07/2028,,1
25,06,2,06,1,10000305,BANGO KECAP MANIS (66269)  BTL 385,,238,251,PCS,,04/03/2027,,1
25,07,1,01,1,20036031,BEBELOVE 1 SUSU FORMULA BAYI 0-6 BULAN  KLG 800,,241,0,PCS,,19/08/2028,T,2
25,07,1,02,1,20128233,NU MINUMAN CHOCO TEA HAZELTEA BTL 330L,,242,117,PCS,,04/03/2027,L,8
25,07,2,01,1,20009973,AJINOMOTO SAUS TERIYAKI SAORI  BTL 135L,,243,5,PCS,,17/02/2027,,1
25,07,2,02,1,20117166,MAESTRO SAUS TIRAM  BTL 270L,,244,73,PCS,CTN,13/07/2027,,1
25,07,2,03,1,20003786,NU MINUMAN GREEN TEA HONEY BTL 450L,,245,109,PCS,,20/09/2027,,2
25,07,2,04,1,10000859,ABC KECAP MANIS BTL 130L,,246,0,PCS,CTN,23/01/2028,,1
25,07,2,05,1,20014623,ABC SARDINES EXTRA PEDAS KLG 425,,247,0,PCS,CTN,06/07/2028,,1
25,07,2,06,1,20137767,INDOMARET JAM CHOCO HAZELNUT  BTL 150,,248,173,PCS,,23/04/2027,,1
25,08,1,01,1,20093993,FANTA SOFT DRINK GRAPE PET 390L,,251,744,PCS,,02/01/2027,,6
25,08,1,02,1,20035634,BEBELAC 3+ SUSU BUBUK VANILLA KLG 800,,252,0,PCS,,19/08/2028,T,1
25,08,2,01,1,20136363,ICHITAN SIGNATURE CHOCO DRINK DARK CHOCOLATE BTL 300L,,253,2,PCS,,25/03/2027,,2
25,08,2,02,1,20029222,PRONAS CORNED BEEF CLASSIC  PCK 50,,254,980,PCS,,27/07/2027,,12
25,08,2,03,1,10000135,PRONAS CORNED BEEF  KLG 198,,255,39,PCS,CTN,06/07/2028,,1
25,08,2,04,1,20083837,MORIN JAM HAZELNUT WITH COCOA  BTL 150,,256,115,PCS,CTN,13/07/2027,,1
25,08,2,05,1,20073984,MADURASA MADU ORIGINAL BTL 150,,257,21,PCS,,19/08/2028,,1
25,08,2,06,1,20041422,CERES CHOCO SPREAD HAZELJOY DOUBLE HAZELNUT BTL 350,,258,66,PCS,CTN,04/03/2027,,1
25,09,1,01,1,20101859,SUNBAY EVAPORATED MILK  KLG 380,,261,94,PCS,,27/03/2027,,2
25,09,1,02,1,10003682,MAYA SARDINES IN TOMATO SAUCE  KLG 425,,262,70,PCS,,17/04/2029,,1
25,09,2,01,1,20060290,MORINAGACHILKID SUSU PLATINUM 3 MORICARE VANILA KLG 800,,263,11,PCS,,13/07/2027,,1
25,09,2,02,1,20137602,INDOMILK KIDS YOGURT BLUEBERRY PCS 70,,264,0,PCS,,18/02/2027,,2
25,09,2,03,1,10006884,ABC MINYAK WIJEN 180  BTL 195L,,265,0,PCS,,23/10/2027,,1
25,09,2,04,1,20065095,ENSURE GOLD NUTRITION POWDER FOS VANILLA KLG 380,,266,0,PCS,,13/09/2027,,1
25,09,2,05,1,20037137,PORORO MINUMAN BERPERISA STROBERI BTL 235L,,267,74,PCS,,25/03/2027,S,2
25,09,2,06,1,20043620,HAMPTON CHUNKY ALMOND COOKIES  KLG 175,,268,0,PCS,,23/06/2027,,1
26,01,1,01,1,20114495,NESCAFE COFFEE DRINK CAPPUCCINO KLG 220L,,271,1752,PCS,,23/04/2027,D,24
26,01,1,02,1,20068906,FRISIAN FLAG SUSU KENTAL MANIS COKELAT PCH 535,,272,1008,PCS,,23/06/2027,D,12
26,01,2,01,1,20138959,IF COCONUT WATER DRINK  BTL 350L,,273,788,PCS,,02/05/2027,,2
26,01,2,02,1,20106309,WONG COCO SARI KELAPA DUGAN COCOPANDAN CUP 220,,274,198,PCS,,12/08/2027,,2
26,01,2,03,1,20138147,CIMORY EAT MILK PUDDING CHOCO HAZELNUT PCH 80,,275,68,PCS,,23/12/2026,,4
26,01,2,04,1,20140457,INDOMILK KENTAL MANIS SWISS CHOCO PCH 260,,276,0,PCS,,23/09/2027,,1
26,01,2,05,1,20046319,PANDA GRASS JELLY DRINK  KLG 310L,,277,480,PCS,,19/08/2027,S,6
26,01,2,06,1,20039732,STARWAY SOYA BEAN  BTL 310L,,278,0,PCS,,15/10/2027,,1
26,02,1,01,1,20054589,TIGA SAPI KREMER KENTAL MANIS  KLG 490,,281,520,PCS,,19/05/2027,S,8
26,02,1,02,1,20103718,TUJUH KURMA SUSU STERIL KURMA  KLG 189L,,282,1310,PCS,,23/04/2027,L,6
26,02,2,01,1,20125115,STARBUCKS DOUBLESHOT COFFEE DRINK ESPRESSO LATTE KLG 220L,,283,459,PCS,,04/03/2027,L,4
26,02,2,02,1,20103453,AJINOMOTO SAUS LADA HITAM SAORI  BTL 133L,,284,6,PCS,,19/05/2027,,1
26,02,2,03,1,20143400,MILO HEALTHY DRINK EXTRA CHOCO(3+1)  BDD 4X220L,,285,91,PCS,,08/08/2027,,1
26,02,2,04,1,20038425,NUTRIVE MINUMAN BENECOL BLACKCURRANT BTL 100L,,286,194,PCS,,15/02/2027,,6
26,02,2,05,1,20132660,DUA BELIBIS SAUS CABE BTL 235L,,287,79,PCS,,17/09/2027,,1
26,02,2,06,1,20137601,INDOMILK KIDS YOGURT STRAWBERRY PCS 70,,288,0,PCS,,18/04/2027,,2
26,03,1,01,1,20135340,MILO HEALTY DRINK EXTRA CHOCO BOOST UP KLG 220L,,291,1083,PCS,,05/05/2027,,3
26,03,1,02,1,20071642,ADEM SARI CHING KU SPARKLING KLG 320L,,292,620,PCS,,04/01/2027,L,2
26,03,2,01,1,20089805,OLATTE MINUMAN MILKY & FRUITY PEACH KLG 240L,,293,122,PCS,CTN,23/06/2027,L,3
26,03,2,02,1,20130801,CAP BADAK LARUTAN PENYEGAR PUTIH BTL 350L,,294,700,PCS,,28/12/2027,,4
26,03,2,03,1,20124898,CHI FOREST SPARKLING WATER WHITE PEACH BTL 480L,,295,285,PCS,,04/03/2027,,5
26,03,2,04,1,20042206,S-26 PROMISEGLD SUSU BUBUK PERTUMBUHAN 4 VANILLA (NEW) KLG 900,,296,16,PCS,,23/09/2028,,1
26,03,2,05,1,10003842,CAP BADAK LARUTAN PENYEGAR JAMBU KLG 320L,,297,526,PCS,,19/02/2027,L,2
26,03,2,06,1,20009269,DELMONTE CHILLI SAUCE EXTRA HOT BTL 140/135L,,298,117,PCS,CTN,23/06/2027,,2
26,04,1,01,1,20019673,YOU C1000 ISOTONIC DRINK LEMON WATER BTL 500L,,301,170,PCS,,06/03/2027,L,8
26,04,1,02,1,10033567,BINTANG ZERO SOFT DRINK  KLG 330L,,302,1124,PCS,,23/04/2027,D,24
26,04,2,01,1,10002989,INDOFOOD SAMBAL PEDAS BTL 135/140L,,303,153,PCS,CTN,13/07/2027,,2
26,04,2,02,1,20129570,WONG COCO PUDDING BLUEBERRY CUP 120,,304,48,PCS,,23/06/2027,,2
26,04,2,03,1,20140647,CAP ENAK KENTAL MANIS COKLAT PCH 260,,305,206,PCS,,19/08/2027,,1
26,04,2,04,1,20139438,DELMONTE SPREAD CHOCO HAZEL BTL 190,,306,0,PCS,,16/09/2027,,1
26,04,2,05,1,20089806,OLATTE MINUMAN MILKY & FRUITY PEAR KLG 240L,,307,49,PCS,,23/06/2027,,2
26,04,2,06,1,20117687,DELMONTE BOBA MILK TEA MATCHA KLG 240L,,308,228,PCS,CTN,13/07/2027,,2
26,05,1,01,1,20142239,NIPIS MADU MINUMAN BERKARBONASI LIME SODA BTL 1L,,311,187,PCS,,12/04/2027,J,2
26,05,1,02,1,20089819,FRISIAN FLAG KENTAL MANIS PUTIH  KLG 490,,312,447,PCS,,14/02/2027,,1
26,05,2,01,1,20123500,A&W SOFT DRINK SARSAPARILA KLG 250L,,313,222,PCS,CTN,04/03/2027,,2
26,05,2,02,1,20134353,INDOMARET SARI BUAH NANAS & MARKISA KLG 250/220L,,314,40,PCS,,08/03/2027,,1
26,05,2,03,1,20071510,NUTRIVE MINUMAN BENECOL LYCHHE BTL 100L,,315,183,PCS,,15/02/2027,,4
26,05,2,04,1,20037607,MILO HEALTY DRINK NUTRIUP KLG 220L,,316,0,PCS,,04/03/2027,,4
26,05,2,05,1,20136277,SUNPRIDE 100% FRUIT JUICE PINEAPPLE MANGO KLG 220L,,317,47,PCS,,23/12/2027,,1
26,05,2,06,1,20063027,ABC SAMBAL EXTRA PEDAS BTL 275/270L,,318,0,PCS,,04/03/2027,,1
26,06,1,01,1,10003427,KRATINGDAENG ENERGY DRINK SUPER BTL 150L,,321,483,PCS,,05/04/2027,,2
26,06,1,02,1,20000786,NESCAFE ICE COFFEE LATTE KLG 220L,,322,472,PCS,,23/04/2027,S,4
26,06,2,01,1,10002983,INDOFOOD KECAP MANIS BTL 135L,,323,296,PCS,CTN,06/07/2028,,1
26,06,2,02,1,10036899,REGAL MARIE BARU KLG 550,,324,11,PCS,,11/12/2027,,1
26,06,2,03,1,10000320,ABC SAUCE TOMAT BTL 135/130L,,325,0,PCS,CTN,04/03/2027,,1
26,06,2,04,1,10000255,FRISIAN FLAG GOLD SUSU KENTAL MANIS PUTIH KLG 370,,326,75,PCS,CTN,23/08/2027,L,3
26,06,2,05,1,20122090,ADEM SARI CHING KU TEH HIJAU MADU LEMON TEA BTL 350L,,327,94,PCS,,20/09/2027,,8
26,06,2,06,1,20075973,DUA IKAN DORANG KECAP MANIS BTL 300L,,328,67,PCS,CTN,06/07/2027,,1
26,07,1,01,1,10000021,CAP ENAK KENTAL MANIS PUTIH KLG 370,,331,232,PCS,,04/03/2027,,1
26,07,1,02,1,20141508,KRATINGDAENG ENERGY DRINK REGULER BDD 3X150L,,332,0,PCS,,17/07/2027,T,1
26,07,2,01,1,10013041,INDOFOOD SAMBAL EKSTRA PEDAS BTL 335/340L,,333,26,PCS,CTN,06/07/2028,,1
26,07,2,02,1,10002350,ABC KECAP (TANGGUNG) MANIS BTL 275L,,334,78,PCS,CTN,23/01/2028,,2
26,07,2,03,1,20036344,DUA BELIBIS SAUS CABE BTL 135L,,335,94,PCS,CTN,04/03/2027,,1
26,07,2,04,1,20138168,KOPI KENANGAN HANYA UNTUKMU COFFEE DRINK CHEESE LATTE BTL 200L,,336,12,PCS,,06/06/2027,,8
26,07,2,05,1,20141327,KIN DEZZERT MILKY CHOCO ALMOND PCH 80,,337,151,PCS,,22/03/2027,,1
26,07,2,06,1,20040306,S-26 PROMILGOLD SUSU BUBUK LANJUTAN 6-12 (2) VANILA KLG 400,,338,28,PCS,,19/08/2027,,1
26,08,1,01,1,10030059,CARNATION KENTAL MANIS CARNATION COFFEE MATE KLG 488,,341,0,PCS,,20/06/2027,,1
26,08,1,02,1,20035630,BEBELAC 1+ SUSU PERTUMBUHAN VANILA KLG 800,,342,0,PCS,,18/11/2027,T,1
26,08,2,01,1,20070629,SKIPPY JAM CREAMY PEANUT BUTTER BTL 170,,343,108,PCS,,19/02/2027,,1
26,08,2,02,1,20137229,KIRANTI JUICE SEHAT DATANG BULAN BERRY BTL 150L,,344,149,PCS,,02/07/2027,,2
26,08,2,03,1,20101897,INDOMARET MINUMAN TEH APEL BTL 350L,,345,0,PCS,,23/06/2027,,1
26,08,2,04,1,20132492,ABC SAMBAL EXTREME PEDAS BTL 275/270L,,346,0,PCS,CTN,23/06/2027,,1
26,08,2,05,1,10033572,PEDIASURE TRIPLESURE VANILA KLG 800,,347,17,PCS,,07/06/2027,D,1
26,08,2,06,1,10028190,LOTTE MINUMAN BERSODA MILKIS  KLG 250L,,348,200,PCS,,23/07/2027,,1
26,09,1,01,1,10004532,ENSURE GOLD NUTRITION POWDER FOS VANILLA KLG 800,,351,8,PCS,,23/09/2027,,1
26,09,1,02,1,20142359,POWERADE MINUMAN ISOTONIK ACTIVE BLUE BTL 400L,,352,746,PCS,,23/06/2027,,2
26,09,2,01,1,20143150,MAYA TUNA IN LARUTAN MINYAK KEDELAI  KLG 185,,353,216,PCS,,24/07/2029,,1
26,09,2,02,1,20132761,CAFFINO COFFEE READY TO DRINK OAT CAPPUCCINO BTL 200L,,354,222,PCS,,04/03/2027,,2
26,09,2,03,1,20129108,OATSIDE OAT MILK COFFEE TPK 200ML/ BTL 240L,,355,0,PCS,,27/07/2027,,4
26,09,2,04,1,20141980,DUM DUM MILK TEA ROYAL BTL 330L,,356,168,PCS,,11/06/2027,,2
26,09,2,05,1,20142668,AJINOMOTO SAUS YAKINIKU SAORI  BTL 133L,,357,24,PCS,,30/04/2027,,1
26,09,2,06,1,20139757,BELLA SPREAD CHOCO CHEESE BTL 200,,358,0,PCS,,22/07/2027,,1
27,01,1,01,1,20132329,GOOD DAY COFFEE DRINK GROOVY COOKIES BTL 250/230L,,1,0,PCS,,06/03/2027,,4
27,01,1,02,1,10002595,KRATINGDAENG ENERGY DRINK REGULER BTL 150L,,2,126,PCS,CTN,07/06/2027,S,10
27,01,2,01,1,20027241,MORIN JAM CHOCO PEANUT BTL 150,,3,83,PCS,,13/07/2027,,1
27,01,2,02,1,20125783,CAP ENAK KRIMER KENTAL MANIS PUTIH PCH 545/535,,4,0,PCS,,04/03/2027,S,2
27,01,2,03,1,20019179,BEAR BRAND SUSU ENCER GOLD MALT PUTIH KLG 140L,,5,0,PCS,,20/12/2027,V,2
27,01,2,04,1,10015550,PRIMA RASA FRUIT COCKTAIL  CUP 220L,,6,2,PCS,,27/02/2027,,2
27,01,2,05,1,20120904,KOPI KENANGAN HANYA UNTUKMU COFFEE DRINK BLACK AREN BTL 220L,,7,340,PCS,CTN,19/07/2027,,4
27,01,2,06,1,20131858,BIOKUL TO GO YOGURT STRAWBERRY PCH 80,,8,30,PCS,,21/06/2027,,2
27,02,1,01,1,20120929,PANDA GRASS JELLY DRINK BASIL SEED KLG 310L,,11,192,PCS,,19/08/2027,,2
27,02,1,02,1,20101102,ICHITAN THAI MILK GREEN TEA DRINK  BTL 300L,,12,100,PCS,,04/03/2027,S,2
27,02,2,01,1,20133709,POLARIS SOFT DRINK SARSAPARILA KLG 330L,,13,72,PCS,,20/09/2028,,8
27,02,2,02,1,10002894,KOEPOE KOEPOE SODA KUE  BTL 81,,14,3,PCS,,06/07/2028,,2
27,02,2,03,1,20047617,WONG COCO PUDDING GUAVA CUP 120,,15,172,PCS,,04/01/2027,,2
27,02,2,04,1,20141581,KIN YOGURT SLURP XL FRUIT SALAD PCH 80,,16,88,PCS,,20/02/2027,,1
27,02,2,05,1,20076486,MOGU-MOGU MINUMAN NATA DE COCO MELON BTL 320L,,17,863,PCS,,06/05/2027,,3
27,02,2,06,1,20124409,INDOMILK SUSU STERIL HONEY KLG 189L,,18,0,PCS,,11/03/2027,V,6
27,03,1,01,1,20048096,V-SOY SOYA BEAN MILK MULTI GRAIN  BTL 300L,,21,357,PCS,,25/04/2027,S,6
27,03,1,02,1,20085010,PORORO MINUMAN BERPERISA MANGO BTL 235L,,22,664,PCS,,23/04/2027,,8
27,03,2,01,1,20042848,MOGU-MOGU MINUMAN NATA DE COCO LYCHEE BTL 320L,,23,8,PCS,,23/02/2027,,8
27,03,2,02,1,20139437,DELMONTE SPREAD PEANUT BUTTER BTL 170,,24,16,PCS,,25/09/2027,,1
27,03,2,03,1,10020940,S-26 PROMIL GLD SUSU BUBUK FORMULA BAYI 0-6BLN TAHAP 1 KLG 400,,25,45,PCS,,06/07/2028,,1
27,03,2,04,1,20047245,MOGU-MOGU MINUMAN NATA DE COCO COCONUT BTL 320L,,26,712,PCS,,23/02/2027,L,6
27,03,2,05,1,20103368,HEMAVITON HEALTH DRINK VITAMIN C1000 LEMON KLG 330L,,27,219,PCS,CTN,11/01/2027,,6
27,03,2,06,1,20009966,AJINOMOTO SAUS TIRAM SAORI  BTL 133L,,28,100,PCS,CTN,17/02/2027,L,3
27,04,1,01,1,20036765,FRESTEA MINUMAN TEH GREEN MADU BTL 500L,,31,0,PCS,,08/03/2027,V,2
27,04,1,02,1,20048348,PUCUK HARUM MINUMAN TEH LESS SUGAR BTL 500L,,32,228,PCS,,23/04/2027,S,2
27,04,2,01,1,20139550,REGEN MINUMAN VITAMIN LEMON LIME BTL 300L,,33,0,PCS,,25/06/2027,,2
27,04,2,02,1,20062867,MORINAGA MINUMAN SUSU STERIL CHIL GO STRAWBERRY BTL 140L,,34,8,PCS,CTN,15/02/2027,,2
27,04,2,03,1,10005980,BOTAN SARDINES PREMIUM IN TOMATO SAUCE KLG 425,,35,85,PCS,,19/04/2027,,1
27,04,2,04,1,20089821,ORONAMIN C MINUMAN BERVITAMIN  BTL 120L,,36,1104,PCS,CTN,04/03/2027,,3
27,04,2,05,1,20027097,INDOFOOD SAMBAL EXTRA PEDAS BTL 275L,,37,120,PCS,CTN,13/07/2027,L,8
27,04,2,06,1,20065248,ION WATER MINUMAN ISOTONIK  BTL 350L,,38,91,PCS,,02/07/2027,,2
27,05,1,01,1,20035632,BEBELAC 1+ SUSU PERTUMBUHAN MADU KLG 800,,41,0,PCS,CTN,18/11/2027,T,1
27,05,1,02,1,10005489,FRISIAN FLAG KENTAL MANIS PUTIH  KLG 370,,42,0,PCS,,14/02/2027,,6
27,05,2,01,1,20131857,BIOKUL TO GO YOGURT LYCHEE PCH 80,,43,620,PCS,,08/07/2027,,2
27,05,2,02,1,20015235,ABC SARDINES EXTRA PEDAS KLG 155,,44,1,PCS,CTN,06/07/2028,,4
27,05,2,03,1,20055226,NUTRIVE MINUMAN BENECOL STRAWBERRY BTL 100L,,45,130,PCS,,15/02/2027,,2
27,05,2,04,1,20113135,AMUNIZER DRINK VITAMIN C-1000MG  BTL 140L,,46,2650,PCS,CTN,10/01/2027,,2
27,05,2,05,1,20096796,INDOMARET SPREAD CHOCOLATE BTL 160/150,,47,0,PCS,CTN,04/02/2027,,2
27,05,2,06,1,10014404,MILO HEALTY DRINK (RTD)  KLG 220L,,48,0,PCS,,04/03/2027,,4
27,06,1,01,1,20138050,MUJIGAE SUSU CAIR WATERMELON BTL 250L,,51,1032,PCS,,15/06/2027,S,6
27,06,1,02,1,20035628,BEBELOVE 2 SUSU FORMULA LANJUTAN 6-12 BLN  KLG 800,,52,0,PCS,CTN,18/11/2027,T,2
27,06,2,01,1,20010272,INDOFOOD SAMBAL EXTRA PEDAS BTL 135/140L,,53,121,PCS,,13/07/2027,,2
27,06,2,02,1,10003362,ABC SAMBAL EXTRA PEDAS BTL 335L,,54,49,PCS,,06/07/2028,,1
27,06,2,03,1,10036665,CARNATION KRIMER KENTAL MANIS  KLG 365,,55,0,PCS,,20/06/2027,,1
27,06,2,04,1,10036569,ABC SARDINES TOMAT KLG 155,,56,3,PCS,CTN,06/07/2028,,2
27,06,2,05,1,20052734,LOTTE MINUMAN BERSODA MILKIS MELON KLG 250L,,57,55,PCS,,09/01/2027,,1
27,06,2,06,1,20042207,S-26 PROCAL GLD SUSU BUBUK PERTUMBUHAN 3 VANILLA (NEW) KLG 900,,58,19,PCS,,19/08/2027,D,1
27,07,1,01,1,10000088,FRISIAN FLAG SUSU KENTAL MANIS COKLAT KLG 370,,61,0,PCS,,14/02/2027,V,1
27,07,1,02,1,20140331,FRUITAMIN MINUMAN COCO BIT STRAWBRY SAKURA BTL 350L,,62,521,PCS,,23/06/2027,,1
27,07,2,01,1,20096794,INDOMARET JAM PINEAPPLE BTL 170,,63,59,PCS,CTN,04/03/2027,,1
27,07,2,02,1,20062818,FRUITAMIN MINUMAN COCO BIT LYCHEE BTL 350L,,64,42,PCS,,17/03/2027,,6
27,07,2,03,1,20123183,PUCK CREAM CHEESE SPREAD  BTL 140,,65,0,PCS,CTN,04/02/2027,,1
27,07,2,04,1,20105631,CARNATION KRIMER KENTAL MANIS EVAPORASI  KLG 405,,66,0,PCS,,17/06/2027,,1
27,07,2,05,1,10003520,ABC SARDINES CHILI KLG 425,,67,41,PCS,CTN,06/07/2028,,1
27,07,2,06,1,10036563,GAGA SARDINES TOMAT & CHILLI KLG 425,,68,0,PCS,CTN,06/07/2028,,1
27,08,1,01,1,20141495,PANDA GREEN GRASS JELLY DRINK  KLG 310L,,71,20,PCS,,12/12/2028,,2
27,08,1,02,1,20110968,MUJIGAE SUSU CAIR BANANA BTL 250L,,72,1480,PCS,,25/06/2027,,2
27,08,2,01,1,10036553,PRONAS CORNED BEEF  KLG 340,,73,12,PCS,,28/10/2027,,1
27,08,2,02,1,20043410,S-26 PROCAL GLD SUSU BUBUK PERTUMBUHAN 3 VANILLA (NEW) KLG 400,,74,32,PCS,CTN,06/07/2028,,1
27,08,2,03,1,10036617,MARJAN SYRUP VANILLA BTL 425L,,75,1,PCS,CTN,18/11/2027,T,1
27,08,2,04,1,20141328,KIN DEZZERT MILKY CHOCO MILK PCH 80,,76,326,PCS,,15/02/2027,,1
27,08,2,05,1,20104971,DELMONTE BOBA MILK TEA TARO KLG 240L,,77,0,PCS,,13/07/2027,,2
27,08,2,06,1,10036611,MARJAN SYRUP MOCCA BTL 425L,,78,0,PCS,CTN,18/11/2027,T,1
27,09,1,01,1,20121348,LASEGAR TWIST JERUK-LEMON KLG 320L,,81,150,PCS,,29/04/2027,,2
27,09,1,02,1,20025825,PRONAS CORNED BEEF KORNETKU  KLG 200,,82,70,PCS,,24/06/2028,,1
27,09,2,01,1,20038236,ABC SAUS TIRAM  BTL 135L,,83,0,PCS,,19/02/2027,V,1
27,09,2,02,1,10000345,NESCAFE KOPI INSTANT CLASSIC  BTL 100,,84,28,PCS,,28/03/2027,,1
27,09,2,03,1,20134354,INDOMARET SARI BUAH NANAS KLG 250/220L,,85,101,PCS,,13/04/2027,,1
27,09,2,04,1,20136637,KIN BULGARIAN YOGURT SLURP XL BLUEBERRY PCH 80,,86,38,PCS,,20/02/2027,,2
27,09,2,05,1,10000700,ABC SQUASH ORANGE BTL 450/425L,,87,0,PCS,,14/03/2029,J,2
27,09,2,06,1,10000704,MARJAN SYRUP COCOPANDAN BTL 425L,,88,0,PCS,,14/03/2029,J,2
28,01,1,01,1,20124899,CHI FOREST SPARKLING WATER LYCHEE FIZZY BTL 480L,,91,365,PCS,,04/03/2027,,5
28,01,1,02,1,20134046,SOSRO FRUIT TEA FREEZE BTL 500L,,92,380,PCS,,07/01/2027,,2
28,01,2,01,1,20047244,MOGU-MOGU MINUMAN NATA DE COCO GRAPE BTL 320L,,93,148,PCS,,06/05/2027,,2
28,01,2,02,1,20141361,PORORO MINUMAN BERPERISA ZERO SUGAR STRAWBERRY BTL 235L,,94,193,PCS,,21/02/2027,,2
28,01,2,03,1,20103178,HEMAVITON HEALTH DRINK VITAMIN C1000 LESS SGR ORANGE KLG 330L,,95,0,PCS,,23/05/2027,,6
28,01,2,04,1,20138252,EXTRA JOSS ENERGY DRINK ULTIMATE KLG 250L,,96,286,PCS,,17/06/2027,,4
28,01,2,05,1,20134989,MAHORAHORA GULA AREN CAIR ORGANIK  BTL 200L,,97,0,PCS,,09/04/2027,,1
28,01,2,06,1,20133409,KOPI KENANGAN HANYA UNTUKMU COFFEE DRINK CAFFE LATTE BTL 200L,,98,12,PCS,,06/06/2027,,6
28,02,1,01,1,20109969,KOPIKO MINUMAN KOPI SUSU LUCKY DAY BTL 180L,,101,708,PCS,,23/06/2027,,8
28,02,1,02,1,20045995,KAKI TIGA LARUTAN PENYEGAR ANAK STROBERI KLG 250/238L,,102,152,PCS,,06/07/2028,,2
28,02,2,01,1,20078206,LUWAK WHITE KOFFIE ORIGINAL BTL 220L,,103,100,PCS,,15/05/2027,,4
28,02,2,02,1,20053799,INDOMILK SUSU CAIR MELON BTL 190L,,104,0,PCS,,06/04/2027,,4
28,02,2,03,1,20128794,NESTLE GOODNES SUSU CAIR KURMA ROYALE KLG 189L,,105,0,PCS,,11/03/2027,,6
28,02,2,04,1,20138150,CIMORY EAT MILK PUDDING CHOCOLATE PCH 80,,106,160,PCS,,23/12/2026,,4
28,02,2,05,1,20117663,KOBE BON CABE SAMBAL TABUR MAX END LEVEL 50 BTL 30,,107,38,PCS,,04/11/2027,,1
28,02,2,06,1,20053052,CERES CHOCO SPREAD CHOCO HAZELNUT BTL 180,,108,200,PCS,,04/03/2027,,1
28,03,1,01,1,20046314,MINUTE MAID JUICE NUTRIBOOST ORANGE BTL 300L,,111,514,PCS,,15/02/2027,,3
28,03,1,02,1,20085054,ICHITAN THAI MILK TEA DRINK  BTL 300L,,112,340,PCS,,02/07/2027,D,4
28,03,2,01,1,20135975,OLATTE MINUMAN MILKY & FRUITY STRAWBERRY KLG 240L,,113,153,PCS,,13/07/2027,,2
28,03,2,02,1,20117682,DELMONTE BOBA MILK TEA RED VELVET KLG 240L,,114,136,PCS,,13/07/2027,,8
28,03,2,03,1,20082351,DELMONTE SAUCE TOMAT  BTL 270/265L,,115,32,PCS,,06/01/2028,,1
28,03,2,04,1,20122031,SKIPPY JAM CHUNKY PEANUT BUTTER BTL 170,,116,0,PCS,,13/07/2027,,1
28,03,2,05,1,20140007,NUSANTARA MADU MURNI RANDU BTL 100L,,117,18,PCS,,01/03/2031,,1
28,03,2,06,1,20133805,ENTRASOL OLIVE MILK SUSU STERIL  KLG 180L,,118,136,PCS,,12/03/2027,,2
28,04,1,01,1,20139359,KIT KAT CHOCOLATE DRINK  KLG 220L,,121,0,PCS,,25/06/2027,L,8
28,04,1,02,1,20014954,NESCAFE ICE COFFEE MOCHA KLG 220L,,122,1025,PCS,,28/06/2027,L,3
28,04,2,01,1,20142819,EWATER MINUMAN ISOTONIC LEMON BTL 555L,,123,0,PCS,,05/01/2027,,1
28,04,2,02,1,20083775,ADEM SARI CHING KU HERBAL TEA KLG 325/320L,,124,554,PCS,,04/03/2027,,6
28,04,2,03,1,20120661,MORIN KAYA SPREAD  BTL 170,,125,20,PCS,,13/07/2027,,1
28,04,2,04,1,20136638,KIN BULGARIAN YOGURT SLURP XL STRAWBERRY PCH 80,,126,58,PCS,,20/02/2027,,2
28,04,2,05,1,10002602,M-150 MINUMAN KESEHATAN  BTL 150L,,127,184,PCS,,06/07/2028,,1
28,04,2,06,1,20096154,ASAHI SARDINES SAUS PEDAS KLG 155,,128,326,PCS,,02/02/2028,,1
28,05,1,01,1,20073396,S-TEE MINUMAN TEH MELATI BTL 350/390L,,131,922,PCS,,06/07/2027,,2
28,05,1,02,1,20099974,WONG COCO SARI KELAPA COCOPANDAN CUP 220,,132,723,PCS,,27/02/2027,,3
28,05,2,01,1,20080088,POKKA DRINK GREEN TEA JASMINE BTL 450L,,133,97,PCS,,14/04/2027,,1
28,05,2,02,1,20096795,INDOMARET JAM STRAWBERRY BTL 170,,134,332,PCS,,23/04/2027,,1
28,05,2,03,1,10000324,ABC KECAP ASIN BTL 133/131L,,135,0,PCS,,04/11/2027,,2
28,05,2,04,1,10036685,NUTELLA JAM SPREAD KECIL HAZELNUT BTL 200,,136,16,PCS,,04/01/2027,L,1
28,05,2,05,1,10036703,INDOFOOD KECAP ASIN BTL 140L,,137,289,PCS,,18/11/2027,,1
28,05,2,06,1,20045996,KAKI TIGA LARUTAN PENYEGAR ANAK LECI KLG 250/238L,,138,40,PCS,,06/07/2028,,6
28,06,1,01,1,20093586,ICHITAN THAI MILK COFFEE DRINK  BTL 300L,,141,156,PCS,,04/03/2027,,8
28,06,1,02,1,10025849,NUTRICIA NUTRILON ROYAL 3 VANILA KLG 800,,142,184,PCS,,15/07/2028,,1
28,06,2,01,1,10036570,ABC SARDINES CHILI KLG 155,,143,1,PCS,,06/07/2028,,4
28,06,2,02,1,20141600,INDOMARET ISOTONIC DRINK BLUE OCEAN FRUT BTL 350,,144,0,PCS,,15/07/2027,,2
28,06,2,03,1,20091864,MAMASUKA SAUS SAMBAL DELISAOS HOT LAVA  BTL 260/320,,145,128,PCS,,04/03/2027,,1
28,06,2,04,1,10003683,MAYA SARDINES TOMATO & CHILI SAUCE  KLG 155,,146,100,PCS,,18/11/2027,,1
28,06,2,05,1,20115632,INDOFOOD SAMBAL PEDAS DAHSYAT BTL 135L,,147,0,PCS,,13/07/2027,,6
28,06,2,06,1,10036708,ABC SAMBAL EXTRA PEDAS BTL 135/130L,,148,0,PCS,,04/03/2027,,2
28,07,1,01,1,20134246,KAKI TIGA LARUTAN PENYEGAR PUTIH BTL 350L,,151,256,PCS,,18/11/2027,,2
28,07,1,02,1,20082395,SOSRO TEH BOTOL TAWAR BTL 350L,,152,151,PCS,,21/04/2027,,3
28,07,2,01,1,20027240,MORIN JAM STRAWBERRY BTL 170,,153,76,PCS,,13/07/2027,,1
28,07,2,02,1,20085784,LEE KUM KEE OYSTER SAUCE (SAUS TIRAM)  BTL 145,,154,23,PCS,,23/02/2028,,1
28,07,2,03,1,10000771,ABC SQUASH LECI BTL 450/425L,,155,0,PCS,,14/09/2027,J,1
28,07,2,04,1,10033569,PEDIASURE TRIPLESURE VANILA KLG 380,,156,24,PCS,CTN,07/06/2027,,1
28,07,2,05,1,20135662,INDOMILK KENTAL MANIS CREAMY ORIGINAL PCH 260,,157,1036,PCS,,04/03/2027,,2
28,07,2,06,1,10036561,MAYA SARDINES IN TOMATO SAUCE  KLG 155,,158,96,PCS,,18/11/2027,,1
28,08,1,01,1,20035636,BEBELAC 3+ SUSU BUBUK MADU KLG 800,,161,0,PCS,,19/08/2028,T,1
28,08,1,02,1,20036241,DUA BELIBIS SAUS CABE BTL 340/335L,,162,181,PCS,,19/02/2027,,1
28,08,2,01,1,20141580,KIN YOGURT SLURP XL ORIGINAL PCH 80,,163,189,PCS,,20/02/2027,,2
28,08,2,02,1,20141501,DUA BELIBIS SAUS CABE PEDAS LADA BTL 235L,,164,52,PCS,,03/06/2027,,1
28,08,2,03,1,20122092,MARJAN SYRUP LEMON BTL 425L,,165,0,PCS,,06/07/2028,,1
28,08,2,04,1,20139996,NUSANTARA MADU ROYAL JELLY & BEE POLLEN  BTL 100L,,166,10,PCS,,01/04/2031,,1
28,08,2,05,1,20031771,LEE KUM KEE PURE SESAME OIL  BTL 115L,,167,5,PCS,,23/02/2028,,1
28,08,2,06,1,20064412,ABC SAMBAL ASLI BTL 275/270L,,168,1,PCS,,04/03/2027,,1
28,09,1,01,1,20002313,FRISIAN FLAG KRIMER KENTAL MANIS OMELA  KLG 370,,171,248,PCS,,17/05/2027,,2
28,09,1,02,1,10000101,BOTAN MACKAREL  KLG 155,,172,16,PCS,,04/11/2027,,1
28,09,2,01,1,20139997,FLORA MADU TROPIS  BTL 250,,173,1,PCS,,22/10/2029,,1
28,09,2,02,1,20115549,FIBE MINI MINUMAN KAYA SERAT  BTL 100L,,174,114,PCS,,23/04/2027,,2
28,09,2,03,1,10005701,BOTAN SARDINES PREMIUM IN TOMATO SAUCE KLG 155,,175,146,PCS,,02/02/2027,,1
28,09,2,04,1,10003519,ABC SARDINES TOMAT KLG 425,,176,0,PCS,,25/07/2027,,1
28,09,2,05,1,20008081,PEDIASURE TRIPLESURE MADU KLG 800,,177,9,PCS,,23/02/2028,,1
28,09,2,06,1,20035546,HILO SCHOOL SUSU CAIR UHT VANILA VEGIBERI TPK 200L,,178,0,PCS,,17/03/2027,,2
29,01,1,01,1,20033662,INDOMARET SPONGE MANDI  PCK,,1,742,PCS,BOX,,,2
29,01,1,02,1,20142939,MY BABY FACE & BODY CREAM FRESH & MOIST POT 50,,2,29,PCS,,09/02/2027,,1
29,01,1,03,1,20135183,VIO ACNE PATCH HYDROCOLLOID 18S DAY/NIGHT PCK,,3,79,PCS,,18/11/2027,,1
29,01,1,04,1,20140191,SENSODYNE PASTA GIGI CEGAH GIGI BRLUBANG & SENSITIF TUB 80,,4,210,PCS,,10/06/2027,,1
29,01,1,05,1,20038292,ABC BATTERY SUPER POWER AAA/R03  PCK 4S,,5,279,PCS,CTN,,,1
29,01,1,06,1,10013212,GILLETTE RAZOR DAISY PLUS/SMPLY VNUS 2S FOR WOMEN PCK,,6,441,PCS,,,,2
29,01,2,01,1,20143279,SUNSILK HAIR MASK CRAMIDE DYNOXDL SCT 60L,,7,1,PCS,,05/01/2029,,1
29,01,2,02,1,20143343,VASELINE GLUTA-HYA SERUM BURST LOTION FLAWLESS BRIGHT TUB 180L,,8,152,PCS,,16/07/2028,,1
29,01,2,03,1,20136433,PIGEON TEENS SUNSCREEN SPF 35 PA BOX 30L,,9,29,PCS,,18/11/2027,,1
29,01,2,04,1,20139596,PEPSODENT PASTA GIGI SENSITIVE EXPERT ORIGINAL TUB 60,,10,55,PCS,,14/07/2028,,1
29,01,2,05,1,20139600,GARNIER MEN ACNO FIGHT GENTLE CLEANSER ACNE CALMING TUB 100,,11,0,PCS,,01/07/2028,T,1
29,01,2,06,1,20136708,ZINC SHAMPOO ANTI DANDRUFF COOL BOOSTER BTL 170L,,12,369,PCS,,09/05/2027,,1
29,01,3,01,1,20109616,STELLA AIR FRESHENER ALL IN ONE CAFFE LATTE PCK 42,,13,0,PCS,CTN,06/07/2028,,1
29,01,3,02,1,20133375,VASELINE BODY LOTION GLUTA-HYA SERUM FLAWLESS BRIGHT TUB 100L,,14,18,PCS,,06/07/2028,,1
29,01,3,03,1,20120206,PEPSODENT PASTA GIGI HERBAL  BOX 120+30,,15,118,PCS,CTN,18/11/2027,,2
29,01,3,04,1,10001132,ALTECO SUPER GLUE 110  TUB 3,,16,926,PCS,LSN,,,1
29,01,3,05,1,20075943,MAKARIZO HAIR ENERGY FIBER/T SHAMPOO ALOE & MELON BTL 170L,,17,194,PCS,,09/05/2027,L,2
29,01,3,06,1,20141538,RHINO BLIND BOX PLUSH  BOX,,18,77,PCS,,01/04/2031,,1
29,02,1,01,1,20130082,EMINA BRIGHT STUFF FACE WASH  TUB 100L,,21,2,PCS,CTN,18/11/2027,,1
29,02,1,02,1,10028140,FORMULA S.GIGI JUNIOR HDL/KDDO OPTIMUM SOFT/EXTRA SOFT PCS,,22,122,PCS,,18/11/2029,,1
29,02,1,03,1,20121416,KODOMO BABY HAIR &  BODY BATH TOP TO TOE PCH 450L,,23,131,PCS,,06/07/2028,,1
29,02,1,04,1,20088539,GARNIER MEN OIL CONTROL 3IN1 CHARCOAL BLACK TUB 100L,,24,156,PCS,CTN,06/07/2028,,1
29,02,1,05,1,20091175,PEPSODENT PASTA GIGI KIDS STRAWBERRY TUB 50/45,,25,66,PCS,CTN,18/11/2027,,2
29,02,1,06,1,20135567,HIMALAYA DARK SPOT TUMERIC TREATMENT FACE WASH  TUB 100L,,26,189,PCS,,06/01/2027,,1
29,02,2,01,1,20039183,HIT ANTI NYAMUK XPRESS ALAT+REFILL EXPERT APPLE PCS,,27,30,PCS,,18/11/2027,,2
29,02,2,02,1,20138337,EMINA MICELLAR WATER LOW PH HYALUBRGHT BTL 300L,,28,28,PCS,,06/04/2028,,1
29,02,2,03,1,20141934,PANTENE SHAMPOO MIRACLE COLLAGEN REPAIR BTL 145,,29,98,PCS,,19/04/2029,,1
29,02,2,04,1,20136677,EMCO SANRIO CHARACTERS FACE OFF FIGURES SERIES PCS,,30,0,PCS,,,,1
29,02,2,05,1,20057924,HUKI BABY BOTOL SUSU PP SP ROUND  PCS 120L,,31,22,PCS,,11/01/2029,,1
29,02,2,06,1,20081456,GILLETTE RAZOR BLUE 3 FLEXI SINGLE  PCK,,32,722,PCS,CTN,,,2
29,02,3,01,1,20142036,TOYS STORY SMALL STARS FIGURINE  PCS 100,,33,0,PCS,,02/07/2031,,1
29,02,3,02,1,20141824,FELINZ MICELLAR PADS TXA NIACINAMIDE ESSENCE SHOT PCK 15S,,34,263,PCS,,13/04/2029,,1
29,02,3,03,1,20098787,SENSODYNE PASTA GIGI HERBAL  TUB 100,,35,151,PCS,CTN,06/07/2028,,1
29,02,3,04,1,20075945,MAKARIZO HAIR ENERGY FIBER/T SHAMPOO ROYAL JELLY BTL 170L,,36,396,PCS,,06/07/2028,L,2
29,02,3,05,1,20106983,AUTAN LOTION ANTI NYAMUK SAKURA TUB 50L,,37,0,PCS,CTN,18/11/2027,,2
29,02,3,06,1,20137606,EMINA WATER BRIGHT GLOW GEL  PCS 30,,38,115,PCS,,10/05/2028,,1
29,03,1,01,1,20113117,SCOTCH BRITE SABUT JARING ID-M60  PCK,,41,24,PCS,CTN,,,2
29,03,1,02,1,20043413,INDOMARET GELAS KERTAS (20S)  PCK,,42,27,PCS,CTN,,,1
29,03,1,03,1,20135301,SCOTCH INDOOR MOUNTING TAPE  PCS 12X1.5,,43,55,PCS,,,,1
29,03,1,04,1,20013832,KIT MOTOR MULTI GUNA PUMP  BTL 100L,,44,149,PCS,LSN,,,1
29,03,1,05,1,20086810,INDOMARET LAP SERBAGUNA  PCK,,45,535,PCS,CTN,,,1
29,03,1,06,1,10039944,INDOMARET CELANA DALAM MEN BRIEF CH-25  BOX EXTRALARGE,,46,47,PCS,,,,1
29,03,2,01,1,20138592,HANASUI MICELLAR WATER BRIGHT BTL 300L,,47,69,PCS,,01/07/2028,,1
29,03,2,02,1,20052754,PIGEON BOTOL SUSU PP RP STANDARD MM  PCS 50L,,48,106,PCS,CTN,18/11/2029,,1
29,03,2,03,1,20135594,CARASUN SOLAR SMART UV LIGHT SUNSCREEN SPF 50 PA++++ PCH 30,,49,35,PCS,,06/07/2028,,1
29,03,2,04,1,20071871,MAX ISI STAPLER NO.10-1M(1000) 2S  PCK,,50,234,PCS,PCS,,,1
29,03,2,05,1,10037280,BAGUS KAPUR AJAIB 6S  PCK,,51,117,PCS,CTN,18/11/2027,,1
29,03,2,06,1,20055841,INDOMARET KAOS KAKI ANKLE SHOCK ANTI BACTERIA PCK,,52,145,PCS,CTN,,,1
29,03,3,01,1,20062263,PIGEON PERISTALTIC NIPPLE 3S SLIM NECK PCK LARGE,,53,35,PCS,CTN,18/11/2028,,1
29,03,3,02,1,20026412,INDOMARET LAP MOTOR TABUNG  PCS,,54,316,PCS,CTN,,,1
29,03,3,03,1,20140481,GLAD2GLOW LOW PH 5.5 GENTLE FACIAL WASH  TUB 70,,55,50,PCS,,27/05/2028,,1
29,03,3,04,1,20139602,AZZURA DIAMOND BRIGHT FACIAL WASH GENTLE TUB 100,,56,150,PCS,CTN,04/08/2028,,1
29,03,3,05,1,20125690,INDOMARET PENGIKAT KABEL 50S  PCK 3.6200,,57,0,PCS,CTN,,,1
29,03,3,06,1,20101246,INDOMARET SELOTIP 2S (NEW) (12MMX25YR) BENING PCK 1223M,,58,0,PCS,CTN,,,1
29,04,1,01,1,20132321,VR TOYS BALON AIR BOOM JUMBO  2 SET PCK,,61,331,PCS,CTN,,,1
29,04,1,02,1,20137817,RHINO NAIL STICKER UNICORN  BOX,,62,51,PCS,,,,1
29,04,1,03,1,20113809,BU KRIM DETERGENT CAIR OXY KLIN ROMANTIC FLORAL PCH 700/670 L,,63,0,PCS,CTN,06/07/2028,,1
29,04,1,04,1,20138481,STELLA POCKET BATHROOM PERFUME EXOTIC FRUIT CTN 10,,64,322,PCS,,30/04/2027,,2
29,04,1,05,1,20139845,PONDS ULTRA LIGHT BIOME GEL NIASORCINOL BOX 15,,65,33,PCS,,16/08/2028,,1
29,04,1,06,1,20131993,ELLIPS VITAMIN HAIR MIST FRESH & SMOOTH BTL 100L,,66,12,PCS,CTN,18/11/2027,,1
29,04,2,01,1,20021482,MAKARIZO ADVISOR HAIR RECOVERY VITA MAX BOX 38L,,67,155,PCS,,18/11/2027,,1
29,04,2,02,1,20110854,INDOMARET KAOS KAKI SNEAKERS  PCK,,68,65,PCS,CTN,,,1
29,04,2,03,1,20036334,KENMASTER MOTORCYCLE WASH SPONGE 9001-015-02 PCS,,69,69,PCS,CTN,,,1
29,04,2,04,1,20135324,GILLETTE RAZOR GOAL II YELLOW 3+1S  PCK,,70,160,PCS,,,,1
29,04,2,05,1,20011206,PIGEON BOTOL SUSU KARAKTER 1 ECO RP-4 PCS 120L,,71,23,PCS,CTN,18/11/2029,,1
29,04,2,06,1,20133566,ACMIC KABEL DATA FAST CHARGING 3IN1  BOX 1.2,,72,70,PCS,,,,1
29,04,3,01,1,10038449,SNOWMAN SPIDOL GIANT HITAM SP PCS,,73,669,PCS,LSN,,,1
29,04,3,02,1,20090482,PONDS MEN PEMBERSIH WAJAH LIGHTNING OIL CLEAR TUB 100L,,74,432,PCS,,18/11/2027,,1
29,04,3,03,1,20112819,ENERGIZER BATTERY ALKALINE POWER AAA 4S NO.AP92 BP4 PCK,,75,36,PCS,,,,1
29,04,3,04,1,10011772,CUSSONS BABY CREAM MILD & GENTLE POT 50,,76,105,PCS,CTN,18/05/2027,,1
29,04,3,05,1,20083935,KOJIESAN DREAM WHITE ANTI-AGING SOAP  BAR 65,,77,156,PCS,,06/07/2028,,1
29,04,3,06,1,20053892,INDOMARET CELANA BOXER PRIA  BOX EXTRALARGE,,78,27,PCS,PCS,,,1
29,05,1,01,1,10019114,PIGEON SILICONE PACIFIER STEP 2 PCK,,81,54,PCS,CTN,18/11/2028,,1
29,05,1,02,1,20044538,HUKI BABY DOT DELUXE ORTHODONTIC 3S SILICONE NIPPLE PCK LARGE,,82,83,PCS,CTN,18/11/2029,,1
29,05,1,03,1,20140422,EMCO FUGGLER COLLECTIBLE KEYCHAIN  PCK,,83,94,PCS,,,,1
29,05,1,04,1,20035983,FASTER BALLPOINT C6/EC8 3S HITAM PCK,,84,150,PCS,LSN,,,1
29,05,1,05,1,20137426,INDOMIE 1 SET POSTCARD+FRAME EKSLUSIVE (HADIAH) PCS,,85,20,PCS,,,Z,10
29,05,1,06,1,20018825,FASTER BALLPOINT C-600/F3 3S HITAM PCK,,86,245,PCS,LSN,,,1
29,05,2,01,1,20142449,ESKULIN EAU DE PARFUM AURORA BLUSH BTL 30L,,87,0,PCS,,04/04/2029,,1
29,05,2,02,1,20131332,AIRPRO AIR FRESHENER WOODEN BOTTLE N5/SAKURA LUMI PCS 10L,,88,236,PCS,,18/11/2027,,1
29,05,2,03,1,20087590,KAO BIORE PORE PACK MENS STRIPS 4S BLACK PCK,,89,96,PCS,,18/11/2027,,1
29,05,2,04,1,20140180,ABC BATTERY ALKALINE AA LR-6 8S  PCK,,90,67,PCS,,,,1
29,05,2,05,1,20091617,HUKI BABY BOTOL SUSU PP SP ROUND  PCS 240L,,91,61,PCS,CTN,,,1
29,05,2,06,1,20141930,MAKARIZO ADVISOR HAIR REPAIR MASK  SCT 30,,92,722,PCS,,21/05/2029,,1
29,05,3,01,1,20105569,EMCO DORAEMON MINI FIGURE  PCS,,93,34,PCS,CTN,,,1
29,05,3,02,1,20069857,INDOMARET NOTE BOOK A6 75S  PCS,,94,278,PCS,CTN,,,1
29,05,3,03,1,20097795,WARDAH RENEW YOU/REJUVENATING FACIAL WASH TUB 100L,,95,17,PCS,CTN,18/11/2027,,1
29,05,3,04,1,20130763,KENKO CORRECTION TAPE CT-902  PCK,,96,300,PCS,BOX,,,1
29,05,3,05,1,20142234,WARDAH LIGHT+HPR RETINOL BRIGHT MOISTURIZER BTL 28,,97,2,PCS,,26/11/2028,,1
29,05,3,06,1,20131699,EMCO POKEMON FACE OFF FIGURE  PCS,,98,0,PCS,CTN,,,1
29,06,1,01,1,10028608,CUSSONS BABY OIL SOFT & SMOOTH BTL 100L,,101,31,PCS,,18/11/2027,,1
29,06,1,02,1,20142397,INDOMARET KOTAK MAKAN POKEMON TRIO START PCS,,102,0,PCS,,05/07/2031,,6
29,06,1,03,1,20140415,PEPSODENT PASTA GIGI KIDS BUBBLE GUM TUB 45,,103,55,PCS,,11/12/2028,,1
29,06,1,04,1,20142274,INDOMARET ADHESIVE HOOKS 3S  PCS,,104,129,PCS,,10/06/2031,,1
29,06,1,05,1,20142817,GLOW & LOVELY GEL CLEANSER GLASS BRIGHT NIACINAMIDE PHA TUB 75,,105,63,PCS,,22/05/2028,,1
29,06,1,06,1,20142379,INDOMARET KOTAK MAKAN POKEMON SNORLAX PCS,,106,0,PCS,,21/05/2031,,6
29,06,2,01,1,20136622,ONE PIECE STICKER COLLECTION CARD  PCS,,107,0,PCS,,,,1
29,06,2,02,1,20142758,GLOW & LOVELY GEL CLEANSER GLASS HYDRA CRAMDE NIACNMDE TUB 75,,108,107,PCS,,24/06/2028,,1
29,06,2,03,1,20143791,GELIGA KRIM OTOT EXTRA STRONG  BTL 55,,109,530,PCS,,05/07/2029,,1
29,06,2,04,1,20135972,PLAY DOH SINGLE CAN ASSORTMENT PCS,,110,0,PCS,,,,1
29,06,2,05,1,20054250,AUTAN ANTI NYAMUK CAIR REFRESH SPRITZ BTL 100L,,111,1,PCS,,20/04/2028,,1
29,06,2,06,1,20123353,RKC ROLL SPEED DIE CAST METAL ASSORTMENT PCS,,112,32,PCS,CTN,,,1
29,06,3,01,1,20142928,HOT WHEELS NEW FAST FURIOUS 2026 SILVER PCS,,113,0,PCS,,,,1
29,06,3,02,1,20140477,SCORA GENTLE LOW PH CLEANSER PHYTOBRIGHT TUB 75,,114,340,PCS,,29/12/2028,,1
29,06,3,03,1,20143314,KODOMO PASTA GIGI ANAK-ANAK WONDER GRAPE TUB 45,,115,17,PCS,,30/06/2029,,1
29,06,3,04,1,20092086,INDOMARET KAOS SINGLET PUTIH PCK MEDIUM,,116,80,PCS,CTN,,,1
29,06,3,05,1,20142227,EMCO POP A TOY NEW SERIES  BOX,,117,156,PCS,,05/07/2031,,1
29,06,3,06,1,20089497,ZEBRA BALLPOINT SARASA 0.5 BLACK PCK,,118,65,PCS,BOX,,,1
29,07,1,01,1,20012674,ADINATA STATIONARY CHARACTER 7S  SET,,121,30,PCS,PCS,,,1
29,07,1,02,1,20132620,LIFEBUOY SABUN MANDI TS TOTAL 10 BAR 368,,122,0,PCS,,11/08/2028,,1
29,07,1,03,1,20142122,NCO EAU DE PARFUM BLOOMIQUE BTL 100 L,,123,11,PCS,,13/03/2029,,1
29,07,1,04,1,20135718,CAPRICORN REMOVEABLE STICKER PACK ASSORTED PCK,,124,2,PCS,,,,1
29,07,1,05,1,20140687,BARBIE JET TAG JNX28 PCS,,125,27,PCS,,,,1
29,07,1,06,1,20096351,ADINATA 3D PUFFY STICKER MY LITTLE PONY PCK,,126,0,PCS,,,,1
29,07,2,01,1,,,,127,0,PCS,,,,
29,07,2,02,1,20138109,EVERSENSE EXTRAIT DE PARFUM GOLDEN LUXE BTL 30L,,128,60,PCS,,20/04/2030,,1
29,07,2,03,1,20073868,GT MAN T-SHIRT R-NECK GTS01-POLLYBAG BLACK PCS EXTRALARGE,,129,0,PCS,,,T,1
29,07,2,04,1,20086998,ADINATA KERTAS KADO 2S (NEW) ASSORTED PCS,,130,136,PCS,PCS,,,1
29,07,2,05,1,20035832,FABER CASTELL PENCIL 2B (2S)  PCS,,131,101,PCS,LSN,,,1
29,07,2,06,1,20090436,KIT DETAILER SPRAY  BTL 200L,,132,15,PCS,CTN,,,1
29,07,3,01,1,20143751,MEO TUNA WITH CHICKEN JELLY ADULT PCH 80,,133,10,PCS,,03/03/2028,,1
29,07,3,02,1,20018354,FUXING NOTEBOOK NO.8232  PCS,,134,1,PCS,CTN,,,1
29,07,3,03,1,20094698,HOT WHEELS MONSTER TRUCK 1:64 FYJ44 PCS,,135,14,PCS,,,,1
29,07,3,04,1,20137719,STATIONARY PEN WITH FULL LID CUTE  TROPER RABBIT PCS,,136,1,PCS,,,I,1
29,07,3,05,1,20094959,IN-LITE VALUE LAMPU LED COOL LIGHT  BOX 9W,,137,133,PCS,CTN,,,1
29,07,3,06,1,20144187,HI SUN BODY SERUM SOOTHING BOOSTER HYALURONIC BTL 200,,138,21,PCS,,27/09/2029,,1
29,08,1,01,1,20046211,INDOMARET WET TISSUE 50S NON ALCOHOL PCK,,141,4,PCS,,14/09/2028,V,1
29,08,1,02,1,20038033,INDOMARET TALI RAFIA  PCK,,142,7,PCS,,,,1
29,08,1,03,1,20060033,KENMASTER WATER FILTER AIR DAIYU  PCS,,143,37,PCS,,,,1
29,08,1,04,1,20097529,KRISBOW PADLOCK 3 DIAL ASSORTED TSA21031 PCS,,144,0,PCS,,,T,1
29,08,1,05,1,20141670,NORTHLAND GIRLS -PRINCESS ELISA DRESS  PCS,,145,8,PCS,,06/03/2031,,1
29,08,1,06,1,20088106,MOBILE KIOSK BRAIDED 2A USB LIGHTNING CABLE FOR IPHONE PCS,,146,72,PCS,,,,1
29,08,2,01,1,20136249,DADI DIY STICKER PLAYSET ASSORTED PCK,,147,0,PCS,,,,1
29,08,2,02,1,20132776,HOT WHEELS COMPACT CASE HYJ70  BOX,,148,54,PCS,CTN,,,1
29,08,2,03,1,20090447,GARNIER SKIN NAT.SAKURA GLOW HYALURON SERUM CRM SPF30 TUB 20L,,149,180,PCS,,10/08/2028,,1
29,08,2,04,1,20129005,EMCO FUN WITH COLORS MICKEY&FRIENDS ASSORTED PCS,,150,3,PCS,CTN,,,1
29,08,2,05,1,20056978,INDOMARET AMPLOP WARNA 8/6S  PCK 90170,,151,301,PCS,CTN,,,1
29,08,2,06,1,20142236,BARBER DAILY BRIGHT RADIANCE MOISTURIZER  BOX 30,,152,197,PCS,,09/04/2029,,1
29,08,3,01,1,20136584,HIMALAYA DARK SPOT TUMERIC TREATMENT FACE SERUM BTL 15L,,153,0,PCS,,26/09/2027,V,1
29,08,3,02,1,20092359,RIDER CELANA DALAM SPORT R762B (3S)  BOX LARGE,,154,73,PCS,,,,1
29,08,3,03,1,20128957,PONDS SUN SERUM UV PROTECT SPF35 PA+++ UVA UVB TUB 30,,155,0,PCS,,09/04/2029,T,1
29,08,3,04,1,20140810,GOOD DAY PHOTOCARD BABYMONSTER  PCS,,156,2,PCS,,,Z,1
29,08,3,05,1,20080374,KENMASTER STEKER ADAPTOR USB S0203  PCK,,157,0,PCS,,,T,1
29,08,3,06,1,,,,158,0,PCS,,,,
29,09,1,01,1,,,,161,0,PCS,,,,
29,09,1,02,1,20139975,CASABLANCA EAU DE PARFUM CHALLENGER BTL 50,,162,63,PCS,,10/06/2029,,1
29,09,1,03,1,20139974,MOBILE KIOSK TRAVEL ADAPTOR 25W  PCS,,163,10,PCS,,,,1
29,09,1,04,1,20132908,STATIONARY ASTRONOUT GLUE STICK  PCS,,164,0,PCS,,,I,1
29,09,1,05,1,20133739,THE ORIGINOTE HYALUCERA MOISTURIZER  POT 50L,,165,19,PCS,,18/11/2027,,1
29,09,1,06,1,20010264,GT MAN CELANA DALAM 708 3S  BOX EXTRALARGE,,166,0,PCS,,,,1
29,09,2,01,1,20134319,ENERGIZER BATTERY LITHIUM 3V 2016 2S  PCK,,167,129,PCS,,12/10/2034,,1
29,09,2,02,1,20139352,HANASUI SUNSCREEN LIGHTWEIGHT PRO  TUB 30L,,168,0,PCS,,11/03/2028,,1
29,09,2,03,1,20132900,STATIONARY ASTRONOUT PENCIL  PCS,,169,0,PCS,,,I,1
29,09,2,04,1,20099194,MAYBELLINE FOUNDATION FIT ME MATTE+PORELS (HADIAH) PCK,,170,0,PCS,,13/08/2028,Z,1
29,09,2,05,1,10000517,SARI AYU INTENSIVE ACNE SERUM  BOX 12L,,171,101,PCS,,18/05/2027,V,1
29,09,2,06,1,20133568,ACMIC KABEL DATA PDC100E USB-C TO USB-C  BOX 1,,172,97,PCS,,,,1
29,09,3,01,1,20133041,RHINO CATCH THE MONSTER ASSORTMENT BOX,,173,72,PCS,,,,1
29,09,3,02,1,20142382,INDOMARET KOTAK PENSIL POKEMON PIKACHU CTN,,174,0,PCS,,21/05/2031,,6
29,09,3,03,1,20130060,AMARA NAIL POLISH BLOSSOM PINK BOX 5L,,175,38,PCS,,06/07/2028,,1
29,09,3,04,1,20133390,FLORINA FORGED GRILL PAN NO LID  PCS 28,,176,0,PCS,,,I,1
29,09,3,05,1,20134457,IN-LITE VALUE LAMPU LED COOL LIGHT  BOX 15W,,177,75,PCS,,,,1
29,09,3,06,1,20130057,AMARA NAIL POLISH PRINCESS PURPLE BOX 5L,,178,46,PCS,,06/07/2028,,1
30,01,1,01,1,20129129,AZARINE CALM MY ACNE SUNSCREEN MOIST. SPF 35 PA+++ TUB 40L,,181,22,PCS,,18/11/2027,,1
30,01,1,02,1,20122044,GARNIER MEN SHAMPOO COLOR 3.0 CKLT KEHITAMAN PCK,,182,22,PCS,CTN,18/05/2027,,1
30,01,1,03,1,10006334,ABC BATTERY ALKALINE AAA/LR-03/4S MILLENNIUM PWR PCK,,183,252,PCS,CTN,,L,1
30,01,1,04,1,10009007,GILLETTE CARTRIDGE VECTOR GANDA 2S  PCK,,184,163,PCS,CTN,,,1
30,01,1,05,1,20143344,GLAD2GLOW BRIGHTENING MOISTURIZER PDRN POT 30,,185,0,PCS,,27/05/2027,,1
30,01,1,06,1,20138102,SCORA SHEER GLOW TONE UP CREAM  PCS 20,,186,0,PCS,CTN,20/04/2027,,2
30,01,2,01,1,10015438,ENERGIZER BATTERY ALKLN MAX AA/LR6 4S E91.BP4 PCK,,187,75,PCS,,,,1
30,01,2,02,1,20139068,CIPTADENT PASTA GIGI FRESH MAXI COOL TUB 190,,188,72,PCS,,16/06/2028,,2
30,01,2,03,1,20136755,BEAUTY CHARM SUNSCREEN SPF 30 PA      SCT 6,,189,268,PCS,,12/10/2027,T,1
30,01,2,04,1,20091307,STELLA POCKET BATHROOM PERFUME BLUE PCK 10,,190,461,PCS,,19/02/2027,,2
30,01,2,05,1,20054917,ELLIPS HAIR VITAMIN PRO-KERATIN HAIR REPAIR PCK 6X1L,,191,759,PCS,CTN,18/11/2027,,2
30,01,2,06,1,20142119,SCARLETT EXTRAIT DE PARFUM SAFA ATHER BTL 30,,192,522,PCS,,04/03/2029,,1
30,01,3,01,1,20136881,LARISST KAOS KAKI ANKLE SOCK (1+1) BLACK BDD NO.25-26,,193,110,PCS,,,,1
30,01,3,02,1,10004714,PEPSODENT PASTA GIGI WHITE  TUB 120/115 ,,194,267,PCS,CTN,18/11/2027,,2
30,01,3,03,1,20137055,BEAUTY CHARM GLOW BOOSTER MOISTURIZER  PCS 20,,195,0,PCS,,03/01/2027,T,1
30,01,3,04,1,20143931,POINT COFFEE TUMBLER BRONZE METALIC SERIES  PCS 600 L,,196,210,PCS,,,,1
30,01,3,05,1,20129130,AZARINE HYDRASOOTHE SUNSCREEN GEL SPF 45 PA++++ TUB 30L,,197,178,PCS,CTN,18/11/2027,,1
30,01,3,06,1,20141993,LARISST SCRUB SPONGE COKLAT PCS,,198,342,PCS,,05/05/2030,,1
30,02,1,01,1,20136257,STATIONARY SEA ANIMAL PEN ASSORTED PCS,,201,0,PCS,,,I,1
30,02,1,02,1,20130894,SENSODYNE PASTA GIGI FRESH MINT TUB 60,,202,121,PCS,,06/07/2028,,1
30,02,1,03,1,10011593,HOT WHEELS MOBIL BASIC ASSORTMENT PCK,,203,374,PCS,,,,1
30,02,1,04,1,20094416,DERMA ANGEL ACNE PATCH DAY 6S  PCK,,204,584,PCS,CTN,06/07/2028,,1
30,02,1,05,1,20072837,INDOMARET LILIN ULANG TAHUN 12S  PCK,,205,608,PCS,CTN,,,2
30,02,1,06,1,20096777,WHISKAS CAT FOOD POUCH OCEAN FISH PCK 85/80,,206,406,PCS,,12/09/2027,,2
30,02,2,01,1,20143082,BIZARRE EAU DE PARFUM CANDY ROSE BTL 50L,,207,49,PCS,,19/08/2030,,1
30,02,2,02,1,20134809,FRES & NATURAL BT21 BODY WASH LOVE YOURSELF PCH 400L,,208,47,PCS,,15/09/2028,,2
30,02,2,03,1,20012183,BAYGON OBAT NYAMUK BAKAR JUMBO 5S CEGAH D/BDARAH BOX,,209,214,PCS,CTN,06/07/2028,,2
30,02,2,04,1,10003550,CIPTADENT PASTA GIGI FRESH MINT TUB 190,,210,36,PCS,,18/11/2027,,1
30,02,2,05,1,20136482,SASHA HAIR COLOR BLEACHING  BOX 30,,211,9,PCS,,17/09/2029,N,1
30,02,2,06,1,20137413,BARBER DAILY FACE WASH BRIGHT RADIANCE TUB 100L,,212,140,PCS,,05/06/2028,S,8
30,02,3,01,1,20109069,BAGUS LEM AJAIB PERANGKAP TIKUS  PCS,,213,328,PCS,BOX,,,2
30,02,3,02,1,20075791,STELLA POCKET BATHROOM PERFUME ORANGE PCK 10,,214,336,PCS,,19/02/2027,,1
30,02,3,03,1,20136756,BEAUTY CHARM YOUTH GLOW DAY CREAM  PCS 15,,215,302,PCS,,12/10/2027,T,1
30,02,3,04,1,20119957,JF DERMAMED CLEANSER  BAR 90,,216,0,PCS,,18/11/2027,,2
30,02,3,05,1,20136754,BEAUTY CHARM SUNSCREEN SPF 50 PA      SCT 4,,217,485,PCS,,12/10/2027,T,1
30,02,3,06,1,20140694,HOT WHEELS THE HOT ONES ASSORTED PCS,,218,22,PCS,,,,1
30,03,1,01,1,20009869,ZWITSAL BABY HAIR LOTION NATURAL AVKS BTL 100L,,221,51,PCS,CTN,18/05/2027,,1
30,03,1,02,1,20125109,MY BABY KIDS KIDS TOOTHPASTE STRAWBERRY TUB 45,,222,84,PCS,,22/10/2028,,1
30,03,1,03,1,20039152,INDOMARET GUNTING KECIL  PCS 6.3,,223,447,PCS,,,,1
30,03,1,04,1,20064017,INDOMARET CELANA DALAM WANITA FANCY 2S  PCK L/XL,,224,310,PCS,CTN,,,1
30,03,1,05,1,20117815,BAYFRESH HANG N GO DARK ICE PCK,,225,110,PCS,,18/11/2027,,1
30,03,1,06,1,20137074,ADINATA FRAME STICKERS  PCK,,226,395,PCS,,,,1
30,03,2,01,1,20085740,INDOMARET/LARIS NAIL CLIPPER & NANO GLASS BUFFER PCS,,227,282,PCS,CTN,,,1
30,03,2,02,1,20009870,ZWITSAL BABY SHAMPOO NATURAL BTL 100L,,228,295,PCS,CTN,18/05/2027,,1
30,03,2,03,1,20136746,BEAUTY CHARM LIP 02 MAROON PCS 2.5L,,229,0,PCS,,12/10/2027,T,1
30,03,2,04,1,20099248,LACTACYD BABY LIQUID SOAP  BTL 60L,,230,84,PCS,,06/07/2028,,1
30,03,2,05,1,20074315,INDOMARET DOUBLE TAPE (NEW) 1/2INX12YR ROL 12X11,,231,511,PCS,CTN,,,1
30,03,2,06,1,20077503,INDOMARET BALLPOINT 3S HITAM PCK,,232,398,PCS,CTN,,,1
30,03,3,01,1,20001546,MITU BABY TISSUE GANTI POPOK BLUE CHARMING LILY PCK 250S,,233,720,PCS,,17/09/2028,,2
30,03,3,02,1,20137049,ADINATA GEL PEN WITH TOPPER   PCK,,234,0,PCS,,,,1
30,03,3,03,1,20133740,THE ORIGINOTE BRIGHTENING MOISTURIZER  POT 50L,,235,94,PCS,,03/01/2028,V,1
30,03,3,04,1,20098614,INDOMARET DENTAL FLOSS PICK 30S  PCK,,236,358,PCS,CTN,18/11/2029,,2
30,03,3,05,1,20142226,INDOMARET KANTONG PLASTIK SAMPAH (1+1)  BKS,,237,40,PCS,,10/06/2031,,1
30,03,3,06,1,20044863,INDOMARET/LARIS SABUT STAINLESS 2S  PCK,,238,226,PCS,,,,1
30,04,1,01,1,20030982,INDOMARET SAPU TANGAN HANDUK  PCS 30X30,,241,97,PCS,LSN,,,1
30,04,1,02,1,20136854,ADINATA JELLY STICKERS  PCK,,242,180,PCS,,,,1
30,04,1,03,1,20038767,PANTENE SHAMPOO PRO-V (NEW I) HAIR FALL CNTRL BTL 290L,,243,74,PCS,,23/04/2028,,1
30,04,1,04,1,20138915,APOLO BALON QUU WITH PIPE ASSORTED PCK 20,,244,0,PCS,,07/03/2030,,1
30,04,1,05,1,20098414,INDOMARET MANGKOK KERTAS (10S)  PCK,,245,65,PCS,,,,1
30,04,1,06,1,10037358,PANASONIC BATTERY PRIMA (4S) UM-3U/R6 PCK,,246,208,PCS,CTN,,,1
30,04,2,01,1,20139525,VAPE DORA LEM PERANGKAP TIKUS  BOX,,247,83,PCS,,,,2
30,04,2,02,1,20137011,THE ORIGINOTE HYALUROSE MICELLAR WATER  BTL 300L,,248,87,PCS,,02/01/2028,,1
30,04,2,03,1,20010520,LISTERINE MOUTHWASH ANTISEPTIC FRESH CITRUS BTL 250L,,249,75,PCS,CTN,18/05/2027,,1
30,04,2,04,1,20113915,MY BABY KIDS SHAMPOO & CONDITIONER SOFT & SHINE BTL 180L,,250,20,PCS,,09/04/2028,,1
30,04,2,05,1,20092076,PEPSODENT PASTA GIGI ACTION 123 CHARCOAL TUB 160,,251,168,PCS,,18/11/2027,,1
30,04,2,06,1,10014741,FORMULA PASTA GIGI GEL JNR+SIKAT GIFT ORANGE & APPLE PCK,,252,157,PCS,CTN,18/11/2027,,1
30,04,3,01,1,20137021,INDOMARET PISAU CUKUR 2 MATA PISAU (3+1)  PCK,,253,8,PCS,,20/12/2027,,1
30,04,3,02,1,20142566,POINT COFFEE TUMBLER LOOPLALA PCS 650L,,254,88,PCS,,29/07/2031,V,1
30,04,3,03,1,20092089,INDOMARET KAOS SINGLET PUTIH PCK EXTRALARGE,,255,224,PCS,CTN,,,1
30,04,3,04,1,20134006,KODOMO SHAMPOO & CONDITIONER CHERRY BTL 200L,,256,34,PCS,,18/11/2027,,1
30,04,3,05,1,20141255,BLOKEES WHEELS TRANSFORMERS  BOX,,257,0,PCS,,,,1
30,04,3,06,1,20113158,EMCO ME & MY CHARMZ WRIST BAND ASSORTED PCS,,258,110,PCS,,,,1
30,05,1,01,1,10003074,ZIPPO LIGHTER FLUID  KLG 125/133L,,261,111,PCS,CTN,,,1
30,05,1,02,1,20143943,KAHF ANTI PERSPIRANT DEODORANT INVISIBLE CARE BTL 45L,,262,450,PCS,,16/09/2029,,1
30,05,1,03,1,20129580,GATSBY HAIR STYLING BALM CLAY POT 70,,263,0,PCS,CTN,18/11/2027,,1
30,05,1,04,1,20136751,BEAUTY CHARM LIP & CHEEK CREAM 01 TERRACOTA SCT 2.5L,,264,0,PCS,,14/10/2027,T,1
30,05,1,05,1,20136853,ADINATA DECO / FELT STICKERS  PCK,,265,96,PCS,,,,1
30,05,1,06,1,20134490,PHILIPS AVENT BOTTLE GIRAFFE PCS 260L,,266,108,PCS,,,,1
30,05,2,01,1,10000280,UHU LEM ALL PURPOSE  TUB 20L,,267,180,PCS,,,,1
30,05,2,02,1,20138059,MUSTIKA RATU MINYAK ZAITUN SKIN FIRMING BTL 75L,,268,79,PCS,,14/03/2028,,1
30,05,2,03,1,20142035,MORRIS EAU DE PARFUM GOURMAND SMOOTHIE PINK BTL 100,,269,56,PCS,,10/04/2031,,1
30,05,2,04,1,20140685,PIGEON BOTOL WIDE NECK SOFT TOUCH S PCS 160L,,270,65,PCS,,,,1
30,05,2,05,1,20053561,SCOTCH BRITE EASY CLEAN SCRUB SPONGE  PCS,,271,291,PCS,CTN,,,1
30,05,2,06,1,20141887,GOOD DAY STANDEE CARD BABY MONSTER  PCS,,272,553,PCS,,15/03/2028,Z,1
30,05,3,01,1,20137586,GLAD2GLOW MICELLAR WATER ACNE CLEAR BTL 130L,,273,14,PCS,,17/03/2029,,1
30,05,3,02,1,20139704,INDOMARET CELANA BOXER PRIA  BOX XXL,,274,75,PCS,,,,1
30,05,3,03,1,20048363,SENSODYNE PASTA GIGI REPAIR & PROTECT EXTRA FRESH TUB 100,,275,178,PCS,CTN,06/07/2028,,1
30,05,3,04,1,10000656,AICA LEM AIBON 601  KLG,,276,644,PCS,LSN,,,1
30,05,3,05,1,20098413,INDOMARET PIRING KERTAS (10S)  PCK,,277,45,PCS,CTN,,,1
30,05,3,06,1,10025645,ABC BATTERY ALKALINE 9 VOLT/6LR61 MILLENNIUM PWR PCK,,278,69,PCS,CTN,,,1
30,06,1,01,1,20142034,EVERSENSE EXTRAIT DE PARFU PINK LOTUS BTL 30,,281,121,PCS,,10/04/2031,V,1
30,06,1,02,1,20043412,INDOMARET PIRING KERTAS (20S)  PCK 6 ,,282,76,PCS,CTN,,,1
30,06,1,03,1,20066384,MOBILE KIOSK USB ADAPTOR 2A  PCS,,283,6,PCS,,,,1
30,06,1,04,1,20007929,MATCHBOX MOBIL BASIC CAR 30782 ASSORTED BOX,,284,54,PCS,,,,1
30,06,1,05,1,20032449,KENMASTER STEKER ADAPTOR L009  PCK,,285,140,PCS,CTN,,,1
30,06,1,06,1,10016209,AMBI PUR CAR FRESHENER AQUA PCS 7.5L,,286,55,PCS,CTN,26/04/2027,,1
30,06,2,01,1,20143750,MEO KITTEN TUNA SARDINE JELL  PCH 80,,287,717,PCS,,03/03/2028,,1
30,06,2,02,1,20136710,POKEMON SET SPECIAL KILAT RASI SV8S PCK 2,,288,0,PCS,,,I,1
30,06,2,03,1,20124279,WIKI DELIVERY VEHICLE BRICKS  BOX,,289,0,PCS,,,I,1
30,06,2,04,1,20138849,AIRPRO AIR FRESHENER ESSENTIALS FRUITY DELIGHT PCS 9L,,290,25,PCS,,20/08/2028,,1
30,06,2,05,1,20027712,INDOMARET CUTTER KECIL  PCS,,291,240,PCS,,,,1
30,06,2,06,1,20133801,ADINATA SECRET PEN / STATIONERY MIX 2 PCK,,292,6,PCS,,,,1
30,06,3,01,1,20096673,MOBILE KIOSK BRAIDED 2A USB CABLE TYPE C  PCS,,293,150,PCS,,,,1
30,06,3,02,1,20143257,MARINA PERFUME BODY SPRAY OPEN MINDED BTL 150L,,294,85,PCS,,11/02/2028,,1
30,06,3,03,1,20101464,HANNOCHS BOHLAM LAMPU COOL DAYLIGHT SONIC PCS 12 WATT,,295,463,PCS,,,,1
30,06,3,04,1,20137720,STATIONARY CACTUS GLUE STICK 2 MODEL  PCS,,296,0,PCS,,,I,1
30,06,3,05,1,20026532,MERAH PUTIH HANDUK POLOS PCS 70X135,,297,104,PCS,CTN,,,1
30,06,3,06,1,20142683,GARNIER HAIR COLOR NATURALS CARAMEL MOCHA SCT 30L+30,,298,404,PCS,,16/06/2029,,1
30,07,1,01,1,20120510,EVEREADY LED METAL LIGHT ASSORTED PCS,,301,19,PCS,,,,1
30,07,1,02,1,20139785,CUSSONS BABY SOAP SOFT & SMOOTH BDD 260,,302,41,PCS,,22/09/2027,,1
30,07,1,03,1,20141931,SUNSILK SHAMPOO SILKY SMOOTH BTL 110,,303,87,PCS,,15/10/2028,,1
30,07,1,04,1,20139868,STATIONARY FAST FOOD PEN 10 COLOR  PCS,,304,0,PCS,,,I,1
30,07,1,05,1,20132836,AIRPRO AIR FRESHENER ESSENTIALS ARCTIC OCEAN PCS 9L,,305,19,PCS,,20/08/2028,,1
30,07,1,06,1,20143274,PEPSODENT PASTA GIGI PRO CARE COMPLETE WHITE TUB 90,,306,157,PCS,,20/06/2029,,1
30,07,2,01,1,20130188,HANASUI POWER BRIGHT EXPERT SERUM  BTL 20L,,307,23,PCS,,28/01/2028,,1
30,07,2,02,1,20143805,EVANGELINE EXTRAITDE PARFUM FIRST DATE BTL 50L,,308,136,PCS,,09/01/2030,,1
30,07,2,03,1,20137607,PONDS SUNSCREEN GEL UV MIRACLE HYDRATE TUB 15,,309,0,PCS,,18/12/2027,T,1
30,07,2,04,1,20141306,INDOMARET COSMETIC   PCS,,310,0,PCS,,,,1
30,07,2,05,1,20141323,DOWNY SOFTENER LONG WEAR PERFUME MIDNIGHT OPULEN PCH 500,,311,45,PCS,,10/08/2027,,1
30,07,2,06,1,20083932,KOJIESAN FACE LIGHTENING CREAM  BOX 30,,312,0,PCS,,07/01/2028,T,1
30,07,3,01,1,20139420,FACETOLOGY TRIPLE CARE SUNSCREEN SPF 30 PA++++ PCS 30L,,313,115,PCS,,30/08/2027,,1
30,07,3,02,1,20089268,MOBILE KIOSK ARMOR CABLE TYPE C STAINLESS STEEL PCS,,314,0,PCS,,,,1
30,07,3,03,1,20136747,BEAUTY CHARM FACE POWDER 01 LIGHT BEIGE SCT 5,,315,884,PCS,,02/09/2027,T,1
30,07,3,04,1,20071599,PIXY AQUA BEAUTY PROTECTTING MIST  BTL 60L,,316,25,PCS,CTN,18/11/2027,,1
30,07,3,05,1,20098391,DELI CORRECTION PEN H10200  PCK,,317,0,PCS,BOX,,,1
30,07,3,06,1,,,,318,0,PCS,,,,
30,08,1,01,1,20141936,CLEAR MEN SHAMPOO A/D ULTRA HAIRFALL CONTRL BTL 160,,321,0,PCS,,15/10/2028,,1
30,08,1,02,1,20052056,STICKER RP 12.500-  PCS,,322,77,PCS,PCS,,,1
30,08,1,03,1,20143338,LIFEBUOY SABUN MANDI CAIR REFILL MILD CARE PCH 350,,323,30,PCS,,04/02/2029,,1
30,08,1,04,1,20141674,NORTHLAND DIECAST METAL TEAM ARMY  PCS,,324,202,PCS,,06/03/2031,,1
30,08,1,05,1,20142569,EVANGELINE EXTRAIT DE PARFUM  WONDER COZY BABY BTL 100 L,,325,150,PCS,,05/08/2028,,1
30,08,1,06,1,20049919,LUX SABUN MANDI CAIR REFILL SOFT ROSE PCH 400L/380,,326,0,PCS,,30/11/2028,R,2
30,08,2,01,1,20142564,HOT WHEELS FAST FURIOUS 2026  PCS,,327,0,PCS,,20/05/2030,,1
30,08,2,02,1,20136023,ADINATA GLUE PEN  BOX,,328,114,PCS,,,,1
30,08,2,03,1,20136184,BARBIE CHELSEA STICKER / NAIL POLISH ASSORTED BOX,,329,0,PCS,,,I,1
30,08,2,04,1,,,,330,0,PCS,,,,
30,08,2,05,1,20135608,POKEMON SET SPECIAL BIMBINGAN RASI SV7S PCK 2,,331,0,PCS,,,I,1
30,08,2,06,1,20136261,STATIONARY DIY BRICKS SCHOOL RULER ASSORTED BOX,,332,0,PCS,,,I,1
30,08,3,01,1,10014129,ADINATA PENGGARIS CHARACTER 2S  PCS,,333,62,PCS,PCS,,,1
30,08,3,02,1,,,,334,0,PCS,,,,
30,08,3,03,1,20136883,MOBILE KIOSK OPEN WEARABLE STEREO EARBUDS OWS-S600 PCS,,335,15,PCS,,,,1
30,08,3,04,1,20072834,PONDS PELEMBAB WJH AGE MIRACLE/HEXYL -RTNL DAY CREAM POT 10,,336,344,PCS,,18/05/2028,,1
30,08,3,05,1,20139062,LARISST SABUT CUCI HIJAU 2S  PCK,,337,68,PCS,,,,1
30,08,3,06,1,20142680,PANTENE MIRACLES VITAMIN AMPOULE 5S HAIRFALL RESCUE PCK,,338,213,PCS,,01/06/2029,,1
30,09,2,01,1,20130068,AMARA MINI LIPSTICK AVO CHOCO RED PCS 2.2,,347,79,PCS,,06/07/2028,,1
30,09,2,02,1,20133138,MY BABY BABY OIL PLUS  BTL 90L,,348,181,PCS,,23/02/2028,,1
30,09,2,03,1,20141977,EVANGELINE EXTRAIT DE PARFUME SWEET LYCHEE BTL 100,,349,578,PCS,,19/04/2028,,1
30,09,2,04,1,20072320,INDOMARET SANDAL PRIA (NEW)  PSG 39-40,,350,67,PCS,,,,1
30,09,2,05,1,20132698,CLEAR SHAMPOO ANTI KETOMBE DAN RAMBUT RONTOK BTL 160L,,351,222,PCS,,10/01/2028,,1
30,09,2,06,1,10003391,MUSTIKA RATU SHAMPOO BAYAM  BTL 175L,,352,153,PCS,,18/11/2027,,1
30,09,3,01,1,20025649,GT MAN CELANA DALAM GTM01 2S  BOX EXTRALARGE,,353,0,PCS,,,,1
30,09,3,02,1,20143374,BARBIE SILICONE POUCH  PCS,,354,108,PCS,,24/08/2031,,1
30,09,3,03,1,20137630,HOT WHEELS VINTAGE NATIONAL ICON 2025 HRT81 PCS,,355,0,PCS,,,,1
30,09,3,04,1,20093587,SENKA PERFECT WHIP  TUB 50,,356,128,PCS,,06/07/2028,,1
30,09,3,05,1,20028457,MULTI FACIAL TISSUE MP-04 NON PERFUMED BAG 700/600,,357,0,PCS,,18/11/2027,T,1
30,09,3,06,1,20109707,KIT WATERLESS CAR WASH  BTL 500L,,358,1,PCS,,,,1
31,01,1,01,1,20093212,INDOMARET SANDAL JEPIT KARET  PSG NO.42,,1,0,PCS,,,,2
31,01,1,02,1,20046908,KAO BIORE FAC.FOAM MENS DBL/MICRO SCRUB WHT/BRGHT ENRGY TUB 100,,2,18,PCS,,18/11/2027,,1
31,01,1,03,1,20143342,VASELINE GLUTA-HYA SERUM BURST LOTION DEWY RADIANCE TUB 180L,,3,64,PCS,,07/08/2028,,1
31,01,1,04,1,20018965,NIVEA FAC.FOAM FOR MEN EXTRA WHITE DARK SPOT TUB 100L,,4,199,PCS,,23/01/2028,,1
31,01,1,05,1,20007700,INDOMARET HAIR COMB HC-84  PCS,,5,299,PCS,,,,1
31,01,1,06,1,10007934,KIWI PASTE BLACK KLG 45L,,6,233,PCS,,18/05/2027,,1
31,01,2,01,1,20142868,LOREAL PARIS CONDITIONER ELSEVE FALL RESIST 3X BTL 175L,,7,0,PCS,,30/07/2029,,1
31,01,2,02,1,20056356,SHINZUI WHITEESSENTIAL FACIAL WASH ACNE CALM TUB 80L,,8,48,PCS,,28/06/2028,,1
31,01,2,03,1,20042672,INDOMARET AMPLOP PUTIH NO.104A (20S)  PCK 90162,,9,59,PCS,CTN,,,2
31,01,2,04,1,20085008,GARNIER HAIR COLOR NATURALS EXPRESS 3 COKLAT PCK,,10,79,PCS,,18/11/2027,,2
31,01,2,05,1,20113920,ME-O CAT FOOD TUNA IN JELLY PCH 80,,11,404,PCS,,04/03/2027,,2
31,01,2,06,1,20140352,GLAD2GLOW FACIAL WASH DEEP PORE CLEAN TUB 70,,12,201,PCS,,08/05/2028,,1
31,01,3,01,1,20111707,INDOMARET MASKER 4D PREMIUM 4S PUTIH PCK,,13,150,PCS,CTN,18/11/2029,,2
31,01,3,02,1,20074312,INDOMARET LAKBAN (NEW) BENING 2INX70YR ROL 48X64,,14,186,PCS,CTN,,,2
31,01,3,03,1,20055602,ELLIPS HAIR VITAMIN PRO-KERATIN SILKY BLACK PCK 61L,,15,205,PCS,CTN,18/11/2027,V,2
31,01,3,04,1,10000313,ABC BATTERY ALKALINE AAA/LR03/2S MILLENNIUM PWR PCK,,16,88,PCS,CTN,,,2
31,01,3,05,1,20113569,GARNIER MICELLAR CLEANSING WATER ROSE BTL 125L,,17,0,PCS,CTN,06/07/2028,,1
31,01,3,06,1,20138024,INDOMARET PISAU CUKUR 3 MATA PISAU (2+1)  PCK,,18,226,PCS,,,,1
31,02,1,01,1,10025411,PEPSODENT PASTA GIGI ACTION 123 + WHITENING TUB 190,,21,201,PCS,,18/11/2027,,1
31,02,1,02,1,10038388,JOHNSONS BABY OIL  BTL 50 L,,22,126,PCS,,18/11/2027,,2
31,02,1,03,1,20097301,GARNIER MEN TURBO LIGHT OIL CNTRL 3IN1 CHARCOAL BLACK TUB 50L,,23,75,PCS,CTN,06/07/2028,,1
31,02,1,04,1,20074313,INDOMARET LAKBAN (NEW) COKLAT 2INX70YR ROL 48X64,,24,225,PCS,CTN,,,2
31,02,1,05,1,20014993,GILLETTE RAZOR BLUE II PLUS SINGLE  PCS,,25,372,PCS,,,,2
31,02,1,06,1,20117814,BAYFRESH HANG N GO SAKURA BLOOM PCK,,26,208,PCS,,18/11/2027,,1
31,02,2,01,1,20046688,PONDS MEN PEMBERSIH WAJAH WHITE BOOST TUB 100L,,27,457,PCS,,18/11/2027,,1
31,02,2,02,1,20018012,GARNIER BRIGHT COMPLETE FACIAL FOAM PURE LEMON ESSC TUB 50L,,28,418,PCS,,18/11/2027,,2
31,02,2,03,1,20057362,WARDAH PERFECT BRIGHT CREAMY FOAM BRGHT+SMOTH GLW TUB 50L,,29,458,PCS,CTN,18/11/2027,,1
31,02,2,04,1,20132869,REGAZZA EAU DE PARFUME FEMME SPARKLING BTL 50L,,30,66,PCS,,10/10/2027,,1
31,02,2,05,1,10001527,ABC BATTERY SUPER POWER R6/4S HITAM PCK,,31,170,PCS,,,,1
31,02,2,06,1,20075589,INDOMARET LILIN PUTIH JUMBO 8S  BOX,,32,56,PCS,,,,1
31,02,3,01,1,20026187,KENMASTER RING SEAL GAS ELPIJI 5S  PCK,,33,1070,PCS,,,,1
31,02,3,02,1,20139367,ZIGO ULTRAMAN DIY  BOX,,34,26,PCS,,,,1
31,02,3,03,1,20007699,INDOMARET HAIR COMB MC-51  PCS,,35,147,PCS,,,,1
31,02,3,04,1,20123405,ZWITSAL BABY HAIR LOTION NATURAL SWEET ALMOND & VIT E BTL 100L,,36,297,PCS,,10/10/2027,,1
31,02,3,05,1,20038650,INDOMARET TUSUK GIGI (200S)  PCS,,37,272,PCS,PCS,,,1
31,02,3,06,1,20131631,ORAL B SIKAT GIGI SOFT & SLIM ULTRA LEMBUT PCS,,38,265,PCS,,18/11/2027,,1
31,03,1,01,1,20053378,HELLO KITTY EGG PLAYSET (3345)  PCS,,41,72,PCS,BOX,,,1
31,03,1,02,1,20075928,MAKARIZO HAIR ENERGY VITAGLITZ ROYAL JELLY PCK 61L,,42,734,PCS,,18/11/2027,,1
31,03,1,03,1,20092994,INDOMARET CLING WRAP PLASTIK  BOX 3030,,43,34,PCS,CTN,,,1
31,03,1,04,1,20139601,GARNIER MICELLAR EXFOLIATING WATER 1%PHA +  AHA BTL 125,,44,0,PCS,,01/08/2028,T,1
31,03,1,05,1,10029898,MENTHOLATUM LIP ICE SHEER COLOR STRAWBERRY PCS 2,,45,70,PCS,,18/11/2027,,1
31,03,1,06,1,20064471,WHISKAS CAT FOOD POCKET TUNA PCK 480,,46,57,PCS,,05/10/2027,,1
31,03,2,01,1,20092087,INDOMARET KAOS SINGLET PUTIH PCK LARGE,,47,259,PCS,CTN,,,1
31,03,2,02,1,20142961,MARINA HAND BODY LOTION SPF30 PUMP YOGURT BTL 350,,48,1,PCS,,03/02/2029,,1
31,03,2,03,1,20011207,PIGEON BOTOL SUSU KARAKTER 1 ECO RP-8 PCS 240L,,49,166,PCS,,18/11/2029,,1
31,03,2,04,1,20056340,PANASONIC BATTERY REMOTE UM-4NRCD/4B 4S  PCK,,50,70,PCS,CTN,,,1
31,03,2,05,1,20138482,STELLA POCKET BATHROOM PERFUME LUXURIOUS FLOWR CTN 10,,51,298,PCS,,16/06/2027,,1
31,03,2,06,1,20078726,INDOMARET KAOS KAKI SPORT (NEW) ANTI BACTERIA PCK,,52,116,PCS,,,,1
31,03,3,01,1,20098808,BAGUS SARUNG TANGAN PLASTIK 100S  BOX,,53,445,PCS,,,,1
31,03,3,02,1,20071089,ENERGIZER BATTERY LITHIUM 3V 2032 2S  PCK,,54,336,PCS,,,,1
31,03,3,03,1,10019513,VIVA EYE BROW PENCIL Q-C BROWN PCS 1.3,,55,21,PCS,,18/05/2027,,1
31,03,3,04,1,20013699,SASHA PROFESSIONAL HAIR COLORANT NATURAL BLACK BOX 25+25,,56,58,PCS,,17/09/2029,,1
31,03,3,05,1,20019314,EVEREADY BATTERY HITAM AAA (4S) 1212BP4/R03 PCK,,57,70,PCS,CTN,,,1
31,03,3,06,1,20131290,DEXTONE INSTANT GLUE  BOX 15,,58,1062,PCS,,,,1
31,04,1,01,1,20139146,SCARLETT EXTRAIT DE PARFUM GRDN OF WHISPER BTL 30L,,61,249,PCS,,01/07/2028,,1
31,04,1,02,1,20136024,DERMA ANGEL ACNE PATCH PLUS DAY 6S SALICYLIC ACID PCK,,62,592,PCS,,20/09/2027,,1
31,04,1,03,1,20139846,PONDS ULTRA LIGHT BIOME GEL CERA-HYAMINO BOX 15,,63,14,PCS,,04/08/2028,V,1
31,04,1,04,1,20141539,RHINO BLIND BOX RESIN  BOX,,64,29,PCS,,06/04/2031,,1
31,04,1,05,1,20110065,PANASONIC BATTERY ALKALINE AA LR 6T/2B  PCK,,65,131,PCS,CTN,18/11/2034,,1
31,04,1,06,1,20054658,INDOMARET KAOS KAKI CASUAL BAMBOO ANTI BACTERIA PCK,,66,56,PCS,,,,1
31,04,2,01,1,20141715,NORTHLAND GIRLS BABY HAPPY FASHION  PCS,,67,77,PCS,,06/03/2031,,1
31,04,2,02,1,20140416,PEPSODENT PASTA GIGI KIDS ORANGE TUB 45,,68,179,PCS,,11/12/2028,,1
31,04,2,03,1,10037360,PANASONIC BATTERY ALKALINE AAA/LR03T 2S  PCK,,69,28,PCS,CTN,18/11/2034,,1
31,04,2,04,1,20009872,ZWITSAL BABY SABUN MANDI CAIR NATURAL MILK HONEY BTL 200L,,70,491,PCS,,06/01/2027,,1
31,04,2,05,1,20134962,RHINO MI GEMESH ASSORTED CUP,,71,0,PCS,,,,1
31,04,2,06,1,10038450,SNOWMAN SPIDOL WHITEBOARD HITAM PCS,,72,250,PCS,LSN,,,1
31,04,3,01,1,10006426,CUSSONS BABY POWDER SOFT & SMOOTH BTL 100,,73,97,PCS,,20/09/2028,,2
31,04,3,02,1,20075930,MAKARIZO HAIR ENERGY VITAGLITZ ALOE MELON PCK 61L,,74,408,PCS,,18/11/2027,,1
31,04,3,03,1,20117276,HOT WHEELS 1:43 PULL BACK  BOX,,75,47,PCS,,,,1
31,04,3,04,1,20071626,XANDER GEMBOK PENDEK  PCS 50,,76,79,PCS,CTN,,,1
31,04,3,05,1,20117626,WHISKAS TASTY MIX CAT FOOD 1+ CHICKEN TUNA PCH 70,,77,8,PCS,CTN,30/08/2027,,2
31,04,3,06,1,20132100,CITRA HAND & BODY LOTION SERUM RADIANT FRESH TUB 180L,,78,86,PCS,,08/07/2027,,1
31,05,1,01,1,20131638,DADI PRIMA KERTAS KADO DUA SISI 2S  PCK L,,81,100,PCS,PCS,,,1
31,05,1,02,1,20140363,LARISST KAOS KAKI ANKLE (1+1) MISTY BDD NO.25-26,,82,88,PCS,,,,1
31,05,1,03,1,20140973,ROMANO EAU DE PARFUM ZENITH BTL 50,,83,65,PCS,,07/01/2030,,1
31,05,1,04,1,20137553,BLOKEES TRANSFORMERS GVD-01  PCK,,84,424,PCS,,,,1
31,05,1,05,1,20140686,SCOTCH BRITE PAKET KOMBO SPONS ID-C01 PCK,,85,5,PCS,,,,1
31,05,1,06,1,20142681,PANTENE HAIR MASK SHOT INTEN BOND REP PCS 12L,,86,699,PCS,,13/07/2029,,1
31,05,2,01,1,20138906,MONSTA GALAXY CARD TECHNO BREAKER  PCK,,87,0,PCS,,05/10/2033,,1
31,05,2,02,1,20128393,OREO PHOTO CARD MEMBER BLACKPINK  PCS,,88,0,PCS,,,Z,40
31,05,2,03,1,20084542,MEGACOOLS CHAIN LUBE  KLG 300,,89,35,PCS,,,,1
31,05,2,04,1,20132418,VIVA EYE BROW PENCIL DARK BROWN PCS 1.3,,90,80,PCS,,07/07/2028,,1
31,05,2,05,1,20141825,FELINZ TONER PADS TXA NIACINAMIDE ESSENCE SHOT PCK 30S,,91,463,PCS,,13/04/2029,,1
31,05,2,06,1,20096978,INDOMARET SEDOTAN KERTAS 20S  PCK,,92,1,PCS,CTN,,,1
31,05,3,01,1,20142026,INDOMARET SENDOK PLASTIK 10S  PCK,,93,716,PCS,,16/05/2030,,1
31,05,3,02,1,20143910,BARBIE CUTIE KEY CHAIN  PCS 100,,94,135,PCS,,,,1
31,05,3,03,1,20139786,CUSSONS BABY SOAP MILD & GENTLE BDD 260,,95,74,PCS,CTN,27/09/2027,,1
31,05,3,04,1,20138254,JURASSIC WORLD FIDGET JDC-39  PCK,,96,15,PCS,,,,1
31,05,3,05,1,20138914,EMCO KIX BRIX  BOX,,97,93,PCS,,22/10/2033,V,1
31,05,3,06,1,20136913,SOFTEX CELANA MENSTRUASI 5S  PCK M-L,,98,24,PCS,,23/09/2029,,1
31,06,1,01,1,20122578,CATERPILLAR LITTLE MACHINES ASSORTED PCS,,101,0,PCS,CTN,,I,1
31,06,1,02,1,20098010,ADINATA NOTES / STATIONERY MIX 1 PCS,,102,55,PCS,PCS,,,1
31,06,1,03,1,20142960,POSH BODY SPRAY PERFUMED MEN BLUE EVEREST KLG 150L,,103,101,PCS,,24/06/2029,,1
31,06,1,04,1,20140270,SUNSILK BABY MONSTER PHOTO CARDS  PCK,,104,0,PCS,,,Z,1
31,06,1,05,1,20139871,STATIONARY FAST FOOD PENCIL  PCS,,105,0,PCS,,,I,1
31,06,1,06,1,20135994,VASELINE HEALTHY BRIGHT GLUTA VITAMIN SUN SERUM SPF30 TUB 100L,,106,70,PCS,,18/05/2027,,1
31,06,2,01,1,20037676,KIT MOTOR CHAIN LUBE SPRAY  KLG 110L,,107,38,PCS,CTN,,,1
31,06,2,02,1,20124284,WIKI BUBBLE GUN ASSORTMENT PCS,,108,136,PCS,,,,1
31,06,2,03,1,20064016,INDOMARET CELANA DALAM WANITA FANCY 2S  PCK S/M,,109,113,PCS,,,,1
31,06,2,04,1,20104595,ME-O CREAMY TREATS CHICKEN & LIVER PCK 60,,110,264,PCS,,27/09/2027,,1
31,06,2,05,1,20029278,ADINATA NOTE BOOK CHARACTER B6 ASSORTED EXP,,111,152,PCS,EXP,,,1
31,06,2,06,1,10011819,SNOWMAN SPIDOL 12 WARNA  PCK,,112,297,PCS,,,,1
31,06,3,01,1,20138469,SENSODYNE PASTA GIGI CEGAH GIGI BRLUBANG & SENSITIF TUB 60,,113,457,PCS,,12/04/2027,,1
31,06,3,02,1,20037222,KENMASTER RAKET NYAMUK+SENTERED+BLUE LIGHT PCS,,114,21,PCS,CTN,,,1
31,06,3,03,1,20126042,ADINATA MEMO SPIRAL ASSORTED PCS,,115,75,PCS,,,,1
31,06,3,04,1,20069856,INDOMARET NOTE BOOK A5 75S  PCS,,116,135,PCS,CTN,,,1
31,06,3,05,1,20139066,GILLETTE RAZOR BLUE 3 FLEXI 3S  PCK,,117,121,PCS,,,L,1
31,06,3,06,1,20137718,STATIONARY RABBIT ERASER  PCK,,118,0,PCS,,,I,1
31,07,1,01,1,20140689,EMCO SUPERDOUGH FLOWER MAKER  PCS,,121,31,PCS,,,,1
31,07,1,02,1,20141714,NORTHLAND GIRLS UNICORN EGG  PCS,,122,11,PCS,,06/03/2031,,1
31,07,1,03,1,20137589,PONDS UV SUNSCREEN GEL UV MIRACLE BRIGHT TUB 15,,123,0,PCS,,09/04/2029,T,1
31,07,1,04,1,20139711,INDOMARET CELANA DALAM MEN BRIEF CH-25  BOX XXL,,124,280,PCS,,,,1
31,07,1,05,1,20143834,GLOW & LOVELY FACIAL FOAM DERMA GLOW  BDD 2X100,,125,0,PCS,,04/04/2028,,1
31,07,1,06,1,20132477,DADI DIY STICKER  PCK,,126,0,PCS,,,,1
31,07,2,01,1,20133852,RHINO SLIME DONUT  PCS,,127,38,PCS,,,,1
31,07,2,02,1,20101463,HANNOCHS BOHLAM LAMPU COOL DAYLIGHT SONIC PCS 5 WATT,,128,532,PCS,CTN,,,1
31,07,2,03,1,20087307,DADI PRIMA KERTAS KADO 2S  PCK,,129,130,PCS,PCS,,,1
31,07,2,04,1,20092220,PLAY DOH VALUE SET ASSORTMENT PCK,,130,0,PCS,CTN,,,1
31,07,2,05,1,20142958,VASELINE LIP CARE LIP BALM ROSY TINTED PCS 10,,131,38,PCS,,15/07/2028,,1
31,07,2,06,1,20128687,ADINATA MOKONYA MINI  NOTES 3S/OTHERS  PCK,,132,84,PCS,,,,1
31,07,3,01,1,20076488,INDOMARET SAPU LIDI TEBAH (NEW)  PCS,,133,0,PCS,,,T,1
31,07,3,02,1,20141262,ELLIPS HAIR SERUM ULTRA TREATMENT  BTL 48,,134,67,PCS,,12/12/2028,,1
31,07,3,03,1,20090053,BAGUS KAIN LAP SERBA GUNA W-22302 PCS,,135,133,PCS,CTN,,,1
31,07,3,04,1,20128874,PHILIPS AVENT TEAT FAST FLOW 4 HOLES 2S NORMAL PCK,,136,27,PCS,,,,1
31,07,3,05,1,20142381,POINT COFFEE TUMBLER SPIDERMAN RED WEB PCS 530L,,137,0,PCS,,15/07/2031,V,1
31,07,3,06,1,20143078,PEPSODENT SIKAT GIGI WHITE EXPERT 1S WHITE EXPERT PCK,,138,267,PCS,,08/09/2029,,1
31,08,1,01,1,20098313,WIKI INDOMARET STORE BRICKS  BOX,,141,0,PCS,,,T,1
31,08,1,02,1,20118382,AVENUE KESET HANDUK PREMIUM  PCK 50X75,,142,66,PCS,,,,1
31,08,1,03,1,20095864,WIKI DIE CAST REAL CAR  PCS,,143,24,PCS,,,,1
31,08,1,04,1,20139879,STATIONARY SUMMER STATIONARY SET BOX  PCS,,144,81,PCS,,,,1
31,08,1,05,1,20025648,GT MAN CELANA DALAM GTM01 2S  BOX LARGE,,145,0,PCS,,,,1
31,08,1,06,1,20139880,STATIONARY SUMMER STICKY NOTE  PCS,,146,357,PCS,,,,1
31,08,2,01,1,,,,147,0,PCS,,,,
31,08,2,02,1,20130762,ADINATA SHAKER STICKERS  PCK,,148,52,PCS,,,,1
31,08,2,03,1,20000600,ESKULIN KIDS SHAMPOO & CONDITIONER (MERAH) ARIEL BTL 200L,,149,202,PCS,,18/11/2027,,1
31,08,2,04,1,20130795,RHINO STICKER BARBIE/FAMILY POP UP  PCK,,150,34,PCS,PCS,,,1
31,08,2,05,1,20096600,MOBILE KIOSK USB CABLE ANDROID 2A FOR POWER BANK PCS,,151,1,PCS,,,,1
31,08,2,06,1,20080091,APOLO MSZ PULLBACK  PCS,,152,36,PCS,,,,1
31,08,3,01,1,20076002,ADINATA COLORING BOOK LITTLE PONY  EXP LARGE,,153,128,PCS,EXP,,,1
31,08,3,02,1,20126993,KENMASTER SEAL TAPE 2S  PCK 100.25,,154,0,PCS,,,T,1
31,08,3,03,1,20137056,BEAUTY CHARM HYDRALOCK SERUM  PCS 20,,155,219,PCS,,20/09/2027,T,1
31,08,3,04,1,10022100,SINAR DUNIA KERTAS WARNA ORIGAMI 100S B PCK,,156,0,PCS,CTN,,,1
31,08,3,05,1,20128703,ACMIC KABEL DATA FAST CHARGING IPHONE PCK 1,,157,27,PCS,,,,1
31,08,3,06,1,20076001,ADINATA COLORING BOOK LITTLE PONY  EXP SMALL,,158,114,PCS,EXP,,,1
31,09,1,01,1,20136750,BEAUTY CHARM BB CREAM 02 TOFFEE SCT 10,,161,0,PCS,,15/10/2027,T,1
31,09,1,02,1,20072322,INDOMARET SANDAL PRIA (NEW)  PSG 41-42,,162,83,PCS,,,,1
31,09,1,03,1,20138691,STELLA CAR FRESHENER HANG N FLIP JASMINE FLOW PCS 9+3L,,163,9,PCS,,25/05/2027,,1
31,09,1,04,1,20134232,SMARTHEART CREAMY CAT TREATS TUNA PCK 415,,164,0,PCS,,06/07/2028,,1
31,09,1,05,1,20076489,BEAUTY TOTE BAG  PCS,,165,0,PCS,,,Z,2
31,09,1,06,1,20126381,COOGER ROLLER TYPE POWERFUL PUNCH FRE MOP HOLDER BLUE PCS,,166,61,PCS,,,V,1
31,09,2,01,1,20136752,BEAUTY CHARM FACE POWDER 02 TRUE BEIGE SCT 5,,167,920,PCS,,04/09/2027,T,1
31,09,2,02,1,,,,168,0,PCS,,,,
31,09,2,03,1,20143942,KAHF FACE WASH HYDRATION CHARGE AQUAGEL TUB 100L,,169,472,PCS,,24/09/2029,,1
31,09,2,04,1,,,,170,0,PCS,,,,
31,09,2,05,1,20108356,VASELINE LIP THERAPY ROSY LIPS PCS 7,,171,36,PCS,,08/03/2028,,1
31,09,2,06,1,20133201,NORTHLAND TOYS BRICK SERIES  BOX,,172,4,PCS,,,,1
31,09,3,01,1,20136262,STATIONARY DIY BRICKS PENCIL SHARPENER ASSORTED BOX,,173,3,PCS,,,I,1
31,09,3,02,1,20138869,RHINO CHRYSTAL WHIMP  PCS,,174,116,PCS,,,,1
31,09,3,03,1,20134835,MONSTA BOBOIBOY GALAXY CARD  PCK,,175,0,PCS,,,,1
31,09,3,04,1,20129822,AGATIS ECO SCHOOL SET  PCS,,176,0,PCS,,,,1
31,09,3,05,1,20122042,LUX BODY WASH HIJAB ZAITUN & MADU PCH 400L,,177,0,PCS,,09/08/2028,R,1
31,09,3,06,1,20128379,KENKO GEL PEN+HIGHLIGHTER GP-20HL 2S  PCK,,178,0,PCS,,,,1
32,01,1,01,1,20141366,BARBER DAILY ULTRA SENSITIVE FACE WASH  BTL 100,,181,250,PCS,,11/11/2028,,1
32,01,1,02,1,10003530,SCOTCH BRITE TOUGH CLEAN SCRUB SPONGE  PCS,,182,3,PCS,CTN,,,2
32,01,1,03,1,20139144,HIT ANTI NYAMUK REFILL XPRESS PINK BLOSSOM BOX 35L,,183,101,PCS,,25/08/2028,,2
32,01,1,04,1,20143790,GELIGA KRIM OTOT HOT  BTL 55,,184,541,PCS,,05/07/2029,,1
32,01,1,05,1,20143928,POINT COFFEE TUMBLER BRONZE METALIC SERIES  PCS 480 L,,185,161,PCS,,,,1
32,01,1,06,1,20084717,GT MAN KAOS KAKI CASUAL BFC POLLY BAG ANTI BACTERIA PSG,,186,0,PCS,,,,1
32,01,2,01,1,20048362,SENSODYNE PASTA GIGI REPAIR&PROTECT WHITENING TUB 100,,187,55,PCS,,02/01/2027,,1
32,01,2,02,1,10037208,CLOSE UP PASTA GIGI DEEP ACTION (33329) MENTHOL FRESH TUB 110/100,,188,222,PCS,,18/11/2027,S,2
32,01,2,03,1,20136632,CUSSONS BABY FACE & BODY CREAM NOURISH CARE POT 50,,189,74,PCS,,10/10/2027,,1
32,01,2,04,1,10005662,ABC BATTERY ALKALINE AA-LR6/4S MILLENNIUM PWR PCK,,190,343,PCS,CTN,,S,2
32,01,2,05,1,10005660,ABC BATTERY ALKALINE AA-LR6/2S MILLENNIUM PWR PCK,,191,250,PCS,,,,2
32,01,2,06,1,10025410,PEPSODENT PASTA GIGI ACTION 123 + WHITENING TUB 75,,192,752,PCS,,18/11/2027,,2
32,01,3,01,1,20140419,INDOMARET CELANA DALAM WANITA SUPER SOFT  PCK XL,,193,226,PCS,,,,1
32,01,3,02,1,10000189,KODOMO PASTA GIGI+SIKAT GIGI ZIG ZAG SOFT 2 IN 1 BDD,,194,367,PCS,,18/11/2027,,1
32,01,3,03,1,20055603,ELLIPS HAIR VITAMIN PRO-KERATIN SMOOTH & SILKY PCK 61L,,195,0,PCS,,18/11/2027,,1
32,01,3,04,1,20138911,TRESEMME KERATIN SMOOTH HAIR MASK  SCT 30,,196,110,PCS,,24/09/2027,,2
32,01,3,05,1,20142120,SCARLETT EXTRAIT DE PARFUM BIRU SAMUDRA BTL 30,,197,68,PCS,,02/02/2029,,1
32,01,3,06,1,10031825,SENSODYNE PASTA GIGI FRESH MINT TUB 100,,198,485,PCS,LSN,12/07/2027,,1
32,02,1,01,1,20142956,NIVEA DEO ROLL ON B&W DUAL SHIELD AUTHENTIC BTL 50L,,201,9,PCS,,04/01/2029,,1
32,02,1,02,1,20139603,AZZURA DIAMOND BRIGHT MICELLAR WATER  BTL 125,,202,58,PCS,,30/08/2028,,1
32,02,1,03,1,20060010,LIGHTSPRO LAMPU LED  PCS 12WT,,203,75,PCS,,,,1
32,02,1,04,1,20142150,BLOKEES BATMAN DV  PCS,,204,0,PCS,,04/06/2029,,1
32,02,1,05,1,10004084,ABC BATTERY BIRU R20 2S BESAR PCK,,205,135,PCS,,,,1
32,02,1,06,1,20123160,GARNIER ULTRA COLOR TRUE BLUE PCK 30L,,206,495,PCS,CTN,18/11/2027,,1
32,02,2,01,1,20097492,INDOMARET DENTAL TOOTH PICKS&BRUSH 60S  PCS,,207,592,PCS,CTN,,,1
32,02,2,02,1,20066311,MAKARIZO HAIR ENERGY CREAMBATH ALOE & MELON SCT 30L,,208,942,PCS,,01/07/2028,,2
32,02,2,03,1,10003616,TANCHO HAIR DYE  BTL 40L,,209,171,PCS,,18/11/2027,,1
32,02,2,04,1,20136753,BEAUTY CHARM EVERLASHTING MASCARA  SCT 3L,,210,0,PCS,,12/10/2027,T,1
32,02,2,05,1,20056643,INDOMARET AMPLOP PUTIH NO.80 (25S)  PCK 70110,,211,292,PCS,CTN,,,1
32,02,2,06,1,20062464,INDOMARET TUSUK GIGI TRAVEL (NEW)  PCS,,212,434,PCS,CTN,,,1
32,02,3,01,1,20142759,SCORA HONEY GLOW TONE UP CREAM  PCS 20,,213,0,PCS,,02/06/2028,,1
32,02,3,02,1,10003931,MARCKS BEDAK CREAM  POT 40,,214,17,PCS,,18/11/2029,,1
32,02,3,03,1,20058061,MAKARIZO HAIR ENERGY SCENTSATIONS CHERRY BLOSSOMS BTL 100L,,215,128,PCS,,18/11/2027,,1
32,02,3,04,1,20128696,LIFE CAT CAT FOOD KITTEN TUNA PCH 85,,216,168,PCS,CTN,23/02/2028,,1
32,02,3,05,1,20101038,BAYFRESH HANG N GO FROZEN LIME PCK,,217,17,PCS,,18/11/2027,,1
32,02,3,06,1,20122573,EMCO POP A TOY MYSTERY BOX ASSORTED BOX,,218,44,PCS,,,,1
32,03,1,01,1,20137609,EMINA WATER BARRIER BALANCING  GEL  PCS 30,,221,404,PCS,,07/02/2028,,1
32,03,1,02,1,20103266,MY BABY KIDS SHAMPOO & CONDITIONER HEALTHY & FRESH BTL 180L,,222,66,PCS,,09/04/2028,,1
32,03,1,03,1,20141365,BARBER DAILY SIX BLADES SHAVER  PCK,,223,142,PCS,,17/02/2029,,2
32,03,1,04,1,20008842,INDOMARET HANDUK SPORT POLOS 35X80CM / PCS 3070,,224,77,PCS,CTN,,,1
32,03,1,05,1,10003939,KARTU DOMINO  PCS,,225,77,PCS,BOX,,,1
32,03,1,06,1,20115358,HIMALAYA PURIFYING NEEM MASK  TUB 100L,,226,124,PCS,CTN,06/07/2028,,1
32,03,2,01,1,20056644,INDOMARET AMPLOP PUTIH NO.90 (25S)  PCK 229110,,227,143,PCS,CTN,,,1
32,03,2,02,1,20140691,HOT WHEELS 58TH ANNIVERSARY HDH54 ASSORTED PCS,,228,20,PCS,,,,1
32,03,2,03,1,20094417,DERMA ANGEL ACNE PATCH NIGHT 6S  PCK,,229,718,PCS,,25/06/2028,,1
32,03,2,04,1,10039945,INDOMARET CELANA DALAM MEN BRIEF CH-25  BOX LARGE,,230,134,PCS,BOX,,,1
32,03,2,05,1,20040283,INDOMARET BALLPOINT 2S BIRU PCK,,231,573,PCS,CTN,,,1
32,03,2,06,1,20104076,EMINA BRIGHT STUFF LOOSE POWDER  PCS 55,,232,107,PCS,CTN,06/07/2028,,1
32,03,3,01,1,20138306,SCORA NIACINAMIDE HYDRAMOIST GEL WIT ALPHA ARBUTIN POT 45L,,233,42,PCS,,18/08/2028,,1
32,03,3,02,1,20008742,VAPE  MAT ELEKTRIK FUMAKILLA 60S BUBBLE AROMA BOX,,234,29,PCS,,09/01/2028,,1
32,03,3,03,1,20048211,SYSTEMA PASTA GIGI MENTHOL BREEZE TUB 190,,235,57,PCS,,05/07/2028,,1
32,03,3,04,1,20043385,SENSODYNE PASTA GIGI REPAIR&PROTECT ORIGINAL TUB 100,,236,10,PCS,CTN,06/07/2028,,1
32,03,3,05,1,20128430,ELLIPS VITAMIN HAIR MIST SWEET & SILKY BTL 100L,,237,292,PCS,CTN,18/11/2027,,1
32,03,3,06,1,20130070,AMARA MINI LIPSTICK STRAWBERRY PINK PCS 2.2,,238,110,PCS,CTN,06/07/2028,,1
32,04,1,01,1,20137075,ADINATA DIY SET STICKERS  PCK,,241,279,PCS,,,,1
32,04,1,02,1,20141219,WHISKAS JUNIOR CAT FOOD TUNA  PCK 180,,242,154,PCS,,20/04/2027,,1
32,04,1,03,1,10000527,ABC BATTERY SUPER POWER UM-1/R20  PCK 2S,,243,116,PCS,CTN,,,1
32,04,1,04,1,10010232,KIWI LIQUID SHOE POLISH BLACK BTL 75L,,244,182,PCS,CTN,18/05/2027,,1
32,04,1,05,1,10014036,BAGUS SIKAT BAJU W-20930  PCS,,245,263,PCS,LSN,,,1
32,04,1,06,1,20141305,INDOMARET COSMETIC POUCH PURPLE (HADIAH) PCH,,246,0,PCS,,,Z,1
32,04,2,01,1,20116479,SANRIO NECKLACE CHARACTER ASSORTED PCS,,247,0,PCS,,,I,1
32,04,2,02,1,20134565,GLAD2GLOW YUJA SYMWHITE 377 DARK SPOT MOISTURIZER POT 30,,248,22,PCS,,16/06/2028,,1
32,04,2,03,1,20137610,PONDS PEMBERSIH WAJAH ULTRA LIGHT HYDRA MIRACLE TUB 90,,249,40,PCS,,07/05/2028,,1
32,04,2,04,1,20112743,PONDS BRIGHT BEAUTY/MIRACLE WHIP COLLAGEN TUB 100,,250,254,PCS,CTN,18/11/2027,,1
32,04,2,05,1,20088425,VIENNA CHARCOAL BLACK HEAD NOSE  PCK 10L,,251,460,PCS,BOX,18/11/2027,,1
32,04,2,06,1,20133137,MY BABY FACE & BODY BABY CREAM NOURISH&SMOOTH POT 50,,252,303,PCS,,20/07/2027,,1
32,04,3,01,1,20081588,MOBILE KIOSK EARPHONE MK 160  PCS,,253,114,PCS,,,,1
32,04,3,02,1,20132553,RHINO DIY KEYCHAIN ASSORTMENT PCS,,254,0,PCS,CTN,,,1
32,04,3,03,1,20074314,INDOMARET STATIONERY TAPE (NEW) 1INX72YR ROL 24X66,,255,2,PCS,CTN,,,1
32,04,3,04,1,20132006,PHILIPS AVENT BOTTLE  PLAIN PCS 125L,,256,119,PCS,,,,1
32,04,3,05,1,20115861,SHUKAKU CABLE TIES  PCK 100,,257,94,PCS,CTN,,,1
32,04,3,06,1,10037355,EVEREADY BATTERY HITAM (4S) 1215/R6 PCK,,258,158,PCS,,,,1
32,05,1,01,1,20077983,INDOMARET KAOS OBLONG ROUND NECK PUTIH PCK EXTRALARGE,,261,151,PCS,CTN,,,1
32,05,1,02,1,20044534,KENKO BALLPOINT EASY GEL (2BLACK +1BLUE) PCK,,262,185,PCS,PCS,,,1
32,05,1,03,1,20136749,BEAUTY CHARM BB CREAM 01 VANILLA PCS 10,,263,0,PCS,,12/10/2027,T,1
32,05,1,04,1,10016210,AMBI PUR CAR FRESHENER VANILLA BOUQUET PCS 7.5L,,264,84,PCS,,06/07/2028,,1
32,05,1,05,1,20143081,MARINA BODY SERUM LUXURIOUS BLOOM SKY GARDEN BTL 185L,,265,92,PCS,,08/01/2029,,1
32,05,1,06,1,20074350,INDOMARET PAYUNG LIPAT TIGA (NEW)  PCS,,266,26,PCS,CTN,,,1
32,05,2,01,1,20136748,BEAUTY CHARM HYDRALOCK DAY CREAM  PCS 15,,267,504,PCS,,12/10/2027,T,1
32,05,2,02,1,20052689,AMBI PUR CAR AIR FRESHENER SKY BREEZE PCS 2L,,268,57,PCS,,02/04/2027,,1
32,05,2,03,1,10037354,EVEREADY BATTERY MERAH 1015 /AA SP(4S)  PCK,,269,183,PCS,,01/09/2028,,1
32,05,2,04,1,10039946,INDOMARET CELANA DALAM MEN BRIEF CH-25  BOX MEDIUM,,270,124,PCS,BOX,,,1
32,05,2,05,1,20137058,BEAUTY CHARM POREFECTION MOISTURIZER  PCS 15,,271,476,PCS,,03/01/2027,T,1
32,05,2,06,1,20037986,ORAL B SIKAT GIGI MICRO-THIN CLEAN EXTRA SOFT PCS,,272,280,PCS,,,,1
32,05,3,01,1,10006200,BAGUS SHOE BRUSH W-3354  PCS,,273,404,PCS,CTN,,,1
32,05,3,02,1,20133750,THE ORIGINOTE CERAMELLA SUNSCREEN SPF50PA+++  TUB 50,,274,127,PCS,,18/11/2027,,1
32,05,3,03,1,20139703,INDOMARET CELANA BOXER PRIA  BOX LARGE,,275,163,PCS,,,,1
32,05,3,04,1,20141206,LARISST MINI WET WIPES  PCK 88,,276,21,PCS,,,,1
32,05,3,05,1,20036265,JOYKO GLUE STICK GS-15  PCS 15,,277,119,PCS,CTN,,,1
32,05,3,06,1,20092360,RIDER CELANA DALAM SPORT R762B (3S)  BOX EXTRALARGE,,278,16,PCS,CTN,,,1
32,06,1,01,1,20138002,PIXAR IMPULSE MINI FIGURE JCX10  PCS,,281,41,PCS,,,R,1
32,06,1,02,1,20137050,ADINATA GEL PEN ACRYLIC/RUBBER  PCK,,282,14,PCS,,,,1
32,06,1,03,1,20141636,ELLIPS VITAMIN HAIR MIST ME UP BTL 50,,283,12,PCS,,01/12/2028,V,1
32,06,1,04,1,20084725,GT MAN KAOS KAKI SPORT GTS POLLY BAG  PSG,,284,0,PCS,,,,1
32,06,1,05,1,20030983,INDOMARET SERBET HANDUK  PCS 55X55,,285,11,PCS,LSN,,,1
32,06,1,06,1,20096148,WIKI ALPHABET ROBOT  PCS,,286,0,PCS,CTN,,T,1
32,06,2,01,1,20037559,GARNIER MEN TURBO LIGHT OIL CONTROL COOLING FOAM TUB 100L,,287,196,PCS,,23/04/2029,,1
32,06,2,02,1,20133393,FLORINA FORGED SAUCE PAN NO LID  PCS 20,,288,0,PCS,,,I,1
32,06,2,03,1,20057932,STICKER CHARACTER GIRLS (KP)  PCK,,289,45,PCS,,,,1
32,06,2,04,1,20052690,AMBI PUR CAR AIR FRESHENER LAVENDER COMFRT PCS 2L,,290,49,PCS,,02/04/2027,,1
32,06,2,05,1,20142162,DOVE DERMA TONIC HAIRFALL CONTROL BIOTIN BOX 40,,291,67,PCS,,13/08/2028,,1
32,06,2,06,1,20137291,INDOMARET GUNTING BESAR  PCS 8.3,,292,456,PCS,,,,1
32,06,3,01,1,20127235,QMAN POKEMON BRICKS ASSORTMENT BOX,,293,0,PCS,CTN,,I,1
32,06,3,02,1,20052530,PLAY DOH MINI 4 PACK  PCS,,294,2,PCS,CTN,,,1
32,06,3,03,1,20136547,MINECRAFT MINI EGG HXT64  PCS,,295,54,PCS,,,,1
32,06,3,04,1,20142563,HOT WHEELS AUDI CELEBRATIONS  PCS,,296,135,PCS,,28/05/2031,,1
32,06,3,05,1,20027074,SINAR DUNIA BUKU GAMBAR A4  PCS,,297,305,PCS,CTN,,,1
32,06,3,06,1,20142682,GARNIER HAIR COLOR NATURALS K GLOW MILK TEA PCK 30L+30,,298,10,PCS,,16/06/2029,,1
32,07,1,01,1,20055289,ADINATA STICKER PUFFY ASSORTED PCK,,301,21,PCS,,,,1
32,07,1,02,1,20143341,MS GLOW FOR MEN ULTRA BRIGHT FACIAL WASH CLEAN TUB 100L,,302,561,PCS,,16/07/2028,,1
32,07,1,03,1,10022101,SINAR DUNIA KERTAS WARNA ORIGAMI 100S T PCK,,303,0,PCS,CTN,,,1
32,07,1,04,1,20116527,ZWITSAL FACE & BODY CARE CREAM  POT 50,,304,121,PCS,,01/06/2028,,1
32,07,1,05,1,20084539,KRISBOW WORK GLOVE LATEX  PCK,,305,0,PCS,CTN,,T,1
32,07,1,06,1,20136258,STATIONARY DRAGON PEN ASSORTED PCS,,306,0,PCS,,,I,1
32,07,2,01,1,20035266,INDOMARET ALAT PEL REFILL  PCS,,307,0,PCS,CTN,,,1
32,07,2,02,1,20112782,KENKO STICKY NOTES SN-0303  PCK 7575,,308,111,PCS,,,,1
32,07,2,03,1,20011831,KENMASTER SAFETY REGULATOR+METER KM-911 3005-002-02 PCS,,309,120,PCS,CTN,,,1
32,07,2,04,1,10010596,FABER CASTELL PENCIL WARNA 114462/12S WATR COLOR LONG PCK,,310,342,PCS,,,,1
32,07,2,05,1,20121040,KENMASTER KRAN PLASTIK PUTIH PCS,,311,0,PCS,,,T,1
32,07,2,06,1,20122425,JOYKO TWIST CRAYON 12 WARNA TWCR-12S PCK,,312,113,PCS,,,,1
32,07,3,01,1,20088537,GARNIER BRIGHT COMPLETE VIT.C SERUM CRM SPF36 TUB 20L,,313,1112,PCS,,10/08/2028,,1
32,07,3,02,1,20141324,DOWNY SOFTENER LONG WEAR PERFUME SUNSHINE RADIAN PCH 500,,314,44,PCS,,10/08/2027,,1
32,07,3,03,1,20144255,SASHA SHAMPOO COLOR NATURAL BLACK PCK 30 L,,315,0,PCS,,29/09/2028,,1
32,07,3,04,1,10000475,MAX STAPLER HD-10  PCS,,316,42,PCS,,,,1
32,07,3,05,1,20138903,SUNSILK SHAMPOO GLOSSY BLACK BTL 320L,,317,86,PCS,,05/12/2027,,1
32,07,3,06,1,20142393,INDOMARET BOTOL MINUM 6 POKEMON PCS,,318,0,PCS,,21/05/2031,,6
32,08,1,01,1,20143951,MORRIS EXTRAIT DE PARFUM BLUE ELIXIR BTL 100L,,321,159,PCS,,08/08/2031,,1
32,08,1,02,1,20056641,INDOMARET AMPLOP COKLAT NO.310 (10S)  PCK 250350,,322,45,PCS,CTN,,,1
32,08,1,03,1,20141675,NORTHLAND DIECAST METAL RACING MODEL  PCS,,323,154,PCS,,06/03/2031,,1
32,08,1,04,1,20143630,SUNSILK SHAMPOO BOUNCY HAIRFALL  BTL 160L,,324,237,PCS,,03/03/2029,,1
32,08,1,05,1,20139872,STATIONARY CAKE PENCIL CASE   PCK,,325,369,PCS,,,,1
32,08,1,06,1,20104599,ME-O CREAMY TREATS SALMON PCK 60,,326,443,PCS,,11/03/2027,,1
32,08,2,01,1,20143804,EVANGELINE EXTRAIT DE PARFUM LAZY SUNDAY BTL 50L,,327,135,PCS,,09/01/2030,,1
32,08,2,02,1,20072835,PONDS PELEMBAB WJH AGE MIRACLE/HEXYL -RTNL NIGHT CRM POT 10,,328,164,PCS,,19/05/2028,,1
32,08,2,03,1,20142123,BDL FACIAL WASH PAPAYA TUB 100,,329,252,PCS,,07/07/2028,,1
32,08,2,04,1,20130058,AMARA NAIL POLISH BALLERINA PINK BOX 5L,,330,51,PCS,,18/02/2027,,1
32,08,2,05,1,10016469,KENMASTER PENYUNTIK GAS LIGHTER  PCS,,331,0,PCS,CTN,,,1
32,08,2,06,1,20138107,EVERSENSE EXTRAIT DE PARFUM ROYAL ALLURE BTL 30L,,332,188,PCS,,20/04/2030,,1
32,08,3,01,1,20137935,RHINO DIY POOCHY SLIME  BOX,,333,121,PCS,,,,1
32,08,3,02,1,20139875,STATIONARY DOUBLE ROLL STAMP CUTE CARACTER PCS,,334,272,PCS,,,I,1
32,08,3,03,1,20113009,SPIN MASTER DC SUPER HEROES 6 FIGURE ASSORTED PCS,,335,0,PCS,,,,1
32,08,3,04,1,20137691,ADINATA PENCIL TROPPER 3S/STATIONERY MIX 3 PCK,,336,138,PCS,,,,1
32,08,3,05,1,20135015,AMARA STARLIGHT MAKE UP KIT  PCS,,337,14,PCS,,03/03/2029,,1
32,08,3,06,1,20089265,MOBILE KIOSK ARMOR CABLE IPHONE 5/67 STAINLESS STEEL PCS,,338,10,PCS,,,,1
32,09,1,01,1,20136882,MOBILE KIOSK TRUE WIRELESS STEREO EARPHONE LXA6 PCS,,341,90,PCS,,,,1
32,09,1,02,1,,,,342,0,PCS,,,,
32,09,1,03,1,,,,343,0,PCS,,,,
32,09,1,04,1,20010263,GT MAN CELANA DALAM 708/3S  BOX LARGE,,344,35,PCS,,,,1
32,09,1,05,1,20141665,NORTHLAND PLAYSET-CHINOISERIE DIMSUM  PCS,,345,153,PCS,,06/03/2031,,1
32,09,1,06,1,20141664,NORTHLAND PLAYSET COOKING FUN KITCHEN  PCS,,346,5,PCS,,06/03/2031,,1
32,09,2,01,1,20082115,INDOMARET PLASTIK HDPE  PCK 20X35,,347,0,PCS,,,,1
32,09,2,02,1,20122033,GARNIER BRIGHT COMPLETE SUPER WHIP VITAMIN C TUB 100L,,348,463,PCS,,23/04/2029,,1
32,09,2,03,1,20122811,POKEMON GAME KARTU HADIAH SERIES 13 PCS,,349,0,PCS,,,Z,1
32,09,2,04,1,20128423,WIKI VARIABLE COMBINATION  BOX,,350,0,PCS,,,I,1
32,09,2,05,1,20130794,JOYKO ERASER 526 B20 SET 2 WHITE PCK,,351,40,PCS,,,,1
32,09,2,06,1,20144197,HI SUN MOISTURIZER GLOWING BOOSTER NIACINAMDE BTL 30,,352,567,PCS,,26/09/2029,,1
32,09,3,01,1,20074122,EMCO HOT SHOTS BOLT FX  PCS,,353,32,PCS,,,,1
32,09,3,02,1,20137057,BEAUTY CHARM YOUTH GLOW NIGHT CREAM  PCS 15,,354,753,PCS,,29/09/2027,T,1
32,09,3,03,1,20142133,VAPE OBAT NYAMUK SPRAY FUMAKILLA MILK TEA KLG 600,,355,38,PCS,,04/04/2029,,1
32,09,3,04,1,20132476,DADI SHAKING STICKER  PCK,,356,0,PCS,,,,1
32,09,3,05,1,20132462,AGATIS PENCIL 2B YELLOW PRIME (5S)  PCK,,357,97,PCS,,,,1
32,09,3,06,1,20049158,KIKY KERTAS FOTO COPY A4/80GSM 100S  PCK 210297,,358,37,PCS,,,,1
33,01,1,01,0,20092857,STT FRENCH FRIES 2000 PREMIUM  PCK 130,,1,60,PCS,,06/02/2027,D,10
33,01,1,02,0,20104942,CHIKI SNACK BALLS CHOCOLATE PCK 55/50,,2,629,PCS,,02/01/2027,L,10
33,01,2,01,0,20143393,INDOMIE POP SPAGETI FRD CKN CARBNRA PCK 80,,3,251,PCS,,07/04/2027,,1
33,01,2,02,0,20143372,MONDE BOROMON COOKIES BANANA PCH 40,,4,0,PCS,,07/08/2027,,1
33,01,2,03,0,20139758,MADURASA MADU JAHE MERAH LEMON BTL 160,,5,142,PCS,,09/09/2027,T,1
33,01,2,04,0,20074334,KOBE BON CABE SAMBAL TABUR LEVEL 30 BTL 40,,6,54,PCS,,21/10/2027,,1
33,01,2,05,0,20142877,DALEZZ BOLU ISI CUSTARD  PCK 100,,7,172,PCS,,18/05/2027,,1
33,01,2,06,0,20143042,OBALAB TRIANGLE CHOCOLATE CAKE  PCS 80,,8,6,PCS,,25/05/2027,,1
33,02,1,01,0,20103852,JETZ SNACK STICK CHOCOFIESTA PCK 65,,11,198,PCS,,14/03/2027,,15
33,02,1,02,0,20132657,WONHAE SNACK TOPOKKI CREAMY ROSE PCK 80,,12,132,PCS,,17/04/2027,L,10
33,02,2,01,0,20143734,CHOCOLATOS SNACK PILLOW CHOCOLATE PCH 97.5,,13,214,PCS,,15/05/2027,,1
33,02,2,02,0,10036827,KOEPOE-KOEPOE SP (K)  PCS 30,,14,326,PCS,,14/08/2028,,1
33,02,2,03,0,20055265,TRESNO JOYO MADU TJ MURNI  BTL 150,,15,0,PCS,,01/01/2029,L,2
33,02,2,04,0,20139772,BRIO BISCUIT CRACKER GO POTATO BBQ PCK 49/56,,16,28,PCS,,23/04/2027,,2
33,02,2,05,0,20052860,PRINGLES POTATO CRISPS SOURCREAM&ONION KLG 42,,17,164,PCS,CTN,15/06/2027,,4
33,02,2,06,0,20082247,NUTRIVE MINUMAN BENECOL ORANGE BTL 100L,,18,33,PCS,,15/05/2027,,6
33,03,1,01,0,20143387,5 DAYS MINI CROISSANT KOREAN STRWBERY PCK 128,,21,0,PCS,,23/01/2027,,1
33,03,1,02,0,20003910,NISSIN WALENS CHOCO SOES  PCK 100,,22,77,PCS,,23/04/2027,S,5
33,03,2,01,0,20128924,ALAMII SNACK CHEESE PUFFS  PCH 15,,23,382,PCS,,28/03/2027,,2
33,03,2,02,0,20141467,INDOMARET SNACK EMPING MANIS PEDAS PCK 130,,24,110,PCS,,15/05/2027,,1
33,03,2,03,0,20143835,INDOFOOD BUMBU SPESIAL RACIK TOMYUM PCK 60 ,,25,657,PCS,,29/10/2027,,1
33,03,2,04,0,20023845,PRINGLES POTATO CRISPS CHEESY CHEESE KLG 102,,26,385,PCS,,16/04/2027,L,2
33,03,2,05,0,20043035,HAPPYDENT WHITE CHEWING GUM 30S MINT PCK 70,,27,2,PCS,,20/06/2027,,2
33,03,2,06,0,20129286,ALAMII SNACK CHOCOLATE PUFFS  PCH 18,,28,185,PCS,,28/03/2027,,2
33,04,1,01,0,20042370,MAMASUKA RUMPUT LAUT PANGGANG (NORI)  PCK 2X4.5,,31,850,PCS,,23/04/2027,S,10
33,04,1,02,0,20023148,DUA KELINCI SNACK PILUS TIC TAC SAPI PANGGANG PCK 80,,32,410,PCS,,04/03/2027,L,10
33,04,2,01,0,20139767,KACANG TELUR KACANG TELUR BAWANG  PCK 125,,33,155,PCS,,23/02/2027,,1
33,04,2,02,0,20047809,KOBE BON CABE SAMBAL TABUR LEVEL 15 BTL 45,,34,77,PCS,,21/10/2027,,2
33,04,2,03,0,20052931,INDOMARET BAWANG MERAH GORENG  BTL 60,,35,128,PCS,,06/03/2027,,1
33,04,2,04,0,20139288,LARISST NATA DE COCO COCOPANDAN PCH 360,,36,0,PCS,,23/04/2027,J,1
33,04,2,05,0,20135538,MISTER POTATO SNACK CRISPS SOUR CRM&ONION KLG 85,,37,48,PCS,,26/02/2027,,2
33,04,2,06,0,20141504,LAYS SNACK POTATO CHIPS RUMPUT LAUT PDS PCK 64,,38,221,PCS,,15/07/2027,,1
33,05,1,01,0,20139538,LAYS SNACK POTATO CHIPS RUMPUT LAUT PCK 105,,41,143,PCS,,06/03/2027,,2
33,05,1,02,0,20052859,PRINGLES POTATO CRISPS ORIGINAL KLG 42,,42,492,PCS,,29/05/2027,S,12
33,05,2,01,0,20088712,SASA SANTAN KELAPA CAIR  TPK 65L,,43,792,PCS,,12/02/2027,,8
33,05,2,02,0,20134248,INDOMARET KETUMBAR BUBUK  BTL 50,,44,0,PCS,,28/06/2028,,1
33,05,2,03,0,20056800,LADAKU MERICA BUBUK  BTL 35,,45,222,PCS,,17/10/2027,,1
33,05,2,04,0,20142221,YUPI CANDY GUMMY FANGS  PCK 90,,46,214,PCS,,10/05/2027,,1
33,05,2,05,0,20134249,INDOMARET KUNYIT BUBUK  BTL 50,,47,10,PCS,,03/08/2027,,1
33,05,2,06,0,20139801,ROYCO BUMBU INSTANT RENDANG PCH 45,,48,188,PCS,,23/04/2027,,1
33,06,1,01,0,20122571,PIATTOS SNACK KENTANG SAPI PANGGANG PCK 120/115,,51,356,PCS,,03/02/2027,S,16
33,06,1,02,0,20129961,MISTER POTATO SNACK CRISPS ORIGINAL KLG 35,,52,1029,PCS,,07/01/2027,L,4
33,06,2,01,0,20134247,INDOMARET LADA PUTIH BUBUK  BTL 50,,53,711,PCS,,28/06/2028,,1
33,06,2,02,0,20140881,TOLL MILK CANDY ASSORTED BLUE PCK 120,,54,38,PCS,,29/11/2027,,1
33,06,2,03,0,,,,55,0,PCS,,,,
33,06,2,04,0,20139685,BONCHA BLIND BOX GUMMY  PCH 30,,56,0,PCS,,15/09/2027,,2
33,06,2,05,0,20103271,CHOCODRINK BELGIAN CHOCOLATE TASTE (4+2)  PCH 6X28,,57,126,PCS,,29/03/2027,,1
33,06,2,06,0,20138020,SARI CHOCO SPREAD COKELAT BTL 150,,58,38,PCS,,04/03/2027,,1
33,07,1,01,0,20106307,MISTER POTATO SNACK CRISPS GHOST PEPPER KLG 40,,61,552,PCS,,19/07/2027,S,8
33,07,1,02,0,20141944,CHITATO SNACK POTATO CHIPS RENDANG SAPI PCK 68/65,,62,137,PCS,,27/02/2027,,1
33,07,2,01,0,10013885,YUPI CANDY GUMMY LUNCH BAG 93,,63,274,PCS,,28/06/2027,,2
33,07,2,02,0,20140189,POP MIE MI INSTAN BASO GRANAT CUP 77,,64,0,PCS,,02/03/2027,,2
33,07,2,03,0,20069650,CHOMP CHOMP MARSHMALLOW ICE CREAM BLUEBERRY PCK 60/50,,65,31,PCS,,26/03/2027,,2
33,07,2,04,0,10032229,WONG COCO MY JELLY KONNYAKU  PCK 15X14,,66,251,PCS,,07/05/2027,,2
33,07,2,05,0,20142587,INDOFOOD SAMBAL COBEK TERASI PCK 5X18,,67,0,PCS,,08/04/2027,,1
33,07,2,06,0,20117884,TRESNO JOYO MADU TJ MURNI  BTL 500,,68,40,PCS,,30/08/2028,,1
33,08,1,01,0,20116675,CHITATO LITE SNACK POTATO NORI SEAWEED PCK 115,,71,171,PCS,,12/01/2027,D,9
33,08,1,02,0,10005073,BLUE BAND MARGARINE SERBAGUNA (35622)  PCK 200,,72,824,PCS,,14/07/2027,L,10
33,08,2,01,0,20042089,KOBE BON CABE CABAI KERING BERBUMBU ORIGINAL BTL 50/45,,73,25,PCS,,23/05/2028,,1
33,08,2,02,0,,,,74,0,PCS,,,,
33,08,2,03,0,20028732,MINTZ CANDY CHEWY MINTS DUO MINT PCK 99,,75,219,PCS,,04/04/2027,,2
33,08,2,04,0,20101650,B6 ESSENTIAL BAG HOLDER HOOK  PCS,,76,0,PCS,,,I,1
33,08,2,05,0,,,,77,0,PCS,,,,
33,08,2,06,0,10000102,BOTAN MACKAREL  KLG 425,,78,75,PCS,,29/04/2027,,1
33,09,1,01,0,20099141,EXCELSO KOPI BUBUK ROBUSTA GOLD PCK 200,,81,28,PCS,,11/07/2027,,1
33,09,1,02,0,,,,82,0,PCS,,,,
33,09,2,01,0,20139873,STATIONARY SUMMER RULER  PCS,,83,0,PCS,,,I,1
33,09,2,02,0,20143797,ETIRA TUNA RTE ORIGINAL  PCK 75,,84,159,PCS,,15/06/2028,,1
33,09,2,03,0,20139353,AMO PHOTOCARD TWICE  PCS,,85,0,PCS,,,Z,1
33,09,2,04,0,20136260,STATIONARY DIY BRICKS PENCIL MATE 2B 3S ASSORTED BOX,,86,0,PCS,,,I,1
33,09,2,05,0,,,,87,0,PCS,,,,
33,09,2,06,0,20137054,CHITATO LITE SNACK POTATO ASLI KLG 110,,88,0,PCS,,18/04/2027,,1
34,01,1,01,0,20016624,STT FRENCH FRIES 2000 PREMIUM  PCK 24,,91,241,PCS,,06/02/2027,,6
34,01,1,02,0,10000753,TARO SNACK (60730) SEAWEED PCK 32,,92,318,PCS,,15/05/2027,,3
34,01,2,01,0,20143860,KOEPOE KOEPOE BUMBU RASA KALDU JAMUR  PCK 80,,93,66,PCS,,20/03/2028,,1
34,01,2,02,0,20138379,HAPPYDENT CHEWING GUM CITRUS / SWEET BTL 28/25.2,,94,162,PCS,,23/03/2027,,2
34,01,2,03,0,20125056,UNIBIS BISCUITS MEGA RING TARTLET CHOCOLATE PCK 120,,95,79,PCS,,09/09/2027,,1
34,01,2,04,0,20140677,INDOFOOD TABURI BUMBU TABUR SERBAGUNA GAS PEDAS PCK 25,,96,51,PCS,,11/05/2027,,1
34,01,2,05,0,20143786,ROYCO BUMBU RENDANG (HADIAH) PCH 20,,97,0,PCS,,22/06/2027,Z,1
34,01,2,06,0,20141098,MISTER POTATO SNACK CRISPS GHOST PEPPER BULDAK CHEESE KLG 40,,98,14,PCS,,02/01/2027,,2
34,02,1,01,0,10008550,GOOD TIME COOKIES CHOCOCHIPS DOUBLE CHOC PCK 72,,101,1279,PCS,,23/09/2027,,12
34,02,1,02,0,20025741,ROMA BISCUIT SARI GANDUM PCK 149,,102,0,PCS,,23/04/2027,S,10
34,02,2,01,0,20139816,ELMUTIZ SNACK KENTANG BALADO PCK 100,,103,0,PCS,,23/04/2027,,1
34,02,2,02,0,10000766,SUGUS CANDY STICK STRAWBERRY BTG 30,,104,0,PCS,,20/10/2027,V,2
34,02,2,03,0,20044093,PRINGLES POTATO CRISPS SOURCREAM&ONION KLG 102,,105,24,PCS,,28/03/2027,,6
34,02,2,04,0,20139949,LEMONILO BROWNIES CRUUNCHY CHOCOLATE PCK 18,,106,1124,PCS,,23/04/2027,,2
34,02,2,05,0,10035883,GARUDA SNACK PILUS PEDAS PCK 80,,107,3810,PCS,,,,1
34,02,2,06,0,20047616,WONG COCO PUDDING MANGO CUP 120,,108,0,PCS,,19/07/2027,,2
34,03,1,01,0,20034685,OISHI SNACK PILLOWS CHOCOLATE PCH 100,,111,1021,PCS,,28/03/2027,S,5
34,03,1,02,0,20114756,GURIBEE SNACK BBQ BALADO PCK 65/62,,112,612,PCS,,18/04/2027,L,6
34,03,2,01,0,20142677,MONDE BOURBON BISCUIT GANDUM PCK 140,,113,6,PCS,,02/07/2027,,1
34,03,2,02,0,20120198,MISTER POTATO SNACK CRISPS GHOST PEPPER SEAWEED KLG 40,,114,168,PCS,,19/07/2027,,2
34,03,2,03,0,20129720,YUPI CANDY GUMMY WILD SAFARI PCK 44,,115,374,PCS,,14/05/2027,V,6
34,03,2,04,0,10002893,KOEPOE KOEPOE BAKING POWDER  BTL 45,,116,722,PCS,,28/06/2028,,1
34,03,2,05,0,10008620,YUPI CANDY GUMMY MINI BURGER PCK 105,,117,248,PCS,,06/03/2027,,4
34,03,2,06,0,20137575,POTATOQ SNACK POTATO CHIPS KOREAN BBQ PCH 50,,118,13,PCS,,05/02/2027,,1
34,04,1,01,0,20140056,FLOATY SNACK TERSERAH PCK 60,,121,429,PCS,,17/05/2027,L,20
34,04,1,02,0,20023846,PRINGLES POTATO CRISPS ORIGINAL KLG 102,,122,124,PCS,,15/06/2027,S,2
34,04,2,01,0,20138253,SANIA TEPUNG BERAS  PCK 500,,123,3,PCS,,28/06/2027,,1
34,04,2,02,0,20043799,ABC SAMBAL EXTRA PEDAS PCH 380,,124,3,PCS,,18/06/2027,,1
34,04,2,03,0,20128243,MAMASUKA GIM BORI RUMPUT LAUT TABUR PEDAS BTL 30/25,,125,0,PCS,,28/06/2027,,1
34,04,2,04,0,20133507,DELFI CRACKERS K RICE ORION SEAWEED PCH 47.4,,126,280,PCS,,23/06/2027,,2
34,04,2,05,0,20117684,KALPA WAFER SHARE IT COKELAT KELAPA PCK 90,,128,0,PCS,,15/06/2027,,1
34,04,2,06,0,20128242,MAMASUKA GIM BORI RUMPUT LAUT TABUR ORIGINAL BTL 30/25,,127,1,PCS,,23/04/2027,,6
34,05,1,01,0,10003424,ARNOTTS BISCUIT NYAM-NYAM BUBBLE PUFF CHOCO CUP 18,,131,255,PCS,,28/04/2027,,12
34,05,1,02,0,10031595,ROMA BISCUIT (NEW) KELAPA PCK 300,,132,42,PCS,,23/04/2027,D,7
34,05,2,01,0,20115355,KOBE BON CABE SAMBAL TABUR NORI LEVEL 2 BTL 35/20,,133,71,PCS,,02/09/2027,,1
34,05,2,02,0,20127302,BELLA SPREAD CHOCO CASHEW BTL 300,,134,62,PCS,,23/09/2027,,1
34,05,2,03,0,20142222,RITZ CRACKERS KAYA BUTTER PCK 91,,135,61,PCS,,11/06/2027,,1
34,05,2,04,0,20079510,YUPI CANDY GUMMY BREAKFAST  PCK 95,,136,174,PCS,,22/03/2027,,6
34,05,2,05,0,20133506,DELFI CRACKERS K RICE ORION SWEET PCH 64.8,,137,82,PCS,,16/05/2027,,2
34,05,2,06,0,20137576,POTATOQ SNACK POTATO CHIPS RUMPUT LAUT PCH 50,,138,24,PCS,,05/02/2027,,1
34,06,1,01,0,10035165,OREO SANDWICH ORIGINAL PCK 110.4/105,,141,864,PCS,,04/03/2027,L,8
34,06,1,02,0,20114757,GURIBEE SNACK RUMPUT LAUT PCK 65/62,,142,370,PCS,CTN,14/03/2027,S,10
34,06,2,01,0,20143521,RANJANI BERRY SWEET GUMMY CANDY  PCH 40,,143,105,PCS,,19/04/2028,,1
34,06,2,02,0,20140474,MONDE SHORTBREAD BISCUIT  PCK 9.5,,144,0,PCS,,02/07/2027,Z,200
34,06,2,03,0,20139800,KARA MINYAK GORENG KELAPA  PCH 1L,,145,82,PCS,,12/02/2028,,1
34,06,2,04,0,20142905,PRINGLES POTATO CRISPS SEAWEED BURST KLG 42,,146,269,PCS,,28/03/2027,,1
34,06,2,05,0,20139841,MISTER POTATO SNACK CRISPS GHOST PEPPER CARBONARA KLG 40,,147,164,PCS,,19/08/2027,,2
34,06,2,06,0,20139969,GERY SNACK BANTAL  PCK 75,,148,204,PCS,,02/03/2027,,2
34,07,1,01,0,20132494,LEMONILO BROWNIES CRISPY KEJU PCH 33/32,,151,421,PCS,,08/01/2027,,3
34,07,1,02,0,20143796,ETIRA TUNA RTE BUMBU PEDAS  PCK 75,,152,338,PCS,,22/08/2028,,1
34,07,2,01,0,20047250,YUPI CANDY GUMMY CALCI BEAN  BTL 70,,153,68,PCS,,13/04/2027,,2
34,07,2,02,0,,,,154,0,PCS,,,,
34,07,2,03,0,20133182,URAY 100% NATURAL HONEY  BTL 150,,155,26,PCS,,23/04/2029,,1
34,07,2,04,0,20140809,SISY PIE KACANG  PCK 15,,156,4,PCS,,23/02/2027,,2
34,07,2,05,0,20049227,HARIBO CANDY GUMMY HAPPY COLA PCK 80,,157,120,PCS,,06/02/2027,,1
34,07,2,06,0,20133192,ROCHO WAFER CHOCOLATE KACANG  PCH 84,,158,467,PCS,,23/04/2027,,2
34,08,1,01,0,20031736,MINTZ CANDY CHEWY MINTS PEPPERMINT PCK 99,,161,128,PCS,,04/04/2027,,2
34,08,1,02,0,20111591,5 DAYS CROISSANT CHOCOLATE PCK 60,,162,1243,PCS,,15/03/2027,,4
34,08,2,01,0,20141100,WONHAE SNACK BANANA MILK BITES  PCK 60,,163,452,PCS,,04/01/2027,,4
34,08,2,02,0,,,,164,0,PCS,,,,
34,08,2,03,0,20140066,LARISST JELLY DRINK MANGO PCK 135L,,165,13,PCS,,14/06/2027,,1
34,08,2,04,0,20140796,SARIWANGI MATCHA LATTE  BOX 5X22,,166,11,PCS,,23/09/2027,,1
34,08,2,05,0,20143301,INDOMILK KENTAL MANIS CREAMY MATCHA PCH 260,,167,0,PCS,,19/08/2027,,1
34,08,2,06,0,20143284,WOW SPAGETI INSTANT SPAGHETTI GORENG  PCS 79,,168,943,PCS,,20/06/2027,,1
34,09,1,01,0,20137572,CHITATO LITE SNACK POTATO CHEESE KLG 110,,171,0,PCS,,18/04/2027,,1
34,09,1,02,0,20071507,MAGGI SAUS TIRAM  BTL 150,,172,138,PCS,,20/05/2027,,1
34,09,2,01,0,20133065,STATIONARY ASTRONOUT PEN  PCS,,173,0,PCS,,,I,1
34,09,2,02,0,20134307,PHILIPS LAMPU ESSENTIAL LED E27  BOX 13WATT,,174,0,PCS,,,,1
34,09,2,03,0,20138234,CHEETOS SNACK JAGUNG BKR KEJU PCK 60/68,,175,0,PCS,,12/07/2027,,1
34,09,2,04,0,20136099,ULTRA ULTRACORE KEYCHAIN (HADIAH) PCS,,176,0,PCS,,,Z,6
34,09,2,05,0,,,,177,0,PCS,,,,
34,09,2,06,0,20111543,WIKI IDM DELIVERY TRUCK BRICKS  BOX,,178,0,PCS,,,I,1
35,01,1,01,1,20092520,SWEETY SILVER MAX PROTECTION PANTS 30/32S BAG MEDIUM,,181,96,PCS,,06/05/2028,L,2
35,01,1,02,1,20073639,SWEETY BRONZE PANTS 28S  PCK LARGE,,182,68,PCS,CTN,18/11/2027,S,2
35,01,2,01,1,20135607,MY BABY KIDS HAIR BODY COLOGNE LIVELY FUN BTL 100L,,183,334,PCS,,06/07/2028,,1
35,01,2,02,1,20109499,INDOMARET HAND SANITIZER SPRAY  BTL 100L,,184,210,PCS,,03/10/2027,,2
35,01,2,03,1,20090955,SOFTEX PEMBALUT DAUN SIRIH 23 NON WING PCK 20/18S,,185,118,PCS,,23/06/2029,,2
35,01,2,04,1,20141565,XCHANGE EXTRAIT DE PARFUM AQUA MYTH BTL 50,,186,273,PCS,,23/02/2031,,1
35,01,2,05,1,20012094,ZWITSAL BABY BATH NATURAL PUMP MILK & HONEY BTL 300L,,187,64,PCS,,28/02/2029,,1
35,01,2,06,1,20082206,SERASOFT SHAMPOO DANDRUFF TREAT BTL 170L,,188,262,PCS,CTN,31/10/2028,,1
35,02,1,01,1,20123812,EKONOMI PENCUCI PIRING POWER LIQUID SEREH PCH 650L/675,,191,153,PCS,CTN,27/04/2028,L,6
35,02,1,02,1,20041483,SO KLIN SOFTERGENT POWDER PEONY ROSE PCK 1.44/1.3,,192,222,PCS,,19/08/2028,,6
35,02,2,01,1,20011007,LIFEBUOY SABUN MANDI CAIR REFILL WHITE MILD CARE PCH 400/380,,193,0,PCS,,17/11/2027,R,2
35,02,2,02,1,20141072,HEAD &SHOULDERS SHAMPOO A/D SUPER COOL BTL 300,,194,2,PCS,,10/02/2029,,1
35,02,2,03,1,20109613,HIT INSEKTISIDA SPRAY PINK BLOSSOM KLG 600/600+50,,195,82,PCS,,04/05/2028,,1
35,02,2,04,1,20054847,DAIA DETERGENT BUBUK + SOFTENER ROMANTIC PINK BAG 245/190 ,,196,0,PCS,,31/08/2028,,6
35,02,2,05,1,10019725,REJOICE SHAMPOO 3 IN 1 RICH SMOOTH BTL 150/135 L,,197,59,PCS,,22/06/2028,,1
35,02,2,06,1,20048900,MAMY POKO PANTS STANDAR 6S  PCK EXTRALARGE,,198,65,PCS,,16/05/2029,,6
35,03,1,01,1,20093627,SO KLIN DETERGENT LIQUID SOFTERGENT SAKURA STRAWBRY PCH 525/510 ,,201,648,PCS,,06/07/2028,,2
35,03,1,02,1,20143097,LIFEBUOY PENCUCI PIRING LIME BDD 2610,,202,2,PCS,,07/08/2028,,1
35,03,2,01,1,20019170,SLEEK CLEAN BABY BOTTLE NIPPLE &  ACCESORIES PCH 450+90L,,203,60,PCS,,17/09/2029,,1
35,03,2,02,1,20080042,BAYFRESH HANG N GO CARAMEL VANILLA PCK,,204,77,PCS,,07/10/2027,,1
35,03,2,03,1,20121373,SUPER PELL PEMBERSIH LANTAI REF ANTI-BAC CITRUS PCH 500L/500,,205,0,PCS,,06/07/2028,V,1
35,03,2,04,1,20102763,WARDAH NAT.DAILY HYDRAMILD FAC. WASH ALOE VERA TUB 100,,206,18,PCS,,16/09/2027,,1
35,03,2,05,1,20136930,CITRA BODY LOTION PERFECT BRIGHT BENGKOANG BTL 110L,,207,359,PCS,,10/01/2027,,1
35,03,2,06,1,20094773,EMINA BRIGHTSTUFF NIACINAMIDE OXY CERAMIDE CLEANS TUB 50L,,208,370,PCS,CTN,06/07/2028,,1
35,04,1,01,1,20056799,LIFREE POPOK PEREKAT 7/6S  BAG EXTRALARGE,,211,96,PCS,,18/11/2027,L,2
35,04,1,02,1,20143091,SUNLIGHT CAIRAN PENCUCI PIRING JERUK NIPIS BDD 2650,,212,0,PCS,,21/07/2028,,1
35,04,2,01,1,20000980,KISPRAY PELICIN PAKAIAN VIOLET BTL 318L,,213,32,PCS,,19/02/2027,,2
35,04,2,02,1,20113101,ROYALE SOFTENER SWEET FLORAL PCH 680/600L,,214,14,PCS,CTN,16/12/2027,,2
35,04,2,03,1,20008706,MASTER KIDS SPRAY COLOGNE SUPERMAN BTL 100L,,215,36,PCS,,18/11/2027,,1
35,04,2,04,1,20113917,MY BABY KIDS HAIR BODY COLOGNE SWEET BLOSSOM BTL 100L,,216,358,PCS,,06/07/2028,,1
35,04,2,05,1,20119238,TOTAL DETERGENT POWDER DE PERFUMEE BAG 700/650 ,,217,5,PCS,CTN,18/11/2027,,1
35,04,2,06,1,20142033,EVERSENSE EXTRAIT DE PARFUM PURPLE HIBISCUS BTL 30,,218,460,PCS,,27/04/2031,,1
35,05,1,01,1,20072924,BABY HAPPY  BABY DIAPERS PANTS 26S  BAG EXTRALARGE,,221,37,PCS,,27/04/2029,D,4
35,05,1,02,1,20115958,GENTLE GEN DETERJEN CAIR PARISIENNE GRDN BTL 750/700L,,222,0,PCS,,01/04/2028,,2
35,05,2,01,1,20140223,LOREAL PARIS ELSEVE FALL RESIST  SHAMPOO BTL 200,,223,277,PCS,,09/09/2028,,1
35,05,2,02,1,20010999,LIFEBUOY SABUN MANDI CAIR RED BTL 100L,,224,94,PCS,,18/05/2027,,2
35,05,2,03,1,20027090,HERBORIST LULUR TRDSIONAL BALI WHITENING MILK POT 100,,225,183,PCS,,18/11/2027,,1
35,05,2,04,1,20142346,GIV BODY WASH SMOOTH & FLAWLESS SAKURA & PEARL PCH 800L,,226,12,PCS,,23/05/2028,,1
35,05,2,05,1,10013361,KAO BIORE BODY FOAM ACTIVE ANTIBACTERIAL PCH 450/400L,,227,88,PCS,CTN,18/11/2027,,1
35,05,2,06,1,20137412,SHINZUI BRIGHTENING SERUM SUNSCREEN SPF 35 PA+++ TUB 30L,,228,34,PCS,,25/02/2028,,1
35,06,1,01,1,20012188,SO KLIN SOFTERGENT POWDER PEONY & ROSE PCK 720/650 ,,231,642,PCS,,12/02/2028,,2
35,06,1,02,1,10014547,DAIA DETERGENT POWDER FLORAL PCK 1.5/1.4 ,,232,0,PCS,,15/09/2027,,2
35,06,2,01,1,20138588,GATSBY EAU DE BLUE ROLL ON DEODORANT AIR CODE BTL 50L,,233,0,PCS,,31/01/2028,V,1
35,06,2,02,1,20140798,GLAD2GLOW FACIAL WASH ACNE CLEANSER MATCHA  SL.ACID BTL 80L,,234,10,PCS,,12/05/2028,,1
35,06,2,03,1,20093100,ZEN ANTI BACTERIAL BODY WASH SHISO&SANDALWOD BTL 500/480L,,235,25,PCS,,18/11/2027,,1
35,06,2,04,1,20051952,FORMULA SIKAT GIGI PLATINUM PROTECTOR NANO CHARCOAL PCS SOFT,,236,104,PCS,,18/11/2029,,1
35,06,2,05,1,20124346,BAYGON INSEKTISIDA SPRAY ANTI NYAMUK JAPANESE PEACH KLG 600L,,237,64,PCS,CTN,18/11/2027,,1
35,06,2,06,1,20135632,SERASOFT SHAMPOO SMOOTH & SHINE BTL 170L,,238,173,PCS,,18/11/2027,,1
35,07,1,01,1,20045621,LIFREE POPOK PEREKAT 8/7S  BAG LARGE,,241,110,PCS,,18/11/2027,L,2
35,07,1,02,1,20069546,INDOMARET DIAPERS ADULT 8S LEAK GUARD BAG MEDIUM,,242,18,PCS,,07/01/2028,L,1
35,07,2,01,1,20046210,GLADE AUTOMATIC SPRAY REFILL OCEAN ESCAPE KLG 146/225L,,243,249,PCS,,18/11/2027,,1
35,07,2,02,1,20140001,RINSO DETERGENT CAIR ANTI NODA PURE PCH 510,,244,14,PCS,,09/10/2027,,2
35,07,2,03,1,10011851,HEAD &SHOULDERS SHAMPOO A/D SMOOTH & SILKY / SELEMBUT SUTRA BTL 160/145L,,245,113,PCS,,15/07/2029,,1
35,07,2,04,1,10033236,ZWITSAL BABY SABUN MANDI CAIR NATURAL H&B ALOE VERA BTL 200L,,246,208,PCS,,18/05/2027,,1
35,07,2,05,1,20141937,NYU HENNA SHAMPOO NATURAL BLUE BLACK SCT 20,,247,47,PCS,,16/08/2027,,1
35,07,2,06,1,20131028,ZINC SHAMPOO A/K ACTIVE FRESH LEMON MINT BTL 340L,,248,210,PCS,,18/11/2027,,1
35,08,1,01,1,20108877,LIFREE PANTS LIGHT 6S  BAG EXTRALARGE,,251,60,PCS,,25/06/2028,,1
35,08,1,02,1,20141985,SO KLIN PEWANGI PAKAIAN REFILL TROPICAL SUMMER PCH 780,,252,20,PCS,,04/05/2028,,2
35,08,2,01,1,10028501,LACTACYD FEMININE HYGIENE ALL DAY CARE  BTL 60L,,253,152,PCS,CTN,28/05/2028,,1
35,08,2,02,1,20033964,MERAH PUTIH HANDUK POLOS  PCS 50X100,,254,59,PCS,,,,1
35,08,2,03,1,20134765,MORRIS EAU DE PARFUM WHITE EDITION FRESH BTL 100L,,255,79,PCS,,31/12/2029,,1
35,08,2,04,1,20076432,SUNSILK SHAMPOO HIJAB REFRESH BTL 340L,,256,142,PCS,,11/12/2027,,1
35,08,2,05,1,10026930,JOHNSONS BABY HAIR & BODY BATH MILK + RICE BTL 200 L,,257,224,PCS,CTN,18/11/2027,,1
35,08,2,06,1,20139712,INDOMARET SANDAL JEPIT KARET  PSG NO.38,,258,61,PCS,,,,1
35,09,1,01,1,10003359,WIPOL KARBOL WANGI CEMARA  BTL 750L/730,,261,64,PCS,,06/05/2027,,1
35,09,1,02,1,20048880,MAMY POKO PANTS STANDAR 7S  PCK LARGE,,262,96,PCS,,21/05/2029,,6
35,09,2,01,1,20138591,HANASUI MOISTURIZER GEL GENTLE RETINOL BOX 30,,263,107,PCS,,10/06/2028,V,1
35,09,2,02,1,20141677,NORTHLAND DIECAST CITYCAR PULLBACK  PCS,,264,0,PCS,,06/03/2031,,1
35,09,2,03,1,20143597,INDOMARET JAS HUJAN PONCO CELANA  PCK,,265,752,PCS,,,,1
35,09,2,04,1,20091441,CLEAR SHAMPOO A/K PERAWATAN KOMPLIT  BTL 160L,,266,656,PCS,,10/05/2027,,1
35,09,2,05,1,20131019,JADA DISNEY 100 FIGURE DIE CAST  ASSORTED PCK,,267,0,PCS,,,I,1
35,09,2,06,1,10005198,HIT INSEKTISIDA SPRAY ORANGE KLG 600/600+50,,268,0,PCS,,20/09/2028,,2
36,01,1,01,1,20108881,GENKI MOKO MOKO PANTS 34/32S  BAG MEDIUM,,271,43,PCS,,18/11/2027,,1
36,01,1,02,1,20097385,HAPPY NAPPY SMART PANTS 34/32S  PCK MEDIUM,,272,76,PCS,,20/12/2027,,2
36,01,2,01,1,20081448,ROYALE SOFTENER HOT SUMMER PCH 650/600L,,273,313,PCS,,24/03/2028,L,2
36,01,2,02,1,20121357,ME-O CAT FOOD OCEAN FISH  PCH 80,,274,68,PCS,,23/12/2027,,2
36,01,2,03,1,20078998,MAKARIZO HAIR ENERGY SCENTSATIONS WHITE MUSK BTL 100L,,275,82,PCS,,06/07/2028,,2
36,01,2,04,1,20134946,GLAD2GLOW MICELLAR WATER  CHERRY BLOSSOM BTL 130L,,276,43,PCS,,18/05/2027,,1
36,01,2,05,1,20035884,CUSSONS BABY HAIR LOTION NATURALS KEMIRI AV SLD BTL 100L,,277,2,PCS,,18/11/2027,,1
36,01,2,06,1,20070151,BELLAGIO HOMME EAU DE TOILETTE/PARFUM (NEW) RAVE CULTURE BTL 50L,,278,283,PCS,CTN,18/11/2028,,1
36,02,1,01,1,20134306,BABY HAPPY  BABY DIAPERS PANTS 24S  BAG XXL,,281,56,PCS,,12/02/2029,S,2
36,02,1,02,1,20139729,SO KLIN DETERGENT LIQUID NATURE GREEN TEA&JSMNE BTL 700,,282,43,PCS,,20/09/2027,,2
36,02,2,01,1,20048540,STELLA DAILY FRESHNESS ORANGE BLOSSOM PCS,,283,267,PCS,,,,1
36,02,2,02,1,20138071,KISPRAY PELICIN PAKAIAN  FINE PERFUME KASTURI SUCI PCH 280L,,284,45,PCS,,23/04/2027,,2
36,02,2,03,1,20062310,REXONA DEODORANT ROLL ON WOMEN ADVACED BRGHTNG BTL 45L,,285,136,PCS,CTN,22/12/2027,,2
36,02,2,04,1,20055798,HEAD &SHOULDERS SHAMPOO A/D LEMON FRESH BTL 330L,,286,345,PCS,,23/04/2029,,1
36,02,2,05,1,20046907,KAO BIORE FACIAL FOAM MENS DOUBLE SCRUB COOL OIL CLEAR TUB 100,,287,26,PCS,CTN,18/11/2027,,1
36,02,2,06,1,20113918,MY BABY KIDS HAIR BODY COLOGNE FRESH ACTIVE BTL 100L,,288,186,PCS,CTN,06/07/2028,,1
36,03,1,01,1,20142330,CONFIDENCE ADULT PANTS TIPIS PAS 6S  BAG EXTRALARGE,,291,0,PCS,,01/06/2029,,1
36,03,1,02,1,10014263,WIPOL KARBOL WANGI CEMARA PCH 750L/720,,292,84,PCS,,06/07/2028,S,2
36,03,2,01,1,20140679,INDOMARET FACIAL TISSUE  PCK 380S,,293,140,PCS,,,,2
36,03,2,02,1,20142679,PANTENE MIRACLES VITAMIN AMPOULE 5S INT BOND REPAIR PCK,,294,188,PCS,,01/06/2029,,1
36,03,2,03,1,20129700,LERVIA SABUN SUSU CAIR SMOOTHING / ORIGINAL MILK PCH 400L/400,,295,322,PCS,CTN,18/11/2027,,2
36,03,2,04,1,20067359,SUNSILK SHAMPOO HIJAB REFRESH BTL 160L,,296,306,PCS,CTN,18/05/2027,,1
36,03,2,05,1,20038766,PANTENE SHAMPOO PRO-V (NEW I) HAIR FALL CNTRL BTL 160/145L,,297,270,PCS,,22/06/2028,,2
36,03,2,06,1,20141370,LISTERINE MOUTHWASH ANTISEPTIC WATERMELON MINT BTL 250,,298,180,PCS,,06/02/2029,,1
36,04,1,01,1,20069549,INDOMARET DIAPERS ADULT 6S LEAK GUARD BAG EXTRALARGE,,301,22,PCS,,20/12/2027,L,2
36,04,1,02,1,20106150,MAMY POKO BABY DIAPERS X-TRA KERING 44S  PCK NEW BORN,,302,8,PCS,,08/01/2028,S,2
36,04,2,01,1,20020977,VASELINE BODY LOTION HEALTHY BRIGHT UV EXTRA BRIGHT BTL 100L,,303,278,PCS,CTN,06/07/2028,,1
36,04,2,02,1,20138898,SUNSILK SHAMPOO SILKY SMOOTH BTL 160L,,304,93,PCS,,28/11/2027,,2
36,04,2,03,1,20049799,HEAD &SHOULDERS SHAMPOO A/D LEMON FRESH BTL 160/145L,,305,0,PCS,,18/11/2027,,2
36,04,2,04,1,10011452,ESKULIN COLOGNE GEL ROMANTIC / ENCHANTING WHIT BTL 100L,,306,114,PCS,,18/11/2027,,1
36,04,2,05,1,20038986,PANTENE SHAMPOO PRO-V (NEW I) BLACK GLOW BTL 160/145L,,307,152,PCS,CTN,22/06/2028,,1
36,04,2,06,1,20024922,ORAL B SIKAT GIGI ALL ROUNDER 123 3S CLEAN PCS MEDIUM,,308,261,PCS,CTN,18/11/2027,,1
36,05,1,01,1,20128719,SO KLIN SOFTERGENT POWDER LAVENDER & LILY PCK 455/375 ,,311,0,PCS,,09/01/2029,L,6
36,05,1,02,1,20126742,SWEETY DIAPER SILVER COMFORT 40S  BAG NB-S,,312,56,PCS,,08/01/2028,L,1
36,05,2,01,1,20139867,STATIONARY ICE CREAM PUSH PEN   PCK,,313,0,PCS,,,,1
36,05,2,02,1,20139963,LARISST TOILET BALL 5S CITRONELLA PCK 200,,314,43,PCS,,09/02/2030,,1
36,05,2,03,1,20002771,HUKI BABY DOT SILICONE ORTHODONTIC (L) C10151 BOX,,315,14,PCS,,08/01/2029,,1
36,05,2,04,1,20143926,INDOMARET ADULT DIAPERS HAPPY PANTS 3IN1 L PCK 7,,316,20,PCS,,08/09/2029,,1
36,05,2,05,1,20136931,CITRA BODY LOTION RADIANT GLOW PEARL BTL 210L,,317,128,PCS,CTN,10/01/2027,,1
36,05,2,06,1,20088717,ME-O CAT FOOD TUNA PCK 200/230,,318,56,PCS,,19/05/2027,,1
36,06,1,01,1,20085748,NEXCARE CARBON MASKER 2S  PCK,,321,122,PCS,,,,2
36,06,1,02,1,20024306,MAMY POKO PANTS ROYAL SOFT BOYS 24S  BAG EXTRALARGE,,322,26,PCS,,08/01/2028,,1
36,06,2,01,1,20098761,EMINA BRIGHT STUFF TONE UP GEL  TUB 20L,,323,56,PCS,,23/04/2028,,1
36,06,2,02,1,20071676,WARDAH CRYSTAL SECRET/CLARFYNG FACIAL WASH TUB 100L,,324,0,PCS,,08/09/2028,,1
36,06,2,03,1,20124786,BAYFRESH CAR FRESHENER EVERYWHERE CAPPUCCINO COFF PCK 70,,325,116,PCS,CTN,06/07/2028,,1
36,06,2,04,1,20030118,REJOICE SHAMPOO 3 IN 1  ANTI-KETOMBE BTL 150/135 L,,326,45,PCS,CTN,22/06/2028,,1
36,06,2,05,1,10004513,NATUR PENCUCI RAMBUT ALAMI MENCEGAH RONTOK BTL 140L,,327,90,PCS,,28/05/2028,,1
36,06,2,06,1,20143389,LIFEBUOY BODY WASH TOTAL 10 PCH 350,,328,0,PCS,,09/02/2029,,1
36,07,1,01,1,20122925,LAURIER PEMBALUT WNT NATURAL CLN 35 NIGHT WING PCK 12S,,331,159,PCS,,18/11/2027,,1
36,07,1,02,1,20113402,KAHF SKIN FACE WASH ENERGZNG&BRIGHT TUB 100L,,332,738,PCS,,27/06/2028,D,5
36,07,2,01,1,10012397,NIVEA SPARKLING BRIGHT FACIAL FOAM PEARL TUB 100L,,333,5,PCS,CTN,23/01/2028,,1
36,07,2,02,1,20040705,VITALIS BODY SCENT SPRAY COLOGNE REFRESH BIZARRE BTL 120/100L,,334,32,PCS,,18/11/2027,,1
36,07,2,03,1,20031999,VASELINE BODY LOTION HEALTHY WHITE SPF 24 BTL 100L,,335,138,PCS,CTN,06/07/2028,,1
36,07,2,04,1,20143747,EMCO MYSTERY DUMPLING  PCS,,336,0,PCS,,,,1
36,07,2,05,1,,,,337,0,PCS,,,,
36,07,2,06,1,20038764,PANTENE SHAMPOO PRO-V (NEW I) ANTI DANDRUFF BTL 290L,,338,118,PCS,,23/04/2028,,1
36,08,1,01,1,20140801,INDOMARET TOILET TISSUE ROLL 8S  BAG,,341,32,PCS,,,,2
36,08,1,02,1,20142505,RINSO DETERGEN POWDER ANTI NODA ROSE FRESH BAG 2750,,342,0,PCS,,13/08/2028,,1
36,08,2,01,1,20129581,GATSBY HAIR STYLING BALM CREAM POT 70,,343,6,PCS,CTN,18/11/2027,,1
36,08,2,02,1,20071587,LISTERINE MOUTHWASH ANTISEPTIC MULTI/P ZERO BTL 250L,,344,41,PCS,CTN,18/11/2027,,1
36,08,2,03,1,20131020,PLASTIK PACKAGING KLIK IDM  PCS 35X50,,345,0,PCS,,,Z,50
36,08,2,04,1,20123261,MATCHBOX SKY BUSTERS + PLAYMAT ASSORTED PCS,,346,130,PCS,,,,1
36,08,2,05,1,20134793,NAPOLEON HOMME EAU DE TOILETTE/PARFUME MARLBORO NERO BTL 100L,,347,2,PCS,,18/11/2029,,1
36,08,2,06,1,20139366,NIVEA FACIAL FOAM MEN EXTRA BRIGHT 3D ACTION TUB 100L,,348,353,PCS,,19/02/2028,,1
36,09,1,01,1,20128720,SO SOFT DETERJEN CAIR FLORAL BERRIES/ FREESIA & PEAR BTL 700 ,,351,289,PCS,,21/05/2028,,2
36,09,1,02,1,20125288,MAMY POKO PANTS STANDAR 38S  PCK EXTRALARGE,,352,15,PCS,,11/11/2028,,1
36,09,2,01,1,20134042,DELI LOOSE LEAF NOTEBOOK  PCK,,353,0,PCS,,,,1
36,09,2,02,1,20130843,CHARM PEMBALUT DAUN SIRIH+HRBL 29 WING PCK 10S+1S,,354,0,PCS,,09/09/2029,R,1
36,09,2,03,1,20138690,STELLA CAR FRESHENER HANG N FLIP AQUA REFLECTION PCS 9+3L,,355,5,PCS,,25/05/2027,,1
36,09,2,04,1,20141662,NORTHLAND PLAYSET MINI KITCHEN FOOD S  PCS,,356,135,PCS,,06/03/2031,,1
36,09,2,05,1,20138082,STATIONARY SUMMER FRUIT WITH GLASS PEN   PCK,,357,95,PCS,,,V,1
36,09,2,06,1,20135818,UNO CARD GAME FLIP EXPRESS GXD75 BOX,,358,450,PCS,,,,1
37,01,1,01,1,10004067,MAMA LEMON LIQUID PENCUCI PIRING EKSTRAK LEMON PCH 690/650 ,,1,114,PCS,,20/03/2028,S,6
37,01,1,02,1,20087203,CUSSONS BABY WIPES BLBRY/FRSH&NRSH PCK 2/345S,,2,270,PCS,,18/05/2027,L,2
37,01,2,01,1,20053690,NIVEA DEO ROLL ON EXTRA WHITENING BTL 50L,,3,50,PCS,,18/02/2027,,2
37,01,2,02,1,20082205,SERASOFT SHAMPOO HAIR FALL TREAT BTL 170L,,4,30,PCS,CTN,15/03/2028,,2
37,01,2,03,1,20140695,HOT WHEELS PANTONE JKY47 ASSORTED PCS,,5,0,PCS,,,,1
37,01,2,04,1,20062312,REXONA DEODORANT ROLL ON WOMEN INVISIBLE DRY BTL 45L,,6,265,PCS,CTN,15/02/2027,,1
37,01,2,05,1,20144100,CHARM PEMBALUT DAUN SIRIH MAXI 26S NON WING PCK 23,,7,51,PCS,,27/09/2029,,1
37,01,2,06,1,20093639,NUVO SABUN KESEHATAN FAMILY (3X110) MERAH BDD 3+1100,,8,0,PCS,CTN,18/11/2027,,2
37,02,1,01,1,20109454,SO KLIN DETERGENT LIQUID SCARLET BLOSSOM PCH 1650/1450,,11,186,PCS,CTN,06/07/2028,,1
37,02,1,02,1,20065463,CONFIDENCE ADULT DIAPERS CLASIC NIGHT 7S  BAG LARGE,,12,68,PCS,,18/11/2027,L,2
37,02,2,01,1,20138899,SUNSILK SHAMPOO GLOSSY BLACK BTL 160L,,13,50,PCS,,13/12/2027,L,2
37,02,2,02,1,20137312,LISTERINE MOUTHWASH ANTISEPTIC SAKURA & PEACH BTL 250L,,14,0,PCS,,17/09/2029,,1
37,02,2,03,1,20038770,PANTENE SHAMPOO PRO-V (NEW I) SILKY SMOOTH CARE BTL 160/145L,,15,134,PCS,,18/05/2027,,1
37,02,2,04,1,20085742,GARNIER MICELLAR CLEANSING WATER OIL INFUSED BTL 125L,,16,57,PCS,,27/09/2029,,1
37,02,2,05,1,20007302,MARINA BODY LOTION UV WHITE HEALTHY & GLOW BTL 185L,,17,240,PCS,,18/09/2027,,6
37,02,2,06,1,20120205,PEPSODENT PASTA GIGI HERBAL  TUB 100 ,,18,154,PCS,CTN,31/01/2029,,1
37,03,1,01,1,20002133,INDOMARET COTTON BUDS REFFIL 100S BABY PCK,,21,1670,PCS,,20/07/2031,S,12
37,03,1,02,1,20073425,INDOMARET PENCUCI PIRING (NEW) JERUK NIPIS PCH 800/650L,,22,35,PCS,,06/07/2028,,3
37,03,2,01,1,20036893,INDOMARET SIKAT GIGI ULTRA CLEAN MEDIUM PCS,,23,665,PCS,,18/11/2029,,2
37,03,2,02,1,20103170,VASELINE HEALTHY BRIGHT SOFT+GLOW GLUTA VIT SERUM SPF20 TUB 180L,,24,96,PCS,CTN,06/07/2028,V,1
37,03,2,03,1,20120202,LAURIER PANTY LINERS NATURAL CLEAN  PCK 40S,,25,149,PCS,,15/05/2028,,1
37,03,2,04,1,20008420,CLEAN & CLEAR FOAMING FACIAL WASH  BTL 100L,,26,54,PCS,,06/07/2028,T,1
37,03,2,05,1,10003369,JOHNSONS BABY OIL (A23D) 23010402  BTL 125 L,,27,120,PCS,,09/10/2027,,1
37,03,2,06,1,20052782,GARNIER SKIN NAT.SAKURA GLOW HYALURON FACE WASH TUB 100L,,28,75,PCS,,18/11/2027,,1
37,04,1,01,1,20098000,GENKI MOKO MOKO PANTS 30/28S  BAG LARGE,,31,62,PCS,,18/11/2027,,2
37,04,1,02,1,20045422,MAMY POKO PANTS STANDAR 28S  PCK LARGE,,32,78,PCS,,15/05/2028,D,4
37,04,2,01,1,20127600,CIPTADENT PASTA GIGI MAXI 12 PLUS JUMBO COOL MINT TUB 225,,33,115,PCS,,30/01/2028,L,2
37,04,2,02,1,20140417,SOFTEX PEMBALUT GRAVITY 23  PCK 28S,,34,132,PCS,,27/11/2028,,1
37,04,2,03,1,20080868,HIT INSEKTISIDA SPRAY FRESH CITRUS KLG 600/600+50,,35,6,PCS,,01/03/2029,,1
37,04,2,04,1,20062309,REXONA DEO ROLL ON MEN ULTRA RECHARGE / V8 BTL 45L,,36,103,PCS,,20/09/2028,,1
37,04,2,05,1,20090536,WHISKAS JUNIOR CAT FOOD KITTEN OCEAN FISH PCK 50,,37,325,PCS,,23/07/2027,,1
37,04,2,06,1,20110812,ZWITSAL BABY BATH HAIR & BODY ANTIBACTERIAL PCH 450/400L,,38,42,PCS,,06/07/2028,,1
37,05,1,01,1,20135245,SO KLIN DETERGENT LIQUID NATURE FRENCH LILAC BTL 720/700L,,41,491,PCS,,06/07/2028,,2
37,05,1,02,1,20036047,DAIA DETERGENT POWDER+SOFTENER ROMANTIC PINK PCK 800/725 ,,42,264,PCS,,27/07/2028,,6
37,05,2,01,1,20037215,KODOMO SIKAT GIGI PRO KIDS 2 IN 1 NO.1 PCK,,43,38,PCS,,,,2
37,05,2,02,1,10015461,OVALE FACIAL LOTION PERFECT LUMINOUS BTL 200L,,44,51,PCS,CTN,18/11/2027,,2
37,05,2,03,1,20074226,DOWNY SOFTENER SUNRISE FRESH PCH 600/550L,,45,55,PCS,,20/03/2028,,1
37,05,2,04,1,10003498,MR.MUSCLE PEMBERSIH KACA SERBAGUNA ORIGINAL BTL 500L,,46,67,PCS,,20/03/2028,,1
37,05,2,05,1,20052662,VANISH PENGHILANG NODA CAIR PINK PCH 450/425L,,47,68,PCS,,18/05/2027,,1
37,05,2,06,1,20042026,LISTERINE MOUTHWASH ANTISEPTIC NATURAL GREEN TEA BTL 100L,,48,202,PCS,,27/05/2027,,1
37,06,1,01,1,20022498,HIT INSEKTISIDA SPRAY ORANGE KLG 400/400+40,,51,0,PCS,,18/05/2028,,2
37,06,1,02,1,20112586,SWEETY SILVER CLOUD SOFT/MAXX PROTECT 36/38S BAG SMALL,,52,34,PCS,CTN,18/11/2027,,1
37,06,2,01,1,20091347,TRESEMME SHAMPOO KERATIN SMOOTH (NEW)  BTL 170L,,53,4,PCS,,20/09/2027,,1
37,06,2,02,1,10031470,MY BABY BABY POWDER SWEET FLORAL BTL 250/225,,54,0,PCS,,18/05/2028,,2
37,06,2,03,1,20094874,BELLAGIO HOMME SPRAY COLOGNE/EAU DE TOILETTE SPORT BLU BTL 100L,,55,85,PCS,,18/05/2027,,1
37,06,2,04,1,20139866,STATIONARY SUMMER FRUIT PEN   PCK,,56,0,PCS,,,I,1
37,06,2,05,1,20133297,GLAD2GLOW CENTELLA ALLANTOIN SOOTHNG GEL MOISTURIZER POT 55,,57,394,PCS,,18/11/2027,,1
37,06,2,06,1,20101095,SO KLIN PEMBERSIH LANTAI REFILL SEREH&GERANIUM PCH 770L/760,,58,76,PCS,,18/05/2027,,2
37,07,1,01,1,20137969,INDOMARET UNDERPAD 10S  BAG,,61,140,PCS,,06/05/2028,,2
37,07,1,02,1,20094735,DOWNY SOFTENER SUNRISE FRESH PCH 1L/950L,,62,422,PCS,,17/06/2027,,1
37,07,2,01,1,20141137,MORRIS FACE & BREAD WASH OIL CONTROL & ACNE CARE TUB 100,,63,452,PCS,,07/01/2029,,1
37,07,2,02,1,10003511,PIERRE CARDIN DEODORANT SPRAY PUTIH KLG 150L,,64,103,PCS,,18/05/2028,,1
37,07,2,03,1,20025365,SLEEK BABY LAUNDRY DETERGENT  PCH 450L,,65,70,PCS,,18/11/2027,,1
37,07,2,04,1,20038957,GLOW & LOVELY MLIVTMN CREAM/DRM GLW (95399)  TUB 50/46,,66,116,PCS,,23/03/2027,,1
37,07,2,05,1,20133290,GLAD2GLOW MUGWORT SALICYLIC ACID ACNE CLAY STICK PCS 25,,67,7,PCS,,23/11/2028,,1
37,07,2,06,1,20075361,ZWITSAL BABY BATH NATURAL RICH HONEY PCH 450/400L,,68,11,PCS,,18/05/2027,,1
37,08,1,01,1,20120921,GIV BODY WASH SMOOTH & GLOW MULBRY&COLLAGEN PCH 800 L,,71,141,PCS,,20/04/2028,,1
37,08,1,02,1,20139609,RINSO DETERJEN POWDER ANTI NODA JAPANESE PEACH BAG 1440,,72,9,PCS,,16/09/2027,,1
37,08,2,01,1,20035686,PEPSODENT PASTA GIGI SENSITIVE EXPERT ORIGINAL TUB 100,,73,258,PCS,CTN,18/11/2027,,1
37,08,2,02,1,20049387,INDOMARET HAND SOAP PUMP CAMOMILE EXTRAC BTL 500L,,74,38,PCS,CTN,06/07/2028,,1
37,08,2,03,1,20088631,CLOSE UP PASTA GIGI WHITE NAT.SMILE/ LEMON SEA SALT TUB 95,,75,74,PCS,,18/11/2027,,1
37,08,2,04,1,20131885,INDOMARET KAMPER DEODORIZER 5S EXOTIC COFFEE PCK 200,,76,89,PCS,,20/04/2030,,1
37,08,2,05,1,20103617,LIFEBUOY ANTIBACTERIAL HANDWASH TOTAL 10 BTL 200L,,77,194,PCS,,06/07/2028,,1
37,08,2,06,1,20134768,BRAVEN EAU DE PARFUM FOR MEN OUD WOOD BTL 100L,,78,92,PCS,,18/11/2029,,1
37,09,1,01,1,20136042,CONFIDENCE ADULT PANTS EXTRA SERAP 6S  BAG EXTRALARGE,,81,40,PCS,,27/07/2029,,1
37,09,1,02,1,20126522,INDOMARET BAMBOO KITCHEN TISSUE 2 PLY  PCK 275,,82,0,PCS,,09/09/2029,V,1
37,09,2,01,1,20131331,AIRPRO AIR FRESHENER WOODEN BOTTLE COOL WAVE/TIDE PCS 10L,,83,200,PCS,,14/05/2028,,1
37,09,2,02,1,20136689,PEPSODENT SIKAT GIGI GENTLE CARE 3S  PCK SOFT,,84,123,PCS,,04/12/2027,,1
37,09,2,03,1,20139072,VIVA FACE TONIC LEMON BTL 200L,,85,185,PCS,,23/10/2028,,1
37,09,2,04,1,20139955,BU KRIM DETERGENT CAIR SUPERKLIN JINHAE CHRY BLS BTL 700,,86,45,PCS,,22/07/2028,,2
37,09,2,05,1,20143473,B&B KIDS SHAMPOO & CONDITIONER GIGGLY SHINE BTL 250L,,87,90,PCS,,11/08/2028,,1
37,09,2,06,1,20141663,NORTHLAND NT PLAYSET FAST FOOD SET  PCS,,88,116,PCS,,06/03/2031,,1
38,01,1,01,1,20087007,RINSO DETERJEN POWDER + MOLTO ROSE FRESH PCK 215/195,,91,0,PCS,,31/08/2028,,6
38,01,1,02,1,20106821,MOLTO PEWANGI PAKAIAN SPORT FRESH PURPLE PCH 780/765L,,92,91,PCS,,12/07/2027,,2
38,01,2,01,1,10024229,RESIK-V SABUN CAIR SIRIH P/KEWANITAAN ANGGREK BTL 90L,,93,59,PCS,CTN,06/07/2028,,3
38,01,2,02,1,10003678,EKONOMI SABUN CREAM ANTI NODA (EL500K) LEMON PCK 154/145,,94,8,PCS,,31/08/2028,,6
38,01,2,03,1,10001636,VIVA PENYEGAR AIR MAWAR BTL 100L,,95,56,PCS,CTN,06/07/2028,,2
38,01,2,04,1,20067034,REGAZZA EAU DE TOILETTE/PARFUM RED PASSIONATE BTL 50L,,96,48,PCS,CTN,18/11/2028,,1
38,01,2,05,1,20062411,REXONA DEODORANT ROLL ON WOMEN POWDER DRY BTL 45L,,97,294,PCS,CTN,06/07/2028,,2
38,01,2,06,1,20136880,BEAUTY CHARM PIMPLE CARE SERUM  PCS 10,,98,0,PCS,,27/11/2027,T,1
38,02,1,01,1,20122914,FAVOUR CHARACTER FACIAL TISSUE 2PLY GENTLE TOUCH PCK 200,,101,0,PCS,,18/11/2029,,2
38,02,1,02,1,20120877,NUVO SABUN KESEHATAN CAIR (MERAH) CLASSIC PCH 825/800,,102,58,PCS,,26/03/2027,L,2
38,02,2,01,1,20031215,KAO BIORE BODY FOAM REFILL LIVELY REFRESH PCH 450/400L,,103,26,PCS,,17/03/2028,L,2
38,02,2,02,1,20098912,WARDAH TONE UP MICELLAR WATER PERFECT BRIGHT BTL 100L,,104,58,PCS,,18/05/2027,,1
38,02,2,03,1,10023002,GLADE AIR FRESHENER ONE F/ALL ARMTRP EXOTIC FLOWERS PCK 70,,105,0,PCS,,18/11/2027,,2
38,02,2,04,1,20137411,SHINZUI SERUM BRIGHTENING  BTL 20L,,106,96,PCS,,28/02/2028,,1
38,02,2,05,1,20128713,SOFFELL LOTION ANTI NYAMUK KOREAN SUMMER BTL 60,,107,195,PCS,,06/07/2028,,1
38,02,2,06,1,20130653,SHINZUI BODY CLEANSER SKIN LIGHTENING SAKURA PCH 400/380L,,108,2,PCS,CTN,18/11/2027,S,8
38,03,1,01,1,20037446,RINSO DETERJEN LIQUID + MOLTO REF ROSE FRESH PCH 750L700,,111,188,PCS,,18/05/2027,L,2
38,03,1,02,1,20047217,PEPSODENT PASTA GIGI WHITE  TUB 225/220 ,,112,666,PCS,,06/04/2029,D,18
38,03,2,01,1,20054716,NIVEA DEO ROLL ON FOR MEN COOL KICK BTL 50L,,113,74,PCS,,23/01/2028,,2
38,03,2,02,1,20027997,INDOMARET KAMPER BUTIR PUTIH NAPHTHALENE  PCK 150,,114,598,PCS,,18/11/2029,,2
38,03,2,03,1,20021816,VASELINE BODY LOTION HEALTHY BRIGHT UV EXTRA BRIGHT BTL 200L,,115,169,PCS,,19/02/2027,S,2
38,03,2,04,1,20099181,ZINC SHAMPOO A/K REFRESHING COOL  BTL 340L,,116,6,PCS,,18/05/2027,,1
38,03,2,05,1,20136932,CITRA BODY LOTION PERFECT BRIGHT BENGKOANG BTL 210L,,117,152,PCS,,18/05/2027,L,1
38,03,2,06,1,20098361,INDOMARET COTTON BUDS SPIRAL 100S  PCK,,118,174,PCS,,18/11/2029,,2
38,04,1,01,1,20135430,LAURIER PEMBALUT RELAX NIGHT 35 WING PCK 18S,,121,71,PCS,,18/11/2027,,2
38,04,1,02,1,20137023,SWEETY DRY X-PERT PANTS 38S  BAG LARGE,,122,8,PCS,,09/06/2029,D,2
38,04,2,01,1,10005473,KIT CAR SHAMPOO WASH & GLOW  PCH 720L,,123,71,PCS,CTN,,,1
38,04,2,02,1,20139604,AZZURA DIAMOND BRIGHT DAY CREAM SPF 30 PA+++ POT 30,,124,0,PCS,,22/07/2028,,1
38,04,2,03,1,10040447,SHINZUI BODY SCRUB SKIN LIGHTENING MATSU POT 200,,125,63,PCS,CTN,18/11/2027,,1
38,04,2,04,1,20067198,INDOMARET SIKAT GIGI ULTRA SENSITIVE 3S SOFT PCS,,126,208,PCS,,18/11/2029,,2
38,04,2,05,1,20004027,INDOMARET HAND SOAP CAMOMILE PCH 375L,,127,30,PCS,,28/02/2027,,2
38,04,2,06,1,20038758,PANTENE CONDITIONER PRO-V (NEW I) HAIR FALL CNTRL BTL 160L,,128,124,PCS,CTN,12/08/2028,,1
38,05,1,01,1,10000955,YURI PEMBERSIH PORSELIN PORSTEX NON PARFUM BTL 1000L,,131,4,PCS,,16/09/2029,L,2
38,05,1,02,1,20040315,INDOMARET PEMBERSIH PORSELEN  BTL 800L,,132,109,PCS,,17/09/2028,,1
38,05,2,01,1,20033003,REJOICE CONDITIONER 3 IN 1 RICH SMOOTH TUB 150/130 L,,133,288,PCS,CTN,22/06/2028,,1
38,05,2,02,1,20140271,EVERSENSE EXTRAIT DE PARFUM CELESTIAL SHELL BTL 30,,134,156,PCS,,09/04/2030,,1
38,05,2,03,1,20036082,PEPSODENT SIKAT GIGI SENSITIVE 2+1 SOFT PCK,,135,416,PCS,CTN,18/11/2034,,1
38,05,2,04,1,20120783,NIVEA DEO FOR MEN COOL KICK FREEZY GREEN BTL 50L,,136,225,PCS,,30/07/2027,,1
38,05,2,05,1,20119096,PEPSODENT SIKAT GIGI BRILIAN 3S  PCK SOFT,,137,100,PCS,,18/05/2030,,2
38,05,2,06,1,20027871,CUSSONS BABY LIQUID CLEANSER EXTRAC LIME PCH 300L,,138,42,PCS,CTN,18/11/2027,,1
38,06,1,01,1,,,,141,0,PCS,,,,
38,06,1,02,1,20140872,SWEETY DRY X-PERT PANTS 32S  BAG EXTRALARGE,,142,12,PCS,,24/03/2029,L,2
38,06,2,01,1,20102474,JURASSIC WORLD SNAP SQUAD  PCS,,143,0,PCS,,,I,1
38,06,2,02,1,20028002,LIFEBUOY SHAMPOO STRONG & SHINY BTL 340L,,144,0,PCS,,18/11/2027,V,1
38,06,2,03,1,20141682,NORTHLAND BRICK LITTLE CORNER MINI WR  PCS,,145,134,PCS,,06/03/2032,,1
38,06,2,04,1,20142506,RINSO DETERGEN POWDER ANTI NODA JAPANESE PEACH BAG 2750,,146,5,PCS,,20/07/2028,,1
38,06,2,05,1,20024517,AXE BODY SPRAY DEODORANT DARK TEMPTATION KLG 150/135L,,147,117,PCS,,31/01/2028,,1
38,06,2,06,1,20140083,VIVA BRIGHT FACIAL FOAM GLOWING BRIGHT TUB 100L,,148,79,PCS,,01/10/2028,,1
38,07,1,01,1,20129837,LARISST DETERGENT CAIR SPRING GARDEN PCH 750L,,151,401,PCS,,23/03/2028,,2
38,07,1,02,1,20125494,SOFTEX PEMBALUT WANITA COMFORT 36 NIGHT WING PCK 12S,,152,342,PCS,,18/05/2028,,2
38,07,2,01,1,20104030,WINGS SUPERSOL KARBOL WANGI SEREH PCH 750L/720,,153,113,PCS,,18/05/2027,,1
38,07,2,02,1,20140349,INDOMARET ROUND COTTON PAD 60S  PCK,,154,529,PCS,,11/11/2030,,1
38,07,2,03,1,20067228,LISTERINE MOUTHWASH ANTISEPTIC ZERO BTL 250L,,155,14,PCS,CTN,18/11/2027,,1
38,07,2,04,1,20091349,TRESEMME SHAMPOO SCALP CARE (NEW)  BTL 170L,,156,95,PCS,CTN,18/05/2027,,1
38,07,2,05,1,20005584,ZWITSAL BABY SABUN MANDI CAIR NATURAL H&B ALOE VERA PCH 450/400L,,157,110,PCS,,20/08/2027,,1
38,07,2,06,1,20049968,HIMALAYA FACE WASH HERBALS PURIFYING NEEM TUB 100L,,158,164,PCS,CTN,06/07/2028,,1
38,08,1,01,1,20113913,MY BABY WIPES ANTI BACTERIAL  PCK 250/45S,,161,102,PCS,,17/09/2028,,2
38,08,1,02,1,20064072,ME-O CAT FOOD TUNA PCK 450,,162,321,PCS,,17/03/2027,,1
38,08,2,01,1,20137408,SUPER PELL PEMBERSIH LANTAI SAKURA PCH 740/760 ,,163,107,PCS,,18/05/2027,,1
38,08,2,02,1,10016064,OVALE FACIAL LOTION ANTI ACNE BTL 200L,,164,4,PCS,CTN,18/11/2027,,1
38,08,2,03,1,20143390,LUX BODY WASH BOTANICALS SOFT ROSE PCH 350,,165,0,PCS,,09/02/2029,,1
38,08,2,04,1,20137581,INDOMARET PEWANGI PAKAIAN EXOTIC BLUE PCH 720L,,166,38,PCS,,06/04/2027,,1
38,08,2,05,1,10004664,ALEXANDER DEODORANT SPRAY HITAM KLG 3.7 OZ,,167,21,PCS,,18/05/2028,,1
38,08,2,06,1,20128125,INDOMARET MULTI PURPOSE CLEANER  PCH 375L,,168,174,PCS,,06/07/2028,,1
38,09,1,01,1,20135747,MAKUKU DIAPERS COMFORT FIT PANTS 24S  BAG EXTRALARGE,,171,37,PCS,,26/09/2027,,1
38,09,1,02,1,20130556,WIKI BOYS SERIES ASSORTED BOX,,172,97,PCS,,,,1
38,09,2,01,1,20137692,HANASUI POWER PEELING SERUM  BTL 20L,,173,10,PCS,,02/02/2028,,1
38,09,2,02,1,20136874,BEAUTY CHARM C-CLEAR FACIAL WASH  PCS 25,,174,0,PCS,,20/12/2027,T,1
38,09,2,03,1,20135851,GLAD2GLOW RETINOL MOISTURIZER  PEACH POT 30,,175,1,PCS,,18/05/2027,,1
38,09,2,04,1,20140134,CUTIES CATZ CAT FOOD TUNA PCK 75,,176,288,PCS,,06/08/2027,,1
38,09,2,05,1,20138590,HANASUI MOISTURIZER GEL BRIGHT EXPRT TA BOX 30,,177,261,PCS,,02/02/2028,,1
38,09,2,06,1,20138081,STATIONARY MINI PEN 4 COLOR ICE CREAM  TOPPER PCK,,178,107,PCS,,,V,1
39,01,1,01,1,20122043,INDOMARET TAS RAMAH LINGKUNGAN BESAR PCS 45X37X15,,181,336,PCS,PCK,,,12
39,01,1,02,1,20121413,KODOMO BABY WIPES ALOE VERA PCK 250S,,182,439,PCS,,06/07/2028,,2
39,01,2,01,1,20008720,FRES & NATURAL SPRAY COLOGNE HIJAB REFRESH BOHEMIAN SPIRIT BTL 100L,,183,50,PCS,,18/05/2027,,6
39,01,2,02,1,20142132,SO KLIN DETERGENT LIQUID EAU DE PARFUM MAISON DE FLEUR BTL 700,,184,192,PCS,,01/06/2028,,1
39,01,2,03,1,20092367,NIVEA DEO ROLL ON INVSIBLE FRESH MEN BLACK & WHITE BTL 50L,,185,1,PCS,,18/05/2027,,2
39,01,2,04,1,20122856,CASABLANCA BODY MIST COLOGNE FEMME ROMANTIC BTL 100L,,186,45,PCS,,18/11/2027,,2
39,01,2,05,1,20116685,KISPRAY PENGHARUM PAKAIAN FINE PERFUME ELGNT.SAPPHIRE PCH 200L,,187,21,PCS,,12/01/2027,,2
39,01,2,06,1,20138658,NUVO SABUN KESEHATAN CAIR HYGIENIC PROTEC PCH 400L/400,,188,80,PCS,,20/06/2027,,2
39,02,1,01,1,20106053,SOFTEX PEMBALUT DAUN SIRIH 29 WING PCK 24S,,191,55,PCS,,06/05/2028,,2
39,02,1,02,1,20020226,MOLTO PEWANGI PAKAIAN HIJAB SOFT & FRESH PINK PCH 780/765L,,192,200,PCS,CTN,08/01/2028,,6
39,02,2,01,1,20051841,NIVEA DEO ROLL ON INVISIBLE BLACK & WHITE BTL 50L,,193,108,PCS,,18/02/2027,,2
39,02,2,02,1,20014028,KAO BIORE PORE PACK CLEANSING STRIPS 4S BLACK BOX,,194,27,PCS,,18/11/2027,,1
39,02,2,03,1,20085001,CASABLANCA SPRAY COLOGNE/EDT FEMME PURE BTL 100L,,195,0,PCS,,18/05/2028,,1
39,02,2,04,1,20142832,LUX BRIGHTENING SERUM BODY WASH SANDALWOOD PCH 300,,196,0,PCS,,11/09/2028,,1
39,02,2,05,1,20133212,BOOM DETERGENT CAIR CINTA ROSE CERIA PCH 750/510L,,197,0,PCS,,24/04/2028,,1
39,02,2,06,1,20068183,SHINZUI SABUN MANDI SKIN LIGHTENING KIREI BDD 3110/100,,198,18,PCS,CTN,10/10/2027,,2
39,03,1,01,1,20064973,MAMY POKO PANTS STANDAR 50/48S  BAG MEDIUM,,201,0,PCS,,24/04/2029,,1
39,03,1,02,1,20130710,LUX SABUN MANDI CAIR REFILL SAKURA BLOOM PCH 825L,,202,34,PCS,,26/08/2027,L,1
39,03,2,01,1,20087525,PEPSODENT PASTA GIGI WHITE PRM VALUEPACK  PCS 2190,,203,170,PCS,CTN,18/11/2027,L,2
39,03,2,02,1,20073974,VAPE OBAT NYAMUK SPRAY 1 X SEMPROT SAKURA BLOSSOM KLG 10L,,204,128,PCS,,05/03/2027,,1
39,03,2,03,1,20121017,GIV BODY WASH HIJAB SAFFRON & NCNMD PCH 450/400L,,205,154,PCS,,06/07/2028,,1
39,03,2,04,1,20039608,MARINA HAND BODY LOTION UV WHITE HEALTHY & GLOW BTL 460L,,206,118,PCS,CTN,18/09/2027,,2
39,03,2,05,1,20130850,CHARM PEMBALUT COOL.FRESH SEJUK 23 WING PCK 14S,,207,148,PCS,CTN,18/11/2027,,2
39,03,2,06,1,20000778,DETTOL BODY WASH ANTI BAKTERI COOL PCH 410/370,,208,84,PCS,CTN,06/07/2028,,1
39,04,1,01,1,20053796,SO KLIN SOFTERGENT POWDER LAVENDER & LILY PCK 720/650 ,,211,326,PCS,,27/04/2028,,2
39,04,1,02,1,20121229,NUVO WET TISSUE ORIGINAL MERAH PCK 50,,212,96,PCS,,06/07/2028,,2
39,04,2,01,1,20039450,LIFREE POPOK CELANA EXTRA 3S  BAG EXTRALARGE,,213,2,PCS,,27/08/2029,,1
39,04,2,02,1,20023870,VAPE LIQUID ELEKTRIK CAIR (CLD)  BOX,,214,289,PCS,CTN,18/11/2027,,2
39,04,2,03,1,20125483,POSH MEN DEO ROLL ON ACTIVE SPORT BTL 50L,,215,230,PCS,,26/07/2028,,2
39,04,2,04,1,10003479,GAJAH LEM TIKUS KOTAK  PCK 75/70,,216,372,PCS,,01/03/2028,L,6
39,04,2,05,1,20090401,KODOMO SHAMPOO & CONDITIONER BLUEBERRY BTL 200L,,217,199,PCS,CTN,06/07/2028,,1
39,04,2,06,1,20079787,NIVEA DEO ROLL ON WHITENING SILK TOUCH BTL 50L,,218,231,PCS,CTN,23/01/2028,,1
39,05,1,01,1,20081452,LIFEBUOY SABUN MANDI CAIR REF. TOTAL10 RED PCH 825/800,,221,24,PCS,,19/01/2028,L,2
39,05,1,02,1,20137024,SWEETY DRY X-PERT PANTS 44S  BAG MEDIUM,,222,27,PCS,,03/03/2028,D,8
39,05,2,01,1,20084152,LIFEBUOY SABUN MANDI CAIR REFILL MILD CARE PCH 825/800,,223,48,PCS,,18/05/2027,L,1
39,05,2,02,1,10010480,SUPER PELL PEMBERSIH LANTAI FRESH APPLE PCH 760 ,,224,306,PCS,,06/07/2028,,2
39,05,2,03,1,20137409,SHINZUI BRIGHTENING SERUM MOISTURIZER   PCS 30,,225,1,PCS,,25/01/2028,,1
39,05,2,04,1,20036827,STELLA AIR FRESHENER MATIC REFFIL GREEN FANTASY KLG 225/160L,,226,70,PCS,CTN,18/11/2027,,1
39,05,2,05,1,20126525,GLOW & LOVELY ULTIMATE UV DUO VIT C SPF 35 PA+++ TUB 20,,227,111,PCS,CTN,06/07/2028,,1
39,05,2,06,1,20056357,ACNES FACE WASH COMPLETE WHITE TUB 100,,228,443,PCS,BOX,18/11/2027,,1
39,06,1,01,1,20061748,DAIA DETERGENT POWDER+SOFTENER VIOLET PASSION PCK 800/725 ,,231,162,PCS,,24/07/2027,,6
39,06,1,02,1,20123072,SWEETY BRONZE PANTS D X-PERT 18+2/20S  PCK XXL,,232,128,PCS,,20/09/2028,,2
39,06,2,01,1,20137582,INDOMARET PEWANGI PAKAIAN ROMANTIC AURA PCH 720L,,233,0,PCS,,23/09/2028,,1
39,06,2,02,1,20087201,REXONA DEO ROLL ON MEN MOTIONSENSE INVSBL+ANTIBACT BTL 45L,,234,192,PCS,,06/07/2028,,1
39,06,2,03,1,20143953,THEORY EXTRAIT DE PARFUM MIDNIGHT WAVE BTL 40L,,235,0,PCS,,08/09/2028,,1
39,06,2,04,1,20044351,SHINZUI BODY CLEANSER SKIN LIGHTENING KIREI BTL 500/480L,,236,110,PCS,CTN,18/11/2027,L,2
39,06,2,05,1,20013925,MIRANDA BLEACHING / DECOLORING MC-6 BOX 30+30,,237,500,PCS,,17/03/2029,,1
39,06,2,06,1,20125623,CLOSE UP PASTA GIGI FRESH MULTIVITAMIN  TUB 160,,238,0,PCS,CTN,18/11/2027,,1
39,07,1,01,1,20113228,SOFTEX PEMBALUT DAUN SIRIH 3IN1 16S  BOX,,241,422,PCS,,08/01/2028,L,2
39,07,1,02,1,20138518,KILAU NIPIS PENCUCI PIRING  PCH 630L,,242,0,PCS,,24/04/2028,L,6
39,07,2,01,1,20029646,CLOSE UP PASTA GIGI ICY WHITE TUB 160,,243,243,PCS,CTN,18/11/2027,,1
39,07,2,02,1,20034034,VASELINE BODY LOTION HEALTHY BRIGHT UV EXTRA BRIGHT BTL 400L,,244,29,PCS,,23/09/2028,,1
39,07,2,03,1,20130848,SOFTEX PEMBALUT DAUN SIRIH 42 SLIM WING PCK 8S,,245,15,PCS,,18/11/2027,T,1
39,07,2,04,1,20141607,POINT COFFEE TUMBLER STAINLESS  STEEL  PCS 360,,246,145,PCS,,03/03/2031,V,1
39,07,2,05,1,20134229,ME-O KITTEN FOOD TUNA IN JELLY KLG 400,,247,139,PCS,,02/01/2028,,1
39,07,2,06,1,20141979,GARNIER SAKURA GLOW LOW PH WASH NIACINAMIDE TUB 100,,248,28,PCS,,13/04/2029,,1
39,08,1,01,1,20130078,BABY HAPPY  BABY DIAPERS PANTS 30+2/28S PINKFONG BAG LARGE,,251,48,PCS,,01/09/2028,L,1
39,08,1,02,1,20024303,MAMY POKO PANTS ROYAL SOFT BOYS 28S  BAG LARGE,,252,40,PCS,,18/11/2027,,1
39,08,2,01,1,20015821,CLEAN & CLEAR OIL CONTROL FILM (60S)  PCK,,253,0,PCS,CTN,18/11/2027,T,1
39,08,2,02,1,20135846,ROYALE PREMIUM SOFTENER SPRING BLOSSOM BTL 600L,,254,0,PCS,,06/07/2028,V,1
39,08,2,03,1,20091457,ROYALE HIJAB SOFTENER BLUE SAPPHIRE PCH 650/600L,,255,30,PCS,,17/03/2028,,1
39,08,2,04,1,20136252,LARISST HAND WASH STRAWBERRY  BTL 500L,,256,27,PCS,,05/04/2028,,1
39,08,2,05,1,20071629,JOHNSONS BABY COLOGNE SLIDE BTL 100 L,,257,0,PCS,,23/03/2027,,1
39,08,2,06,1,20029355,ZWITSAL BABY HAIR LOTION NATURAL ALOEVKMRI&SLDR BTL 200L,,258,119,PCS,CTN,18/05/2027,,1
39,09,1,01,1,20132581,STATIONARY ICE CREAM ERASER  PCS,,259,0,PCS,,,I,1
39,09,1,02,1,20141679,NORTHLAND DIE CAST VINTAGE CAR SERIES  PCS,,260,216,PCS,,06/03/2031,,1
39,09,2,01,1,20124283,WIKI REMOTE CONTROL ASSORTED BOX,,263,0,PCS,,,I,1
39,09,2,02,1,10003272,BAYGON INSEKTISIDA SPRAY CITRUS FRESH KLG 600/675L,,264,24,PCS,LSN,06/05/2028,L,2
39,09,2,03,1,20141752,NORTHLAND DELICIOUS SWEET MINI FOOD NORTHLAND PCS,,265,92,PCS,,06/03/2031,,1
39,09,2,04,1,20141933,PANTENE MIRACLES SUPLEMENT CONDITIONER BIOTIN STRENGTH TUB 150/130 L,,266,0,PCS,,15/10/2028,,1
39,09,2,05,1,20141683,NORTHLAND BRICKS ETERNAL ROSE  PCS,,267,12,PCS,,06/03/2031,,1
39,09,2,06,1,20021330,MARINA BODY LOTION NAT. 24H MOIST. / AVOCADO BTL 200/190L,,268,118,PCS,CTN,18/09/2027,,6
40,01,1,01,1,20099424,MAMA LIME LIQUID PENCUCI PIRING CHARCOAL PCH 690/650 ,,271,288,PCS,,18/11/2027,L,6
40,01,1,02,1,20140806,SO KLIN DETERGENT POWDER EAU DE PARFUM FLEURS DE LIS PCK 1.3 ,,272,190,PCS,,23/05/2027,,2
40,01,2,01,1,20136004,GLAD2GLOW SALICYLIC ACID ACNE GEL CLNSER CENTELLA TUB 70L,,273,65,PCS,,18/03/2028,,1
40,01,2,02,1,20103168,MARINA HAND BODY LOTION UV WHITE E COLLAGEN ASTA BTL 185L,,274,0,PCS,CTN,18/09/2027,,2
40,01,2,03,1,20142962,LIFEBUOY 3 IN 1 ANTI BACTERIAL REFILL  PCH 300,,275,0,PCS,,25/11/2028,,1
40,01,2,04,1,20136643,PEPSODENT PASTA GIGI STRONG BOX 190,,276,169,PCS,,02/01/2028,,2
40,01,2,05,1,20091440,CLEAR SHAMPOO ANTI DANDRUFF MENTHOL SEGAR BTL 160L,,277,177,PCS,,30/12/2027,,1
40,01,2,06,1,10028740,VIVA FACE TONIC BENGKOANG BTL 100L,,278,286,PCS,,18/11/2027,,2
40,02,1,01,1,20065464,CONFIDENCE ADULT DIAPERS CLASIC NIGHT 8S  BAG MEDIUM,,281,51,PCS,,18/11/2027,,1
40,02,1,02,1,20045293,LAURIER PEMBALUT 30 RELAX NIGHT PCK 8S,,282,172,PCS,,27/04/2029,,2
40,02,2,01,1,20090514,GARNIER HAIR COLOR NATURALS 5.32 COKELAT KARAMEL PCK,,283,838,PCS,CTN,18/05/2027,,2
40,02,2,02,1,20014401,BAYGON OBAT NYAMUK BAKAR JUMBO 5S LAVENDER BOX,,284,164,PCS,,17/09/2028,,2
40,02,2,03,1,20141678,NORTHLAND DIE CAST WITH STACKING BOX  PCS,,285,196,PCS,,06/03/2031,,1
40,02,2,04,1,20116990,POSH MEN DEO ROLL ON ACTIVE COOL BTL 50L,,286,104,PCS,CTN,06/07/2028,,2
40,02,2,05,1,20012085,FRES & NATURAL FRAGRANCE MIST BT21 LOVE YOURSELF BTL 100L,,287,134,PCS,,18/11/2027,,2
40,02,2,06,1,20062306,REXONA DEODORANT ROLL ON MEN ICE COOL BTL 45L,,288,228,PCS,CTN,06/07/2028,L,2
40,03,1,01,1,20012007,DAIA DETERGENT POWDER PUTIH  PCK 800/725 ,,291,390,PCS,,06/07/2028,,2
40,03,1,02,1,20141960,CHARM CELANA SAFE NIGHT  PCK 2S,,292,306,PCS,,21/05/2029,,1
40,03,2,01,1,20092400,REXONA DEODORANT ROLL ON WOMEN DREAMY WHT/BRGH BTL 40L,,293,188,PCS,CTN,06/07/2028,,2
40,03,2,02,1,20107988,SANITER PERSONAL SANITIZER WIPES 50S  PCK,,294,124,PCS,,06/07/2028,,2
40,03,2,03,1,20099182,ZINC SHAMPOO HAIR FALL TREATMENT GINSENG BTL 340 L,,295,75,PCS,,07/02/2028,,1
40,03,2,04,1,20135627,MY BABY HAIR & BODY WASH REFILL CALM & RELAX PCH 375L,,296,111,PCS,,06/07/2028,,1
40,03,2,05,1,20032250,KISPRAY PELICIN PAKAIAN VIOLET PCH 300/280L,,297,44,PCS,,15/03/2027,,2
40,03,2,06,1,10005133,GATSBY HAIR CREAM TREATMENT NORMAL BTL 125/120,,298,0,PCS,CTN,18/11/2027,,2
40,04,1,01,1,10032895,CHARM PEMBALUT SAFE NIGHT 35 GATHERS WING PCK 12/11S,,301,76,PCS,,20/01/2028,,2
40,04,1,02,1,20035998,INDOMARET TRAVEL PACK TISSUE 50S  PCK,,302,96,PCS,,10/05/2030,,8
40,04,2,01,1,10037787,ZWITSAL BABY COLOGNE CANOLA OIL FLORAL KISSES BTL 100L,,303,176,PCS,,02/01/2027,,1
40,04,2,02,1,20115171,INDOMARET BAMBOO FACIAL TISSUE 2PLY  PCK 150S,,304,248,PCS,,07/01/2028,,2
40,04,2,03,1,20142410,EMERON BODY SERUM LOVELY NATURAL APPLE ORANGE BTL 400L,,305,0,PCS,,10/04/2029,,1
40,04,2,04,1,20053183,GATSBY STYLING POMADE  POT 75,,306,65,PCS,,18/11/2027,L,1
40,04,2,05,1,20109265,ZINC SHAMPOO A/K ACTIVE FRESH LEMON MINT BTL 170L,,307,353,PCS,,23/09/2028,,1
40,04,2,06,1,10005746,DETTOL ANTISEPTIC GERMICIDE LIQUID BTL 95L,,308,228,PCS,CTN,06/07/2028,,1
40,05,1,01,1,20020128,NICE FACIAL TISSUE 250S NON PERFUMED BAG,,311,27,PCS,,06/05/2030,L,3
40,05,1,02,1,20045615,LIFREE POPOK PEREKAT 9/8S  BAG MEDIUM,,312,94,PCS,,18/11/2027,L,1
40,05,2,01,1,20102393,ME-O KITTEN OCEAN FISH PCK 50,,313,735,PCS,,23/12/2027,,1
40,05,2,02,1,20113921,ME-O CAT FOOD KITTEN  PCH 80,,314,223,PCS,,15/03/2027,,4
40,05,2,03,1,20141207,WATERU WHITE BAMBOO PRINTED TISSUE  PCK 50,,315,402,PCS,,10/02/2028,,2
40,05,2,04,1,20048539,STELLA DAILY FRESHNESS RED KISS PCS,,316,245,PCS,CTN,,,1
40,05,2,05,1,20139972,GLAD2GLOW BODY SERUM CREAMY BERRY TUB 180,,317,365,PCS,,05/03/2028,,1
40,05,2,06,1,20046527,LAURIER PEMBALUT WNT SPR SLM GRD 25 DAY PCK 16S,,318,144,PCS,,02/01/2028,,1
40,06,1,01,1,20098520,INDOMARET TISSUE PENGESAT NATURAL 150S 2 PLY PCK,,321,113,PCS,,18/11/2027,,1
40,06,1,02,1,20141956,EKONOMI CAIRAN PENCUCI PIRING NANAS PCH 920,,322,226,PCS,,04/05/2028,,2
40,06,2,01,1,20141976,EVANGELINE EXTRAIT DE PARFUM  WONDER LOVE SPELL BTL 100,,323,20,PCS,,19/04/2028,,1
40,06,2,02,1,20078833,WARDAH CREAMY WASH C-DEFENSE  TUB 100L,,324,11,PCS,CTN,18/11/2027,,1
40,06,2,03,1,20044100,STELLA AIR FRESHENER MATIC REFILL FRT/APPL FIESTA KLG 225/160L,,325,128,PCS,CTN,18/11/2027,,1
40,06,2,04,1,20108294,ROMANO EAU DE PARFUM ATTITUDE BTL 100L,,326,149,PCS,,18/11/2027,,1
40,06,2,05,1,20096977,MY BABY HAIR & BODY WASH  BTL 200L,,327,28,PCS,,06/07/2028,,1
40,06,2,06,1,20143083,LIFEBUOY SHAMPOO ANTI KETOMBE COOL BLAST BTL 145L,,328,45,PCS,,18/12/2028,,1
40,07,1,01,1,10038692,MULTI FACIAL TISSUE MP-01/250S NON PARFUMED BAG,,331,55,PCS,,07/01/2028,,1
40,07,1,02,1,20070687,LIFREE POPOK CELANA EXTRA 10S  BAG MEDIUM,,332,119,PCS,,18/11/2027,L,1
40,07,2,01,1,20140873,INDOMARET JAS HUJAN DISPOSABLE SETELAN DEWASA PCK,,333,506,PCS,,,L,2
40,07,2,02,1,20108708,PEPSODENT PASTA GIGI MULTI PROTECTION COMPLETE 8 TUB 150,,334,105,PCS,,06/08/2029,,1
40,07,2,03,1,20141716,NORTHLAND DIECAST CONTRUCTION CONTAIN  PCS,,335,96,PCS,,06/03/2031,,1
40,07,2,04,1,20140175,VEET HAIR REMOVAL CREAM PURE TUB 25,,336,88,PCS,,07/01/2028,,1
40,07,2,05,1,20143936,DOVE BODY WASH MOISTURE RENEW  PCH 300,,337,324,PCS,,24/02/2029,,1
40,07,2,06,1,20086026,GLOW & LOVELY 2 IN 1 POWDER CREAM  TUB 20,,338,308,PCS,CTN,06/07/2028,,1
40,08,1,01,1,20130830,CONFIDENCE ADULT PANTS EXTRA SERAP 8S  BAG LARGE,,341,8,PCS,,18/11/2027,,1
40,08,1,02,1,10036092,LAURIER PEMBALUT RELAX NIGHT 35 WITH GATHERS WG PCK 8S,,342,56,PCS,,10/04/2028,,1
40,08,2,01,1,20086422,GILLETTE RAZOR BLUE II FLEXI 3S+1 BLUE 3 PCK,,343,460,PCS,,,,1
40,08,2,02,1,20132905,STATIONARY WHALE GLUE  PCS,,344,0,PCS,,,I,1
40,08,2,03,1,20141251,MAMY POKO PANTS EXTRA KERING 20+2S  PCK XXXL,,345,20,PCS,,20/01/2029,,2
40,08,2,04,1,20129462,INDOMARET SPONGE MANDI LONG PUFF  PCH 70,,346,14,PCS,,,,1
40,08,2,05,1,20142831,LUX BRIGHTENING SERUM BODY WASH FREESIA PCH 300,,347,0,PCS,,02/09/2028,,1
40,08,2,06,1,20133389,FLORINA FORGED FRY PAN NO LID  PCS 24,,348,0,PCS,,,I,1
40,09,1,01,1,,,,351,0,PCS,,,,
40,09,1,02,1,20127779,COOGER WALL MOUNTED SOAP DISPENSER WHITE+GREY PCS,,352,38,PCS,,,V,1
40,09,2,01,1,20141680,NORTHLAND DIE CAST RESORT TRAVEL CAR  PCS,,353,163,PCS,,06/03/2031,,1
40,09,2,02,1,,,,354,0,PCS,,,,
40,09,2,03,1,20133066,STATIONARY MERMAID TAIL JAR PEN  PCS,,355,101,PCS,,,I,1
40,09,2,04,1,20122273,MY BABY HAIR LOTION BLACK & SHINE BTL 100L,,356,26,PCS,,18/05/2027,,1
40,09,2,05,1,,,,357,0,PCS,,,,
40,09,2,06,1,20032453,KENMASTER STOP KONTAK 4 LUBANG F1-4 OVERHEAT PCK,,358,98,PCS,,,,1
41,01,1,01,1,20105673,PASEO WET TISSUE BELI 1 GRATIS 1  PCK 225,,1,18,PCS,,17/09/2028,,2
41,01,1,02,1,20034036,PASEO SMART FACIAL TISSUE SOFT 540/720PLY  PCK,,2,101,PCS,,18/11/2029,,2
41,01,2,01,1,20093175,GARNIER MICELLAR CLEANSING WATER PINK BTL 50L,,3,0,PCS,CTN,18/11/2027,,1
41,01,2,02,1,20096641,INDOMARET AIR FRESHENER SWEET ORANGE PCK 50,,4,121,PCS,CTN,18/05/2027,,2
41,01,2,03,1,20139878,STATIONARY ROLL STAMP CUTE CARACTER  PCS,,5,51,PCS,,,I,1
41,01,2,04,1,20131301,INDOMARET MASKER DUCKBILL 5PLY HITAM PCK 4,,6,1,PCS,,12/10/2029,,2
41,01,2,05,1,20096136,EMINA SUN BATTLE/BRIGHT GLOW SPF 35 PA+++ TUB 50L,,7,56,PCS,CTN,18/11/2027,,2
41,01,2,06,1,10000451,CLOSE UP PASTA GIGI GEL GREEN MENTHOL FRESH TUB 65,,8,161,PCS,,18/11/2027,,4
41,02,1,01,1,20087202,LIFEBUOY SABUN MANDI CAIR REFILL LEMON FRESH PCH 825/800,,11,194,PCS,,11/01/2028,L,2
41,02,1,02,1,20073640,SWEETY BRONZE DAY ACTIVE PANTS 26/24S  BAG EXTRALARGE,,12,74,PCS,,01/01/2028,S,4
41,02,2,01,1,20093185,GIV SABUN MANDI RED ROMANTIC DAMASK ROSE BDD 3100,,13,238,PCS,,18/11/2027,,2
41,02,2,02,1,20067035,REGAZZA EAU DE TOILETTE/PARFUM WHITE GLOW BTL 50L,,14,459,PCS,CTN,18/11/2028,,1
41,02,2,03,1,20040608,ZINC SHAMPOO HAIR FALL TREATMENT GINGSENG BTL 170L,,15,343,PCS,CTN,06/07/2028,,2
41,02,2,04,1,20135856,POSH DEO ROLL ON HIJAB CHIC REFRESHING COOL BTL 50L,,16,330,PCS,,18/11/2027,,2
41,02,2,05,1,10027329,HIT ALAT ANTI NYAMUK ELEKTR KOTAK GRATIS 3 MAT PCK 5 WATT,,17,65,PCS,,01/02/2028,,2
41,02,2,06,1,20143080,REXONA WHOLE BODY DEO SPRAY FRZN ENGLSHPEAR BTL 150L,,18,392,PCS,,29/07/2028,,1
41,03,1,01,1,20054747,SO KLIN DETERGENT LIQUID VIOLET BLOSSOM PCH 720/700 ,,21,272,PCS,,16/09/2027,,2
41,03,1,02,1,20046548,SO KLIN DETERGENT CAIR SOFTERGENT  PCH 720/700 ,,22,536,PCS,CTN,06/07/2028,,2
41,03,2,01,1,20143340,KOJIC PLANKTON BRIGHT AND GLOW SOAP  BAR 90 ,,23,86,PCS,,24/08/2029,,1
41,03,2,02,1,20137254,VASELINE SERUM BURST LOTION LUMINOUS DEFENS TUB 50L,,24,0,PCS,,06/05/2027,,1
41,03,2,03,1,20138589,GATSBY EAU DE BOLD ROLL ON DEODORANT STAR CODE BTL 50L,,25,0,PCS,,31/01/2028,T,1
41,03,2,04,1,20067202,PONDS PEMBERSIH WJH FACIAL FOAM PURE BRIGHT/CHARCOAL TUB 100,,26,276,PCS,CTN,18/11/2027,,1
41,03,2,05,1,20075798,STELLA POCKET BATHROOM PERFUME PURPLE PCK 10,,27,384,PCS,BOX,19/02/2027,,2
41,03,2,06,1,20085919,FRES & NATURAL FRAGRANCE MIST HIJAB FRESH COTTON DREAMS BTL 100L,,28,162,PCS,CTN,06/07/2028,,6
41,04,1,01,1,20121204,CHARM PEMBALUT SAFE NIGHT 29 WING PCK 30S,,31,249,PCS,,18/11/2027,,1
41,04,1,02,1,20113083,TESSA FACIAL TISSUE TP06 BUY 1 GET 1 SOFT PACK 2 PLY BDD 2200,,32,218,PCS,,18/11/2029,,2
41,04,2,01,1,20129494,MORRIS EAU DE PARFUM BLACK EDITION AQUATIC BTL 100L,,33,78,PCS,CTN,18/11/2029,,1
41,04,2,02,1,20105573,STELLA AIR FRESHENER MATIC REFILL JAPANESE SAKURA KLG 225/160L,,34,10,PCS,CTN,06/07/2028,,1
41,04,2,03,1,20118299,HEAD &SHOULDERS SHAMPOO SUPREME ANTI-HAIR FALL BTL 135L,,35,49,PCS,CTN,08/05/2027,,1
41,04,2,04,1,20140121,SOFTEX BEARY COOL 23  PCK 14S,,36,231,PCS,,17/11/2028,,1
41,04,2,05,1,20141978,GARNIER BRIGHT COMPLETE LOW PH WASH VITAMIN C TUB 100,,37,102,PCS,,13/04/2029,,1
41,04,2,06,1,20135248,BAYGON MAX INSEKTISIDA SPRAY ANTI NYAMUK CHRY BRRY ISLND KLG 500L,,38,0,PCS,,18/11/2027,V,1
41,05,1,01,1,20086172,SUNLIGHT PENCUCI PIRING REF HIGIENIS HBTSDA/MND.ORGE PCH 650L/600,,41,41,PCS,,08/01/2027,T,1
41,05,1,02,1,20093188,RINSO DETERGENT CAIR + MOLTO GOLD ROYAL PCH 510,,42,345,PCS,,02/01/2027,,2
41,05,2,01,1,20029636,SARI AYU FACIAL FOAM ANTI ACNE TUB 75,,43,214,PCS,,18/05/2028,,1
41,05,2,02,1,20093906,GARNIER MICELLAR CLEANSING WATER OIL INFUSED BTL 50L,,44,0,PCS,CTN,18/11/2027,,1
41,05,2,03,1,20135794,MY BABY BABY SOAP SWEET FLORAL BAR 75,,45,344,PCS,,18/11/2028,,4
41,05,2,04,1,10016785,FORMULA PASTA GIGI ACTION PROTECT/FAMILY TUB 160,,46,195,PCS,,18/11/2027,,2
41,05,2,05,1,20055062,SUMBER AYU PEMBERSIH KEWANITAAN DAUN SRIH KY RPT EX.WHITE BTL 90L,,47,207,PCS,CTN,18/11/2027,,1
41,05,2,06,1,10008992,GILLETTE RAZOR VECTOR GANDA  PCK,,48,215,PCS,,,,1
41,06,1,01,1,20090067,SUNLIGHT PENCUCI PIRING REF LME&MNT ANT BAU PCH 650L/600,,51,193,PCS,,02/01/2027,,2
41,06,1,02,1,20118831,FRES & NATURAL INDULGENT BODY WASH PINK CUPCAKE PCH 450/400L,,52,2,PCS,,06/07/2028,,2
41,06,2,01,1,20141713,NORTHLAND HOME APPLANCE BRICKS  PCS,,53,174,PCS,,06/03/2031,,1
41,06,2,02,1,20129194,CUSSONS BABY OIL SOFT & SMOOTH BTL 35L,,54,74,PCS,,16/09/2028,,1
41,06,2,03,1,20093919,INDOMARET MULTI PURPOSE CLEANER  BTL 400L,,55,61,PCS,CTN,06/07/2028,,1
41,06,2,04,1,20111069,MORRIS EAU DE PARFUM TROPICAL ROMANCE BTL 110L,,56,265,PCS,CTN,18/11/2028,,1
41,06,2,05,1,20138845,LARISST SUPER GLUE  PCS 10,,57,365,PCS,,12/02/2029,,1
41,06,2,06,1,20111568,KAGUMI DEO SCENT THAI MANGO PCS,,58,8,PCS,,,,1
41,07,1,01,1,20118830,CHARM PEMBALUT DAUN SIRIH+HRBL 23 WING PCK 16S,,61,0,PCS,,04/06/2028,R,1
41,07,1,02,1,20135849,LARISST DETERGENT CAIR SUMMER BREEZE BTL 700L,,62,165,PCS,,21/03/2028,,2
41,07,2,01,1,20142959,POSH BODY SPRAY PERFUMED MEN AQUA FROST KLG 150L,,63,54,PCS,,11/08/2029,,1
41,07,2,02,1,20132821,YUNIKON HAND & MOUTH BABY WIPES PEACH BLOSSOM PCK 240,,64,46,PCS,,06/07/2028,,1
41,07,2,03,1,20134104,ZEN ANTI BACTERIAL BODY SOAP SHISO&SANDALWOD BDD 4+1100,,65,106,PCS,,18/11/2027,,1
41,07,2,04,1,20141661,NORTHLAND TOWN HOUSE  PCS,,66,103,PCS,,06/03/2031,,1
41,07,2,05,1,20074300,ESKULIN KIDS HAIR & BODY WASH SOFT&PROTECT MINNIE BTL 280L,,67,72,PCS,CTN,18/11/2027,,1
41,07,2,06,1,20122471,STELLA AIR FRESHENER ALL IN ONE LAVENDER GARDEN PCK 42+13,,68,418,PCS,,06/07/2028,,2
41,08,1,01,1,20016096,LAURIER PEMBALUT ACTIVE DAY X-TRA WING PCK 20,,71,306,PCS,,16/09/2028,,1
41,08,1,02,1,20098268,GARNIER SAKURA PINKISH GLOW / HYALURON SUPER WHIP TUB 100L,,72,301,PCS,,08/05/2028,,1
41,08,2,01,1,20140479,XCHANGE EXTRAIT DE PARFUM NOIR ABSOLUTE BTL 50,,73,342,PCS,,09/03/2031,,1
41,08,2,02,1,20139565,MY BABY LOTION TELON PLUS EUCALYPTUS TUB 50,,74,60,PCS,,20/02/2028,,1
41,08,2,03,1,20071678,WARDAH WHITE/CRYSTAL SECRET DAY CREAM BRIGHTENING TUB 17/15L,,75,42,PCS,,18/11/2027,,1
41,08,2,04,1,20020120,CUSSONS BABY HAIR & BODY WASH MILD & GENTLE PCH 400/375L,,76,7,PCS,CTN,18/11/2027,,1
41,08,2,05,1,20141371,GENTLE GEN DETERJEN CAIR CAMELLIA BLOOM BTL 700,,77,2,PCS,,09/01/2028,,2
41,08,2,06,1,20121376,KIT MOTOR BACK TO BLACK  BTL 115L,,78,38,PCS,,,,1
41,09,1,01,1,20048879,MAMY POKO PANTS STANDAR 8S  PCK MEDIUM,,79,50,PCS,,21/05/2029,,6
41,09,1,02,1,20143391,LUX BODY WASH HIJAB SERIES ZAITUN & MADU PCH 350,,80,57,PCS,,27/01/2029,,1
41,09,2,01,1,20111544,WIKI IDM TRUCK BRICKS  BOX,,81,0,PCS,,,T,1
41,09,2,02,1,20141676,NORTHLAND DIECAST-CUTE CONSTRUCTION  PCS,,82,173,PCS,,06/03/2031,,1
41,09,2,03,1,20142027,INDOMARET GARPU PLASTIK 10S  BKS,,83,434,PCS,,07/08/2031,,1
41,09,2,04,1,20138867,RINSO DETERGENT CAIR JAPANESE PEACH PCH 700,,84,65,PCS,,20/08/2027,,1
41,09,2,05,1,20141712,NORTHLAND NANA AND FRIEND BLIND PACK  PCS,,85,223,PCS,,06/03/2031,,1
41,09,2,06,1,,,,86,0,PCS,,,,
42,01,1,01,1,20020245,MOLTO PEWANGI PAKAIAN ACTIVE FRESH BLUE PCH 780/765L,,91,131,PCS,CTN,18/12/2027,L,6
42,01,1,02,1,20038184,SOFTEX PEMBALUT DAUN SIRIH 23 FLOW WING PCK 20S,,92,3,PCS,,22/02/2028,,2
42,01,2,01,1,20092317,POISE FACIAL FOAM WHITENING/ LUMGLOW TUB 100 ,,93,139,PCS,CTN,06/07/2028,,2
42,01,2,02,1,20143077,CLOSE UP PASTA GIGI VALUE PACK GREEN MENTOL FRESH TUB 2X160M,,94,7,PCS,,07/02/2029,,1
42,01,2,03,1,20023765,FORMULA SIKAT GIGI FLIP MOBILE ORAL CARE PCK,,95,181,PCS,CTN,18/11/2027,,2
42,01,2,04,1,20091575,REXONA DEODORANT ROLL ON WOMEN GLOWING WHITE BTL 40L,,96,57,PCS,CTN,09/10/2027,,2
42,01,2,05,1,20142800,LIFEBUOY SABUN MANDI CAIR REFILL LEMON FRESH BDD 2800,,97,0,PCS,,01/02/2029,,1
42,01,2,06,1,20079794,INDOMARET KAMPER TOILET PARA (NEW) COLOUR BALL 5S PCK,,98,350,PCS,CTN,18/11/2029,L,2
42,02,1,01,1,20001061,MITU BABY TISSUE GANTI POPOK PINK SWEET ROSE PCK 250S,,101,720,PCS,CTN,06/07/2028,L,4
42,02,1,02,1,20140172,INDOMARET TAS RAMAH LINGKUNGAN KLIK  PCS 40X30,,102,0,PCS,,,Z,12
42,02,2,01,1,20075924,POSH BODY SPRAY PERFUMED COOL BLUE KLG 150L,,103,134,PCS,,18/11/2027,L,2
42,02,2,02,1,20125542,KAHF TRIPLE ACTION OIL & COMEDO DEFENSE TUB 100L,,104,198,PCS,CTN,18/11/2027,L,3
42,02,2,03,1,20090023,WARDAH BRIGHT NOW VITAMIN C MUGWORT  CLAY OIL CTRL  TUB 100L,,105,335,PCS,CTN,18/05/2027,,1
42,02,2,04,1,20104271,VASELINE LIP THERAPY ROSY LIPS PCS 4.8,,106,58,PCS,,15/07/2027,,1
42,02,2,05,1,20140224,LOREAL PARIS ELSEVE GLYCOLIC GLOSS SHAMPOO BTL 200,,107,65,PCS,,08/08/2028,,1
42,02,2,06,1,10003337,EMERON SHAMPOO NUTRITIVE HAIR FALL CNTRL BTL 170L,,108,56,PCS,CRT,06/07/2028,,1
42,03,1,01,1,20091870,SO KLIN DETERGENT LIQUID CLEAN ACTION WHITE & BRIGHT PCH 510/500 ,,111,42,PCS,,06/07/2028,,2
42,03,1,02,1,20131300,LAURIER PEMBALUT NATURAL CLEAN 30 WING PCK 16S,,112,14,PCS,,18/11/2027,,1
42,03,2,01,1,10023003,GLADE AIR FRESHENER ONE FOR ALL PEONY&BERY BLIS PCK 70+15,,113,54,PCS,,18/11/2027,,2
42,03,2,02,1,10016317,KAO BIORE BODY FOAM BRIGHT WHITE SCRUB BTL 100L,,114,78,PCS,,18/11/2027,,2
42,03,2,03,1,20123067,EVANGELINE EAU DE PARFUM SELECTION BLACK VANILLA BTL 100L,,115,0,PCS,,04/04/2029,,2
42,03,2,04,1,20120459,NYU HENNA SHAMPOO NATURAL BROWN SCT 20L,,116,56,PCS,,06/07/2028,,2
42,03,2,05,1,10036359,CASABLANCA DEODORANT ANTI-PERSPIRANT R/O PINK/ROMANTIC BTL 50L,,117,66,PCS,,18/11/2027,,2
42,03,2,06,1,20142852,CLEAR SHAMPOO ANTI DANDRUFF MENTHOL SEGAR BTL 110L,,118,249,PCS,,28/12/2028,,1
42,04,1,01,1,20017043,CHARM PEMBALUT SAFE NIGHT 42 WING PCK 8/7S,,121,466,PCS,,18/11/2027,,2
42,04,1,02,1,10012548,SO KLIN PEMBERSIH LANTAI REFILL LAVENDER BLOOM PCH 770L/760,,122,78,PCS,,06/07/2028,,2
42,04,2,01,1,20143079,REXONA WHOLE BODY DEO MEN SPRAY ARCTIC SEA BTL 150L,,123,211,PCS,,29/07/2028,,1
42,04,2,02,1,20085000,CASABLANCA SPRAY COLOGNE FEMME ROMANTIC BTL 100L,,124,43,PCS,,21/05/2030,,1
42,04,2,03,1,20128919,MOLTO SOFTENER PURE PCH 650/550L,,125,126,PCS,CTN,09/01/2027,,2
42,04,2,04,1,20082581,VANISH PENGHILANG NODA CAIR WHITE PCH 450/425L,,126,136,PCS,CTN,06/07/2028,,1
42,04,2,05,1,20142957,NIVEA MICELAR WATER DERMA SKIN CLEAR  BTL 125L,,127,78,PCS,,10/01/2028,,1
42,04,2,06,1,10029829,IZZI BODY MIST/EAU DE TOILETTE TRUE LOVE BTL 100L,,128,0,PCS,CTN,18/11/2027,,1
42,05,1,01,1,20028779,INDOMARET KARBOL WANGI (BR)  PCH 800/650L,,131,63,PCS,,06/07/2028,,1
42,05,1,02,1,20119165,CAT CHOIZE PLUS KITTEN CAT FOOD TUNA & SALMON PCK 450,,132,51,PCS,,19/04/2027,,2
42,05,2,01,1,20108296,VITALIS EAU DE ROYALE COUTURE BTL 50L,,133,14,PCS,,18/11/2027,,1
42,05,2,02,1,20129495,MORRIS EAU DE PARFUM BLACK EDITION WOODY BTL 100L,,134,115,PCS,CTN,18/11/2029,,1
42,05,2,03,1,20139439,SCORA BRIGHT ME UP SUNSCREEN SPF 40 PA++++ TUB 30,,135,437,PCS,CTN,30/08/2027,S,2
42,05,2,04,1,20138905,KAHF AMINOGEL FACE WASH ACNE CARE TUB 100L,,136,209,PCS,,07/06/2028,,1
42,05,2,05,1,20013772,JOHNSONS BABY COLOGNE SUMMER SWING BTL 100 L,,137,65,PCS,CTN,06/07/2028,,1
42,05,2,06,1,20141666,NORTHLAND NANA AND FRIENDS MICRO WORL  PCS,,138,269,PCS,,06/03/2031,,1
42,06,1,01,1,20103709,SWEETY SILVER MAX PROTECT. PANT BABY  18/18+4S PCK XXL,,141,11,PCS,,18/11/2027,,1
42,06,1,02,1,20070688,LIFREE POPOK CELANA EXTRA 6S  BAG EXTRALARGE,,142,152,PCS,,18/11/2027,,1
42,06,2,01,1,20138273,LARISST BABY WIPES AQUA FRESH BDD 250,,143,172,PCS,,01/06/2028,,2
42,06,2,02,1,20113805,KODOMO BODY WASH ORANGE BTL 200L,,144,132,PCS,,06/07/2028,,1
42,06,2,03,1,20097477,INDOMARET KAOS ROUND NECK PUTIH PCK LARGE,,145,98,PCS,CTN,,,1
42,06,2,04,1,20008719,FRES & NATURAL SPRAY COLOGNE HIJAB REFRESH PRINCESS CHRMNG BTL 100L,,146,35,PCS,,06/07/2028,,6
42,06,2,05,1,20142570,LIFEBUOY BODY WASH HEALTHY GLOW JAPANESE SHISO PCH 300,,147,118,PCS,,12/01/2028,,1
42,06,2,06,1,20140792,DOVE DERMA SHAMPOO HAIRFALL CONTROL MICELLAR BTL 155,,148,86,PCS,,12/07/2028,,1
42,07,1,01,1,20127575,LARISST DIAPERS PANTS ADULT 6S  BAG EXTRALARGE,,151,39,PCS,,18/11/2027,,1
42,07,1,02,1,20095875,MAMY POKO PANTS STANDAR 28S TIDAK GEMBUNG PCK LARGE,,152,102,PCS,,18/11/2027,L,6
42,07,2,01,1,20136130,VAPE OBAT NYAMUK SPRAY FUMAKILLA FLORAL BUBBLE KLG 600L,,153,164,PCS,,25/08/2028,,1
42,07,2,02,1,20125157,VITALIS EAU DE TOILETTE SPARKLE KEEP GOING BTL 100L,,154,6,PCS,CTN,18/11/2027,,1
42,07,2,03,1,20134082,INDOMARET MENS BRIEF COOLMAXXX 2S  PCK LARGE,,155,0,PCS,,,T,1
42,07,2,04,1,10014035,BAGUS SIKAT LANTAI W-20920  PCS,,156,48,PCS,,,,1
42,07,2,05,1,20142032,NIVEA MICELLAR WATER SOOTHING  BTL 125,,157,27,PCS,,19/07/2028,,1
42,07,2,06,1,20070383,PONDS PELEMBAB WJH DAY CRM NRML SKN/ NIASORCINOL TUB 20,,158,254,PCS,,20/05/2027,,1
42,08,1,01,1,20141932,PANTENE MIRACLES SUPLEMENT CONDITIONER COLLAGEN REPAIR TUB 150/130 ,,161,0,PCS,,15/10/2028,,1
42,08,1,02,1,20112938,MERRIES PANTS GOOD SKIN 18S  BAG XXL,,162,49,PCS,,16/09/2028,,1
42,08,2,01,1,20139446,BAYGON INSEKTISIDA SPRAY CITRUS FRESH KLG 400L,,163,156,PCS,,12/02/2029,,1
42,08,2,02,1,10037140,MUSTIKA RATU MINYAK ZAITUN  BTL 175L,,164,65,PCS,,08/01/2028,,1
42,08,2,03,1,10028422,KIT WIPER FLUID FULL CONCENTRATE  PCH 400L,,165,17,PCS,,,,1
42,08,2,04,1,20072673,ZWITSAL BABY BATH NATURAL 2 IN 1 HAIR & BODY BTL 300L,,166,20,PCS,,18/05/2027,,1
42,08,2,05,1,20037216,KODOMO SIKAT GIGI PRO KIDS 2 IN 1 NO.2 PCK,,167,86,PCS,,18/11/2027,,1
42,08,2,06,1,20132902,STATIONARY ASTRONOUT ERASER   PCS,,168,0,PCS,,,I,1
42,09,1,01,1,20093211,INDOMARET SANDAL JEPIT KARET  PSG NO.40,,171,8,PCS,,,,2
42,09,1,02,1,20136069,KONVERSI SB SNACK N CHIP  PCS,,172,0,PCS,,,Z,
42,09,2,01,1,20143952,THEORY EXTRAIT DE PARFUM ROYAL OUD BTL 40L,,173,72,PCS,,08/09/2028,,1
42,09,2,02,1,20141728,PEPSODENT PASTA GIGI SENSITIVE EXPERT WHITENING PCS 60,,174,72,PCS,,06/03/2029,,1
42,09,2,03,1,,,,175,0,PCS,,,,
42,09,2,04,1,20132577,STATIONARY ORIGAMI DUCK PEN  PCS,,176,0,PCS,,,I,1
42,09,2,05,1,20132849,HAPPY NAPPY SMART PANTS 26/24S  PCK EXTRALARGE,,177,106,PCS,,09/10/2028,,2
42,09,2,06,1,,,,178,0,PCS,,,,
43,01,1,01,1,20116670,CHITATO LITE SNACK POTATO NORI SEAWEED PCK 68/65,,181,66,PCS,,21/05/2027,D,6
43,01,1,02,1,20084481,POP MIE MI INSTAN PEDAS SQUAD DOWER AYAM CUP 75,,182,518,PCS,,06/03/2027,,6
43,01,2,01,1,20139297,POP ICE DRINK POWDER ES BLENDER CHOCOLATE PCK 5X24,,183,48,PCS,,28/07/2027,,1
43,01,2,02,1,20138464,OREO BISCUIT SANDWICH ORIGINAL PCK 147.2/140,,184,81,PCS,,23/04/2027,S,8
43,01,2,03,1,20138567,MOOOCHII KUE MOCHI SESAME PCK 40,,185,365,PCS,,06/01/2027,,2
43,01,2,04,1,20118115,FRISIAN FLAG KENTAL MANIS PUTIH PCH 240,,186,272,PCS,,17/06/2027,S,2
43,01,2,05,1,10022118,SUN KARA SANTAN KELAPA SIAP PAKAI  PCK 65L,,187,344,PCS,,23/12/2027,L,12
43,01,2,06,1,20140704,INDOMARET BERAS PORANG INSTANT  PCH 4X40,,188,0,PCS,,11/03/2027,,1
43,02,1,01,1,20072194,MR.HOTTEST SNACK TORTILLA CHIPS MAITOS SAMBAL BALADO PCK 140/120,,191,47,PCS,,15/05/2027,S,16
43,02,1,02,1,10003873,KAPAL API KOPI BUBUK  PCK 350,,192,351,PCS,,15/03/2027,S,2
43,02,2,01,1,20134698,SUN MARIE BISCUIT BAYI KEJU PCK 80,,193,70,PCS,,06/07/2028,,2
43,02,2,02,1,20039494,BIHUNKU BIHUN INSTANT AYAM BAWANG PCK 55,,194,178,PCS,,06/03/2027,,8
43,02,2,03,1,20048582,FINNA SAMBAL TERASI ULEG  PCK 10X17,,195,0,PCS,,15/03/2027,,2
43,02,2,04,1,20101062,FITBAR TIRAMISU FITBAR  PCK 20,,196,312,PCS,,23/07/2027,,12
43,02,2,05,1,20142007,NESCAFE KOPI KENTAL  PCK 6X36,,197,210,PCS,,23/06/2027,,1
43,02,2,06,1,20136282,MILKITA MILK LOLLIPOP 3S ASSORTED PCK 25.5,,198,530,PCS,,23/04/2027,,2
43,03,1,01,1,20134456,JAPOTA POTATO CHIPS UM.JPNS SEAWEED PCK 120/115,,201,17,PCS,,21/04/2027,L,4
43,03,1,02,1,20070033,HAPPYTOS SNACK TORTILLA CHIPS NACHO CHEESE PCK 140,,202,170,PCS,,23/04/2027,,2
43,03,2,01,1,20134686,INDOMARET KACANG PISTACHIO  PCH 60/55,,203,358,PCS,,15/03/2027,L,5
43,03,2,02,1,20141954,YUPI CANDY CRUNCHY GUMMY  PCH 50,,204,16,PCS,,29/06/2027,,6
43,03,2,03,1,20136516,INDOMARET SNACK KACANG ATOM CABE HIJAU PCK 120,,205,57,PCS,,26/02/2027,,1
43,03,2,04,1,20046903,NESTLE CEREAL BREAKFAST COMBO PACK HONEY STARS CUP 30,,206,94,PCS,,28/04/2027,,2
43,03,2,05,1,10015124,FRISIAN FLAG SUSU KENTAL MANIS COKLAT PCK 6X37,,207,0,PCS,,16/02/2027,V,2
43,03,2,06,1,20137883,KIO KIO JELEGUMMY JUMBO  PCH 210,,208,0,PCS,,20/02/2027,,1
43,04,1,01,1,20097776,JAPOTA POTATO CHIPS HP.HONEY BUTTER PCK 68/65,,211,152,PCS,,23/04/2027,L,2
43,04,1,02,1,20140678,SEDAAP MIE MIE INSTANT SG SPICY LAKSA CUP 86,,212,0,PCS,,23/05/2027,,2
43,04,2,01,1,10025449,NUTRIJELL KONNYAKU JELLY POWDER COKLAT PCK 25,,213,149,PCS,,06/07/2028,,2
43,04,2,02,1,20139431,PROMINA YOGURT MELTS MILK PCH 8,,214,3,PCS,,10/08/2027,,2
43,04,2,03,1,20096682,INDOMARET KACANG JUMBO  PCH 80,,215,247,PCS,,15/03/2027,,2
43,04,2,04,1,20112371,GADJAH KOPI TUBRUK ASLI  PCK 138,,216,68,PCS,,06/07/2027,,2
43,04,2,05,1,20134965,TOP COFFEE KOPI INSTANT 3 IN 1 (6+3) MOKACHINNO PCK 198,,217,522,PCS,,11/06/2027,,2
43,04,2,06,1,10000052,AIM CRACKERS CRISPY PCK 150,,218,35,PCS,,23/06/2027,,2
43,05,1,01,1,10000341,DUA KELINCI KACANG GARING  PCK 370,,221,230,PCS,,23/04/2027,,2
43,05,1,02,1,20034686,OISHI SNACK PILLOWS UBI PCH 100,,222,760,PCS,,23/06/2027,L,10
43,05,2,01,1,20142902,DILAN COOKIES CHOCO CHIP  PCK 69,,223,104,PCS,,17/09/2027,,1
43,05,2,02,1,20030646,SOYJOY FRUIT SOY BAR STRAWBERRY PCK 30,,224,334,PCS,,28/03/2027,,1
43,05,2,03,1,10036921,KHONG GUAN CRACKERS CREAM (NEW)  PCK 300/350,,225,129,PCS,,23/09/2027,,1
43,05,2,04,1,20094123,KOBE TEPUNG TEMPE KRIUK PCK 200,,226,34,PCS,,06/07/2028,,1
43,05,2,05,1,20140886,CHUPA CHUPS SOUR BELTS 1 METER  PCK 50,,227,0,PCS,,12/01/2027,,2
43,05,2,06,1,10014292,POP MIE MI INSTAN LAPEER TIME KARI AYAM CUP 75,,228,187,PCS,,15/05/2027,L,8
43,06,1,01,1,20101065,CHIKI SNACK BALLS CHICKEN PCK 55/50,,231,4,PCS,,14/03/2027,,2
43,06,1,02,1,10000739,CHITATO SNACK POTATO CHIPS SAPI PANGGANG PCK 35,,232,420,PCS,,30/03/2027,,2
43,06,2,01,1,20025507,PIA 100 KUE PIA COKLAT PCK 150/138,,233,16,PCS,,15/03/2027,,2
43,06,2,02,1,20087344,INDOMARET KACANG KORO KULIT  PCK 170,,234,125,PCS,,23/09/2027,,2
43,06,2,03,1,10003696,SASA BUMBU MASAK  PCK 250,,235,382,PCS,,15/03/2027,,1
43,06,2,04,1,20100796,TORABIKA KOPI INSTANT CREAMY LATTE  PCK 10X20,,236,0,PCS,,11/03/2027,,1
43,06,2,05,1,20009268,DELMONTE CHILLI SAUCE EXTRA HOT PCK 24X8,,237,139,PCS,,05/02/2027,,2
43,06,2,06,1,10005355,GARUDA KACANG ATOM APC PEDAS PCK 220,,238,106,PCS,,28/02/2027,,2
43,07,1,01,1,20139713,CHITATO SNACK POTATO CHIPS BEEF MALA PCK 65,,241,58,PCS,,30/03/2027,,2
43,07,1,02,1,20107729,TOP COFFEE GULA AREN  PCK 9X22,,242,290,PCS,,08/10/2027,,5
43,07,2,01,1,20143858,AJINOMOTO BUMBU PRAKTIS SAJIKU RENDANG PCK 60,,243,494,PCS,,31/08/2027,,1
43,07,2,02,1,20132653,MOMS RECIPE SILKY PUDING BUBUK CHOCOLATE PCH 110,,244,18,PCS,,13/07/2027,,1
43,07,2,03,1,20139702,SAMYANG BULDAK RAMEN QUATTRO CHEESE PCK 145,,245,0,PCS,,23/03/2027,,1
43,07,2,04,1,20015338,MUNCHYS SANDWICH CRACKER LEXUS CHEESE CREAM PCK 190,,246,157,PCS,,15/06/2027,,1
43,07,2,05,1,20140068,LARISST JELLY DRINK LECI PCK 135L,,247,255,PCS,,14/06/2027,,1
43,07,2,06,1,20101397,AL FOOD STIK GETHUK (ECO) PCK 110,,248,17,PCS,,07/01/2027,,1
43,08,1,01,1,10006168,REFINA GARAM MEJA MURNI  PCK 500,,251,565,PCS,,18/11/2029,,2
43,08,1,02,1,20026676,INDOMARET GARAM  PCK 500,,252,386,PCS,,06/07/2028,,2
43,08,2,01,1,20143801,CANCIMEN CUANKI RAMEN EXTRA PEDAS CUP 75,,253,0,PCS,,09/04/2027,,1
43,08,2,02,1,20026207,CIPTADENT PASTA GIGI MAXI COMPLETE TUB 190,,254,3,PCS,,27/07/2029,V,1
43,08,2,03,1,20133809,DAILY MEAL NASI JAGUNG  PCH 250,,255,0,PCS,,15/03/2027,,1
43,08,2,04,1,20123567,DANCOW FORTIGRO SUSU BUBUK INSTANT  PCK 1,,256,0,PCS,,28/11/2027,,1
43,08,2,05,1,10036688,CERES HAGELSLAG RICE CHOCO CLASSIC PCK 200/140,,257,12,PCS,,15/03/2027,L,1
43,08,2,06,1,20038032,INDOMARET KAIN LAP PEL  PCS,,258,0,PCS,,,T,1
43,09,1,01,1,20138599,JETZ TORTILLA SNACK JAGUNG BAKAR PCK 140,,261,292,PCS,,16/04/2027,,2
43,09,1,02,1,20143172,PIATTOS SNACK KENTANG RUMPUT LAUT PCK 115,,262,150,PCS,,30/07/2027,,1
43,09,2,01,1,,,,263,0,PCS,,,,
43,09,2,02,1,20087713,INDOMARET INSTANT CUP NOODLE AYAM PEDAS CUP 90,,264,8,PCS,,06/05/2027,,6
43,09,2,03,1,20038558,GT MAN CELANA DALAM GTH 2S  BOX LARGE,,265,0,PCS,,,V,1
43,09,2,04,1,20009186,GT MAN CELANA DALAM GTVL 01/3S  BOX LARGE,,266,0,PCS,,,V,1
43,09,2,05,1,20126285,KRISBOW HOSE CLAMP BUTTERFLY 2S LRHCB2 PCS 12-20,,267,0,PCS,,,T,1
43,09,2,06,1,20119279,POKEMON GAME KARTU HADIAH SERIES 10 PCS,,268,0,PCS,,,Z,1
44,01,1,01,1,20129840,INDOMARET MI GORENG ALA INDONESIA CUP 88,,271,0,PCS,,06/05/2027,,2
44,01,1,02,1,20020089,UNIBIS CRACKERS SEE HONG PUFF SUGAR PCK 247,,272,373,PCS,,08/08/2027,,1
44,01,2,01,1,20137583,INDOMARET BROWNIES CRISPY DARK CHOCOLATE CHEESE PCH 35,,273,14,PCS,,15/03/2027,,2
44,01,2,02,1,20134984,RITZ CRACKERS CHOCOLATE PCK 91,,274,204,PCS,,20/02/2027,,2
44,01,2,03,1,20142944,INDOMARET CHOCO WAFER  PCK 120,,275,0,PCS,,06/07/2027,,1
44,01,2,04,1,10016170,OREO SANDWICH CHOCOLATE CREME PCK 110.4/105,,276,804,PCS,,23/09/2027,,12
44,01,2,05,1,20024856,TAO KAE NOI CRISPY SEAWEED BIG SHEET CLASSIC PCK 3.2,,277,291,PCS,,06/04/2027,L,12
44,01,2,06,1,20020017,A.T.B MARIE MILK  PCK 185/180,,278,48,PCS,,12/08/2027,,4
44,02,1,01,1,20116112,MAXICORN SNACK BARBECUE PCK 140/130,,281,30,PCS,,16/04/2027,S,5
44,02,1,02,1,10007499,KUNCI MAS MINYAK GORENG  PCH 2000L,,282,856,PCS,,28/12/2027,,2
44,02,2,01,1,20140350,LARISST BUMBU MASAK  PCK 90,,283,0,PCS,,27/10/2027,,1
44,02,2,02,1,20072337,GAJAH KACANG ATOM  PCK 140,,284,312,PCS,,23/04/2027,,2
44,02,2,03,1,10001365,ARNOTTS BISCUIT NYAM-NYAM FNTASY STICK CHOCO CUP 25,,285,132,PCS,,23/04/2027,,4
44,02,2,04,1,20036562,SO NICE SOSIS SIAP MAKAN AYAM TPS 500/432,,286,33,PCS,,15/03/2027,,1
44,02,2,05,1,20137067,CHOMP CHOMP MALLOW PUFF WITH STRAWBERRY PCK 50,,287,0,PCS,,12/03/2027,V,1
44,02,2,06,1,20077369,PROMINA SNACK RICE PUFFS BLUEBERRY PCH 15,,288,164,PCS,CTN,28/02/2027,L,6
44,03,1,01,1,20074431,BLEDUGH KACANG SHANGHAI  PCK 400,,291,554,PCS,,15/03/2027,,2
44,03,1,02,1,20119437,POTABEE SNACK POTATO CHIPS BEEF BBQ PCK 120/115,,292,202,PCS,,06/02/2027,L,2
44,03,2,01,1,20115156,MUJIGAE TOPOKKI  PCK 170/180,,293,0,PCS,,23/09/2027,T,2
44,03,2,02,1,20117928,TAO KAE NOI SEASONED LAVER SPICY PCK 2X4,,294,133,PCS,,23/04/2027,,1
44,03,2,03,1,20133254,INDOFOOD BUMBU SPESIAL RACIK SEMUR PCK 50,,295,508,PCS,,13/07/2027,,1
44,03,2,04,1,20048790,OREO SANDWICH MINI CHOCOLATE CREAM PCH 58.4,,296,193,PCS,CTN,23/02/2027,,3
44,03,2,05,1,20140907,MILKITA MILKY PUDDING YOGURT MILK CUP 85,,297,65,PCS,,15/09/2027,,6
44,03,2,06,1,20013831,SUPER BUBUR INSTANT BERGIZI AYAM PCK 45,,298,0,PCS,,20/06/2027,,4
44,04,1,01,1,20120421,TARO SNACK NET POTATO BARBEQUE PCK 115,,301,114,PCS,,19/06/2027,,2
44,04,1,02,1,20124707,GARUDA SNACK OCORN JAGUNG BAKAR PCK 70,,302,282,PCS,,15/06/2027,,2
44,04,2,01,1,10035852,BIHUNKU BIHUN GORENG SPECIAL  PCK 60,,303,0,PCS,,28/02/2027,,8
44,04,2,02,1,20105102,ROMA BISCUIT KELAPA CREAM  PCK 174,,304,0,PCS,CTN,20/02/2027,,2
44,04,2,03,1,20025563,SASA BUMBU LUMUR AYAM SPESIAL PCK 26,,305,54,PCS,,15/03/2027,,1
44,04,2,04,1,20112383,MR.NATTA MINUMAN NATA DE COCO & JELLY LECI PCK 126L,,306,0,PCS,,13/07/2027,V,5
44,04,2,05,1,20139815,ELMUTIZ SNACK KENTANG ORIGINAL PCK 100,,307,16,PCS,,23/04/2027,,1
44,04,2,06,1,20141746,OISHI SNACK PILLOWS STROBERI PCH 100,,308,0,PCS,,03/06/2027,,2
44,05,1,01,1,20092063,CHITATO SNACK POTATO CHIPS SAPI PANGGANG PCK 120/115,,311,113,PCS,,16/04/2027,D,6
44,05,1,02,1,20115363,CHUBA KERIPIK SINGKONG BARBEQUE PCK 140/120,,312,6,PCS,,06/05/2027,,2
44,05,2,01,1,20091225,OVALTINE CHOCOLATE MALT BISCUIT  PCK 104,,313,443,PCS,,08/09/2027,,2
44,05,2,02,1,20013616,INDOFOOD BUMBU RACIK NASI GORENG PCK 20,,314,941,PCS,CTN,28/06/2027,,2
44,05,2,03,1,20109904,ROMA SANDWICHI CRACKERS LEMON PCK 114/120,,315,0,PCS,,02/02/2027,,1
44,05,2,04,1,20128246,INDOFOOD TEPUNG BUMBU RACIK AYAM KRISPI PCK 210,,316,53,PCS,,23/04/2027,,1
44,05,2,05,1,20117989,MAMASUKA TOPOKKI KOREAN RICE CAKE ORIGINAL PCK 134/132,,317,94,PCS,,23/09/2027,,1
44,05,2,06,1,10003061,CAP BOTOL TEH BUBUK BIRU  PCK 80,,318,77,PCS,,16/06/2027,,1
44,06,1,01,1,20143041,OBALAB TRIANGLE STRAWBERRY CAKE  PCS 80,,321,662,PCS,,25/05/2027,,1
44,06,1,02,1,20140646,CAP ENAK KENTAL MANIS PUTIH PCH 260,,322,121,PCS,,19/08/2027,,1
44,06,2,01,1,20106544,KEWPIE MAYONNAISE ORIGINAL TUB 150,,323,23,PCS,,15/02/2027,,1
44,06,2,02,1,20142876,DALEZZ BOLU GULUNG SWISS ROLL STRAWBERRY PCK 72,,324,78,PCS,,18/03/2027,,1
44,06,2,03,1,10005820,ROYCO BUMBU KALDU (18023) AYAM PCK 94/90,,325,172,PCS,CTN,15/09/2027,,1
44,06,2,04,1,10006712,KAPAL API KOPI SUSU  PCK 10X31,,326,27,PCS,CTN,06/07/2027,,1
44,06,2,05,1,10003697,AJINOMOTO BUMBU MASAK  PCK 250,,327,51,PCS,,15/03/2027,,1
44,06,2,06,1,20053360,ALPENLIEBE CANDY CHOCOLATE CARAMEL ECLAIRS PCK 144/126,,328,308,PCS,,13/07/2027,,1
44,07,1,01,1,10008819,BANGO KECAP MANIS REFILL 10050/10034  PCH 700/685,,331,2,PCS,,21/02/2027,D,6
44,07,1,02,1,20021029,QTELA KERIPIK SINGKONG BALADO PCK 175,,332,188,PCS,,12/04/2027,L,2
44,07,2,01,1,20143260,KUSUKA KERIPIK UBI MADU PCK 42,,333,121,PCS,,29/07/2027,,1
44,07,2,02,1,20129566,INDOMARET KERUPUK SLONDOK  UDANG  PCK 100/90,,334,234,PCS,,02/01/2027,,1
44,07,2,03,1,10032611,GARUDA TING-TING KACANG  PCK 125,,335,132,PCS,,10/08/2027,,1
44,07,2,04,1,20117964,LIDI GELI SNACK MIE LIDI SPICY BOX 50,,336,73,PCS,,14/03/2027,,2
44,07,2,05,1,10038932,KAPAL API KOPI BUBUK SPECIAL MIX PCK 10X23,,337,84,PCS,CTN,23/09/2027,L,6
44,07,2,06,1,20143503,CHOCOLATOS CHOCOLATE DRINK SMOOTH MATCHA PCK 5X24,,338,8,PCS,,10/08/2027,,1
44,08,1,01,1,20142265,WONHAE SNACK TOPOKKI CHEESE BULDAK PCK 80,,341,30,PCS,,10/05/2027,,2
44,08,1,02,1,20143897,GARUDA KACANG TELUR BALADO PCK 90,,342,1450,PCS,,,,1
44,08,2,01,1,20134250,AJINOMOTO BUMBU KALDU JAMUR PCK 40,,343,104,PCS,,24/07/2027,,1
44,08,2,02,1,,,,344,0,PCS,,,,
44,08,2,03,1,,,,345,0,PCS,,,,
44,08,2,04,1,,,,346,0,PCS,,,,
44,08,2,05,1,20134083,INDOMARET MENS BRIEF COOLMAXXX 2S  PCK EXTRALARGE,,347,0,PCS,,,V,1
44,08,2,06,1,20111423,KATA OMA SNACK TELUR GABUS SAMBAL BALADO PCH 50,,348,16,PCS,,21/02/2027,,2
44,09,1,01,1,20136757,BEAUTY CHARM TINTED PLUMP LIP BALM  PCS 5,,351,0,PCS,,19/08/2029,T,1
44,09,1,02,1,20010257,GT MAN CELANA DALAM GTVL.01 3S  BOX EXTRALARGE,,352,0,PCS,,,V,1
44,09,2,01,1,20066636,BRIGHT GAS  KLG 220,,353,0,PCS,,,T,1
44,09,2,02,1,20135130,NISSIN IRVINS INSTANT FRIED NOODLE SALTED EGG PCK 117,,354,0,PCS,,15/03/2027,,1
44,09,2,03,1,20139151,KIN PHOTO CARD JKT48 (HADIAH)  PCK,,355,0,PCS,,,Z,10
44,09,2,04,1,20125097,ULTRA PHOTOCARD STRAY KIDS  PCK,,356,0,PCS,,,Z,25
44,09,2,05,1,20134080,INDOMARET CELANA BOXER PRIA COOLMAXXX  PCK EXTRALARGE,,357,0,PCS,,,V,1
44,09,2,06,1,20130868,INDOMARET KERIPIK PISANG CANDI  PCH 75,,358,2,PCS,,15/03/2027,,1
45,01,1,01,1,10000348,DUA KELINCI KACANG GARING  PCK 180,,1,460,PCS,,23/04/2027,,10
45,01,1,02,1,20141070,KOBE MIE GORENG BONCABE CHILI OIL ORIGINAL LV.15 PCK 60,,2,141,PCS,,16/05/2027,,2
45,01,2,01,1,20049493,MAESTRO LIGHT MAYONNAISE/SAOS MAYO PREMIUM PCK 100,,3,348,PCS,,15/03/2027,,2
45,01,2,02,1,20072370,INDOMARET KACANG BUMBU  PCK 150/100,,4,108,PCS,,06/02/2027,,1
45,01,2,03,1,10023618,NUTRIJELL KONNYAKU JELLY POWDER MANGO PCK 15,,5,0,PCS,,30/01/2028,,8
45,01,2,04,1,20141955,YUPI CANDY GUMMY JUMBO KOREAN BARBEQUE PCK 70,,6,100,PCS,,20/06/2028,V,1
45,01,2,05,1,20138370,GADJAH KOPI TUBRUK SPECIAL MIX PCK 10X23,,7,20,PCS,,23/09/2027,T,1
45,01,2,06,1,10000104,REGAL MARIE  PCK 120,,8,218,PCS,,13/07/2027,S,4
45,02,1,01,1,20137103,POP MIE MI INSTAN SNEK TIME INDOMIE GORENG CUP 43,,11,0,PCS,,21/05/2027,,12
45,02,1,02,1,20021032,QTELA KERIPIK SINGKONG BALADO PCK 60,,12,440,PCS,,17/07/2027,,2
45,02,2,01,1,20017575,NESCAFE KOPI INSTANT CLASSIC  PCK 10X2,,13,327,PCS,,20/06/2027,L,6
45,02,2,02,1,20112945,FRISIAN FLAG SUSU KENTAL MANIS COKLAT PCH 240,,14,205,PCS,,23/06/2027,L,8
45,02,2,03,1,10000861,POP MIE MI INSTAN LAPEER TIME BASO CUP 75,,15,561,PCS,,15/05/2027,L,12
45,02,2,04,1,20040891,AJINOMOTO MAYONNAISE MAYUMI  PCK 100,,16,120,PCS,,15/03/2027,,2
45,02,2,05,1,20032723,MILO CEREAL BALLS COMBO PACK COKLAT CUP 30,,17,79,PCS,,28/04/2027,L,12
45,02,2,06,1,20035264,INDOMARET SNACK KACANG ATOM / SHANGHAI  PCK 140,,18,36,PCS,,12/05/2027,,2
45,03,1,01,1,20062966,DUA KELINCI KACANG SUKRO BBQ PCK 95,,21,124,PCS,,12/02/2027,,2
45,03,1,02,1,20115362,CHUBA KERIPIK SINGKONG BALADO PCK 140/120,,22,20,PCS,,28/04/2027,,2
45,03,2,01,1,10000975,POP MIE MI INSTAN LAPEER TIME AYAM CUP 75,,23,424,PCS,,06/03/2027,L,6
45,03,2,02,1,20057290,SASA BUMBU UNGKEP AYAM KUNING PCK 25,,24,61,PCS,,15/03/2027,,1
45,03,2,03,1,20135056,KAPAL API KOPI BUBUK SPECIAL PCK 90,,25,216,PCS,,20/09/2027,,5
45,03,2,04,1,10040157,INDOFOOD TABURI BUMBU TABUR/KENTANG GORENG KEJU SULTAN PCK 25,,26,50,PCS,,23/10/2027,,1
45,03,2,05,1,20141375,CHOMP CHOMP WHOOSS WHOOSS MALLOW  PCK 50,,27,188,PCS,,12/08/2027,,1
45,03,2,06,1,20112944,INDOMARET KUACI SUSU PCH 80,,28,36,PCS,,23/09/2027,,6
45,04,1,01,1,20104728,LEMONILO CHIMI KERIPIK UBI JAGUNG BAKAR PCK 41,,31,22,PCS,,23/09/2027,L,3
45,04,1,02,1,20045609,SEDAAP MIE MIE INSTANT BASO CUP 72/77,,32,0,PCS,,27/02/2027,,12
45,04,2,01,1,20102638,DEKA MINI WAFER BITES CHOCO CHOCO PCH 80/72,,33,51,PCS,,20/09/2027,,2
45,04,2,02,1,20066050,DELMONTE SPAGHETTI SAUCE  PCH 250,,34,44,PCS,,13/07/2027,,6
45,04,2,03,1,10007775,AJINOMOTO BUMBU NASI GORENG SAJIKU AYAM PCK 20,,35,24,PCS,CTN,23/06/2027,,2
45,04,2,04,1,20136577,TUDUNG TEPUNG BUMBU PERKEDEL  PCK 50,,36,0,PCS,,23/03/2027,T,1
45,04,2,05,1,20112450,INDOMARET COKLAT MEISIS  PCK 200,,37,102,PCS,,15/03/2027,,1
45,04,2,06,1,10003922,ABC KOPI INSTANT KOPI&GULA+SUSU PCK 10X30,,38,7,PCS,,23/04/2027,,2
45,05,1,01,1,20102071,INDOMARET POPCORN SWEET CHEESE PCK 65,,41,239,PCS,,21/02/2027,,2
45,05,1,02,1,20042632,INDOMARET SNACK KACANG ATOM PEDAS PCK 140,,42,889,PCS,,11/03/2027,,5
45,05,2,01,1,20088416,INDOMARET SNACK SUMPIA UDANG  PCK 125,,43,105,PCS,,23/09/2027,,1
45,05,2,02,1,20130519,SEDAAP MIE MIE INSTANT AYAM NAMPOL CUP 75,,44,0,PCS,,15/02/2027,T,12
45,05,2,03,1,20083487,TANGO WAFER CHOCOLATE PCH 99/95,,45,176,PCS,CTN,28/04/2027,,1
45,05,2,04,1,20069699,FISHERMANS CANDY SUGAR FREE HONEY & LEMON PCK 22,,46,0,PCS,,15/03/2027,,1
45,05,2,05,1,20098494,NISSIN COOKIES SAGU KEJU PCK 110,,47,172,PCS,,23/02/2027,,2
45,05,2,06,1,20135131,NISSIN IRVINS INSTANT FRIED NOODLE SPCY SALTED EGG PCK 117,,48,0,PCS,,23/04/2027,,1
45,06,1,01,1,20138241,CHEETOS SNACK KEJU PCK 120,,51,312,PCS,,28/02/2027,L,4
45,06,1,02,1,20101933,CHIKI SNACK BALLS CHOCO PCK 200,,52,12,PCS,,14/03/2027,,6
45,06,2,01,1,20140428,POCI ES TEH SERBUK SAKURA MATCHA L PCK 5X25,,53,142,PCS,,15/12/2027,,1
45,06,2,02,1,20096979,PRO CHIZ KEJU GOLD SLICE 12S  PCK 156,,54,342,PCS,,27/04/2027,,2
45,06,2,03,1,20127763,GAGA MIE INSTANT 100 EXTRA PEDAS KUAH SOTO CUP 75,,55,99,PCS,,23/06/2027,,1
45,06,2,04,1,10002767,INDOFOOD BUMBU SPESIAL RACIK GULAI PCK 45,,56,98,PCS,,06/07/2028,,2
45,06,2,05,1,20138151,CIMORY EAT MILK PUDDING MARIE BISCUIT PCH 80,,57,96,PCS,,23/12/2026,,2
45,06,2,06,1,10022534,ABC KECAP MANIS REFFIL  PCH 685,,58,0,PCS,,23/01/2028,,2
45,07,1,01,1,20069696,OISHI SNACK POPCORN KARAMEL PCH 100,,61,392,PCS,,11/03/2027,S,10
45,07,1,02,1,20016246,POP MIE MI INSTAN MINI / SNEK TIME BASO SAPI CUP 38,,62,6,PCS,,15/05/2027,,6
45,07,2,01,1,20102857,INDOMARET SNACK KUKU MACAN  PCK 75,,63,34,PCS,,15/03/2027,,1
45,07,2,02,1,20113844,SEDAAP MIE MIE INSTANT AYAM JERIT CUP 75,,64,216,PCS,,15/05/2027,,12
45,07,2,03,1,20094668,HAPPYDENT CHEWING GUM COOL MINT BTL 28/25.2,,65,665,PCS,,27/01/2028,,2
45,07,2,04,1,20133810,DAILY MEAL NASI SINGKONG  PCH 250,,66,0,PCS,,15/03/2027,,1
45,07,2,05,1,20137761,LARISST COCO CRISPY CHOCOLATE PCH 50+20,,67,212,PCS,,23/04/2027,,2
45,07,2,06,1,20143392,INDOMIE POP SPAGETI PIZZA BOLOGNESE PCK 80,,68,333,PCS,,06/04/2027,,1
45,08,1,01,1,,,,71,0,PCS,,,,
45,08,1,02,1,10016646,INDOFOOD KECAP REFILL 725 MANIS PCH 520L,,72,624,PCS,,20/03/2028,S,4
45,08,2,01,1,20066511,SENNA KRUPUKKU BAWANG PCK 250/200,,73,166,PCS,,18/11/2027,,1
45,08,2,02,1,20122462,MILO HEALTY DRINK 3 IN 1 ACTIGEN-E BAG 18X34,,74,66,PCS,,20/02/2027,,1
45,08,2,03,1,,,,75,0,PCS,,,,
45,08,2,04,1,,,,76,0,PCS,,,,
45,08,2,05,1,20085013,BURUNG DARA MIE TELUR URAI ORIGINAL PCK 140,,77,73,PCS,,23/02/2027,,2
45,08,2,06,1,10000439,PALMIA MARGARINE SERBA GUNA  PCK 200,,78,0,PCS,,23/09/2027,,4
45,09,1,01,1,20132881,TANGO WAFER SASSY STRAWBERY PCK 100,,81,378,PCS,,12/06/2027,,1
45,09,1,02,1,,,,82,0,PCS,,,,
45,09,2,01,1,,,,83,0,PCS,,,,
45,09,2,02,1,20129841,INDOMARET MI GORENG PEDAS CUP 92,,84,0,PCS,,24/07/2027,,2
45,09,2,03,1,20109719,HOT WHEELS SHORT BLISTER 2021 PCS,,85,0,PCS,,,R,1
45,09,2,04,1,20141637,LIFEBUOY BODY WASH FIFA MENTHOL KICK BTL 85,,86,0,PCS,,27/03/2029,R,2
45,09,2,05,1,20106953,HEAD &SHOULDERS SHAMPOO A/D ANTI APEK BTL 160L,,87,0,PCS,,27/09/2028,H,1
45,09,2,06,1,,,,88,0,PCS,,,,
46,01,1,01,1,20125856,LUWAK KOPI BUBUK MURNI PREMIUM  PCK 100,,91,350,PCS,CTN,15/03/2028,,4
46,01,1,02,1,20139392,BRINGZ LUMIER KUKIS BUTTER PCH 100,,92,0,PCS,,04/04/2027,V,1
46,01,2,01,1,10035900,AJINOMOTO TEPUNG BUMBU SAJIKU SERBAGUNA PCK 220/210,,93,76,PCS,CTN,11/03/2027,,2
46,01,2,02,1,20046434,BRIO CRISPY BISCUIT CRACKER GO POTATO PCK 60/56,,94,128,PCS,,23/09/2027,,8
46,01,2,03,1,20143798,DELTA FOODS TONGKOL  PCK 125,,95,462,PCS,,14/08/2028,,1
46,01,2,04,1,20104719,TOTOLE BUMBU KALDU JAMUR PCK 80,,96,944,PCS,,06/01/2028,,4
46,01,2,05,1,20137876,INDOMARET KACANG OVEN  PCK 95,,97,300,PCS,,19/08/2027,,2
46,01,2,06,1,20032058,FRISIAN FLAG KENTAL MANIS PUTIH  PCK 6X37,,98,193,PCS,CTN,28/02/2027,S,4
46,02,1,01,1,20092875,GARUDA SNACK PILUS MI GORENG PCK 80,,101,183,PCS,CTN,19/07/2027,,10
46,02,1,02,1,10000562,MONDE BISCUIT EGG DROPS  PCK 110,,102,176,PCS,,23/09/2027,,3
46,02,2,01,1,20090456,CHUPA CHUPS CANDY LOLLIPOPS GUMFILLED  PCS 15,,103,212,PCS,,06/10/2027,,4
46,02,2,02,1,20046858,NUTRIJELL KONNYAKU JELLY POWDER GRAPE PCK 15,,104,47,PCS,,30/01/2028,,1
46,02,2,03,1,20143043,OBALAB TRIANGLE CHEESE CAKE  PCS 80,,105,758,PCS,,25/05/2027,,1
46,02,2,04,1,20027448,TANGO WAFER CHOCOLATE PCK 110/100,,106,304,PCS,,19/06/2027,L,8
46,02,2,05,1,20017911,SUPER BUBUR INSTANT BERGIZI ABON SAPI PCK 49,,107,164,PCS,,12/01/2027,,5
46,02,2,06,1,20098947,GAGA MIE INSTANT 100 EXTRA PEDAS KUAH JALAPENO CUP 75,,108,0,PCS,,19/05/2027,,2
46,03,1,01,1,20012680,QTELA KERIPIK SINGKONG ORIGINAL PCK 175,,111,242,PCS,CTN,17/02/2027,,4
46,03,1,02,1,20045139,NISSIN WALENS BLUEBERRY SOES  PCK 100,,112,278,PCS,,23/04/2027,,2
46,03,2,01,1,20134983,RITZ CRACKERS CHEESE PCK 91,,113,381,PCS,,23/04/2027,,4
46,03,2,02,1,20069636,BOLA DUNIA AGAR AGAR POWDER COKLAT PCK 7,,114,99,PCS,,15/07/2027,,1
46,03,2,03,1,20137068,CHOMP CHOMP MALLOW PUFF WITH VANILLA PCK 50,,115,0,PCS,,20/03/2028,V,1
46,03,2,04,1,20033519,ROMA BISCUIT SUSU+SELAI SLAI OLAI STRAWBERRY PCK 128,,116,132,PCS,,15/03/2027,,2
46,03,2,05,1,20141816,NONG SHIM SHIN RAMYUN TOOMBA STIR FRY SPICY  BKS 137,,117,0,PCS,,23/09/2027,,1
46,03,2,06,1,20118424,KHONG GUAN CRACKERS SALTCHEESE SWEET & SPICY PCK 200,,118,516,PCS,,12/02/2027,,2
46,04,1,01,1,20141505,JETZ SNACK CROISSANT CHOCOLATE PCK 50,,121,0,PCS,,14/03/2027,,2
46,04,1,02,1,20012679,QTELA KERIPIK SINGKONG BARBEQUE PCK 60,,122,528,PCS,,17/02/2027,,2
46,04,2,01,1,20135347,LARISST STIK GANDUM VANILA PCH 75,,123,175,PCS,,15/03/2027,,1
46,04,2,02,1,20142228,CAP ENAK KRIMER KENTAL MANIS BELGIAN CHOCO PCH 535,,124,0,PCS,,09/02/2027,,1
46,04,2,03,1,20014281,INDOFOOD BUMBU RACIK AYAM GORENG PCK 26,,125,1291,PCS,CTN,23/09/2027,,4
46,04,2,04,1,20138030,JAGOAN NEON CANDY LOLLYPOP LIDAH BERWARNA  PCK 27,,126,252,PCS,,20/09/2028,,2
46,04,2,05,1,20099679,LEMONILO MIE INSTANT ALAMI GORENG PCK 77/65,,127,850,PCS,,19/06/2027,,10
46,04,2,06,1,20003405,FORVITA MARGARINE  PCK 200,,128,176,PCS,,13/07/2027,L,2
46,05,1,01,1,20087155,POP MIE MI INSTAN LAPEER TIME AYAM BAWANG CUP 75,,131,810,PCS,,15/05/2027,,6
46,05,1,02,1,10034901,CHO-CHO WAFER SNACK CHOCOLATE RICE CRISPY CUP 33,,132,604,PCS,,16/06/2027,,10
46,05,2,01,1,20021359,BAMBOE BUMBU INSTANT SOTO MADURA PCK 40,,133,7,PCS,CTN,13/07/2027,,12
46,05,2,02,1,10000103,REGAL MARIE  PCK 230,,134,108,PCS,CTN,13/07/2027,L,2
46,05,2,03,1,20142669,KTOAST BAGELEN GIGIT BUTTER PCK 45,,135,134,PCS,,07/01/2027,,1
46,05,2,04,1,20111422,KATA OMA SNACK TELUR GABUS KEJU PCH 50,,136,125,PCS,,23/04/2027,,2
46,05,2,05,1,20101402,GADING DUA AMPOK JAGUNG (ECO)  PCK 250,,137,67,PCS,,23/04/2027,,1
46,05,2,06,1,20140181,KAPAL API KOPI BUBUK SPECIAL MERAH  PCK 250,,138,46,PCS,,06/07/2027,,1
46,06,1,01,1,20140251,CHIKI SNACK POPCORN  SALTED CARAMEL PCK 72,,141,513,PCS,,15/03/2027,,1
46,06,1,02,1,20072575,KRISBEE SNACK FRENCH FRIES  PCK 68/65,,142,40,PCS,,15/03/2027,,4
46,06,2,01,1,20096499,SAMYANG MIE INSTANT GORENG PEDAS AYAM CARBONARA PCK 130,,143,0,PCS,,05/01/2027,L,5
46,06,2,02,1,20134633,INDOMARET CHOCOLATE MEISIS MIX PCK 200,,144,180,PCS,,19/08/2027,,1
46,06,2,03,1,20101243,MAMASUKA PATI JAGUNG MAIZENA  PCK 150,,145,0,PCS,,12/01/2027,,1
46,06,2,04,1,20060370,GOOD DAY KOPI INSTANT 3 IN 1 CHOCOCINNO PCK 10X20,,146,205,PCS,,15/03/2027,,1
46,06,2,05,1,20088417,INDOMARET SNACK STICK KEJU  PCK 80,,147,140,PCS,,15/09/2027,,2
46,06,2,06,1,20130867,INDOMARET KERIPIK PISANG KEPOK  PCH 75,,148,0,PCS,,23/09/2027,,1
46,07,1,01,1,20069844,OISHI SNACK POPCORN COKLAT PCH 100,,151,106,PCS,,21/02/2027,,4
46,07,1,02,1,20052877,PALMIA ROYAL BUTTER MARGARINE  PCK 200,,152,0,PCS,,23/06/2027,,5
46,07,2,01,1,20026083,AGAR RASA AGAR AGAR POWDER COKLAT PCK 22,,153,0,PCS,,20/09/2028,,1
46,07,2,02,1,20140272,CHIKI SNACK TWIST ROASTED CORN PCK 120,,154,0,PCS,,14/03/2027,,2
46,07,2,03,1,20078113,POPPY POP SNACK  JAGUNG BAKAR PCK 60,,155,380,PCS,,23/02/2027,,8
46,07,2,04,1,20091350,ROMA MARIE GOLD  PCK 220+22,,156,223,PCS,,15/09/2027,,1
46,07,2,05,1,20133690,SEDAAP BUMBU KALDU AYAM PCK 250,,157,137,PCS,,23/09/2027,,1
46,07,2,06,1,10000210,BLUE BAND MARGARINE SERBAGUNA (35621)  CUP 250/30,,158,212,PCS,,23/03/2027,,2
46,08,1,01,1,20095226,TOP COFFEE KOPI CAPPUCCINO  PCK 6X25,,161,341,PCS,,20/09/2028,,2
46,08,1,02,1,10025301,QUAKER OATMEAL INSTANT (REF) MERAH PCK 800,,162,70,PCS,,13/07/2027,,1
46,08,2,01,1,20077096,JOSH KUPING GAJAH COKLAT PCK 75,,163,0,PCS,,20/02/2027,,1
46,08,2,02,1,10040150,INDOFOOD TABURI BUMBU TABUR/KENTANG GORENG BARBEKIU PCK 25,,164,173,PCS,CTN,13/07/2027,,1
46,08,2,03,1,20038988,AIR MANCUR GULA BATU  PCS 200,,165,24,PCS,PCS,15/03/2027,,1
46,08,2,04,1,20073689,BERONTOSENO KOPI BUBUK  PCK 100,,166,102,PCS,,15/03/2027,,1
46,08,2,05,1,20097469,LUWAK WHITE KOFFIE TARIK MALAKA PCK 6X25,,167,0,PCS,,19/05/2027,,1
46,08,2,06,1,20138568,MOOOCHII KUE MOCHI RED BEAN PCK 40,,168,503,PCS,,15/03/2027,,2
46,09,1,01,1,20135991,POP MIE MI INSTAN SPICY RAMYEON CUP 71,,171,152,PCS,,15/05/2027,,3
46,09,1,02,1,,,,172,0,PCS,,,,
46,09,2,01,1,20018272,IKAN DORANG MINYAK GORENG KELAPA SPESIAL PCH 950L,,173,38,PCS,,24/07/2027,,1
46,09,2,02,1,10008469,BARCO MINYAK GORENG REFILL  PCH 1000L,,174,78,PCS,,28/07/2028,L,1
46,09,2,03,1,20067209,PONDS PEMBERSIH WAJAH BRIGHT BEAUTY/ NIASORCINOL TUB 50,,175,0,PCS,,07/01/2029,V,1
46,09,2,04,1,20114051,HEAD &SHOULDERS SHAMPOO A/D ANTI GATAL BTL 160/145L,,176,0,PCS,,27/09/2028,H,1
46,09,2,05,1,10003381,GARUDA KACANG GARING  PCK 160,,177,326,PCS,,23/04/2027,,2
46,09,2,06,1,,,,178,0,PCS,,,,
47,01,1,01,1,20093941,POTABEE SNACK POTATO CHIPS AYAM BAKAR PCK 68/65,,181,96,PCS,,06/02/2027,,2
47,01,1,02,1,20101064,CHIKI SNACK BALLS CHEESE PCK 55/50,,182,371,PCS,,14/03/2027,,6
47,01,2,01,1,20018326,KACANG BAWANG OVEN (NEW)  PCK 125,,183,196,PCS,,16/03/2027,,2
47,01,2,02,1,20140909,BIONIC FARM TERI KENTANG BALADO  PCH 60,,184,0,PCS,,07/01/2027,,1
47,01,2,03,1,10000128,CERES HAGELSLAG RICE CHOCO CLASSIC PCK 80,,185,67,PCS,,15/03/2027,,1
47,01,2,04,1,20138569,MOOOCHII KUE MOCHI CHOCOLATE PCK 40,,186,263,PCS,,15/03/2027,,4
47,01,2,05,1,20052583,SAMYANG MIE INSTANT GORENG PEDAS AYAM PCK 140,,187,0,PCS,,06/02/2027,,5
47,01,2,06,1,20074990,OREO SANDWICH DARK&WHITE CHO PCK 110.4/105,,188,160,PCS,CTN,16/04/2027,,6
47,02,1,01,1,20119460,POTABEE SNACK POTATO CHIPS GRILLED SEAWEED PCK 120/115,,191,264,PCS,,06/02/2027,,2
47,02,1,02,1,20055762,JELE MINUMAN COLLAGEN  PCS 150,,192,2025,PCS,,06/01/2028,,6
47,02,2,01,1,10004055,3 AYAM MIE TELOR SUPER MERAH PCK 200,,193,0,PCS,,28/02/2027,,4
47,02,2,02,1,10004331,LA FONTE SPAGHETTI (11)  PCK 450,,194,141,PCS,,06/01/2028,,1
47,02,2,03,1,20141457,PRINGLES POTATO CRISPS SEAWEED BURST KLG 102,,195,213,PCS,,15/06/2027,,2
47,02,2,04,1,20139784,ROYCO BUMBU INSTANT SOTO AYAM PCH 40,,196,120,PCS,,23/09/2027,,1
47,02,2,05,1,20097406,ROMA BISCUIT SUSU+SELAI SLAI OLAI BLUEBERRY PCK 128,,197,418,PCS,,21/02/2027,,2
47,02,2,06,1,20139814,BIOKUL TO GO YOGURT YUZU PCH 80,,198,541,PCS,,27/07/2027,,1
47,03,1,01,1,20004229,SMAX SNACK RING RASA CHEESE PCK 40,,201,256,PCS,,03/03/2027,,4
47,03,1,02,1,20119019,HAPPYTOS SNACK TORTILLA CHIPS HOT CHILI PCK 140,,202,0,PCS,,15/03/2027,,2
47,03,2,01,1,20066052,DELMONTE BARBEQUE SAUCE  PCH 250,,203,300,PCS,,13/07/2027,,3
47,03,2,02,1,20109917,ROMA WAFER WAFELLO ITALIA CHOCO BLAST PCK 97.6,,204,0,PCS,CTN,23/06/2027,,2
47,03,2,03,1,20049190,GERY CRACKERS MALKIST SALUUT COKLAT PCK 110/100,,205,164,PCS,,15/03/2027,,6
47,03,2,04,1,20113972,LEMONILO MIE INSTANT PEDAS KOREA PCK 85/68,,206,216,PCS,,28/02/2027,,2
47,03,2,05,1,20122406,PIKOPI KOPI INSTANT (6+3) GULA AREN PCK 9X22,,207,373,PCS,,13/07/2027,,2
47,03,2,06,1,20077519,SYAFRIDA JAGUNG GEPENG PEDAS PCK 150,,208,2,PCS,,28/02/2027,,2
47,04,1,01,1,20138235,CHEETOS SNACK KEJU PCK 60/68,,211,0,PCS,,11/07/2027,,2
47,04,1,02,1,20142498,KANZLER KOREAN HOT SAUCE GOCHU JANG LEVEL 15 PCH 120,,212,374,PCS,,28/05/2027,,1
47,04,2,01,1,20099766,MAESTRO THOUSAND ISLAND SALAD DRESSING  PCK 100,,213,396,PCS,,15/03/2027,,2
47,04,2,02,1,10031438,SASA SAMBAL EXTRA HOT PCK 248,,214,286,PCS,,23/04/2027,,1
47,04,2,03,1,20069634,BOLA DUNIA AGAR AGAR POWDER HIJAU PCK 7,,215,40,PCS,,04/03/2028,,1
47,04,2,04,1,20042025,INDOCAFE COFFEE MIX 3 IN 1  PCK 10X20,,216,90,PCS,,08/02/2027,,2
47,04,2,05,1,20140013,M&MS CHOCOLATE CRISPY PCK 30,,217,482,PCS,,12/03/2027,,2
47,04,2,06,1,20091331,ROMA CRACKERS MALKIST KELAPA KOPYOR PCK 224,,218,2,PCS,,15/03/2027,,2
47,05,1,01,1,20121350,5 DAYS MINI CROISSANT CHOCOLATE PCK 128,,221,144,PCS,,23/01/2027,,2
47,05,1,02,1,20128427,QTELA KERIPIK SINGKONG RUMPUT LAUT PCK 100/125,,222,0,PCS,,17/02/2027,,2
47,05,2,01,1,20142670,KTOAST BAGELEN GIGIT CHEESE PCK 45,,223,165,PCS,,07/01/2027,,1
47,05,2,02,1,20013345,BAMBOE BUMBU INSTANT NASI GORENG(NEW)  PCK 40,,224,197,PCS,,27/08/2027,,1
47,05,2,03,1,10002915,INDOFOOD BUMBU SPESIAL RACIK SOTO AYAM PCK 45,,225,205,PCS,,23/10/2027,,1
47,05,2,04,1,20073043,LUWAK WHITE KOFFIE ORIGINAL LESS SUGAR PCK 9X19,,226,88,PCS,CTN,13/07/2027,,2
47,05,2,05,1,20072230,INDOMARET KACANG KORO ORIGINAL PCK 140,,227,4,PCS,,23/04/2027,,2
47,05,2,06,1,20054091,BUDY JAM SELAI COKLAT CUP 150,,228,8,PCS,CTN,15/09/2027,,1
47,06,1,01,1,20125580,JAPOTA POTATO CHIPS NIPIS PEDAS PCK 68/65,,231,354,PCS,,06/02/2027,,2
47,06,1,02,1,20003915,INDOMARET ABON SAPI  PCK 100,,232,505,PCS,,15/09/2027,L,10
47,06,2,01,1,20137587,CHOMP CHOMP MALLOW POP  PCS 18/16,,233,0,PCS,,15/06/2027,,1
47,06,2,02,1,20023890,INDOFOOD BUMBU RACIK SAYUR SOP PCK 20,,234,571,PCS,,07/01/2027,,1
47,06,2,03,1,10016718,NUTRIJELL KONNYAKU JELLY POWDER LECI PCK 15,,235,1,PCS,CTN,18/11/2027,,8
47,06,2,04,1,20143371,MONDE BOROMON COOKIES TAMAGO PCH 40,,236,324,PCS,,07/08/2027,,1
47,06,2,05,1,20083233,SRI REJEKI JAYA KRIPIK KENTANG  PCK 80,,237,22,PCS,,06/03/2027,,1
47,06,2,06,1,20112749,SAMYANG RAMEN SPICY PCK 120,,238,0,PCS,,16/05/2027,,1
47,07,1,01,1,20113989,ROMA BISCUIT KELAPA CREAM COKELAT PCK 186,,241,2,PCS,,23/09/2027,,7
47,07,1,02,1,20095753,GARUDA KACANG PANGGANG ROSTA WAGYU PCK 95/90,,242,56,PCS,,04/01/2027,,2
47,07,2,01,1,20136517,FRUIT CANDY SWEET FUN  PCS 2,,243,9,PCS,,06/07/2028,,6
47,07,2,02,1,20125633,ABC KOPI SUSU INSTANT GULA AREN PCK 9X27,,244,0,PCS,,07/02/2027,V,1
47,07,2,03,1,20143337,TANGO WAFER WAFFLE CHOCO HAZELNUT PCH 70,,245,64,PCS,,12/08/2027,,1
47,07,2,04,1,20071759,LUMBA-LUMBA KRIPIK SINGKONG MANIS PCK 200,,246,62,PCS,,15/03/2027,,1
47,07,2,05,1,20030358,MONDE BISCUIT GENJI MINI PIE  PCK 50,,247,0,PCS,,23/04/2027,,2
47,07,2,06,1,20020018,HATARI CRACKERS SEE HONG PUFF SUGAR PCK 260/245,,248,84,PCS,,13/07/2027,,2
47,08,1,01,1,20038475,YEYE POPCORN STROBERI PCK 150,,251,94,PCS,,28/02/2027,,1
47,08,1,02,1,10030665,SIMBA CEREAL CHOCO CHIPS COKLAT PCK 80/72,,252,292,PCS,,23/02/2027,,2
47,08,2,01,1,20136007,MISTER POTATO SNACK CRISPS BARBEQUE KLG 85,,253,816,PCS,,06/07/2027,,8
47,08,2,02,1,20144171,KRISBEE SNACK CHICKEN NUGGET  PCK 75,,254,405,PCS,,12/05/2027,,1
47,08,2,03,1,20036865,ABC SAMBAL TERASI  PCK 10X18,,255,28,PCS,,20/09/2027,,1
47,08,2,04,1,20099549,LA FONTE PASTA SAUCE CHKN BOLOGNESE PCH 290,,256,82,PCS,,28/02/2027,,1
47,08,2,05,1,10002962,KHONG GUAN CRACKERS SALTCHEESE BARBEQUE PCK 200,,257,0,PCS,,15/03/2027,,2
47,08,2,06,1,20067474,CAPUNG HERBAL PASTILLES  PCS 7,,258,0,PCS,,16/06/2028,,1
47,09,1,01,1,20093266,LARISST GARAM BERYODIUM  PCK 500,,261,316,PCS,,30/08/2028,,1
47,09,1,02,1,,,,262,0,PCS,,,,
47,09,2,01,1,,,,263,0,PCS,,,,
47,09,2,02,1,,,,264,0,PCS,,,,
47,09,2,03,1,,,,265,0,PCS,,,,
47,09,2,04,1,,,,,0,PCS,,,,
47,09,2,05,1,,,,267,0,PCS,,,,
47,09,2,06,1,,,,268,0,PCS,,,,
48,01,1,01,1,10011021,SIMBA CEREAL CHOCO CHIPS + KALSIUM SUSU COKLAT CUP 34,,271,728,PCS,,21/02/2027,,8
48,01,1,02,1,10034899,CHO-CHO WAFER SNACK CHOCOLATE STRAWBERRY CUP 40/35,,272,418,PCS,,23/04/2027,,10
48,01,2,01,1,20141067,DUA TANG TEH CELUP MELATI BOX 25X2,,273,57,PCS,,12/02/2028,,1
48,01,2,02,1,20139890,WONHAE STRAWBERRY CHEESECAKE MINI  BITES PCK 30,,274,68,PCS,,23/02/2027,,2
48,01,2,03,1,20104152,DELMONTE EXTRA HOT CHILLI SAUCE  PCH 200,,275,113,PCS,CTN,06/07/2028,,8
48,01,2,04,1,10005009,POCI TEH CELUP  BOX 25X2,,276,27,PCS,,24/02/2027,,1
48,01,2,05,1,10036887,ARNOTTS BISCUIT NYAM-NYAM FNTASY STICK SPARKLING CHOCO CUP 22.5,,277,0,PCS,,03/02/2027,,12
48,01,2,06,1,20122072,NUTELLA B-READY FERRERO  PCK 22,,278,0,PCS,,02/04/2027,,2
48,02,1,01,1,20132339,POP MIE MI INSTAN TORI KARA RAMEN CUP 70,,281,0,PCS,,06/03/2027,,4
48,02,1,02,1,10029724,GARUDA KACANG ATOM  PCK 100/95 ,,282,262,PCS,,15/05/2027,,2
48,02,2,01,1,20138101,BANGO KECAP MANIS  PCH 380,,283,152,PCS,CTN,20/11/2027,,2
48,02,2,02,1,20032259,SUPER BUBUR INSTANT BERGIZI KUAH SOTO PCK 46,,284,602,PCS,,12/01/2027,,2
48,02,2,03,1,20037353,AJINOMOTO TEPUNG BUMBU SAJIKU GOLDEN CRISPY PCK 200,,285,65,PCS,,23/06/2027,,1
48,02,2,04,1,20069701,MEG KEJU SERBAGUNA  BOX 165/160,,286,30,PCS,,27/06/2027,,2
48,02,2,05,1,20103062,MILNA NATURE PUFFS ORGANIC APPLE&M.BERRIES PCH 15,,287,0,PCS,,23/09/2027,,2
48,02,2,06,1,10004980,SINGA KOPI BUBUK MURNI ROBUSTA JAVA PCK 180,,288,76,PCS,,07/01/2027,,1
48,03,1,01,1,20045132,ROMA BISCUIT SARI GANDUM SANDWICH SUSU&COKELAT PCK 108,,291,271,PCS,,20/09/2027,D,4
48,03,1,02,1,20138231,DORITOS SNACK SAMBAL SALSA PCK 120,,292,0,PCS,,28/02/2027,,1
48,03,2,01,1,20098059,ROMA BISCUIT SANDWICHI PEANUT BUTTER PCK 157,,293,0,PCS,,23/04/2027,,7
48,03,2,02,1,20047037,INDOMARET KACANG BALI  PCK 150,,294,49,PCS,,09/01/2027,,5
48,03,2,03,1,10017675,ARNOTTS BISCUIT NYAM NYAM FNTASY STICK CHOCO BERRY CUP 25,,295,256,PCS,,28/02/2027,,2
48,03,2,04,1,20129197,KOBE BUMBU ADUK NASI UDUK  PCK 3X15,,296,58,PCS,,15/03/2027,,1
48,03,2,05,1,20143287,JOA-YO KOREAN SEAWEED X LARGE SHEET ORIGINAL PCS 4.8,,297,528,PCS,,10/08/2027,,12
48,03,2,06,1,20057475,SERENA SANDWICH TOGO LONG COKLAT PCK 128,,298,116,PCS,,28/06/2027,,2
48,04,1,01,1,20136745,JAPOTA POTATO CHIPS ORIGINAL PCK 68/65,,301,296,PCS,,09/03/2027,,2
48,04,1,02,1,20126424,TARO SNACK NET SEAWEED PCK 115,,302,293,PCS,,06/05/2027,,2
48,04,2,01,1,20134691,TINI WINI BITI CRACKERS RAINBOW PCH 57,,303,468,PCS,,20/09/2027,,2
48,04,2,02,1,20103449,AJINOMOTO BUMBU NASI GORENG SAJIKU KECAP/SPESIAL PCK 20,,304,200,PCS,,23/06/2027,,2
48,04,2,03,1,20089255,INDOMARET SNACK KACANG PANGGANG  PCK 100,,305,107,PCS,,23/04/2027,,1
48,04,2,04,1,20014537,BISKUAT BISCUIT ORIGINAL EXTRA (106.4G) PCK 121.6,,306,140,PCS,,23/09/2027,,2
48,04,2,05,1,20013333,BAMBOE BUMBU INSTANT RAWON (NEW)  PCK 54,,307,126,PCS,CTN,13/07/2027,,2
48,04,2,06,1,20056214,PINO ICE CUP  PCK 6S,,308,41,PCS,,23/04/2027,,1
48,05,1,01,1,20131037,CHITATO LITE SNACK POTATO ABURI SEAWEED PCK 65,,311,129,PCS,,30/03/2027,,2
48,05,1,02,1,20131047,LEMONILO CHIMI KERIPIK UBI KARAMEL MENTEGA PCK 41,,312,252,PCS,,23/09/2027,,2
48,05,2,01,1,20085280,INDOMARET GULA AREN STICK  PCK 20X6,,313,6,PCS,,15/03/2027,,1
48,05,2,02,1,20093327,TORABIKA CAPPUCCINO EXTRA CHOCO GRANULE  PCK 10X25,,314,301,PCS,,28/03/2027,,1
48,05,2,03,1,10006913,INACO MINI JELLY MIX FLAVOUR PCK 25S/27S,,315,0,PCS,,04/08/2027,,1
48,05,2,04,1,20141513,INDOMARET KACANG TANAH KUPAS  PCK 250,,316,27,PCS,,24/03/2027,,1
48,05,2,05,1,20137681,INDOMARET CANDY GUMMY STRAWBERY MANG0 PCK 50,,317,342,PCS,,20/03/2027,,2
48,05,2,06,1,10007805,MONA BISCUIT KOPYOR PCK 300,,318,58,PCS,,23/04/2027,,1
48,06,1,01,1,20099955,OISHI PANCHOS KERIPIK JAGUNG SAPI PANGGANG PCK 140,,321,476,PCS,,23/02/2027,,2
48,06,1,02,1,20093110,KUSUKA KERIPIK SINGKONG BALADO PCK 180,,322,209,PCS,,08/01/2027,,2
48,06,2,01,1,20095021,MUNCHYS SANDWICH CRACKER LEXUS CHOCOLATE CREAM PCK 76,,323,0,PCS,,08/01/2027,V,2
48,06,2,02,1,20139842,POCI ES TEH TARIK GULA AREN PCK 5X25,,324,171,PCS,,17/12/2027,,1
48,06,2,03,1,20061189,NARAYA OAT CHOCO (9S) CHOCOLATE PCH 90,,325,409,PCS,,13/07/2027,,2
48,06,2,04,1,10001017,ROMA CRACKERS CREAM  PCK 107,,326,1,PCS,,23/04/2027,,1
48,06,2,05,1,20128248,INDOFOOD TEPUNG BUMBU RACIK SERBAGUNA PCK 210,,327,104,PCS,CTN,15/03/2027,,1
48,06,2,06,1,20143939,INDOMARET KACANG METE ORIGINAL PCH 65,,328,0,PCS,,26/03/2027,,1
48,07,1,01,1,20136661,5 DAYS CROISSANT CHOCO BANANA PCK 60,,331,83,PCS,,07/02/2027,,2
48,07,1,02,1,20142807,GERY BISCUIT KENTANG BARBEQUE PCK 55,,332,0,PCS,,04/05/2027,,1
48,07,2,01,1,20138713,PALDO BIBIMEN II PHOTOCARD (HADIAH)  PCK 130,,333,447,PCS,,,Z,1
48,07,2,02,1,20143947,KHONG GUAN ONE-ONE SNACK BULGOGI PCK 50,,334,254,PCS,,12/08/2027,,1
48,07,2,03,1,20124895,GOOD TIME COOKIES CHOCO DIP PCK 71,,335,0,PCS,CTN,02/06/2027,,2
48,07,2,04,1,20131033,KEWPIE SAUS SIRAM WIJEN SANGRAI  SCT 50L,,336,487,PCS,,13/07/2027,,2
48,07,2,05,1,10002768,INDOFOOD BUMBU SPESIAL RACIK OPOR AYAM PCK 45,,337,53,PCS,CTN,13/07/2027,,4
48,07,2,06,1,20138271,NONG SHIM SHIN RAMYUN STIR FRY CHEESE PCK 136,,338,0,PCS,,15/09/2027,,1
48,08,1,01,1,20132876,OISHI TATER THINS POTATO SNACK TRUFFLE PCK 100,,341,0,PCS,,23/07/2027,,2
48,08,1,02,1,20117107,BANGO KECAP MANIS REFILL (735ML)/  PCH 950/920,,342,0,PCS,,16/06/2027,T,6
48,08,2,01,1,20039610,SIDO MUNCUL JAHE SUSU  PCK 10X27,,343,114,PCS,,23/03/2028,,1
48,08,2,02,1,20013341,BAMBOE BUMBU INSTANT RENDANG (NEW)  PCK 35,,344,0,PCS,,23/03/2028,,24
48,08,2,03,1,,,,345,0,PCS,,,,
48,08,2,04,1,20127764,NONG SHIM INSTANT NOODLE SHIN RAMYUN STIR FRY PCK 131,,346,19,PCS,,15/03/2027,,1
48,08,2,05,1,20082449,SENNA KRUPUKKU KERUPUK UDANG EXTRA  PCK 200,,347,0,PCS,,18/11/2027,,1
48,08,2,06,1,20123095,MAMASUKA TEPUNG BUMBU KRISPI KENTUCKY PCK 210,,348,30,PCS,,15/03/2027,,1
48,09,1,01,1,,,,351,0,PCS,,,,
48,09,1,02,1,,,,352,0,PCS,,,,
48,09,2,01,1,,,,353,0,PCS,,,,
48,09,2,02,1,,,,354,0,PCS,,,,
48,09,2,03,1,,,,,0,PCS,,,,
48,09,2,04,1,,,,,0,PCS,,,,
48,09,2,05,1,,,,,0,PCS,,,,
48,09,2,06,1,,,,358,0,PCS,,,,
49,01,1,01,1,20097774,JAPOTA POTATO CHIPS UM.JPNS SEAWEED PCK 68/65,,1,312,PCS,,23/04/2027,,2
49,01,1,02,1,20052391,SEDAAP MIE MIE INSTANT KARI SPECIAL CUP 79/81,,2,12,PCS,,15/05/2027,,12
49,01,2,01,1,10024189,SOZZIS SOSIS SAPI 3S  PCK 75,,3,990,PCS,,14/03/2027,,2
49,01,2,02,1,10005600,KUNCI BIRU TEPUNG TERIGU  PCK 1000,,4,132,PCS,,13/07/2027,,1
49,01,2,03,1,20134767,NUTRIJELL KONNYAKU JELLY POWDER DARK CHOCO PCK 24,,5,0,PCS,,06/07/2028,,1
49,01,2,04,1,20112372,GADJAH KOPI TUBRUK MANIS 2IN1  PCH 10X23,,6,182,PCS,,16/07/2027,,1
49,01,2,05,1,20024644,OREO SANDWICH STRAWBERY CREME PCK 110.4/105,,7,448,PCS,,15/03/2027,,6
49,01,2,06,1,10024188,SOZZIS SOSIS AYAM 3S  PCK 75,,8,0,PCS,,14/03/2027,,8
49,02,1,01,1,10014293,POP MIE MI INSTAN LAPEER TIME SOTO AYAM CUP 75,,11,176,PCS,,06/03/2027,L,8
49,02,1,02,1,20138229,LAYS SNACK POTATO CHIPS DAGING SAPI BKR PCK 64,,12,0,PCS,,15/07/2027,,2
49,02,2,01,1,20077364,BAMBOE BUMBU INSTANT TOM YUM  PCK 60,,13,136,PCS,,15/03/2027,,1
49,02,2,02,1,20031775,NISSIN MIE INSTANT GEKIKARA RAMEN PEDAS PCK 109,,14,36,PCS,,23/02/2027,,2
49,02,2,03,1,20008946,KHONG GUAN CRACKERS MALKIST ABON SAPI PCK 125,,15,0,PCS,,15/03/2027,,2
49,02,2,04,1,10032310,CHUPA CHUPS CANDY LOLLIPOPS ASSORTED PCS 10.5,,16,498,PCS,,21/05/2027,,5
49,02,2,05,1,10003457,LAGIE HEGEL-SLAG SAFARI POLOS PCK 100,,17,215,PCS,,23/06/2027,,2
49,02,2,06,1,10006131,AIM CRACKERS ROASTED CORN PCK 180,,18,75,PCS,CTN,23/06/2027,,2
49,03,1,01,1,20048791,OREO SANDWICH MINI VANILLA CREAM PCH 58.4,,21,199,PCS,CTN,23/02/2027,,2
49,03,1,02,1,20103738,FRESCO KOPI INSTANT CAPPUCCINO  PCK 9X25,,22,0,PCS,,12/08/2027,,5
49,03,2,01,1,20131802,IMPERIAL BISCUIT SUSU SELAI DAN KRIM BLUEBERRY PCK 108,,23,85,PCS,CTN,24/03/2027,,2
49,03,2,02,1,20105103,MILO MINUMAN SERBUK COKELAT  PCK 4X22,,24,0,PCS,,23/04/2027,,5
49,03,2,03,1,10002766,INDOFOOD BUMBU SPESIAL RACIK RAWON PCK 50,,25,0,PCS,,06/07/2028,,12
49,03,2,04,1,20054034,TAO KAE NOI BIG ROLL GRILLED SEAWEED ROLL CLASSIC PCK 3,,26,712,PCS,,17/03/2027,,12
49,03,2,05,1,20089256,INDOMARET SNACK KACANG TELUR MEDAN  PCK 100,,27,32,PCS,CTN,06/02/2027,,2
49,03,2,06,1,20034699,BIHUN JAGUNG BIHUN CAP TANAM JAGUNG  PCK 320,,28,180,PCS,,06/07/2028,,5
49,04,1,01,1,20125077,5 DAYS CROISSANT PANDAN SRIKAYA PCK 60,,31,557,PCS,,15/03/2027,,2
49,04,1,02,1,10026501,DUA KELINCI KACANG SUKRO  PCK 95,,32,883,PCS,,15/03/2027,,10
49,04,2,01,1,10003942,BUDY JAM SELAI STROBERI CUP 150,,33,126,PCS,CTN,06/07/2027,,1
49,04,2,02,1,10004018,TONG TJI TEH BUBUK SUPER PCK 80,,34,467,PCS,CTN,15/03/2027,,1
49,04,2,03,1,20071457,TULIP DARK CHOCOLATE COMPOUND  PCK 250/225,,35,15,PCS,,13/07/2027,,1
49,04,2,04,1,20109716,GOLDENFIL SPREAD CHOCO CRUNCHY CUP 350,,36,94,PCS,,20/09/2027,,1
49,04,2,05,1,20143073,HIFRUIT FRUIT GUMMY GREEN GRAPE PCK 25,,37,27,PCS,,13/07/2027,,1
49,04,2,06,1,20136451,NESCAFE KOPI INSTANT ICE ROAST AMERICANO PCK 10X2,,38,660,PCS,,04/04/2028,D,5
49,05,1,01,1,20034682,RIN-BEE SNACK STICK KEJU PCK 60,,41,160,PCS,,23/06/2027,,2
49,05,1,02,1,20016245,POP MIE MI INSTAN MINI / SNEK TIME AYAM BAWANG CUP 40,,42,0,PCS,,29/03/2027,,12
49,05,2,01,1,20007824,DUA KELINCI KACANG SANGRAI  PCK 180,,43,52,PCS,,15/03/2027,,1
49,05,2,02,1,20023287,KAPAL API KOPI BUBUK+GULA MANTAP PCK 8X24,,44,72,PCS,,23/09/2027,,2
49,05,2,03,1,10004503,CHUPA CHUPS BIG BABOL CANDY STICK STRAWBERRY STK 20,,45,0,PCS,,22/07/2027,,5
49,05,2,04,1,20099768,MAESTRO WIJEN SANGRAI SALAD DRESSING  PCK 100,,46,300,PCS,,02/01/2028,,2
49,05,2,05,1,20025508,PIA 100 KUE PIA KACANG HIJAU PCK 150/138,,47,0,PCS,CTN,15/03/2027,,2
49,05,2,06,1,20085279,INDOMARET GULA PASIR STICK  PCK 30X8,,48,54,PCS,,15/03/2027,,1
49,06,1,01,1,20138228,LAYS SNACK POTATO CHIPS RUMPUT LAUT PCK 64,,51,301,PCS,,23/07/2027,,6
49,06,1,02,1,10007001,YEYE POP CORN ASSORTED PCK,,52,54,PCS,,15/05/2027,,2
49,06,2,01,1,20134778,SASA HOUSE KARI JEPANG PEDAS PCK 40,,53,388,PCS,,07/07/2027,,1
49,06,2,02,1,20128247,WONHAE INSTANT FRIED NOODLE ROSE RAMYUN PCK 120/97,,54,249,PCS,,23/04/2027,,1
49,06,2,03,1,20134507,TUDUNG BUMBU NASI UDUK  PCK 27,,55,0,PCS,,06/03/2027,T,1
49,06,2,04,1,20038548,AJINOMOTO PENYEDAP RASA MASAKO SAPI PCK 250/230,,56,7,PCS,,23/06/2027,,1
49,06,2,05,1,10003507,MR.P KACANG MADU PCH 80,,57,48,PCS,,23/09/2027,,2
49,06,2,06,1,20012187,INDOFOOD SAMBAL PEDAS PCK 24X8,,58,322,PCS,,15/09/2027,,1
49,07,1,01,1,20139081,REGAL CHOCO MARIE  PCH 64,,61,3,PCS,,15/03/2027,N,1
49,07,1,02,1,20138739,INDOMIE POP SPAGETI SPICY BOLOGNESE PCK 84,,62,0,PCS,,03/01/2027,,5
49,07,2,01,1,20137762,LARISST COCO CRISPY STROBERI PCH 50+20,,63,162,PCS,,16/06/2027,,2
49,07,2,02,1,10036819,SWALLOW GLOBE AGAR AGAR POWDER MERAH PCK 7,,64,288,PCS,CTN,06/07/2029,,1
49,07,2,03,1,20081740,ELLENKA FIBER CREME  PCK 100,,65,40,PCS,,08/07/2027,,2
49,07,2,04,1,10035898,AJINOMOTO PENYEDAP RASA MASAKO AYAM PCH 100/94,,66,1,PCS,CTN,23/06/2027,,2
49,07,2,05,1,20004032,INDOMARET CHOCOLATE MEISES  PCK 80,,67,34,PCS,,23/04/2027,,1
49,07,2,06,1,20056331,TAO KAE NOI BIG ROLL GRILLED SEAWEED ROLL SPICY PCK 3,,68,865,PCS,,29/03/2027,,12
49,08,1,01,1,,,,71,0,PCS,,,,
49,08,1,02,1,20083488,TANGO WAFER VANILLA MILK PCH 99/95,,72,134,PCS,,23/02/2027,,1
49,08,2,01,1,20139077,TANGO WAFER MATCHA PCK 33,,73,21,PCS,,03/09/2027,T,1
49,08,2,02,1,20084902,RAW MATERIAL TOPPING SAOS CHILI PCS 500,,74,0,PCS,,10/03/2027,R,20
49,08,2,03,1,20138307,JEVI SNACK BASRENG  PCK 200,,75,201,PCS,,20/03/2027,,2
49,08,2,04,1,20138164,AMOS CANDY GUMMY 4D FRUITS ROBOT PCH 72,,76,184,PCS,,05/04/2027,,1
49,08,2,05,1,,,,77,0,PCS,,,,
49,08,2,06,1,20099232,WRP EVERYDAY CHOCOLATECHIP COOKIES  PCK 30,,78,0,PCS,,23/06/2027,,1
49,09,1,01,1,20141257,POKEMON DUMMY PACK EVOLUSI MEGA IMPIAN EX MA3 PCS,,81,0,PCS,,,Z,1
49,09,1,02,1,20094553,SASHA PASTA GIGI HERBAL NATURAL ANTIBACTERIAL TUB 150,,82,0,PCS,,27/09/2029,V,1
49,09,2,01,1,20098406,DELI SCHOOL CUTTER NO.2022/2024  PCS,,83,0,PCS,,,V,1
49,09,2,02,1,20093329,DELI SCISSORS NO.6021  PCS,,84,0,PCS,,,V,1
49,09,2,03,1,,,,85,0,PCS,,,,
49,09,2,04,1,20139950,HIMALAYA TURMERIC CLAY STICK MASK  PCS 30,,86,0,PCS,,30/08/2029,T,1
49,09,2,05,1,,,,87,0,PCS,,,,
49,09,2,06,1,,,,88,0,PCS,,,,
50,01,1,01,1,20045104,QTELA KERIPIK TEMPE CABE RAWIT PCK 55,,91,595,PCS,,07/04/2027,L,5
50,01,1,02,1,20002415,FILMA MARGARINE BERNUTRISI  PCK 200,,92,1662,PCS,,23/09/2027,,3
50,01,2,01,1,20142678,LEMONILO BROWNIES CRISPY LEMON CHEESE PCH 33/32,,93,86,PCS,,25/06/2027,,1
50,01,2,02,1,20071479,LAGIE CHOCO CHIPS  PCK 45,,94,48,PCS,,13/07/2027,,2
50,01,2,03,1,20069768,BIHUNKU BIHUN INSTANT SOTO SPESIAL PCK 55,,95,232,PCS,CTN,28/02/2027,,4
50,01,2,04,1,20134969,MILO BISCUIT SANDWICH ACTIV MILK PCK 104/96,,96,135,PCS,,23/09/2027,,2
50,01,2,05,1,20052934,ROMA BISCUIT SARI GANDUM SANDWICH PEANUT BUTTER PCK 108,,97,440,PCS,,23/09/2027,L,6
50,01,2,06,1,20045204,AJINOMOTO BUMBU MASAK RP.5000  PCK 100/90,,98,237,PCS,CTN,18/11/2029,,2
50,02,1,01,1,20012681,QTELA KERIPIK SINGKONG BARBEQUE PCK 175,,101,56,PCS,,12/04/2027,L,2
50,02,1,02,1,20072195,MR.HOTTEST SNACK TORTILLA CHIPS MAITOS JAGUNG BARBEQUE PCK 140/120,,102,232,PCS,,15/05/2027,L,16
50,02,2,01,1,20139951,KOKOLA KUKIS BLACK COKELAT PCK 110,,103,96,PCS,,28/06/2027,,2
50,02,2,02,1,20038549,AJINOMOTO PENYEDAP RASA MASAKO AYAM PCK 250/230,,104,7,PCS,,11/03/2027,,1
50,02,2,03,1,20138948,GOOD DAY KOPI INSTANT LATTE BUTTERSCOTCH PCK 10X22,,105,140,PCS,,10/06/2027,,1
50,02,2,04,1,20014694,SASA TEPUNG GORENG PISANG  PCK 225/210,,106,95,PCS,,23/04/2027,,3
50,02,2,05,1,20073449,BERLIAN PILUS PEDAS PCK 100,,107,11,PCS,,06/02/2027,,2
50,02,2,06,1,10013821,AJINOMOTO BUMBU NASI GORENG SAJIKU PEDAS PCK 20,,108,0,PCS,,23/06/2027,,2
50,03,1,01,1,20068536,REBO KUACI GREEN TEA PCH 140/120,,111,773,PCS,,18/03/2027,,2
50,03,1,02,1,20006953,BERLIAN KACANG KEDELE (DC)  PCK 250,,112,686,PCS,,15/03/2027,,2
50,03,2,01,1,20134846,KELLOGGS GRANOLA MIXED BERRIES PCH 40,,113,102,PCS,,28/04/2027,,1
50,03,2,02,1,20143071,DELFI CHOCOLATE CHA CHA MINIS DISNEY PCS 25,,114,0,PCS,,13/07/2027,,1
50,03,2,03,1,20112382,MR.NATTA MINUMAN NATA DE COCO & JELLY BLUEBERRY PCK 126L,,115,0,PCS,CTN,13/07/2027,V,5
50,03,2,04,1,10001414,FISHERMANS CANDY STRONG MINT HIJAU SCT 25/22,,116,0,PCS,,20/01/2028,,1
50,03,2,05,1,20052439,KOBE TEPUNG BUMBU KENTUCKY SUPER CRISPY PCK 210/200,,117,0,PCS,,05/01/2027,,6
50,03,2,06,1,20013433,INDOMILK SUSU KENTAL MANIS PUTIH PCK 6X37,,118,430,PCS,,23/09/2027,,10
50,04,1,01,1,20124903,QTELA KERIPIK SINGKONG AYAM LADA HITAM PCK 100/125,,121,0,PCS,,24/04/2027,,2
50,04,1,02,1,20134572,PIATTOS SNACK KENTANG SAMBAL GEPREK PCK 120/115,,122,187,PCS,,23/09/2027,,4
50,04,2,01,1,10003828,QUAKER INSTANT OATMEAL (REFF) MERAH PCK 200,,123,120,PCS,,18/03/2027,,2
50,04,2,02,1,20143084,ENERGEN SUSU INSTANT CEREAL TPNG BENG2 BALS PCK 2X38,,124,934,PCS,,17/07/2027,,5
50,04,2,03,1,20076797,NUTRIJELL KONNYAKU JELLY POWDER KELAPA MUDA PCK 15,,125,0,PCS,CTN,18/05/2027,,1
50,04,2,04,1,20108817,KHONG GUAN CRACKERS+WAFER SALTCHEESE COMBO PCK 175,,126,0,PCS,,20/09/2027,,2
50,04,2,05,1,20038042,TOLL MILK CANDY ASSORTED PINK PCK 120,,127,108,PCS,,20/08/2027,,2
50,04,2,06,1,20135665,JLO CHOCOEGG DORAEMON  PCS 25,,128,210,PCS,,27/11/2027,,6
50,05,1,01,1,20143384,KAPAL API INSTANT BLACK COFFEE SUPER PCK 10X2.2 ,,131,534,PCS,,13/02/2028,,1
50,05,1,02,1,20002988,KUSUKA KERIPIK SINGKONG AYAM LADA HITAM PCK 60,,132,9,PCS,,15/03/2027,,2
50,05,2,01,1,20135346,LARISST STIK GANDUM COKELAT PCH 75,,133,96,PCS,,20/02/2027,,2
50,05,2,02,1,20009270,DELMONTE KETCHUP SAUS TOMAT  PCK 24X8,,134,96,PCS,CTN,23/09/2027,,4
50,05,2,03,1,10005302,NESCAFE COFFEE CLASSIC KEMASAN EKONOMI  PCK 45,,135,598,PCS,CTN,23/02/2028,,2
50,05,2,04,1,10008580,DELFI WAFER STICK TWISTER MINIS CHOCO CREAM PCK 70,,136,180,PCS,,15/03/2027,,2
50,05,2,05,1,20071767,NESTLE CEREAL BREAKFAST HONEY STARS PCH 70,,137,56,PCS,CTN,23/09/2027,,1
50,05,2,06,1,20136397,KOBE SELERA BUMBU AYAM GORENG LENGKUAS PCK 80,,138,1,PCS,,08/02/2027,,1
50,06,1,01,1,10003840,GARUDA KACANG TELUR  PCK 110/100,,141,290,PCS,,28/02/2027,,10
50,06,1,02,1,20133790,LARISST SNACK POPCORN JAGUNG BERONDONG CHOCOBERRY PCK 75,,142,0,PCS,,21/02/2027,V,2
50,06,2,01,1,20022639,MAMASUKA TEPUNG ROTI  PCK 100,,143,67,PCS,CTN,23/04/2027,,1
50,06,2,02,1,10003941,BUDY JAM SELAI KACANG CUP 120,,144,7,PCS,CTN,11/03/2027,,1
50,06,2,03,1,20101393,KHINZA BANANA CHIPS (ECO) PCK 90,,145,194,PCS,,28/04/2027,,1
50,06,2,04,1,10035899,AJINOMOTO PENYEDAP RASA MASAKO SAPI PCH 100/94,,146,86,PCS,CTN,23/06/2027,,1
50,06,2,05,1,20129175,SRI REJEKI JAYA KERIPIK PISANG  PCK 100,,147,160,PCS,,23/04/2027,,1
50,06,2,06,1,10038628,HATARI JAM BISCUIT PEANUT PCK 250/225,,148,620,PCS,,13/07/2027,,2
50,07,1,01,1,20113150,SIMBA CEREAL CHOCO CHIPS STRAWBERRY CUP 34,,151,1184,PCS,,23/04/2027,,2
50,07,1,02,1,20116686,CHITATO LITE SNACK POTATO SOURCREAM ONION PCK 65,,152,159,PCS,,17/03/2027,,5
50,07,2,01,1,20126401,KOKOLA KUKIS VANILA PCK 218,,153,143,PCS,,23/04/2027,,1
50,07,2,02,1,20135428,KOBE BUMBU RENDANG  PCK 3X20,,154,54,PCS,,12/03/2027,,1
50,07,2,03,1,20136018,LARISST SNACK PILUS KEJU PCK 65,,155,63,PCS,,15/05/2027,,1
50,07,2,04,1,20046979,INDOMARET KERIPIK BUAH NANGKA PCH 50,,156,0,PCS,,21/03/2027,,2
50,07,2,05,1,20113574,INDOFOOD BUMBU RACIK NASI GORENG SPESIAL SOSIS PCK 3X20,,157,290,PCS,CTN,07/01/2027,,1
50,07,2,06,1,20046341,MILO HEALTY DRINK 3 IN 1 ACTIGEN-E PCK 790,,158,35,PCS,CTN,23/04/2027,,1
50,08,1,01,1,20101461,ABC KECAP MANIS PCH 825,,161,0,PCS,,10/02/2028,,1
50,08,1,02,1,20138900,SUNSILK SHAMPOO ANTI DANDRUFF BTL 160L,,162,0,PCS,,24/03/2029,V,1
50,08,2,01,1,20137358,HOT WHEELS VINTAGE RACING 2025 HRT81  PCS,,163,0,PCS,,,V,1
50,08,2,02,1,20064547,TONG GARDEN SALTED CASHEW NUTS  PCH 160,,164,0,PCS,,23/04/2027,,1
50,08,2,03,1,,,,165,0,PCS,,,,
50,08,2,04,1,20138099,OVALTINE WAFER MALTY BITES  PCH 100,,166,142,PCS,,15/03/2027,,1
50,08,2,05,1,,,,,0,PCS,,,,
50,08,2,06,1,,,,,0,PCS,,,,
50,09,1,01,1,20064956,INDOFOOD KECAP REFILL 280 MANIS PCH 225L,,171,377,PCS,,07/03/2027,,1
50,09,1,02,1,,,,,0,PCS,,,,
50,09,2,01,1,,,,173,0,PCS,,,,
50,09,2,02,1,,,,,0,PCS,,,,
50,09,2,03,1,,,,,0,PCS,,,,
50,09,2,04,1,,,,,0,PCS,,,,
50,09,2,05,1,,,,,0,PCS,,,,
50,09,2,06,1,,,,,0,PCS,,,,
51,01,1,01,1,20031318,GOOD DAY KOPI INSTANT CAPPUCCINO W/COKLAT GRANUL PCK 10X25,,1,516,PCS,,23/03/2028,,4
51,01,1,02,1,20139291,FLOATY SNACK BAWANG PCK 60,,2,478,PCS,,12/02/2027,D,8
51,01,2,01,1,10025006,NESTLE CEREAL BREAKFAST COMBO PACK KOKO KRUNCH CUP 30,,3,186,PCS,,15/06/2027,,6
51,01,2,02,1,20123853,SASA BUMBU MASAK RP.5000  PCK 85/80,,4,22,PCS,,25/09/2027,,1
51,01,2,03,1,20111641,BETTER SANDWICH BISCUIT VANILLA PCK 120/100,,5,96,PCS,,23/04/2027,S,4
51,01,2,04,1,20139819,TANGO BROWNIES CRISPY CHOCOLATE PCH 35,,6,791,PCS,,21/03/2027,,2
51,01,2,05,1,20139356,ABC BUMBU KACANG SERBAGUNA  PCH 180,,7,0,PCS,,28/08/2027,,1
51,01,2,06,1,20104155,NISSIN MIE GORENG GEKIKARA RAMEN HOT CARBO PCK 120,,8,827,PCS,,04/01/2027,,2
51,02,1,01,1,20138949,JAPOTA POTATO CHIPS HP.HONEY BUTTER PCK 120/115,,11,144,PCS,,08/02/2027,L,9
51,02,1,02,1,20056977,GARUDA KACANG PANGGANG ROSTA BAWANG PCK 95/90,,12,23,PCS,,28/02/2027,L,5
51,02,2,01,1,20056645,NARAYA OAT CHOCO (9S)  PCH 90,,13,19,PCS,,23/10/2027,,2
51,02,2,02,1,20121733,FRISIAN FLAG GOLD SUSU KENTAL MANIS PUTIH PCH 240,,14,219,PCS,,23/06/2027,,1
51,02,2,03,1,20003568,SASA TEPUNG BUMBU SERBAGUNA HOT SPICY PCK 225/210,,15,0,PCS,,17/06/2027,,2
51,02,2,04,1,20043381,NUTRIJELL PUDDING SUSU POWDER STRAWBERRY PCH 145,,16,30,PCS,,28/06/2028,,1
51,02,2,05,1,20141198,WONHAE TOPOKKI KIDS CARBONARA  PCK 80,,17,252,PCS,,10/02/2027,,4
51,02,2,06,1,20038013,PAK TANI GUNUNG TEPUNG TAPIOKA  PCK 500,,18,370,PCS,,19/08/2028,,2
51,03,1,01,1,20104077,SEDAAP KECAP MANIS SPECIAL TPS/ PCH 725,,21,264,PCS,,10/01/2027,D,2
51,03,1,02,1,20037179,HAPPYTOS SNACK TORTILLA CHIPS ROASTED CORN PCK 55,,22,96,PCS,,05/02/2027,,2
51,03,2,01,1,20111156,CHUPA CHUPS CANDY LOLLIPOPS SURPRISE  PCS 12,,23,0,PCS,,16/08/2027,,2
51,03,2,02,1,20142223,BONCHA CANDY GUMIFY VIT C  PCH 60,,24,210,PCS,,20/09/2028,,1
51,03,2,03,1,20143911,OREO BISCUIT  SANDWICH KELAPA PANDAN PCK 105,,25,547,PCS,,20/08/2027,,1
51,03,2,04,1,20083847,SULING GADING BREM  BOX 75,,26,36,PCS,,23/04/2027,,1
51,03,2,05,1,20141506,RITZ CRACKERS ORIGINAL  PCS 100,,27,59,PCS,,23/09/2027,,2
51,03,2,06,1,20138468,ROMA CRACKERS MALKIST KELAPA KOPYOR PCK 105,,28,0,PCS,,23/04/2027,,1
51,04,1,01,1,20099956,OISHI PANCHOS KERIPIK JAGUNG PEDAS PCK 140,,31,256,PCS,,04/01/2027,,2
51,04,1,02,1,20098166,HAPPYTOS SNACK TORTILLA CHIPS JAGUNG BAKAR PCK 140,,32,448,PCS,,14/07/2027,,2
51,04,2,01,1,20109612,CHUPA CHUPS CANDY MELODY POPS  PCS 15,,33,748,PCS,,07/11/2027,,4
51,04,2,02,1,20136102,INDOMARET SNACK SOES STROBERI PCK 80,,34,78,PCS,,13/05/2027,,6
51,04,2,03,1,20139074,MENTOS CANDY BERRY GOOD ROL 37.8,,35,142,PCS,,23/02/2028,,2
51,04,2,04,1,20137035,LARISST TEPUNG BUMBU SERBAGUNA ORIGINAL PCK 200,,36,223,PCS,,23/09/2027,,1
51,04,2,05,1,20134777,SASA HOUSE KARI JEPANG ORIGNAL PCK 40,,37,344,PCS,,09/01/2027,,1
51,04,2,06,1,10008554,GOOD TIME COOKIES CHOCOCHIPS CLASSIC PCK 72,,38,64,PCS,,12/01/2027,,2
51,05,1,01,1,20137973,CHUBA KERIPIK SINGKONG KEJU PCK 125/120,,41,170,PCS,CTN,20/07/2027,,1
51,05,1,02,1,20142878,DALEZZ MUFFIN TELUR  PCK 84,,42,120,PCS,,18/03/2027,,1
51,05,2,01,1,20066374,INDOMARET MIX NUTS  PCH 80,,43,206,PCS,,23/09/2027,,2
51,05,2,02,1,20006935,BERLIAN BIPANG (DC)  PCK,,44,25,PCS,,16/02/2027,,2
51,05,2,03,1,10036821,SWALLOW GLOBE AGAR AGAR POWDER HIJAU PCK 7,,45,87,PCS,,15/09/2029,,1
51,05,2,04,1,10036938,SERENA BISCUIT SHORT CAKE CREAM CHOCOLATE PCK 225,,46,20,PCS,CTN,17/06/2027,,2
51,05,2,05,1,20142837,QTELA KERIPIK UBI MIX JAGUNG BAKAR PCK 45,,47,208,PCS,,13/05/2027,,1
51,05,2,06,1,20109050,PONDAN BROWNIES KUKUS / PANGGANG CHOCOLATE PCH 230,,48,86,PCS,,28/06/2028,,1
51,06,1,01,1,20034684,KRAKER SNACK UDANG PEDAS PCK 60,,51,1,PCS,,04/01/2027,,8
51,06,1,02,1,20116411,CHIKI SNACK PUFFS CHEDDAR CHEESE PCK 60,,52,270,PCS,,14/03/2027,,2
51,06,2,01,1,10016719,NUTRIJELL KONNYAKU JELLY POWDER STRAWBERRY PCK 15,,53,134,PCS,,16/10/2027,,1
51,06,2,02,1,20005008,ABC TERASI UDANG (20X4.2G)  PCK 20X3.8,,54,26,PCS,,04/12/2027,,1
51,06,2,03,1,20101444,EAST BALI YAVA ROASTED CASHEW SNACK  PCK 35,,55,0,PCS,,20/03/2028,,1
51,06,2,04,1,20136743,TUDUNG BUMBU NASI PADANG RENDANG  PCK 27,,56,0,PCS,,28/02/2027,T,1
51,06,2,05,1,20132871,DUA KELINCI SNACK RONI MAKARONI ROASTED CORN PCK 135/130,,57,432,PCS,,23/04/2027,,4
51,06,2,06,1,20019249,SEDAAP KECAP MANIS  PCH 700,,58,223,PCS,,28/06/2028,,2
51,07,1,01,1,20142591,OREO SANDWICH BROWN SUGAR HOTTEOK PCK 105,,61,0,PCS,,28/05/2027,T,2
51,07,1,02,1,20134273,POPPY POP SNACK JAGUNG BAKAR PCK 130,,62,98,PCS,,04/01/2027,,6
51,07,2,01,1,20137014,LEMONILO CHIMI KERIPIK UBI CHEESE BURGER PCK 41,,63,96,PCS,,04/01/2027,,2
51,07,2,02,1,20072582,INDOMARET CRISPY SEAWEED BARBEQUE PCK 20,,64,122,PCS,,03/02/2027,,1
51,07,2,03,1,20133691,SEDAAP BUMBU KALDU SAPI PCK 250,,65,158,PCS,,19/08/2027,,1
51,07,2,04,1,20026090,LENCANA MERAH TEPUNG TERIGU TRANSPARAN  PCK 1000,,66,17,PCS,,10/06/2027,,2
51,07,2,05,1,20122289,BON CABE SNACK MAKARONI LEVEL 2 NACHO CHEESE PCK 135,,67,61,PCS,,04/03/2027,,2
51,07,2,06,1,20141374,BIHUNKU BIHUN INSTANT BAKSO SAPI PCK 50,,68,171,PCS,,12/02/2027,,2
51,08,1,01,1,20143800,CANCIMEN CUANKI RAMEN KEJU PEDAS CUP 75,,71,0,PCS,,09/04/2027,,1
51,08,1,02,1,10001093,CHITATO SNACK POTATO CHIPS AYAM BUMBU PCK 68/65,,72,513,PCS,,23/02/2027,,2
51,08,2,01,1,20132864,DUA KELINCI SNACK PILUS TIC TAC MIE GORENG PCK 80,,73,398,PCS,,23/04/2027,,2
51,08,2,02,1,20097984,CHOKI CHOKI CHOCOLATE ROCKETZ SURPRISE  PCK 6X4,,74,0,PCS,,11/03/2027,,6
51,08,2,03,1,20142586,INDOFOOD SAMBAL COBEK LIMAU PCK 5X18,,75,0,PCS,,07/08/2027,,1
51,08,2,04,1,20137815,LA FONTE PASTA SAUCE CARBONARA PCH 315,,76,31,PCS,,13/03/2027,,1
51,08,2,05,1,20117965,LIDI GELI SNACK MIE LIDI BBQ BOX 50,,77,152,PCS,,13/03/2027,,1
51,09,1,01,1,20086392,SANIA TEPUNG TERIGU SERBAGUNA  PCK 1,,81,168,PCS,,23/04/2027,,2
51,09,1,02,1,,,,82,0,PCS,,,,
51,09,2,01,1,,,,83,0,PCS,,,,
51,09,2,02,1,20136390,VASELINE BODY LOTION GLUTA-HYA SERUM DEWY RADIANCE TUB 100L,,84,0,PCS,,30/08/2028,R,1
51,09,2,03,1,,,,85,0,PCS,,,,
51,09,2,04,1,,,,86,0,PCS,,,,
51,09,2,05,1,20053216,NISSIN BISCUIT KELAPA IJO PCK 280,,87,0,PCS,,09/09/2027,V,2
51,09,2,06,1,20122826,GT MAN CELANA BOXER KAIN WOVEN (NEW) BX03 PCS MEDIUM,,88,0,PCS,,,V,1
52,01,1,01,1,10000461,MONDE SNACK GOLD  PCK 60/50,,91,74,PCS,,07/01/2027,,6
52,01,1,02,1,20122264,CHITATO SNACK POTATO CHIPS MI GORENG PCK 68/65,,92,457,PCS,,12/02/2027,,6
52,01,2,01,1,20106305,KRAFT SANDWICH 123.5 RED VELVET PCK 110.4/105,,93,0,PCS,,04/01/2027,,2
52,01,2,02,1,10035320,STREPSILS CANDY MENTHOL / COOL PCK 6S/8S,,94,102,PCS,,23/12/2027,,6
52,01,2,03,1,10000304,KAPAL API KOPI BUBUK SPECIAL PCK 60,,95,35,PCS,,20/09/2027,,2
52,01,2,04,1,20131530,POP MIE MI INSTAN TORI MISO RAMEN CUP 77,,96,0,PCS,,23/05/2027,,3
52,01,2,05,1,20140908,MILKITA MILKY PUDDING YOGURT STRAWBERRY CUP 85,,97,96,PCS,,15/09/2027,,6
52,01,2,06,1,20098663,TOTOLE BUMBU KALDU JAMUR PCK 40,,98,395,PCS,,19/08/2027,,5
52,02,1,01,1,20096677,INDOMARET SNACK SOES COKELAT PCK 80,,101,646,PCS,,16/04/2027,L,10
52,02,1,02,1,20071781,POTABEE SNACK POTATO CHIPS SEAWEED PCK 68/65,,102,519,PCS,,23/04/2027,,2
52,02,2,01,1,10003324,MONDE BISCUIT GENJI PIE  PCK 70,,103,68,PCS,,04/03/2027,,2
52,02,2,02,1,20134970,MILO BISCUIT SANDWICH ACTIV ORIGINAL PCK 104/96,,104,0,PCS,,23/04/2027,,6
52,02,2,03,1,20040504,MILKITA MILK LOLLIPOP 12S ASSORTED PCK 108,,105,230,PCS,,23/03/2028,,2
52,02,2,04,1,20043807,FRESCO KOPI+GULA (BELI 6 GRATIS 2)  PCK 8X23,,106,39,PCS,,23/09/2027,,2
52,02,2,05,1,20028585,MI GEMEZ SNACK MIE KERING ENAAK PREMIUM PCK 22,,107,190,PCS,,13/02/2027,,10
52,02,2,06,1,20006951,BERLIAN MARNING JAGUNG(DC) BULAT PCK 180,,108,254,PCS,,02/01/2027,,2
52,03,1,01,1,20143735,INDOMARET BROWNIES CRISPY MATCHA WHITE PCH 35,,111,1033,PCS,,15/07/2027,,1
52,03,1,02,1,20055311,NABATI RICHEESE WAFER KRIM KEJU PCK 110/100,,112,1284,PCS,,18/09/2027,L,8
52,03,2,01,1,20015337,MUNCHYS SANDWICH CRACKER LEXUS CHOCOLATE CREAM PCK 190,,113,127,PCS,,09/01/2027,,2
52,03,2,02,1,20133255,INDOFOOD BUMBU SPESIAL RACIK AYM GRG MENTEGA PCK 50,,114,121,PCS,,07/07/2027,,1
52,03,2,03,1,20140188,POP MIE MI INSTAN KARI LAVA CUP 79,,115,0,PCS,,28/02/2027,,2
52,03,2,04,1,20142907,MILKOW ACTIGROW SUSU PERTUMBUHAN 1-3 TAHUN MADU BOX 600,,116,139,PCS,,18/03/2028,,1
52,03,2,05,1,20141452,CHOMP CHOMP COLORFUL MALLOW  PCK 50,,117,451,PCS,,12/08/2027,,1
52,03,2,06,1,20092330,ROMA CRACKERS MALKIST KEJU MANIS PCK 90,,118,0,PCS,,23/04/2027,,2
52,04,1,01,1,20089490,GARUDA KACANG PANGGANG ROSTA PEDAS PCK 90/85,,121,706,PCS,,28/02/2027,,2
52,04,1,02,1,20093109,KUSUKA KERIPIK SINGKONG ORIGINAL PCK 180,,122,316,PCS,,19/02/2027,,2
52,04,2,01,1,20130895,TOP COFFEE KOPI INSTANT 3 IN 1 (6+3) SUSU+GULA AREN PCK 243,,123,174,PCS,,04/06/2027,,2
52,04,2,02,1,20138373,PROMINA SNACK RICE PUFFS WAGYU BEFF PCH 15,,124,2,PCS,CTN,15/05/2027,,2
52,04,2,03,1,20139973,IMPERIAL BISCUIT SUSU SELAI DAN KRIM STRAWBERRY&CHOC PCK 100,,125,120,PCS,,23/02/2027,,1
52,04,2,04,1,20019479,NONG SHIM INSTANT NOODLE SHIN RAMYUN SPICY MUSHROOM PCK 120,,126,50,PCS,,11/03/2027,,1
52,04,2,05,1,20077094,ASPPOBA BOLU MUNYES  PCK 24S,,127,177,PCS,,20/03/2027,,1
52,04,2,06,1,20014081,FROZZ CANDY BLUEBERRY MINT PCS 15,,128,661,PCS,,09/01/2027,,2
52,05,1,01,1,20064426,TWISTKO SNACK JAGUNG BAKAR PCK 70,,131,189,PCS,,13/04/2027,,5
52,05,1,02,1,20111592,5 DAYS CROISSANT MIX BERRIES PCK 60,,132,230,PCS,,15/03/2027,,2
52,05,2,01,1,20138897,JLO JELLY FRIED EGG  PCK 78,,133,174,PCS,,13/10/2027,,2
52,05,2,02,1,20139889,WONHAE PISTACHIO CHOCO BITES  PCK 30,,134,256,PCS,,23/02/2027,L,2
52,05,2,03,1,20013617,INDOFOOD BUMBU RACIK SAYUR ASEM PCK 33,,135,95,PCS,,17/06/2027,,5
52,05,2,04,1,20133020,NISSIN CRACKERS CRISPY LEMON PCK 200,,136,48,PCS,,23/09/2027,,2
52,05,2,05,1,10033024,SIDO MUNCUL CANDY TL/ANGN HRB PPMNT SOOTH&RLIEV SCT 5X2.5,,137,602,PCS,,21/11/2027,,3
52,05,2,06,1,20131214,BENG-BENG CHOCOLATE DRINK  PCK 10X27,,138,33,PCS,,23/04/2027,,1
52,06,1,01,1,20116110,MAXICORN SNACK ROASTED CORN PCK 140/130,,141,325,PCS,,16/04/2027,L,5
52,06,1,02,1,20130447,TOS TOS TORTILLA CHIPS ROASTED CORN PCK 140/130,,142,224,PCS,,04/01/2027,,2
52,06,2,01,1,20130826,INDOMARET GULA AREN  PCH 200,,143,79,PCS,,19/08/2027,,1
52,06,2,02,1,20054184,INDOMARET BERAS MERAH  SAK 2,,144,0,PCS,,19/08/2027,,1
52,06,2,03,1,20140085,OISHI TATER THINS POTATO SNACK SEAWEED PCK 100,,145,196,PCS,,12/01/2027,,2
52,06,2,04,1,20078830,UFO INSTANT CUP NOODLES KARI PEDAS CUP 88,,146,1,PCS,,04/01/2027,T,1
52,06,2,05,1,20071511,NUTRICAKE INSTANT CAKE BROWNIES CHOCOLATE PCH 230,,147,202,PCS,,07/07/2027,,1
52,06,2,06,1,20142447,ROYCO BUMBU KALDU ZIPLOCK SAPI PCH 210,,148,214,PCS,,21/05/2027,,1
52,07,1,01,1,20137884,CHUPA CHUPS JELLY  FUN MIX PCK 90,,151,0,PCS,,28/10/2027,,1
52,07,1,02,1,10008882,KAPAL API KOPI BUBUK SPECIAL PCK 150,,152,560,PCS,,23/04/2027,S,10
52,07,2,01,1,10008579,DELFI WAFER STICK TWISTER MINIS BLACK VANILLA PCK 70,,153,98,PCS,,17/06/2027,,2
52,07,2,02,1,20134887,TOP COFFEE KOPI INSTANT 3 IN 1 (12+6) GULA AREN BAG 396,,154,81,PCS,CTN,17/06/2028,,1
52,07,2,03,1,20140067,LARISST JELLY DRINK STRAWBERRY PCK 135L,,155,187,PCS,,14/06/2027,,1
52,07,2,04,1,20141391,MONDE SNACK CHEESE  PCK 50,,156,251,PCS,,30/05/2027,,2
52,07,2,05,1,20136091,NESTLE CEREAL BREAKFAST TRIX  PCK 60,,157,0,PCS,,04/01/2027,T,1
52,07,2,06,1,20129568,INDOMARET OTAK-OTAK IKAN TENGGIRI  PCK 75,,158,150,PCS,,23/03/2027,,1
52,08,1,01,0,10000752,TARO SNACK (60461) POTATO BARBEQUE PCK 32,,161,485,PCS,,13/03/2027,,4
52,08,1,02,0,20116125,MAXICORN SNACK NACHO CHEESE PCK 140/130,,162,0,PCS,,23/02/2027,,5
52,08,2,01,0,20139299,POP ICE DRINK POWDER ES BLENDER MANGO PCK 5X23,,163,0,PCS,,14/07/2027,,1
52,08,2,02,0,,,,,0,PCS,,,,
52,08,2,03,0,20104490,HESTYNA RENGGINANG (ECO) PCK 105,,164,133,PCS,,07/02/2027,,2
52,08,2,04,0,20137045,LARISST TEPUNG ROTI MIXED PCK 200,,165,34,PCS,,12/03/2027,,1
52,08,2,05,0,20137880,INDOMARET KACANG KRIUK  PCK 95,,166,120,PCS,,23/04/2027,,2
52,08,2,06,0,10026500,DUA KELINCI KACANG KULIT BAWANG PUTIH PCK 180,,167,513,PCS,,09/06/2027,,2
52,09,1,01,1,20130511,GURIBEE SNACK KEJU PCK 65/62,,171,135,PCS,,08/02/2027,,10
52,09,1,02,1,,,,172,0,PCS,,,,
52,09,2,01,1,20138572,SAMYANG BULDAK RAMEN ROSE PCK 140,,173,108,PCS,,23/02/2027,,4
52,09,2,02,1,20122345,DELI PAPER CLIPS NO.0024 PCS,,174,0,PCS,,,V,1
52,09,2,03,1,,,,175,0,PCS,,,,
52,09,2,04,1,,,,176,0,PCS,,,,
52,09,2,05,1,,,,177,0,PCS,,,,
52,09,2,06,1,,,,178,0,PCS,,,,
53,01,1,01,1,20002987,KUSUKA KERIPIK SINGKONG BARBEQUE PCK 60,,181,396,PCS,,12/04/2027,,6
53,01,1,02,1,20055205,TARO SNACK NET SEAWEED PCK 62,,182,138,PCS,,13/03/2027,,6
53,01,2,01,1,20065236,SASA TEPUNG BAKWAN SPESIAL  PCK 235/225,,183,111,PCS,,17/06/2027,,2
53,01,2,02,1,20137569,BISKUAT BISCUIT GOLDEN STOBERI PCK 105,,184,0,PCS,,07/01/2027,V,2
53,01,2,03,1,20135661,WONHAE GUMMY CHOCO TRUFFLE MIXED FRUIT PCK 35/32,,185,40,PCS,,23/09/2027,L,4
53,01,2,04,1,20025701,DOLPIN GARAM MEJA  BTL 200,,186,31,PCS,,15/12/2030,,1
53,01,2,05,1,10016793,NUTRIJELL KONNYAKU JELLY POWDER MELON PCK 15,,187,1,PCS,,01/01/2028,,8
53,01,2,06,1,20001604,ENERGEN CEREAL & SUSU INSTANT VANILA PCK 10X34,,188,465,PCS,,23/04/2027,,2
53,02,1,01,1,10005599,SEGITIGA BIRU TEPUNG TERIGU  PCK 1000,,191,46,PCS,,09/08/2027,L,2
53,02,1,02,1,20045784,OISHI SNACK SPONGE CRUNCH CHOCOLATE PCH 100,,192,88,PCS,,11/03/2027,S,10
53,02,2,01,1,20036590,LUWAK WHITE KOFFIE ORIGINAL  PCK 9X20,,193,158,PCS,CTN,07/07/2027,,2
53,02,2,02,1,20013662,BISKUAT BISCUIT ENERGI EXTRA COKLAT (106.4G) PCK 121.6,,194,17,PCS,,23/09/2027,,2
53,02,2,03,1,20093909,REBO KUACI MILK PCH 140/120,,195,574,PCS,,23/09/2027,S,12
53,02,2,04,1,20136640,KIN BULGARIAN YOGURT SLURP XL MANG-GO PCH 80,,196,82,PCS,CTN,04/01/2027,,2
53,02,2,05,1,10003404,ARNOTTS BISCUIT NYAM-NYAM FNTASY STICK STRAWBERRY CUP 25,,197,64,PCS,,23/04/2027,,2
53,02,2,06,1,10000310,ROMA CRACKERS SWEET MALKIST  PCK 105,,198,0,PCS,,23/04/2027,,6
53,03,1,01,1,20143944,PIATTOS SNACK KENTANG KOREAN HONEY BUTTER PCK 105,,201,286,PCS,,07/08/2027,,1
53,03,1,02,1,20081238,TARO SNACK NET TERIYAKI BBQ PCK 62,,202,326,PCS,,13/03/2027,,2
53,03,2,01,1,20104000,INDOMARET KACANG ALMOND  PCH 70/65,,203,1953,PCS,,28/03/2027,S,7
53,03,2,02,1,20098498,NISSIN WALENS CHEESE SOES  PCK 100,,204,252,PCS,,23/09/2027,,2
53,03,2,03,1,20137584,INDOMARET BROWNIES CRISPY DARK CHOCOLATE CHOCOHIPS PCH 35,,205,108,PCS,,23/09/2027,,6
53,03,2,04,1,20132345,KELLOGGS CEREAL FROOT LOOPS PCH 55,,206,36,PCS,,15/06/2027,,1
53,03,2,05,1,20084884,BRON CHIPS KERIPIK BROWNIES KEJU PCK 60,,207,65,PCS,,14/03/2027,,2
53,03,2,06,1,20130007,BETTER SANDWICH BISCUIT 10S VANILLA PCH 100,,208,0,PCS,,23/06/2027,,2
53,04,1,01,1,20025762,PIATTOS SNACK KENTANG SAPI PANGGANG PCK 68/65,,211,218,PCS,,07/01/2027,,10
53,04,1,02,1,20026343,KUSUKA KERIPIK SINGKONG RUMPUT LAUT PCK 60,,212,1,PCS,,23/09/2027,,2
53,04,2,01,1,20097391,MAMASUKA RUMPUT LAUT PANGGANG (NORI) SALTED EGG PCK 2X4.5,,213,11,PCS,,23/09/2027,,2
53,04,2,02,1,20141051,CIMORY EAT MILK PUDDING MATCHA PCH 80,,214,64,PCS,,23/12/2026,,4
53,04,2,03,1,20084600,ENAK ECO BUMBU PECEL PEDAS PCK 185,,215,24,PCS,,02/07/2027,,1
53,04,2,04,1,20111959,NESTLE CEREAL BREAKFAST DOUBLE CHOCO KOKO KRUNCH CUP 30,,216,105,PCS,,19/07/2027,,2
53,04,2,05,1,20136510,MILO HEALTY DRINK 3 IN 1 ACTIV-GO PCK 400,,217,180,PCS,,16/07/2027,,1
53,04,2,06,1,20049621,KRAFT KEJU CHEDDAR OLAHAN  PCK 75/70,,218,0,PCS,,27/05/2027,,1
53,05,1,01,1,20131098,POTABEE SNACK POTATO CHIPS SPICY BBQ PCK 68/65,,221,94,PCS,,21/04/2027,,2
53,05,1,02,1,10006967,KDS POP CORN PANDAN MANIS PCK 130,,222,143,PCS,,10/09/2027,,1
53,05,2,01,1,20139930,WONHAE SNACK TOPOKKI CHESE TRUFLE MY PCK 80,,223,64,PCS,,15/03/2027,,2
53,05,2,02,1,20092433,ASPPOBA KECIPUT  PCK 200,,224,322,PCS,,23/03/2027,,2
53,05,2,03,1,20138170,NONG SHIM INSTANT NOODLE SHIN RAMYUN SPICY CHICKEN PCK 120,,225,40,PCS,,28/06/2027,,1
53,05,2,04,1,20036783,INDOFOOD BUMBU RACIK IKAN GORENG PCK 20,,226,462,PCS,,07/01/2027,,1
53,05,2,05,1,20120442,GOOD DAY COFFEE FREEZE 3IN1 COOKIES N CREAM PCK 5X30,,227,711,PCS,,19/08/2027,,1
53,05,2,06,1,20142448,ROYCO BUMBU KALDU ZIPLOCK AYAM PCH 210,,228,213,PCS,,27/02/2027,,1
53,06,1,01,1,10027672,GERY SNACK SEREAL  PCK 100,,231,88,PCS,,11/02/2027,,5
53,06,1,02,1,20112444,BON CABE SNACK MAKARONI LEVEL 10 PCK 135,,232,570,PCS,,03/02/2027,,2
53,06,2,01,1,10013823,AJINOMOTO BUMBU AYAM GORENG SAJIKU  PCK 24,,233,86,PCS,,12/04/2027,,1
53,06,2,02,1,20134578,KELLOGGS CEREAL COCO FILLS  PCK 60,,234,95,PCS,,04/01/2027,,1
53,06,2,03,1,20121028,EMINA BLOCK SHRED CHEESE  BOX 160/150,,235,0,PCS,,27/06/2027,,2
53,06,2,04,1,20071884,LUMBA-LUMBA KRIPIK SINGKONG ASIN PCK 180,,236,0,PCS,,15/03/2027,,1
53,06,2,05,1,20125638,NUTRISARI INSTANT DRINK JERUK PERAS PCK 10X14,,237,97,PCS,,19/08/2027,,1
53,06,2,06,1,20128245,INDOFOOD TEPUNG BUMBU RACIK BAKWAN PCK 210,,238,8,PCS,,17/06/2027,,1
53,07,1,01,1,20097515,INDOMARET POPCORN CARAMEL PCK 75,,241,326,PCS,,04/03/2027,S,12
53,07,1,02,1,20135539,MISTER POTATO SNACK CRISPS ORIGINAL KLG 85,,242,768,PCS,,20/08/2027,L,12
53,07,2,01,1,20131221,CHAMPION  CEREAL INSTANT 4 IN 1  PCK 10X30,,243,0,PCS,,23/04/2027,,1
53,07,2,02,1,20107008,ROMA CRACKERS MALKIST KEJU PANGGANG PCK 110,,244,0,PCS,,20/09/2027,,1
53,07,2,03,1,20138308,JEVI SNACK KERUPUK SEBLAK  PCK 150,,245,26,PCS,,15/03/2027,,2
53,07,2,04,1,20136090,NESTLE CEREAL BREAKFAST TRIX  CUP 30,,246,1,PCS,,04/01/2027,,1
53,07,2,05,1,20053054,KAPAL API KOPI BUBUK LESS SUGAR SPECIAL MIX PCK 10X21,,247,2,PCS,,19/08/2027,,1
53,07,2,06,1,20046081,GOOD DAY KOPI INSTANT 3 IN 1 MOCACINNO PCK 10X20,,248,362,PCS,,10/06/2027,L,2
53,08,1,01,1,20138230,DORITOS SNACK JAGUNG BAKAR PCK 120,,251,286,PCS,,14/02/2027,,2
53,08,1,02,1,10011020,SIMBA CEREAL CHOCO CHIPS + KALSIUM SUSU PUTIH CUP 34,,252,901,PCS,,21/02/2027,,2
53,08,2,01,1,20143792,ROYCO BUMBU OPOR AYAM (HADIAH) PCH 20,,253,0,PCS,,09/07/2027,Z,1
53,08,2,02,1,20054633,INDOCAFE CAPPUCCINO  PCK 10X25,,254,0,PCS,,09/01/2027,,1
53,08,2,03,1,20136289,OISHI SNACK SPONGE CRUNCH UBI PCH 100,,255,151,PCS,,17/06/2027,,1
53,08,2,04,1,20039621,PRONAS SAUCE SPAGHETTI BOLOGNESE SAPI PCH 350/315,,256,30,PCS,,23/09/2027,,1
53,08,2,05,1,20136666,LARISST KACANG KULIT  PCK 370,,257,46,PCS,,28/06/2027,,1
53,08,2,06,1,20144247,YUPI CREAMY YOGURT GUMMY  PCK 48,,258,4320,PCS,,,,1
53,09,1,01,1,10001094,CHITATO SNACK POTATO CHIPS SAPI PANGGANG PCK 68/65,,261,470,PCS,,21/05/2027,D,10
53,09,1,02,1,,,,262,0,PCS,,,,
53,09,2,01,1,,,,263,0,PCS,,,,
53,09,2,02,1,,,,264,0,PCS,,,,
53,09,2,03,1,,,,265,0,PCS,,,,
53,09,2,04,1,,,,266,0,PCS,,,,
53,09,2,05,1,,,,267,0,PCS,,,,
53,09,2,06,1,,,,,0,PCS,,,,
54,01,1,01,1,20138106,TIC TIC SNACK CRUNCHY STICK BAWANG PCK 135,,271,190,PCS,,23/06/2027,,5
54,01,1,02,1,20125389,STT FRENCH FRIES 2000 SAOS LEVEL 3 PCK 60,,272,108,PCS,CTN,13/02/2027,,5
54,01,2,01,1,20122808,MAMAKOKO SANTAN  TPK 65L,,273,456,PCS,,27/10/2027,,2
54,01,2,02,1,10012263,TAMARIN CANDY SARI ASEM  PCK 108/81,,274,0,PCS,,07/01/2027,,1
54,01,2,03,1,20030547,OREO SANDWICH ICE CREAM BLUEBERRY PCK 110.4/105,,275,176,PCS,,07/01/2027,L,8
54,01,2,04,1,20070867,UFO INSTANT CUP NOODLES SAUS JEPANG CUP 88,,276,8,PCS,,20/05/2027,,2
54,01,2,05,1,20044032,KDS POP CORN BUTTER CARAMEL PCK 80,,277,81,PCS,,09/09/2027,,1
54,01,2,06,1,20136019,LARISST SNACK PILUS BALADO PCK 65,,278,0,PCS,,28/02/2027,T,1
54,02,1,01,1,20066440,NESTLE CEREAL BREAKFAST KOKO KRUNCH  PCK 50+20,,281,2,PCS,,19/05/2027,,8
54,02,1,02,1,20092858,TWISTKO SNACK JAGUNG BAKAR PCK 145,,282,213,PCS,,12/01/2027,,2
54,02,2,01,1,20119164,SEDAAP MIE TASTY BAKMI AYAM BEEF YAKINIKU BOX 115,,283,4,PCS,,19/05/2027,,6
54,02,2,02,1,20086181,KAPAL API KOPI BUBUK SPECIAL PCK 20X6,,284,183,PCS,CTN,09/02/2027,,2
54,02,2,03,1,20109015,NEO COFFEE KOPI INSTANT (6+3) TIRAMISU PCK 180,,285,58,PCS,,22/08/2027,,2
54,02,2,04,1,20136250,JELE MINUMAN JELLY + VIT C LYCHEE PCH 150,,286,24,PCS,,07/07/2027,,2
54,02,2,05,1,20002898,GO FRESS REFRESHING ORAL CARE PEPPERMINT PCK 24S,,287,157,PCS,,08/07/2027,,1
54,02,2,06,1,20134367,INDOMARET TELUR GABUS KEJU PCH 70,,288,165,PCS,,04/03/2027,,2
54,03,1,01,1,20132750,CHITATO LITE SNACK POTATO AYAM BAWANG PCK 68/65,,291,242,PCS,,11/02/2027,,2
54,03,1,02,1,20071780,POTABEE SNACK POTATO CHIPS BBQ PCK 68/65,,292,156,PCS,,13/02/2027,,2
54,03,2,01,1,20122336,NUTRIJELL PUDDING SUSU BELGIAN CHOCOLATE  PCH 130,,293,60,PCS,,13/07/2028,,1
54,03,2,02,1,20097104,NEO COFFEE KOPI INSTANT (6+3) MOCCACHINO PCK 180,,294,10,PCS,,26/08/2027,,2
54,03,2,03,1,20113341,EMINA CHEESE SLICE MOZZA PCK 5S,,295,234,PCS,,13/03/2027,,2
54,03,2,04,1,10002246,NISSIN COOKIES LEMONIA PCK 130,,296,682,PCS,,28/06/2027,,2
54,03,2,05,1,20122259,CAP LEBAH KACANG SAMBAL  PCK 150,,297,65,PCS,,04/01/2027,,1
54,03,2,06,1,20089254,INDOMARET SNACK KACANG POLONG TEPUNG  PCK 100,,298,304,PCS,,13/02/2027,,1
54,04,1,01,1,20110634,GARUDA SNACK OCORN SEA SALT PCK 70,,301,162,PCS,,20/06/2027,,3
54,04,1,02,1,20056958,QTELA KERIPIK TEMPE RUMPUT LAUT PCK 55,,302,0,PCS,,23/02/2027,,6
54,04,2,01,1,10036817,SWALLOW GLOBE AGAR AGAR POWDER PUTIH PCK 7,,303,280,PCS,,15/09/2029,,2
54,04,2,02,1,20041881,SASA TEPUNG BUMBU ALA KENTUCKY PCK 210/200,,304,166,PCS,CTN,19/08/2027,,6
54,04,2,03,1,10001826,KHONG GUAN CRACKERS SALTCHEESE REGULAR PCK 200,,305,130,PCS,,12/01/2027,L,2
54,04,2,04,1,20022707,TAO KAE NOI CRISPY SEAWEED ORIGINAL PCK 15,,306,0,PCS,,17/03/2027,,12
54,04,2,05,1,10002564,MENTOS CANDY MINT PCK 121.5,,307,0,PCS,,28/06/2028,,2
54,04,2,06,1,20031907,NUTRIJELL / AR PUDDING SUSU COKLAT PCH 145,,308,96,PCS,,24/02/2027,,2
54,05,1,01,1,20099687,MONDE SNACK SPICY TOMATO PCK 50/60,,311,359,PCS,,20/06/2027,,2
54,05,1,02,1,20119036,RIN-BEE SNACK STICK KEJU PCK 130,,312,62,PCS,,23/02/2027,,6
54,05,2,01,1,20129174,SRI REJEKI JAYA KERIPIK GADUNG  PCK 100,,313,0,PCS,,23/04/2027,,1
54,05,2,02,1,10008114,TONG TJI TEH BUBUK PREMIUM  PCK 10X9,,314,242,PCS,,13/07/2027,,1
54,05,2,03,1,20031983,MENTOS CANDY RAINBOW  ROL 37,,315,1373,PCS,,16/06/2027,,2
54,05,2,04,1,20121182,RICOLA SUGAR FREE CANDIES GLACIER FR MINT BOX 40,,316,0,PCS,,27/07/2027,V,1
54,05,2,05,1,20059859,KOBE BUMBU NASI GORENG SUPER PEDAS PCK 20,,317,115,PCS,,28/06/2028,,1
54,05,2,06,1,20136929,NUTRIJELL PUDDING SUSU POWDER KOREAN STRAWBRY PCH 145,,318,26,PCS,,23/09/2028,,1
54,06,1,01,1,20115438,5 DAYS CROISSANT CHEESE PCK 60,,321,55,PCS,,15/03/2027,,2
54,06,1,02,1,20067868,LUWAK KOPI BUBUK+GULA  PCK 5X23,,322,104,PCS,CTN,26/09/2027,,2
54,06,2,01,1,20085046,JULIES SANDWICH PEANUT BUTTER  PCK 90/82.5,,323,170,PCS,,23/09/2027,,1
54,06,2,02,1,20139390,INDOFOOD BUMBU SPESIAL RACIK BALADO PCK 55,,324,0,PCS,,23/07/2027,,1
54,06,2,03,1,10000509,ROSE TEPUNG BERAS  PCK 500,,325,0,PCS,,20/02/2027,,4
54,06,2,04,1,20024512,LA FONTE PASTA SAUCE BOLOGNESE PCH 315,,326,144,PCS,,28/02/2027,,1
54,06,2,05,1,20031946,NUTRIJELL KONNYAKU JELLY POWDER CINCAU PCK 15,,327,4,PCS,,28/06/2028,,12
54,06,2,06,1,20072581,INDOMARET CRISPY SEAWEED ORIGINAL PCK 20,,328,78,PCS,,25/02/2027,,6
54,07,1,01,1,20029228,CHITATO SNACK POTATO CHIPS AYAM BARBEQUE PCK 68/65,,331,1,PCS,,23/02/2027,N,1
54,07,1,02,1,20129814,MILKITA CANDY BITES  PCK 24,,332,1743,PCS,,15/09/2027,,24
54,07,2,01,1,20098168,PIKOPI COFFEMIX INSTANT 3 IN 1  PCK 9X20,,333,114,PCS,,07/07/2027,,2
54,07,2,02,1,20000412,INDOMARET KACANG HIJAU  PCK 500,,334,483,PCS,,23/04/2027,,1
54,07,2,03,1,20084707,DUA KELINCI KACANG SUKRO OVEN BAWANG PCK 95,,335,19,PCS,,15/07/2027,,10
54,07,2,04,1,20097777,KRISBEE SNACK PILLOW CHOCO LAVA PCH 100,,336,104,PCS,,16/02/2027,,2
54,07,2,05,1,20069632,BOLA DUNIA AGAR AGAR POWDER MERAH PCK 7,,337,61,PCS,,16/05/2027,,1
54,07,2,06,1,10028410,MAMASUKA TEPUNG BAKWAN KRISPI  PCK 225,,338,33,PCS,,19/08/2027,,1
54,08,1,01,1,20073921,FLIPPER KERIPIK SINGKONG MADURA PEDAS MANIS PCK 150,,341,133,PCS,,13/02/2027,,2
54,08,1,02,1,20132250,JAPOTA POTATO CHIPS BEEF BBQ PCK 68/65,,342,492,PCS,,08/02/2027,,6
54,08,2,01,1,20135598,MUNCHYS SANDWICH CALCIUM CRACKER LEXUS CHOCOLATE CREAM PCS,,343,0,PCS,,28/09/2027,Z,96
54,08,2,02,1,20127820,SAMYANG BULDAK RAMEN CREAM CARBONARA PCK 140,,344,1,PCS,,13/05/2027,,1
54,08,2,03,1,20128683,TANGO WAFER WAFFLE CHOCO HAZELNUT PCK 75/63,,345,0,PCS,,23/02/2027,N,2
54,08,2,04,1,20139150,INDOMARET KACANG KORO BALADO PCH 80,,346,86,PCS,,22/06/2027,,1
54,08,2,05,1,20046981,INDOMARET KERIPIK BUAH SALAK PCH 50,,347,0,PCS,,23/05/2027,,1
54,08,2,06,1,20137017,DELMONTE CARBONARA SAUCE  PCH 180,,348,2,PCS,,23/07/2027,,1
54,09,1,01,1,20141099,FRISIAN FLAG CREAMY KENTAL MANIS GULA AREN PCH 240,,351,0,PCS,,07/05/2027,V,1
54,09,1,02,1,20116410,CHIKI SNACK TWIST ROASTED CORN PCK 75,,352,384,PCS,,14/03/2027,,6
54,09,2,01,1,20099155,NEO COFFEE KOPI INSTANT (6+3) CRAMEL MACHIATO PCK 180,,353,16,PCS,,23/04/2028,,1
54,09,2,02,1,,,,354,0,PCS,,,,
54,09,2,03,1,,,,355,0,PCS,,,,
54,09,2,04,1,,,,,0,PCS,,,,
54,09,2,05,1,,,,,0,PCS,,,,
54,09,2,06,1,,,,,0,PCS,,,,
55,01,1,01,1,20073871,MAMASUKA RUMPUT LAUT PANGGANG (NORI) PEDAS PCK 2X4.5,,1,547,PCS,,07/01/2027,,2
55,01,1,02,1,20097390,MAMASUKA RUMPUT LAUT PANGGANG (NORI) BBQ PCK 2X4.5,,2,221,PCS,,07/01/2027,L,2
55,01,2,01,1,20142943,INDOMARET CHOCO CRACKERS  PCK 100,,3,316,PCS,,07/07/2027,,1
55,01,2,02,1,20055300,LUWAK WHITE KOFFIE 3 RASA PCK 10X20,,4,44,PCS,CTN,07/07/2027,,1
55,01,2,03,1,20072570,SASA SANTAN BUBUK  PCK 80/75,,5,46,PCS,,13/07/2027,,1
55,01,2,04,1,20141597,FRUZZ CANDY GUMMY ASSORTED FRUIT PCH 36,,6,166,PCS,,12/04/2027,,2
55,01,2,05,1,20040435,MY VLA BUBUK INSTANT VLA VANILA PCK 60,,7,878,PCS,,23/10/2027,,2
55,01,2,06,1,10036780,INDOFOOD BUMBU SPESIAL RACIK KARE PCK 45,,8,579,PCS,,28/06/2028,,1
55,02,1,01,1,20019831,KUSUKA KERIPIK EMPING ORIGINAL PCK 40,,11,307,PCS,,04/03/2027,,2
55,02,1,02,1,20040528,DUA KELINCI SNACK CAMPUR TIC TAC MIX PCK 80,,12,470,PCS,,02/07/2027,,10
55,02,2,01,1,20098948,GAGA MIE GORENG 100 EXTRA PEDAS JALAPENO CUP 75,,13,0,PCS,,19/05/2027,,4
55,02,2,02,1,20140011,MILO BISCUIT SANDWICH ACTIV CHOCO PCK 96,,14,147,PCS,,28/06/2027,,2
55,02,2,03,1,20139802,ROYCO BUMBU INSTANT OPOR AYAM PCH 45,,15,89,PCS,,23/04/2027,,1
55,02,2,04,1,20063488,ROMA ARDEN COOKIES CHOCO SPLENDID PCK 72,,16,668,PCS,,19/08/2027,,2
55,02,2,05,1,20142624,ABC KECAP MANIS HITAM MANIS PCH 550,,17,0,PCS,,13/04/2028,,1
55,02,2,06,1,20015029,KRAFT KEJU CHEDDAR OLAHAN  PCK 35/30,,18,618,PCS,,23/06/2027,,8
55,03,1,01,1,10005601,CAKRA KEMBAR TEPUNG TERIGU  PCK 1000,,21,73,PCS,,07/07/2027,,2
55,03,1,02,1,20131013,OISHI PANCHOS KERIPIK JAGUNG CABE PEDAS PCK 140/145,,22,198,PCS,CTN,04/01/2027,,2
55,03,2,01,1,20101460,CHOMP CHOMP MALLOW ICE CREAM STRAWBERRY PCK 60/50,,23,4,PCS,,15/01/2028,,2
55,03,2,02,1,20040434,MY VLA BUBUK INSTANT VLA COKLAT PCK 63,,24,0,PCS,,07/07/2027,,1
55,03,2,03,1,10002765,INDOFOOD BUMBU SPESIAL RACIK RENDANG PCK 50,,25,718,PCS,,13/07/2028,,2
55,03,2,04,1,20052766,INDOMARET KACANG METE MADU PCH 80/65 ,,26,1714,PCS,,12/03/2027,S,6
55,03,2,05,1,10000143,SUN BUBUR SUSU (EKONOMIS) BERAS MERAH PCK 120,,27,309,PCS,,23/06/2027,,3
55,03,2,06,1,20095220,GERY CRACKERS MALKIST SALUUT COKLAT COCONUT PCK 105,,28,135,PCS,,07/01/2027,,2
55,04,1,01,1,20091304,POP MIE MI INSTAN GRNG PDAS SQUAD GLDK AYAM CUP 75,,31,414,PCS,,10/03/2027,,6
55,04,1,02,1,20120796,GARUDA KACANG PANGGANG ROSTA JAGUNG BAKAR PCK 95/90,,32,454,PCS,,02/03/2027,,10
55,04,2,01,1,20041562,TOP COFFEE KOPI GULA SUSU 3 IN 1  PCK 10X31,,33,52,PCS,,03/05/2027,,2
55,04,2,02,1,20032880,NUTRIJELL PUDDING SUSU MANGGA PCH 145/170,,34,10,PCS,,28/06/2028,,1
55,04,2,03,1,20022928,SUPER BUBUR INSTANT BERGIZI KUAH KARI PCK 46,,35,200,PCS,,12/01/2027,,2
55,04,2,04,1,20143332,HIFRUIT FRUIT GUMMY GRAPE PCK 25,,36,311,PCS,,07/02/2027,,1
55,04,2,05,1,20062816,GOOD TIME COOKIES CHOCOHIPS RAINBOW PCK 72,,37,212,PCS,,23/09/2027,,2
55,04,2,06,1,10002258,MONDE BISCUIT PIEBIS  PCK 190,,38,126,PCS,CTN,23/09/2027,,2
55,05,1,01,1,20117923,TAO KAE NOI SEASONED LAVER ORIGINAL PCK 2X4,,41,368,PCS,,07/01/2027,L,3
55,05,1,02,1,10003422,GARUDA KACANG GARING  PCK 350,,42,241,PCS,,07/01/2027,,1
55,05,2,01,1,20131377,KAPAL API KOPI ONE + GULA TERPISAH  PCH 10X23,,43,131,PCS,,14/04/2027,,1
55,05,2,02,1,20055977,LUWAK KOPI BUBUK MURNI  PCK 50+50,,44,30,PCS,CTN,04/06/2027,,2
55,05,2,03,1,20129224,MUJIGAE RAPOKKI SPICY PCK 260/155,,45,127,PCS,,23/09/2027,,1
55,05,2,04,1,10016716,NUTRIJELL KONNYAKU JELLY POWDER PLAIN PCK 15,,46,0,PCS,CTN,16/10/2027,,1
55,05,2,05,1,20130147,REBO KUACI COCONUT PCH 140/120,,47,142,PCS,CTN,09/01/2027,,2
55,05,2,06,1,20069092,INDOMARET GULA BATU  PCK 225,,48,190,PCS,CTN,07/07/2027,,1
55,06,1,01,1,20080459,INDOMARET KACANG KULIT  PCK 180,,51,92,PCS,,23/09/2027,,2
55,06,1,02,1,20142266,DORITOS SNACK NACHO CHEESE PCK 120,,52,224,PCS,,25/02/2027,,1
55,06,2,01,1,20068238,SEDAAP KECAP MANIS  PCH 250,,53,153,PCS,,28/06/2028,,2
55,06,2,02,1,20128291,INDOMARET KACANG ALMOND LAPIS MADU PCH 70/65,,54,1240,PCS,,12/02/2027,,5
55,06,2,03,1,20143948,KHONG GUAN ONE-ONE SNACK TOPPOKI PCK 50,,55,267,PCS,,07/07/2027,,1
55,06,2,04,1,20134368,INDOMARET TELUR GABUS WIJEN PCH 70,,56,28,PCS,,07/02/2027,,1
55,06,2,05,1,20060371,GOOD DAY KOPI INSTANT 3 IN 1 VANILLA LATTE PCK 10X20,,57,73,PCS,,17/06/2027,,1
55,06,2,06,1,10036848,INDOCAFE COFFEE MIX  BAG 30X20,,58,0,PCS,,04/07/2027,,1
55,07,1,01,1,20023435,CHITATO SNACK POTATO CHIPS SAPI BUMBU BKR PCK 68/65,,61,139,PCS,,12/02/2027,,2
55,07,1,02,1,20014506,CHITATO SNACK POTATO CHIPS CHEESE SUPREME PCK 68/65,,62,216,PCS,,27/02/2027,,2
55,07,2,01,1,10000731,KHONG GUAN BISCUIT RED ASSORTED PCK 300,,63,0,PCS,,23/09/2027,V,1
55,07,2,02,1,20143176,KIN YOGURT SLURP XL BLACK PCH 80,,64,46,PCS,,22/03/2027,,1
55,07,2,03,1,20122057,DELFI CHOCOLATE CHA CHA MINIS PULLBACK CAR PCS 12.5,,65,60,PCS,,10/02/2027,,12
55,07,2,04,1,20113383,ROMA BISCUIT KELAPA FRESH  PCK 6X23,,66,0,PCS,,28/06/2027,,2
55,07,2,05,1,20002725,KAPAL API KOPI BUBUK SPECIAL MIX BAG 20X23,,67,75,PCS,,23/09/2027,,3
55,07,2,06,1,20143399,NUTRIJELL PUDDING SUSU COCONUT PCH 90,,68,176,PCS,,06/07/2028,,1
55,08,1,01,1,20142232,INDOMARET POPCORN CHOCOLATE PCK 65,,71,226,PCS,,23/04/2027,,1
55,08,1,02,1,20128517,TOS TOS TORTILLA CHIPS KOREAN BBQ PCK 140/130,,72,296,PCS,,13/05/2027,,2
55,08,2,01,1,20123088,SEDAAP KECAP MANIS (720ML)  PCH 1000,,73,1,PCS,,28/06/2028,,6
55,08,2,02,1,20126521,INDOMARET KACANG METE PEDAS PCH 80/70,,74,400,PCS,,17/06/2027,,1
55,08,2,03,1,20143857,AJINOMOTO BUMBU PRAKTIS SAJIKU GULAI PCK 50,,75,485,PCS,,18/07/2027,,1
55,08,2,04,1,20101395,PUTRI SEKAR KERIPIK TEMPE (ECO) PCK 100,,76,0,PCS,CTN,23/02/2027,,1
55,08,2,05,1,20077110,DELFI CHOCOLATE CHA CHA MINIS HATS PCS 30/25,,77,158,PCS,,10/02/2027,,2
55,08,2,06,1,20098360,DELFI CHOCOLATE CHA CHA MINIS SURPRISE PCK 2X12.5,,78,0,PCS,,13/08/2027,V,1
55,09,1,01,1,20128425,WIKI DEFORMATION ROBOT ASSORTMENT BOX,,81,0,PCS,,,I,1
55,09,1,02,1,20139865,STATIONARY FAST FOOD GLUE STICK  PCS,,82,0,PCS,,,I,1
55,09,2,01,1,20133371,MILTON CANDY PASTILLES SUGAR FREE BLACKCURRANT PCK 16.5,,83,282,PCS,,28/06/2028,,1
55,09,2,02,1,20126527,KEWPIE MAYONNAISE ORIGINAL SCT 70,,84,683,PCS,,07/01/2027,,1
55,09,2,03,1,20138571,GOOD DAY KOPI INSTANT LATTE ORIGINAL PCK 10X22,,85,28,PCS,,28/10/2027,,1
55,09,2,04,1,10004262,3 AYAM MIE TELOR SUPER KUNING PCK 200,,86,0,PCS,,15/05/2027,,4
55,09,2,05,1,20143053,CHEETOS SNACK SWEETOS KEJU MANIS PCK 120,,87,39,PCS,,13/03/2027,,1
55,09,2,06,1,20137258,RASA MASA BUMBU NUSANTARA GULAI AYAM PCK 40,,88,13,PCS,,04/03/2027,,1
56,01,1,01,1,20083529,INDOMARET HAPPYTOS SNACK POPCORN CHIPS SEAWEED PCK 52,,91,56,PCS,,14/05/2027,,1
56,01,1,02,1,20116684,CHITATO LITE SNACK POTATO SALMON TERIYAKI PCK 65,,92,480,PCS,,06/04/2027,,2
56,01,2,01,1,20143285,MONDE SHORTBREAD BISCUIT  PCH 70,,93,26,PCS,,09/04/2027,,1
56,01,2,02,1,20137885,CHUPA CHUPS JELLY  OCEAN FUN PCK 90,,94,16,PCS,,08/07/2027,,1
56,01,2,03,1,20037618,ROMA CRACKERS MALKIST ABON PCK 105,,95,0,PCS,,23/04/2027,,6
56,01,2,04,1,20003567,SASA TEPUNG BUMBU SERBAGUNA ORIGINAL PCK 225/210,,96,16,PCS,,19/08/2027,,2
56,01,2,05,1,20139289,LARISST NATA DE COCO DUGAN VANILLA PCH 360,,97,0,PCS,,12/02/2027,J,1
56,01,2,06,1,20129283,QUAKER MINUMAN SEREAL 3 IN 1 COKELAT PCK 8X28,,98,73,PCS,,23/02/2027,,1
56,02,1,01,1,20125388,OISHI SNACK POPCORN MENTEGA BELGIA PCH 100,,101,572,PCS,,07/03/2027,,4
56,02,1,02,1,20104729,LEMONILO CHIMI KERIPIK UBI JAGUNG BALADO PCK 41,,102,761,PCS,,17/06/2027,,2
56,02,2,01,1,20091447,MI GEMEZ SNACK MIE KERING ENAK FAM.PACK SPICY PCK 3X26,,103,120,PCS,,23/04/2027,,2
56,02,2,02,1,20098334,REBO KUACI CARAMEL PCH 120,,104,48,PCS,,02/07/2027,,2
56,02,2,03,1,20110265,KOPIKO SUGAR FREE COFFEE CANDY  PCK 32,,105,2,PCS,,19/08/2027,,1
56,02,2,04,1,20140634,MOMS RECIPE SILKY PUDING BUBUK MATCHA PCH 100,,106,112,PCS,,16/06/2027,,1
56,02,2,05,1,20135466,KOBE BUMBU ADUK NASI KUNING  PCK 3X15,,107,75,PCS,,17/06/2027,,1
56,02,2,06,1,20142332,LARISST CHOCO EGG  PCS 20,,108,3,PCS,,23/07/2027,,2
56,03,1,01,1,20133064,KRAKER SNACK UDANG PEDAS PCK 130,,111,210,PCS,,28/04/2027,,2
56,03,1,02,1,20055204,TARO SNACK NET POTATO BARBEQUE PCK 62,,112,271,PCS,,28/02/2027,,3
56,03,2,01,1,20109115,MILNA NATURE PUFFS ORGANIC BANANA PCH 15,,113,1,PCS,CTN,12/01/2027,,2
56,03,2,02,1,20093516,INDOMARET KUACI  PCH 80,,114,63,PCS,CTN,23/09/2027,,6
56,03,2,03,1,20109048,HEXOS CANDY MINT PCK 8X2.5,,115,627,PCS,,28/06/2028,,3
56,03,2,04,1,20061785,INDOMARET POP CORN  PCK 200,,116,113,PCS,CTN,07/07/2027,,2
56,03,2,05,1,20143959,INDOMARET ABON SAPI PEDAS PCH 100,,117,1483,PCS,,09/09/2027,,1
56,03,2,06,1,20141199,NUTRIJELL KONNYAKU JELLY POWDER KOPI PCK 20,,118,80,PCS,,17/08/2027,,1
56,04,1,01,1,20127276,LUWAK KOPI BUBUK MURNI  PCK 9X6.5,,121,0,PCS,,23/10/2027,,5
56,04,1,02,1,20143290,NISSIN WAFER LUXURY BITES CHOCOLAVA PCH 50,,122,27,PCS,,25/07/2027,,1
56,04,2,01,1,20055358,AJINOMOTO MAYONNAISE MAYUMI PEDAS PCK 100,,123,101,PCS,CTN,02/01/2027,,1
56,04,2,02,1,10033424,NISSIN BISCUIT BUTTER COCONUT PCK 200,,124,71,PCS,,20/02/2027,,1
56,04,2,03,1,20129093,GADJAH KOPI TUBRUK ASLI  PCK 60,,125,385,PCS,,19/08/2027,,1
56,04,2,04,1,20143286,AMOS PEELZ MANGO GUMMY  PCH 65,,126,51,PCS,,10/08/2028,,1
56,04,2,05,1,20143054,FOXS GUMMY EMOTIS CANDY  PCK 50,,127,222,PCS,,19/08/2027,,1
56,04,2,06,1,20134927,SEDAAP KECAP MANIS  PCH 280/270,,128,148,PCS,,11/05/2027,,1
56,05,1,01,1,20138236,CHEETOS SNACK JAGUNG BKR KEJU PCK 120,,131,209,PCS,,28/02/2027,L,3
56,05,1,02,1,20098348,REBO KUACI ORIGINAL PCH 140/120,,132,372,PCS,,09/01/2027,S,3
56,05,2,01,1,20001605,ENERGEN CEREAL & SUSU INSTANT COKLAT PCK 10X35,,133,158,PCS,,23/04/2027,,2
56,05,2,02,1,20041164,BLUE BAND MARGARINE CAKE & COOKIE 88377  PCK 200,,134,2,PCS,,04/02/2027,,6
56,05,2,03,1,20001606,ENERGEN CEREAL INSTANT KACANG HIJAU PCK 10X35,,135,68,PCS,CTN,23/04/2027,,1
56,05,2,04,1,20013332,KHONG GUAN CRACKERS+WAFER SALTCHEESE COMBO PCK 10X17,,136,88,PCS,CTN,23/09/2027,,2
56,05,2,05,1,20143335,MIE KREMEZZ SNACK SHORR AYAM PANGGANG PCK 4X25 ,,137,92,PCS,,26/06/2027,,1
56,05,2,06,1,20069630,BOLA DUNIA AGAR AGAR POWDER PUTIH PCK 7,,138,27,PCS,CTN,16/05/2027,,1
56,06,1,01,1,20047335,OISHI SNACK SPONGE CRUNCH STRAWBERRY PCH 100,,141,260,PCS,,17/03/2027,,2
56,06,1,02,1,20033450,QTELA KERIPIK TEMPE ORIGINAL PCK 55,,142,284,PCS,,10/01/2027,,2
56,06,2,01,1,20067395,NISSIN MIE GORENG GEKIKARA RAMEN PEDAS PCK 118,,143,333,PCS,,04/01/2027,,3
56,06,2,02,1,20112822,MIGELAS MIE INSTANT PAKET KELUARGA AYAM BAWANG PCK 6X30,,144,0,PCS,,23/06/2027,,1
56,06,2,03,1,10036815,SWALLOW GLOBE AGAR AGAR POWDER COKLAT PCK 7,,145,212,PCS,CTN,05/02/2029,,1
56,06,2,04,1,20143892,CHOMP CHOMP MALLOW PUFF NUTTY CHOCOLATE PCK 40,,146,530,PCS,,03/02/2028,,1
56,06,2,05,1,20135316,LARISST PENYEDAP RASA JAMUR PCK 40,,147,679,PCS,CTN,15/03/2028,,1
56,06,2,06,1,20124962,QUAKER MINUMAN SEREAL 3 IN 1 VANILLA PCK 8X28,,148,76,PCS,,04/01/2027,,1
56,07,1,01,1,20138738,INDOMIE POP SPAGETI SPICY CARBONARA PCK 80,,151,19,PCS,,03/01/2027,,4
56,07,1,02,1,10006890,TWISTKO SNACK JAGUNG BAKAR PCK 40,,152,126,PCS,,13/04/2027,,2
56,07,2,01,1,20086226,INDOMARET KERIPIK PISANG MADU PCK 150/90,,153,132,PCS,CTN,23/06/2027,,1
56,07,2,02,1,20111009,PRINGLES POTATO CRISPS CHEESY CHEESE KLG 42,,154,567,PCS,,06/06/2027,L,2
56,07,2,03,1,20077095,JOSH KUPING GAJAH VANILA PCK 75,,155,3,PCS,,17/06/2027,,1
56,07,2,04,1,20094642,MIGELAS MIE INSTANT PAKET KELUARGA SOTO AYAM PCK 6X30,,156,9,PCS,,15/06/2027,,1
56,07,2,05,1,20081237,MAMASUKA PANCAKE MIX POWDER  PCH 190,,157,131,PCS,,07/01/2027,,1
56,07,2,06,1,20039011,MAMASUKA SUP KRIM AYAM PCK 55,,158,55,PCS,,19/08/2027,,1
56,08,1,01,1,20000516,KUSUKA KERIPIK SINGKONG BERBEQUE PCK 180,,161,2,PCS,,04/03/2027,,5
56,08,1,02,1,20055742,SAMYANG MIE INSTANT GORENG PEDAS AYAM CUP 105,,162,254,PCS,,23/09/2027,,2
56,08,2,01,1,20096440,ROSE BRAND GULA HALUS  PCK 500,,163,61,PCS,CTN,17/06/2027,,1
56,08,2,02,1,20131722,YA KOPI INSTANT SP  PCK 158/150,,164,386,PCS,,23/09/2027,,1
56,08,2,03,1,20094731,KOBE TEPUNG ROTI  PCK 200,,165,46,PCS,,28/06/2027,,1
56,08,2,04,1,20066510,SENNA KRUPUKKU IKAN PCK 250/200,,166,180,PCS,,16/10/2027,,1
56,08,2,05,1,20143040,OBALAB SQUARE ORIGINAL FLAVOR CAKE  PCS 80 ,,167,353,PCS,,21/05/2027,,1
56,08,2,06,1,20132655,MOMS RECIPE SILKY PUDING BUBUK TARO PCH 110,,168,0,PCS,,09/04/2027,,1
56,09,1,01,1,20137778,LEMONILO CHIMI KERIPIK UBI FAMILY PACK JAGUNG BAKAR PCK 85,,171,226,PCS,,18/02/2027,,2
56,09,1,02,1,20021257,UNIBIS BISCUITS BONBON CREAM CHOCOLATE PCK 220/200,,172,125,PCS,,23/04/2027,,1
56,09,2,01,1,20139346,LARISST GARAM KASAR  PCH 500,,173,0,PCS,,14/06/2029,,1
56,09,2,02,1,20124024,GREEN VALLEY MACARONI & CHEESE  BOX 200,,174,0,PCS,,19/08/2027,,1
56,09,2,03,1,20144193,LADANG LIMA COOKIES BLACKTHINS COKLAT PCH 45,,176,435,PCS,,24/09/2027,,1
56,09,2,04,1,20097482,EAST BALI YAVA CACAO CASHEW NUTS  PCK 35,,177,0,PCS,,07/07/2027,,1
56,09,2,05,1,20025757,PRONAS BUMBU NASI GORENG DAGING SAPI PCH 110,,178,29,PCS,,23/09/2027,,1
56,09,2,06,1,20133370,MILTON CANDY PASTILLES SUGAR FREE LEMON PCK 16.5,,179,328,PCS,,01/07/2028,,1
57,01,1,01,1,20139774,CHUPA CHUPS CANDY ROPES STRAWBRY / COLA PCK 24,,1,904,PCS,,06/01/2027,,2
57,01,1,02,1,20141836,CADBURY DAIRY MILK CRISP-IT  PCK 52,,2,0,PCS,,22/04/2027,T,1
57,01,1,03,1,20134029,DELFI CHOCOLATE TREASURES MILK BDD 2X30,,3,60,PCS,,20/02/2027,,1
57,01,1,04,1,20115134,FISHERMANS CANDY SUGAR FREE CHOCO ORANGE PCK 25,,4,0,PCS,,10/08/2027,V,1
57,01,1,05,1,20051344,FITBAR CHOCOLATE FITBAR  PCK 20,,5,1627,PCS,,04/01/2027,,12
57,01,1,06,1,10023833,DELFI CHOCOLATE CHA CHA MILK PCK 35,,6,10,PCS,,23/02/2027,,3
57,01,1,07,1,,,,,0,PCS,,,,
57,01,1,08,1,,,,,0,PCS,,,,
57,01,2,01,1,10004502,CHUPA CHUPS BIG BABOL CANDY STICK TUTTI FRUTI STK 20,,9,0,PCS,,16/06/2027,,20
57,01,2,02,1,20033392,DELFI CHOCOLATE CHA CHA MINIS PCS 30/25,,10,180,PCS,CTN,23/02/2027,,12
57,01,2,03,1,20135198,WONHAE YOGHURT GUMMY ORIGINAL PCK 48,,11,196,PCS,,06/11/2027,,2
57,01,2,04,1,20085776,RAW MATERIAL COFFEE JELLY  PCK 2,,12,18,PCS,,16/02/2027,Z,1
57,01,2,05,1,20068396,FISHERMANS CANDY SUGAR FREE SPEARMINT PCK 25/22,,13,278,PCS,,16/09/2027,,1
57,01,2,06,1,20021340,LOTTE CHEWING GUM S/F XYLITOL BLUBERI MINT BTL 26.1,,14,1466,PCS,,06/05/2027,,12
57,01,2,07,1,,,,,0,PCS,,,,
57,01,2,08,1,,,,,0,PCS,,,,
57,01,3,01,1,20128815,INDOMARET GUMMY CHOCO MIX FRUITS PCK 45/40,,17,631,PCS,,05/03/2027,,2
57,01,3,02,1,20140412,MILKITA MILKY BAR ORIGINAL PCK 15,,18,634,PCS,,23/04/2027,,2
57,01,3,03,1,20025050,MILO CHOCO BAR  PCK 15,,19,0,PCS,,15/09/2027,,2
57,01,3,04,1,20110017,UHA KORORO JELLY CANDY GRAPE PCK 40,,20,0,PCS,CTN,06/03/2027,,2
57,01,3,05,1,20072367,CADBURY CHOCOLATE DAIRY MILK CASHEW NUT PCK 57/52,,21,12,PCS,,23/02/2027,,6
57,01,3,06,1,10006534,YUPI CANDY GUMMY KISS STRAWBERRY PCK 45,,22,420,PCS,,05/05/2027,,6
57,01,3,07,1,,,,,0,PCS,,,,
57,01,3,08,1,,,,,0,PCS,,,,
57,02,1,01,1,20093135,BENG-BENG WAFER CHOCOLATE SHARE IT 10S  PCH 95/80,,25,56,PCS,,06/04/2027,,4
57,02,1,02,1,20063155,SOYJOY FRUIT SOY BAR COKLAT ALMOND PCK 30,,26,4,PCS,,15/07/2027,,2
57,02,1,03,1,20078838,CHOMP CHOMP CHOCOLATE GOLDEN COIN  RCG 6S,,27,48,PCS,,17/03/2027,,2
57,02,1,04,1,20136191,YUPI CANDY GUMMY NOODLES PCK 23,,28,1416,PCS,,23/02/2027,,24
57,02,1,05,1,20039715,CADBURY CHOCOLATE DAIRY MILK  PCK 30/25,,29,329,PCS,,18/03/2027,,2
57,02,1,06,1,10006540,YUPI CANDY GUMMY BABY BEARS PCK 45,,30,210,PCS,,04/08/2027,,6
57,02,1,07,1,,,,31,0,PCS,,,,
57,02,1,08,1,,,,,0,PCS,,,,
57,02,2,01,1,10015698,MILO CHOCOLATE NUGGETS  PCK 25,,33,102,PCS,,09/04/2027,L,2
57,02,2,02,1,10000172,KOPIKO CANDY  PCK 105,,34,0,PCS,,06/07/2027,,3
57,02,2,03,1,10008315,KINDER BUENO CHOCOLATE RICH IN MILK  PCK 43,,35,116,PCS,,17/02/2027,,2
57,02,2,04,1,10004501,CHUPA CHUPS BIG BABOL CANDY STICK BLUEBERRY STK 20,,36,2,PCS,,02/07/2027,,5
57,02,2,05,1,20097488,MILO SEREAL BAR COKELAT PCK 23.5,,37,0,PCS,,19/08/2027,,16
57,02,2,06,1,20139394,JLO GUMMY SURPRISE CUTE BEAR  PCK 40,,38,486,PCS,,06/02/2027,,2
57,02,2,07,1,,,,,0,PCS,,,,
57,02,2,08,1,,,,,0,PCS,,,,
57,02,3,01,1,20137476,SOYJOY KURMA NASTAR  PCK 30,,41,76,PCS,,17/03/2027,,1
57,02,3,02,1,10010192,SILVER QUEEN CHOCOLATE CASHEW PCK 22,,42,141,PCS,,23/02/2027,,2
57,02,3,03,1,20045175,DELFI CHOCOLATE CHA CHA MILK PCK 20,,43,1907,PCS,,23/02/2027,,5
57,02,3,04,1,10003844,INACO JELLY MINI  PCK 15S/16S,,44,0,PCS,,23/12/2027,,2
57,02,3,05,1,20008798,SILVER QUEEN CHOCOLATE CHUNKY BAR CASHEW PCK 85/82,,45,2260,PCS,,23/02/2027,S,2
57,02,3,06,1,20137065,JLO GUMMY EGG  PCK 18,,46,84,PCS,,19/05/2027,,6
57,02,3,07,1,,,,,0,PCS,,,,
57,02,3,08,1,,,,,0,PCS,,,,
57,03,1,01,1,10028390,HAPPYDENT WHITE CHEWING GUM 8S/10S  PCK 14,,49,189,PCS,,09/04/2027,,4
57,03,1,02,1,20120798,CHO CHO CHOCOLATE JOY SUPER PCK 40/30,,50,5,PCS,,11/06/2027,,1
57,03,1,03,1,20127602,SUPER ZUPER CANDY (50S) ASSORTED PCK 125,,51,0,PCS,,20/09/2028,,2
57,03,1,04,1,20044608,KIT KAT CHOCOLATE CHUNKY  PCK 38,,52,0,PCS,,28/06/2027,,2
57,03,1,05,1,20142588,DELFI CHOCOLATE CHA CHA PEANUT BDD 2X35,,53,49,PCS,,25/06/2027,,1
57,03,1,06,1,20077302,MILKITA CANDY MILK (30S) ASSORTED PCK 105,,54,91,PCS,,20/03/2028,,1
57,03,1,07,1,,,,,0,PCS,,,,
57,03,1,08,1,,,,,0,PCS,,,,
57,03,2,01,1,20092545,SILVER QUEEN CHOCOLATE GREEN TEA PCK 52,,57,171,PCS,,23/02/2027,,1
57,03,2,02,1,10006539,YUPI CANDY GUMMY KISS STRAWBERRY PCK 110,,58,180,PCS,,17/05/2027,,1
57,03,2,03,1,20142997,SNICKERS CHOCOLATE FOOTBALL  PCK,,59,0,PCS,,10/07/2027,T,1
57,03,2,04,1,20137063,INDOMARET CANDY GUMMY ORANGE PCH 88,,60,0,PCS,CTN,20/12/2027,T,1
57,03,2,05,1,20073688,SIN A TING TING JAHE ORIGINAL PCK 100,,61,140,PCS,,21/10/2027,,2
57,03,2,06,1,20115133,FISHERMANS CANDY SUGAR FREE CHOCO MINT PCK 22,,62,0,PCS,,16/09/2027,,1
57,03,2,07,1,,,,,0,PCS,,,,
57,03,2,08,1,,,,,0,PCS,,,,
57,03,3,01,1,20099973,HIMALAYA SALT MINT CANDY LEMON PCK,,65,6,PCS,,05/07/2027,,12
57,03,3,02,1,20099544,RAW MATERIAL ENGLISH BREAKFAST TEA BAG  PCS,,66,650,PCS,,01/07/2028,Z,50
57,03,3,03,1,20115505,DILAN CHOCO  CRUNCHY CARAMEL  PCH 95,,67,62,PCS,,23/09/2027,,2
57,03,3,04,1,20064920,YUPI CANDY GUMMY LITTLE STARS PCK 45,,68,1584,PCS,,17/05/2027,,6
57,03,3,05,1,10030199,MENTOS CANDY CHEWY DRAGEES BUAH PCK 121.5,,69,0,PCS,,19/10/2027,,5
57,03,3,06,1,20090773,STREPSILS CANDY EXTRA STRONG PCK 8S,,70,0,PCS,,16/09/2029,,1
57,03,3,07,1,,,,,0,PCS,,,,
57,03,3,08,1,,,,,0,PCS,,,,
57,04,1,01,1,20025350,LOTTE CHEWING GUM S/F XYLITOL FRESH MINT BTL 27.55,,73,143,PCS,,20/06/2027,,1
57,04,1,02,1,20063862,HAPPYDENT CHEWING GUM ACTI WHITE PEPPERMINT BTL 56,,74,5,PCS,,06/06/2027,,1
57,04,1,03,1,20049229,HARIBO CANDY GUMMY GOLD BEARS PCK 80,,75,54,PCS,,04/09/2027,,1
57,04,1,04,1,20046198,SNICKERS CHOCOLATE / MINGYU EDITION  PCK 51,,76,123,PCS,,23/02/2027,,2
57,04,1,05,1,20112042,RAW MATERIAL CARAMEL SAUCE  BTL 1L,,77,28,PCS,,27/07/2027,Z,2
57,04,1,06,1,20085730,INDOMARET CASHEW MILK CHOCOLATE  PCK 40,,78,112,PCS,,12/01/2027,,4
57,04,1,07,1,,,,,0,PCS,,,,
57,04,1,08,1,,,,,0,PCS,,,,
57,04,2,01,1,20022908,SILVER QUEEN CHOCOLATE CHUNKY BAR ALMOND PCK 85/82,,81,2572,PCS,,23/02/2027,S,2
57,04,2,02,1,20024096,KIS CANDY MINT GRAPE PCK 100/75,,82,14,PCS,,19/08/2027,,2
57,04,2,03,1,20135995,JLO GUMMY BITE ANGGRLECI&MNGG PCK 40,,83,0,PCS,,03/04/2027,V,2
57,04,2,04,1,20012951,PUSH POP CANDY REAL FRUIT JUICE  PCS 14,,84,219,PCS,,03/06/2027,L,20
57,04,2,05,1,20133246,CHOMP CHOMP TRIO MALLOW RAINBOW PCK 24/21,,85,864,PCS,,10/08/2027,,2
57,04,2,06,1,10003485,SILVER QUEEN CHOCOLATE ALMOND PCK 52,,86,180,PCS,,23/02/2027,S,10
57,04,2,07,1,,,,,0,PCS,,,,
57,04,2,08,1,,,,,0,PCS,,,,
57,04,3,01,1,20101907,CHOMP CHOMP MALLOW BURGER MARSHMALLOW  PCK 60/50,,89,246,PCS,,17/05/2027,,2
57,04,3,02,1,20109430,CHOMP CHOMP MALLOW PLAIN PCK 60/50,,90,0,PCS,,17/05/2027,,2
57,04,3,03,1,20094168,CHOMP CHOMP TWIST MARSHMALLOW  PCK 60/50,,91,388,PCS,,17/05/2027,,1
57,04,3,04,1,20096157,CHOMP CHOMP MARSHMALLOW STRAWBERRY PCK 60/50,,92,403,PCS,,17/05/2027,,1
57,04,3,05,1,20142220,CADBURY CHOCOLATE ROASTED ALMOND PCK 52,,93,0,PCS,,16/03/2027,T,1
57,04,3,06,1,20080530,YUPI CANDY GUMMY BIG BURGER PCK 32,,94,767,PCS,,17/03/2027,,6
57,04,3,07,1,,,,,0,PCS,,,,
57,04,3,08,1,,,,,0,PCS,,,,
57,05,1,01,1,20082194,CADBURY CHOCOLATE DAIRY MILK OREO PCK 60/58.5,,97,390,PCS,,12/01/2027,,2
57,05,1,02,1,20101063,KOPIKO CANDY COFFEE BLISTER 8S  PCK 32,,98,2016,PCS,,20/09/2027,,2
57,05,1,03,1,10037013,RELAXA CANDY BARLEY MINT PCK 108/81,,99,64,PCS,,03/01/2027,,2
57,05,1,04,1,20016240,FOXS CANDY CRYSTAL CLEAR BERRIES PCK 90/80,,100,43,PCS,,03/03/2027,,2
57,05,1,05,1,20124423,CADBURY CHOCOLATE DAIRY MILK  PCK 90/85,,101,48,PCS,,15/07/2027,L,12
57,05,1,06,1,10009988,FERRERO ROCHER CHOCOLATE  PCK 37.5,,102,432,PCS,,12/07/2027,,4
57,05,1,07,1,,,,,0,PCS,,,,
57,05,1,08,1,,,,,0,PCS,,,,
57,05,2,01,1,20141953,POKEMON SET SPESIAL LEDAKAN PENIADA  PCS,,105,0,PCS,,01/04/2031,V,1
57,05,2,02,1,10000763,FOXS CANDY FRUITS PCK 90/80,,106,16,PCS,,03/03/2027,,2
57,05,2,03,1,10005583,FISHERMANS CANDY LEMON SCT 25/22,,107,70,PCS,,07/07/2027,,2
57,05,2,04,1,20140906,MILKITA MILKY BAR CHOCOLATE PCK 15,,108,596,PCS,,12/01/2027,V,2
57,05,2,05,1,10036987,SILVER QUEEN CHOCOLATE CASHEW PCK 52,,109,0,PCS,,23/02/2027,D,20
57,05,2,06,1,20140360,POKEMON SET SPECIAL KOBARAN BIRU  PCK,,110,0,PCS,,,I,1
57,05,2,07,1,,,,,0,PCS,,,,
57,05,2,08,1,,,,,0,PCS,,,,
57,05,3,01,1,20036148,SILVER QUEEN CHOCOLATE CHUNKY BAR CASHEW PCK 26,,113,104,PCS,,13/02/2027,,12
57,05,3,02,1,20137070,MILO CHOCOLATE ACTIVE CUBE  PCH 67.5,,114,67,PCS,,28/06/2027,,2
57,05,3,03,1,20052776,YUPI CANDY GUMMY BIG FRANK PCK 32,,115,1388,PCS,,20/09/2028,,2
57,05,3,04,1,20140185,SILVER QUEEN CHOCOLATE CHUNKY MINIS  PCH 10X8,,116,254,PCS,,02/07/2027,,1
57,05,3,05,1,20130547,DELFI CHOCOLATE DAIRY MILK  PCK 2X25,,117,294,PCS,,06/04/2027,,6
57,05,3,06,1,20092067,CADBURY DAIRY MILK LICKABLES  PCS,,118,0,PCS,,19/05/2027,V,4
57,05,3,07,1,,,,,0,PCS,,,,
57,05,3,08,1,,,,,0,PCS,,,,
58,01,1,01,1,20132529,RAW MATERIAL ROSE & ROSELLA TEA (NEW)  PCS,,121,0,PCS,,01/07/2028,Z,25
58,01,1,02,1,20112043,RAW MATERIAL CHOCOLATE SAUCE  BTL 1L,,122,110,PCS,,02/07/2027,Z,1
58,01,1,03,1,20137064,INDOMARET CANDY GUMMY PUZZLE PCK 50,,123,178,PCS,,02/02/2028,,2
58,01,1,04,1,20132532,RAW MATERIAL CHAMOMILE TEA (NEW)  PCS,,124,0,PCS,,05/02/2027,Z,25
58,01,1,05,1,10011038,WOODS CANDY PEPPERMINT LOZENGES EXTRA STRONG SCT 15,,125,1861,PCS,,16/09/2030,,3
58,01,1,06,1,20132531,RAW MATERIAL ROYAL EARL GREY TEA (NEW)  PCS,,126,400,PCS,,01/05/2028,Z,25
58,01,1,07,1,,,,,0,PCS,,,,
58,01,1,08,1,,,,,0,PCS,,,,
58,01,2,01,1,10036981,KIT KAT CHOCOLATE 4 FINGERS  PCK 35,,129,576,PCS,,19/08/2027,,12
58,01,2,02,1,20065363,SNICKERS CHOCOLATE  PCK 70,,130,0,PCS,,28/05/2027,,1
58,01,2,03,1,10000757,LAGIE CHOCOLATE ALPINE FULL MILK PCK 60,,131,147,PCS,,06/05/2027,,1
58,01,2,04,1,20124621,TELKOMSEL PRA BAYAR CARD  PCS,,132,0,PCS,,,Z,1
58,01,2,05,1,20092546,SILVER QUEEN CHOCOLATE GREEN TEA PCK 22,,133,0,PCS,,12/02/2027,V,2
58,01,2,06,1,20129719,FROZZ CANDY ANGGUR MINT PCS 14,,134,1,PCS,,28/09/2027,,1
58,01,2,07,1,,,,,0,PCS,,,,
58,01,2,08,1,,,,,0,PCS,,,,
58,01,3,01,1,20095888,SILVER QUEEN WHITE CHOCOLATE CHUNKY BAR CASHEW PCK 85/82,,137,694,PCS,,23/02/2027,L,2
58,01,3,02,1,20024539,SILVER QUEEN CHOCOLATE BITES ALMOND NUTS PCK 30,,138,122,PCS,,23/02/2027,,2
58,01,3,03,1,20120946,KINDER JOY CHOCOLATE CRISPY DC COMICS PCS 20,,139,0,PCS,,28/04/2027,T,9
58,01,3,04,1,10000418,DELFI CHOCOLATE CHIC CHOC  PCK 36,,140,362,PCS,,23/02/2027,,2
58,01,3,05,1,20057444,KINDER JOY CHOCOLATE CRISPY GIRL PCS 20,,141,1872,PCS,,15/02/2027,D,24
58,01,3,06,1,20124289,CHO CHO CHOCOLATE JOY JUMBO PCS 40,,142,306,PCS,,23/09/2027,,2
58,01,3,07,1,,,,,0,PCS,,,,
58,01,3,08,1,,,,,0,PCS,,,,
58,02,1,01,1,20018396,HAPPYDENT WHITE CHEWING GUM 40S  BTL 61.6/56,,145,0,PCS,,05/12/2027,,2
58,02,1,02,1,20141835,CADBURY DAIRY MILK OREO SHAREBAG  PCH 80.5,,146,463,PCS,,15/04/2027,,1
58,02,1,03,1,20142589,DELFI CHOCOLATE NOCKERS  BDD 2X35,,147,235,PCS,,24/02/2027,,1
58,02,1,04,1,10038880,SILVER QUEEN CHOCOLATE MIDI ALMOND PCK 22,,148,808,PCS,,23/02/2027,,10
58,02,1,05,1,10035551,STREPSILS CANDY REGULER PCK 6S/8S,,149,0,PCS,,16/09/2029,,1
58,02,1,06,1,20120275,DELFI CHOCOLATE WAFER TAKE-IT 4 FINGERS BDD 2X35,,150,388,PCS,,23/02/2027,,2
58,02,1,07,1,,,,,0,PCS,,,,
58,02,1,08,1,,,,,0,PCS,,,,
58,02,2,01,1,20124902,SILVER QUEEN CHOCOLATE BUY 2 GET 1 CASHEW BDD 3X52,,153,0,PCS,,13/04/2027,T,1
58,02,2,02,1,10000765,SUGUS CANDY STICK BLACKCURRANT BTG 30,,154,0,PCS,,25/02/2027,,2
58,02,2,03,1,20021339,LOTTE CHEWING GUM S/F XYLITOL JERUK NPIS MINT BTL 26.1,,155,91,PCS,,16/03/2028,,1
58,02,2,04,1,20130159,CADBURY DAIRY MILK SHAREBAG MILK CHOCOLATE PCH 81,,156,153,PCS,,23/03/2027,,1
58,02,2,05,1,20124914,SILVER QUEEN CHOCOLATE CHUNKY BAR ALMOND PCK 26,,157,862,PCS,,05/02/2027,,12
58,02,2,06,1,20120257,CADBURY CHOCOLATE DAIRY MILK HAZELNUT PCK 57/52,,158,0,PCS,,15/07/2027,N,2
58,02,2,07,1,,,,,0,PCS,,,,
58,02,2,08,1,,,,,0,PCS,,,,
58,02,3,01,1,20112348,INDOMARET BLUEBERRY DARK CHOCOLATE  PCK 45,,161,737,PCS,,02/02/2027,,1
58,02,3,02,1,20141453,JLO LIPSTICK CANDY  PCS 5,,162,889,PCS,,12/02/2027,,2
58,02,3,03,1,20039717,CADBURY CHOCOLATE DAIRY MILK  PCK 55/52,,163,96,PCS,,23/02/2027,S,24
58,02,3,04,1,20141002,WONHAE MATCHA BERRY MINI BITES  PCK 30,,164,36,PCS,,07/01/2027,,2
58,02,3,05,1,20093638,INDOMARET BISCUIT MILK CHOCOLATE  PCK 40,,165,0,PCS,,02/02/2027,,2
58,02,3,06,1,20142508,DARK WONDER DARK CHOCOLATE BAR BANDED ALMOND BDD 2X40,,166,0,PCS,,05/02/2027,,2
58,02,3,07,1,,,,,0,PCS,,,,
58,02,3,08,1,,,,,0,PCS,,,,
58,03,1,01,1,20063093,DELFI CHOCOLATE MALTITOS  PCK 28/26,,169,0,PCS,,23/02/2027,O,8
58,03,1,02,1,20129560,INDOMARET MILK CHOCOLATE HAZELNUT PCH 60,,170,0,PCS,,05/03/2027,V,1
58,03,1,03,1,20113490,BENG-BENG WAFER CHOCOLATE NUTS ALMOND PCK 35,,171,0,PCS,,06/04/2027,,2
58,03,1,04,1,10000760,FISHERMANS CANDY EXTRA STRONG PUTIH SCT 25/22,,172,0,PCS,,16/03/2028,,1
58,03,1,05,1,20001380,STREPSILS CANDY VIT.C ORANGE PCK 6S/8S,,173,115,PCS,,16/09/2029,,1
58,03,1,06,1,20057442,KINDER JOY CHOCOLATE CRISPY BOYS PCS 20,,174,72,PCS,,15/06/2027,D,12
58,03,1,07,1,,,,,0,PCS,,,,
58,03,1,08,1,,,,,0,PCS,,,,
58,03,2,01,1,10000312,YUPI CANDY GUMMY NEON STICK PCK 45,,177,1417,PCS,,17/05/2027,,6
58,03,2,02,1,10000322,CHOKI CHOKI CHOCOLATE  PCK 4X9,,178,153,PCS,,15/06/2027,D,18
58,03,2,03,1,20040341,FITBAR FRUIT FITBAR KISMIS RASPBERY PCK 20,,179,1549,PCS,,04/01/2027,,4
58,03,2,04,1,20027910,STREPSILS SUGAR FREE CANDY LEMON & HERB PCK 6S/8S,,180,59,PCS,,16/09/2029,,1
58,03,2,05,1,20140016,M&MS CHOCOLATE PEANUT PCK 37,,181,43,PCS,,28/06/2027,,1
58,03,2,06,1,10035319,STREPSILS CANDY HONEY & LEMON PCK 6S/8S,,182,163,PCS,,16/09/2029,,1
58,03,2,07,1,,,,,0,PCS,,,,
58,03,2,08,1,,,,,0,PCS,,,,
58,03,3,01,1,20125849,AMOS CANDY GUMMY 4D BLOCKS  PCH 72,,185,1814,PCS,,17/11/2027,,4
58,03,3,02,1,20084899,LAGIE CHOCOLATE GOLDEN CITY  PCK 75,,186,120,PCS,,12/07/2027,,5
58,03,3,03,1,20092548,CHOMP CHOMP DUCKIE MARSHMALLOW  PCK 60/50,,187,446,PCS,,17/05/2027,,12
58,03,3,04,1,20122906,CHUPA CHUPS BIG BABOL CANDY BUBBLE GUM TUTTI-BLUEBERRY BDD 2X20,,188,346,PCS,,22/07/2027,,2
58,03,3,05,1,20064556,CHOMP CHOMP MARSHMALLOW TWISTER  PCK 55/50,,189,0,PCS,,17/05/2027,,1
58,03,3,06,1,20054913,FISHERMANS CANDY SUGAR FREE BLACKCURRANT PCK 25/22,,190,127,PCS,,16/03/2028,,1
58,03,3,07,1,,,,,0,PCS,,,,
58,03,3,08,1,,,,,0,PCS,,,,
58,04,1,01,1,20142507,FISHERMANS CANDY SUGAR FREE COLA SCT 25/22,,193,56,PCS,,07/03/2027,,1
58,04,1,02,1,20001396,SILVER QUEEN CHOCOLATE BITES CASHEW NUT PCK 30,,194,303,PCS,,23/02/2027,,12
58,04,1,03,1,20089666,CADBURY CHOCOLATE DAIRY MILK CASHEW NUT PCK 90/85,,195,44,PCS,,08/02/2027,,2
58,04,1,04,1,20054753,CADBURY CHOCOLATE DAIRY MILK FRUIT & NUT PCK 57/52,,196,0,PCS,,08/02/2027,V,1
58,04,1,05,1,,,,,0,PCS,,,,
58,04,1,06,1,,,,,0,PCS,,,,
58,04,1,07,1,,,,,0,PCS,,,,
58,04,1,08,1,,,,,0,PCS,,,,
58,04,2,01,1,20011878,SNICKERS CHOCOLATE  PCK 35,,201,134,PCS,,06/07/2027,,2
58,04,2,02,1,20143070,DELFI CHOCOLATE CHA CHA MINIS TSUM TSUM PCK 2X12.5,,202,5,PCS,,07/02/2027,T,1
58,04,2,03,1,20129561,INDOMARET MILK CHOCOLATE RAISIN PCH 60,,203,57,PCS,,09/02/2027,,1
58,04,2,04,1,10003845,KIT KAT CHOCOLATE 2 FINGERS MULTIPACK  PCK 102,,204,140,PCS,,23/02/2027,,1
58,04,2,05,1,20062877,CADBURY CHOCOLATE DAIRY MILK BLACK FOREST PCK 62/57,,205,0,PCS,,23/02/2027,,9
58,04,2,06,1,10004982,SILVER QUEEN CHOCOLATE MILK FRUIT & NUT PCK 55/52,,206,175,PCS,,23/02/2027,,1
58,04,2,07,1,,,,,0,PCS,,,,
58,04,2,08,1,,,,,0,PCS,,,,
58,04,3,01,1,20134028,DELFI CHOCOLATE WAFER TAKE-IT BIG BDD 2X33,,209,69,PCS,,23/02/2027,,2
58,04,3,02,1,20014973,SILVER QUEEN CHOCOLATE CRISPY  PCK 53/50,,210,170,PCS,,23/02/2027,,10
58,04,3,03,1,20132839,KINDER CHOCOLATE CREAMY  PCS 19,,211,1512,PCS,,20/06/2027,,3
58,04,3,04,1,20129562,INDOMARET FREEZE DRIED MILK CHOCOLATE STRAWBERRY PCH 45,,212,237,PCS,,02/02/2027,,1
58,04,3,05,1,,,,,0,PCS,,,,
58,04,3,06,1,20129559,INDOMARET MILK CHOCOLATE ALMOND  PCH 60,,214,74,PCS,,02/02/2027,,1
58,04,3,07,1,,,,,0,PCS,,,,
58,04,3,08,1,,,,,0,PCS,,,,
58,05,1,01,1,20143896,CHUPA CHUPS CANDY CRAZY RAFFE  PCK 30,,217,232,PCS,,27/11/2027,,1
58,05,1,02,1,20110458,POKEMON GAME KARTU HADIAH SERIES 6 PCS,,218,0,PCS,,,Z,1
58,05,1,03,1,20140668,KIN PHOTO CARD JKT48 SERIE(HADIAH)  PCK,,219,0,PCS,,,Z,10
58,05,1,04,1,20070015,HERSHEYS KISSES WHITE CHOCOLATE COOKIES N CREME PCK 36,,220,10,PCS,,05/01/2027,,2
58,05,1,05,1,20138178,INDOMARET I-VOUCHER THEMATIC SEASON FISIK RP 50.000 PCS,,221,0,PCS,,,,1
58,05,1,06,1,20070014,HERSHEYS KISSES CREAMY MILK CHOCOLATE  PCK 36,,222,26,PCS,,19/08/2027,,1
58,05,1,07,1,20120831,POKEMON GAME KARTU HADIAH SERIES 12 PCS,,223,0,PCS,,,Z,2
58,05,1,08,1,,,,,0,PCS,,,,
58,05,2,01,1,,,,,0,PCS,,,,
58,05,2,02,1,,,,,0,PCS,,,,
58,05,2,03,1,20048724,YUPI CANDY GUMMY PIZZA PCK 23,,227,601,PCS,,22/01/2028,,6
58,05,2,04,1,20138180,INDOMARET I-VOUCHER THEMATIC SEASON FISIK 100.000 PCS,,228,0,PCS,,,,1
58,05,2,05,1,20131413,GOOGLE PLAY GIFT CARD 100.000-  PCS,,229,0,PCS,,,,1
58,05,2,06,1,20131412,GOOGLE PLAY GIFT CARD 50.000-  PCS,,230,0,PCS,,,,1
58,05,2,07,1,,,,,0,PCS,,,,
58,05,2,08,1,,,,,0,PCS,,,,
58,05,3,01,1,20087289,CHUPA CHUPS SOUR BITES CANDY  PCK 61.6/56,,233,12,PCS,,22/03/2027,,2
58,05,3,02,1,20139756,POKEMON SET SPECIAL EVOLUSI MEGA 2S PCK,,234,0,PCS,,,V,1
58,05,3,03,1,20138375,POKEMON SET SPECIAL KEHADIRAN JUARA SV10S PCK 2,,235,0,PCS,,27/08/2031,I,1
58,05,3,04,1,20141256,POKEMON BOOSTER PACK GAME KARTU EVOLUSI MEGA PCK,,236,0,PCS,,,I,1
58,05,3,05,1,20140645,POKEMON DUMMY PACK SET SPESIAL KOBARAN BIRU PCS,,237,0,PCS,,,Z,1
58,05,3,06,1,,,,,0,PCS,,,,
58,05,3,07,1,,,,,0,PCS,,,,
58,05,3,08,1,,,,,0,PCS,,,,
58,06,1,01,1,20136518,TRIV GIFT CARD CRYPTO FISIK 50.000  PCS,,241,1205,PCS,,,,1
58,06,1,02,1,20120401,SONY PLAYSTATION GIFT CARD 300.000 FISIK PCS,,242,0,PCS,,,,1
58,06,1,03,1,20120402,SONY PLAYSTATION GIFT CARD 600.000 FISIK PCS,,243,0,PCS,,,,1
58,06,1,04,1,20120400,SONY PLAYSTATION GIFT CARD 100.000 FISIK PCS,,244,0,PCS,,,,1
58,06,1,05,1,20131414,GOOGLE PLAY GIFT CARD 150.000-  PCS,,245,0,PCS,,,,1
58,06,1,06,1,20137834,PANINI ADRENALYN XL FIFA TRADING CARD  PCS,,246,16,PCS,,,,1
58,06,1,07,1,20141351,ONE PIECE PUZZLE STANDEE  PCK,,247,0,PCS,,,,2
58,06,1,08,1,20113829,POKEMON GAME KARTU HADIAH SERIES 7 PCS,,248,0,PCS,,,Z,1
58,06,1,09,1,20143749,THREE KARTU PERDANA SP DIGICARD  PCS,,249,187,PCS,,27/02/2029,,1
58,06,1,10,1,20136519,TRIV GIFT CARD CRYPTO FISIK 100.000  PCS,,250,0,PCS,,,,1
58,06,1,11,1,20140863,TELKOMSEL GIFT CARD 3GB FISIK  PCS,,251,0,PCS,,,,1
58,06,1,12,1,20100104,BNI TAP CASH CARD  PCS,,252,0,PCS,,,,3
58,06,1,13,1,,,,,0,PCS,,,,
58,06,1,14,1,,,,,0,PCS,,,,
58,06,2,01,1,20103364,KARTU FLAZZ BCA 2020  PCS,,255,0,PCS,,,,3
58,06,2,02,1,20048641,INDOMARET I-VOUCHER NEW REGULER (FISIK) RP 100.000- PCS,,256,0,PCS,,,,2
58,06,2,03,1,20048642,INDOMARET I-VOUCHER NEW REGULER (FISIK) RP 50.000- PCS,,257,0,PCS,PCS,,,2
58,06,2,04,1,20136856,ROBLOX GIFT CARD FISIK 100.000  PCS,,258,0,PCS,,,,1
58,06,2,05,1,20136857,ROBLOX GIFT CARD FISIK 200.000  PCS,,259,0,PCS,,,,1
58,06,2,06,1,20136858,ROBLOX GIFT CARD FISIK 500.000  PCS,,260,0,PCS,,,,1
58,06,2,07,1,20142688,FIESTA X TREASURE PHOTO CARD SELFIE (HADIAH) PCK,,261,0,PCS,,,N,1
58,06,2,08,1,20110320,MATERAI 10.000 (DESAIN 2021)  PCS,,262,2750,PCS,,,E,50
58,06,2,09,1,20116681,POKEMON GAME KARTU HADIAH SERIES 9 PCS,,263,0,PCS,,,Z,1
58,06,2,10,1,20143748,IM3 KARTU PERDANA SP DIGICARD  PCS,,264,188,PCS,,28/02/2029,,1
58,06,2,11,1,20133887,SMARTFREN KARTU PERDANA PRE SP COCKTAIL LONGLIFE 90D PCS,,265,243,PCS,,15/07/2027,,1
58,06,2,12,1,20136588,TELKOMSEL KARTU PERDANA BY U  PCS,,266,0,PCS,,15/07/2027,,1
58,06,2,13,1,20138662,POKEMON DUMMY DISPLAY CARD  PCS,,267,0,PCS,,,Z,1
58,06,2,14,1,20141232,FIESTA X TREASURE STANDEE PHOTO CARD (HADIAH) PCK,,268,0,PCS,,,N,1
58,06,3,01,1,20140198,FIESTA X TREASURE PHOTO CARD (HADIAH) PCK,,269,0,PCS,,20/09/2027,N,24
58,06,3,02,1,20102652,INDOMARET CARD NEW BIN 2020  PCS,,270,2858,PCS,,,,3
58,06,3,03,1,20091823,BRIZZI CARD  PCS,,271,0,PCS,,,,3
58,06,3,04,1,20131437,E-MONEY PREMIUM CARD POINT COFFEE PCS,,272,0,PCS,,,,5
58,06,3,05,1,20124983,NETFLIX GIFT CARD 200.000- FISIK  PCS,,273,0,PCS,,,,1
58,06,3,06,1,20124984,NETFLIX GIFT CARD 300.000- FISIK  PCS,,274,0,PCS,,,,1
58,06,3,07,1,20121394,RIOT GAMES VALORANT GIFT CARD 250K FISIK  PCS,,275,0,PCS,,,,1
58,06,3,08,1,20121393,RIOT GAMES VALORANT GIFT CARD 150K FISIK  PCS,,276,0,PCS,,,,1
58,06,3,09,1,20136855,ROBLOX GIFT CARD FISIK 65.000  PCS,,277,0,PCS,,,,1
58,06,3,10,1,20139924,TIK-TOK GIFT CARD FISIK 100.000  PCS,,278,201,PCS,,,,1
58,06,3,11,1,20139925,TIK-TOK GIFT CARD FISIK 200.000  PCS,,279,202,PCS,,,,1
58,06,3,12,1,20139926,TIK-TOK GIFT CARD FISIK 500.000  PCS,,280,235,PCS,,,,1
58,06,3,13,1,,,,,0,PCS,,,,
58,06,3,14,1,,,,,0,PCS,,,,
59,01,1,01,1,20072020,ENERVON ACTIVE TABLET VITAMIN 4S  PCK,,1,2,PCS,,06/02/2028,,1
59,01,1,02,1,20109350,IM-BOOST EFFERVESCENT EXTRA VIT C & D ORANGE TUB 8S,,2,0,PCS,,06/02/2028,,1
59,01,1,03,1,10002047,ENERVON-C VITAMIN  BTL 30X1200,,3,70,PCS,,06/02/2028,,1
59,01,1,04,1,10000234,CDR VITAMIN C 10S  TUB,,4,87,PCS,,06/02/2028,,1
59,01,1,05,1,10004322,VICEE VITAMIN C 2S ORANGE STR,,5,0,PCS,,06/02/2028,,2
59,01,1,06,1,10009160,REDOXON VITAMIN C TRIPLE ACTION 10S  BOX,,6,0,PCS,,23/06/2028,,1
59,01,2,01,1,10003980,VICEE VITAMIN C 2S LEMON STR,,7,819,PCS,,06/02/2028,,5
59,01,2,02,1,10002862,XON-CE VITAMIN C-500MG (2S) JERUK STR,,8,366,PCS,,06/02/2028,,2
59,01,2,03,1,20120928,IM-BOOST EXTRA VIT C & D3  STR 4S,,9,0,PCS,,06/02/2028,,2
59,01,2,04,1,20103938,VICEE VITAMIN C 2S GRAPE STR,,10,0,PCS,,06/02/2028,,2
59,01,2,05,1,10003979,VICEE VITAMIN C 2S STRAWBERRY STR,,11,0,PCS,,06/02/2028,,2
59,01,2,06,1,20141639,SAKATONIK ACTIV CANDY GUMMY VITAMIN  SCT 24,,12,29,PCS,,10/09/2027,,1
59,01,3,01,1,20083486,REDOXON VITAMIN C DOUBLE ACTION 2S JERUK PCK,,13,66,PCS,,12/07/2027,,1
59,01,3,02,1,10003895,HOLISTICARE VITAMIN SUPER ESTER C 30S  BTL,,14,11,PCS,,20/11/2027,,1
59,01,3,03,1,20111900,IM-BOOST EFFERVESCENT EXTRA VIT C & D3 ORANGE PCK 2S,,15,485,PCS,,01/02/2028,,1
59,01,3,04,1,20027551,HOLISTICARE VITAMIN SUPER ESTER C 4S  STR,,16,144,PCS,,01/12/2028,,1
59,01,3,05,1,10000197,VITACIMIN TABLET HISAP VITAMIN C 2S  STR,,17,240,PCS,,23/06/2029,,10
59,01,3,06,1,20127465,INDOLAUNDRY KEMEJA DENGAN PAYET  PCS,,18,0,PCS,,,,
59,01,4,01,1,20087096,IM-BOOST TABLET UNTUK DAYA TAHAN TUBUH  STR 4S,,19,100,PCS,,23/12/2028,,1
59,01,4,02,1,20124298,IM-BOOST BONE EFFERVESCENT ORANGE PCK 2S,,20,271,PCS,,06/02/2028,,1
59,01,4,03,1,10003650,ENERVON-C VITAMIN 4S TABLET PCK,,21,0,PCS,,06/02/2028,,2
59,01,4,04,1,20102471,CDR VITAMIN C 2S  PCK,,22,5,PCS,,12/07/2027,,1
59,01,4,05,1,20137504,SAKATONIK ABC SUPLEMEN KESEHATAN CURCUMA MADU BTL 24,,23,21,PCS,,27/07/2028,,1
59,01,4,06,1,,,,24,0,PCS,,,,
59,02,1,01,1,20132440,ULTRA CAP GOLD MULTIVITAMIN 4S  STR,,33,96,PCS,,06/02/2028,,1
59,02,1,02,1,20139960,EJ SPORT SUPLEMEN GO EXTRA LEVEL ORANGE BOX 250L,,34,68,PCS,,01/06/2028,,1
59,02,1,03,1,20124231,TRESNO JOYO MADU TJ MASUK ANGIN  BTL 140,,35,48,PCS,,20/07/2028,,1
59,02,1,04,1,20112905,FATIGON SPIRIT SUPLEMEN MAKANAN 6S  STR,,36,73,PCS,,01/05/2028,,1
59,02,1,05,1,10003799,EXTRA JOSS MINUMAN KESEHATAN  PCK 6X4,,37,28,PCS,,20/01/2028,,1
59,02,1,06,1,,,,38,0,PCS,,,,
59,02,2,01,1,20088783,TRESNO JOYO MADU TJ PANAS DALAM BTL 150,,39,0,PCS,,01/04/2029,,1
59,02,2,02,1,10003995,HEMAVITON VITAMIN ACTION 5S  STR,,40,3,PCS,,01/06/2029,,1
59,02,2,03,1,20073420,NATUR-E VITAMIN E 300 DAILY NOURISHING  BOX 16S,,41,146,PCS,,27/07/2028,,1
59,02,2,04,1,10000621,SANGOBION OBAT TAMBAH DARAH (10S)  STR,,42,490,PCS,,27/07/2028,,1
59,02,2,05,1,20061582,TRESNO JOYO MADU MULTIVITAMIN TJ JOY BEE JERUK BTL 100L,,43,51,PCS,,01/04/2029,,1
59,02,2,06,1,20135256,CURCUMA PLUS SUPLEMEN KESEHATAN GROW ORANGE BTL 100L,,44,35,PCS,,01/03/2028,,1
59,02,3,01,1,20090384,DIAPET KAPSUL UNTUK MENCRET 10S  STR,,45,78,PCS,,27/07/2028,,1
59,02,3,02,1,10006069,SAKATONIK ABC TABLET MULTIVITAMIN STROBERI BTL 30X800,,46,29,PCS,,01/05/2028,,1
59,02,3,03,1,20056311,CEREBROFORT MARINE GUMMY STRAWBERRY PCK 20,,47,319,PCS,,27/01/2028,,1
59,02,3,04,1,10035234,CDR FORTOS SUPLEMEN MAKANAN 10S JERUK TUB,,48,49,PCS,,27/07/2028,,1
59,02,3,05,1,20014241,AMBEVEN KAPSUL UNTUK WASIR 10S  STR,,49,35,PCS,,01/06/2029,,1
59,02,3,06,1,,,,50,0,PCS,,,,
59,02,4,01,1,20090383,LAXING OBAT BUANG AIR BESAR ALAMI 10S  STR,,51,150,PCS,,01/05/2028,,1
59,02,4,02,1,10000548,CAP LANG NORIT (40)  TUB 125,,52,45,PCS,,01/12/2030,,1
59,02,4,03,1,20143712,ANTANGIN OBAT MASUK ANGIN CAIR GOOD NIGHT BOX 515L,,53,249,PCS,,19/08/2028,,1
59,02,4,04,1,,,,54,0,PCS,,,,
59,02,4,05,1,,,,55,0,PCS,,,,
59,02,4,06,1,,,,56,0,PCS,,,,
59,03,1,01,1,20129404,HISAMITSU PLESTER KOMPRES DEMAM DEWASA BYE BYE-FEVER PCK 5X13,,65,24,PCS,,01/04/2029,,2
59,03,1,02,1,20122436,CAP LANG PLESTER PENURUN DEMAM DEWASA KOOL FEVER PCK,,66,128,PCS,,04/05/2029,,2
59,03,1,03,1,20044054,CAP LANG PLESTER PENURUN DEMAM BAYI KOOL FEVER PCK,,67,610,PCS,,03/05/2029,,2
59,03,1,04,1,20129441,TERMOREX PATCH PLESTER KOMPRES DEMAM BAYI DAN ANAK PCK,,68,0,PCS,,20/11/2027,,1
59,03,1,05,1,20029331,CAP LANG PLESTER PENURUN DEMAM ANAK KOOL FEVER PCK,,69,178,PCS,,21/07/2029,,2
59,03,1,06,1,,,,70,0,PCS,,,,
59,03,2,01,1,10030819,HISAMITSU PLESTER KOMPRES DEMAM BYE BYE-FEVER PCS 5X11,,71,32,PCS,,27/07/2028,,2
59,03,2,02,1,20065430,HANSAPLAST PLESTER AQUA PROTECT 6S  PCK,,72,259,PCS,,27/07/2029,,1
59,03,2,03,1,10002676,IKA ALKOHOL 70 %  BTL 100L,,73,92,PCS,,10/03/2029,,1
59,03,2,04,1,,,,74,0,PCS,,,,
59,03,2,05,1,20133187,HANSAPLAST PLESTER KAIN ELASTIS FUN 10S JUNIOR PCK,,75,816,PCS,,01/03/2029,,2
59,03,2,06,1,,,,76,0,PCS,,,,
59,03,3,01,1,20124837,KALPANAX SALEP  PCS 6,,77,179,PCS,,27/07/2028,,1
59,03,3,02,1,10000553,BETADINE SOLUTION  BTL 30L,,78,49,PCS,,20/08/2029,,1
59,03,3,03,1,10037415,88 SALEP KULIT  CUP 6,,79,0,PCS,,22/07/2029,,1
59,03,3,04,1,10003514,HANSAPLAST KAIN ELASTIS 76109/10S MIXED PCK,,80,86,PCS,,01/03/2029,,2
59,03,3,05,1,,,,81,0,PCS,,,,
59,03,3,06,1,,,,82,0,PCS,,,,
59,03,4,01,1,,,,83,0,PCS,,,,
59,03,4,02,1,10035326,HEMAVITON VITAMIN FOR STAMINA PLUS 5S  STR,,84,43,PCS,,01/06/2028,,1
59,03,4,03,1,,,,85,0,PCS,,,,
59,03,4,04,1,20137316,HANSAPLAST PLESTER TRANPARANT  PCK 10,,86,744,PCS,,14/01/2028,,1
59,03,4,05,1,,,,87,0,PCS,,,,
59,03,4,06,1,,,,88,0,PCS,,,,
59,04,1,01,1,20131299,OBH COMBI SIRUP OBAT BATUK BERDAHAK HERBAL BTL 60L,,97,29,PCS,,06/02/2028,,1
59,04,1,02,1,20143018,VICKS OBAT GOSOK EXTRA STRONG POT 25,,98,0,PCS,,20/01/2028,,1
59,04,1,03,1,20137940,VICKS BABY BALM  PCS 20,,99,100,PCS,,20/07/2028,,1
59,04,1,04,1,10002978,LASERIN OBAT BATUK  BTL 110L,,100,33,PCS,,01/03/2030,,1
59,04,1,05,1,20096113,LASERIN OBAT BATUK  BTL 60L,,101,44,PCS,,20/11/2028,,1
59,04,1,06,1,,,,102,0,PCS,,,,
59,04,2,01,1,20011850,OB HERBAL SIRUP OBAT BATUK  BTL 60L,,103,43,PCS,,01/04/2028,,1
59,04,2,02,1,10000159,VICKS INHALER OBAT FLU  TUB,,104,45,PCS,,17/02/2028,,1
59,04,2,03,1,20124758,OB HERBAL SIRUP OBAT BATUK HABBATUSSAUDA BTL 60L,,105,78,PCS,,01/04/2028,,1
59,04,2,04,1,,,,106,0,PCS,,,,
59,04,2,05,1,20102786,MADURASA MINUMAN MADU ORIGINAL BOX 12X20,,107,74,PCS,,03/09/2028,,1
59,04,2,06,1,,,,108,0,PCS,,,,
59,04,3,01,1,20129489,WOODS OBAT BATUK LIQUID NATURALS BTL 60L,,109,62,PCS,,01/03/2028,,1
59,04,3,02,1,20120782,VICKS OBAT BATUK FORMULA JAHE MADU BTL 56L,,110,7,PCS,,21/05/2028,,1
59,04,3,03,1,20129455,WYBERT HERBAL SIRUP OBAT BATUK ANAK  BTL 60L,,111,63,PCS,,06/02/2028,,1
59,04,3,04,1,10020195,VICKS VAPORUB OBAT GOSOK  POT 50,,112,54,PCS,,05/05/2028,,1
59,04,3,05,1,20034842,VICKS VAPORUB OBAT GOSOK  POT 25,,113,278,PCS,,16/04/2028,,1
59,04,3,06,1,,,,114,0,PCS,,,,
59,04,4,01,1,20092712,KOMIX HERBAL SIRUP OBAT BATUK ORIGINAL BOX 415L,,115,122,PCS,,20/01/2028,,2
59,04,4,02,1,20128049,VICKS INHALER OBAT FLU TWIN  BOX,,116,73,PCS,,20/01/2028,,1
59,04,4,03,1,10037376,NATUR-E CAPSUL VITAMIN E ALAMIAH(16S)  PCS,,117,153,PCS,,21/07/2028,,1
59,04,4,04,1,,,,118,0,PCS,,,,
59,04,4,05,1,20141441,CAP LANG MINYAK KAYU PUTIH BAYI LAVENDER BTL 60,,119,127,PCS,,01/06/2031,,1
59,04,4,06,1,,,,120,0,PCS,,,,
59,05,1,01,1,10016755,GELIGA BALSAM OTOT  POT 20,,129,184,PCS,,21/07/2031,,1
59,05,1,02,1,20052425,SALONPAS KOYO PEREDA NYERI  PCK 102S,,130,535,PCS,,21/07/2028,L,2
59,05,1,03,1,20128440,SALONPAS KOYO PEREDA NYERI EXTRA HOT PCK 52,,131,310,PCS,,21/07/2028,,2
59,05,1,04,1,20080244,HOT IN CREAM OBAT GOSOK STRONG BTL 120L,,132,55,PCS,,21/07/2029,,1
59,05,1,05,1,10034123,SALONPAS KOYO PEREDA NYERI  PCK 52S,,133,1060,PCS,,21/07/2028,,2
59,05,1,06,1,20142949,COUNTERPAIN MEDICATED PLASTER  PCS 10S,,134,84,PCS,,21/07/2030,,1
59,05,2,01,1,20047965,HOT IN CREAM OBAT GOSOK  BTL 120L,,135,114,PCS,,21/07/2029,,1
59,05,2,02,1,,,,136,0,PCS,,,,
59,05,2,03,1,10000549,COUNTERPAIN OBAT GOSOK (00520) CREAM TUB 30,,137,166,PCS,,20/07/2028,,1
59,05,2,04,1,10000098,CABE KOYO KECIL 10S  PCK,,138,1102,PCS,,01/03/2030,,1
59,05,2,05,1,20021214,VEGETA HERBAL MINUMAN KESEHATAN PENCERNAAN ANGGUR MERAH BOX 65,,139,194,PCS,,23/06/2027,,1
59,05,2,06,1,,,,140,0,PCS,,,,
59,05,3,01,1,,,,141,0,PCS,,,,
59,05,3,02,1,20052643,PROMAG HERBAL OBAT KEMBUNG LIQUID  BOX 610/15L,,142,60,PCS,,01/04/2028,,1
59,05,3,03,1,,,,143,0,PCS,,,,
59,05,3,04,1,,,,144,0,PCS,,,,
59,05,3,05,1,20063736,SALONPAS PAIN RELIEF PATCH 5S  PCK,,145,137,PCS,,20/07/2028,,1
59,05,3,06,1,20019446,CAP LANG MINYAK GOSOK PIJAT URUT (GPU)  BTL 60L,,146,104,PCS,,25/06/2031,,1
59,05,4,01,1,,,,147,0,PCS,,,,
59,05,4,02,1,20143069,PARAMEX NYERI OTOT HOT CREAM  PCS 60,,148,130,PCS,,01/05/2028,,1
59,05,4,03,1,,,,149,0,PCS,,,,
59,05,4,04,1,20057841,HOT IN CREAM OBAT GOSOK  TUB 60,,150,154,PCS,,01/04/2029,,1
59,05,4,05,1,10040122,HISAMITSU PLESTER KOMPRES DEMAM BABY BYE BYE-FEVER PCK 4X8,,151,72,PCS,,01/04/2029,,2
59,05,4,06,1,20040719,FRESH CARE MINYAK ANGIN AROMA THERAPY STRONG BTL 10L,,152,86,PCS,,21/07/2029,,2
59,06,1,01,1,20139593,FRESH CARE VAPOBALM MATCHA PCS 10,,161,77,PCS,,01/03/2029,,1
59,06,1,02,1,,,,162,0,PCS,,,,
59,06,1,03,1,20040313,MY BABY MINYAK TELON PLUS  BTL 30L,,163,278,PCS,,01/05/2028,,2
59,06,1,04,1,20139612,FRESH CARE SMASH INHALER + ROLL ON FRUITY PCS 8,,164,3,PCS,,25/06/2029,,2
59,06,1,05,1,20134254,SO FRESH MINYAK ANGIN AROMATHERAPY EUCALYPTUS BDD 210L,,165,118,PCS,,06/02/2028,,1
59,06,1,06,1,20027095,MY BABY MINYAK TELON PLUS  BTL 60L,,166,112,PCS,,01/05/2028,L,2
59,06,2,01,1,10037405,CAP LANG MINYAK KAYU PUTIH  BTL 30L,,167,1292,PCS,LSN,20/11/2029,L,2
59,06,2,02,1,10000425,CAP LANG MINYAK KAYU PUTIH  BTL 60L,,168,136,PCS,,25/06/2031,S,4
59,06,2,03,1,20045178,SAFE CARE MINYAK ANGIN AROMA THERAPY  BTL 10L,,169,218,PCS,,20/11/2027,,1
59,06,2,04,1,20034536,FRESH CARE MINYAK ANGIN AROMA THERAPY  BTL 10L,,170,34,PCS,,20/11/2027,,2
59,06,2,05,1,20137311,MY BABY MINYAK KAYU PUTIH KIDS PLUS BTL 150L,,171,72,PCS,,14/07/2027,,1
59,06,2,06,1,10002941,CAP LANG MINYAK KAYU PUTIH  BTL 120L,,172,96,PCS,,20/11/2029,L,1
59,06,3,01,1,20125042,MY BABY MINYAK TELON PLUS LAVENDER BTL 150L,,173,6,PCS,,01/05/2028,,2
59,06,3,02,1,20122064,MY BABY MINYAK TELON PLUS LAVENDER BTL 60L,,174,0,PCS,,01/05/2028,,2
59,06,3,03,1,20037203,FRESH CARE MINYAK ANGIN AROMA THERAPY LAVENDER BTL 10L,,175,47,PCS,,20/11/2027,,1
59,06,3,04,1,20134253,SO FRESH MINYAK ANGIN AROMATHERAPY HOT BDD 210L,,176,26,PCS,,09/03/2028,,3
59,06,3,05,1,20131218,FRESH CARE SMASH INHALER + ROLL ON  PCS 8L,,177,114,PCS,,20/11/2027,,2
59,06,3,06,1,20046056,MY BABY MINYAK TELON PLUS  BTL 150L,,178,4,PCS,,06/02/2028,S,8
59,06,4,01,1,20139611,FRESH CARE MINYAK ANGIN AROMA THERAPY STRONG BTL 15+5,,179,16,PCS,,01/05/2029,,2
59,06,4,02,1,20072006,MY BABY MINYAK TELON PLUS LONGER PROTECTION BTL 90L,,180,58,PCS,,06/02/2028,,1
59,06,4,03,1,10000097,CAP KAPAK MINYAK ANGIN  BTL 10L,,181,72,PCS,,20/11/2027,,1
59,06,4,04,1,20122013,PLOSSA PRESS & SOOTH AROMATICS CITRUS PCS 10L,,182,37,PCS,,04/11/2027,,1
59,06,4,05,1,20040710,KONICARE MINYAK TELON PLUS  BTL 60L,,183,157,PCS,,20/11/2027,,1
59,06,4,06,1,20137510,CAP LANG MINYAK KAYU PUTIH ROLL ON  BTL 15L,,184,438,PCS,,01/04/2031,,2
59,07,1,01,1,20082403,CAP LANG MINYAK TELON LANG PLUS TRIPLE ACTION BTL 150L,,193,67,PCS,,01/04/2031,,1
59,07,1,02,1,10004831,KONICARE MINYAK TELON  BTL 60L,,194,67,PCS,,20/11/2027,,1
59,07,1,03,1,20062974,CAP LANG MINYAK EKALIPTUS AROMATHERAPY LAVENDER BTL 60L,,195,78,PCS,,20/11/2029,,1
59,07,1,04,1,20135978,INDOMARET MINYAK KAYU PUTIH (NEW)  BTL 60L,,196,264,PCS,,20/11/2027,,1
59,07,1,05,1,20102037,SAFE CARE MINYAK ANGIN AROMA THERAPY STRONG BTL 10L,,197,168,PCS,,25/06/2029,,1
59,07,1,06,1,20141440,CAP LANG MINYAK KAYU PUTIH BAYI CHAMOMILE BTL 60 L,,198,65,PCS,,25/06/2031,,1
59,07,2,01,1,20079757,CAP LANG MINYAK KAYU PUTIH PLUS  BTL 60L,,199,100,PCS,,20/11/2029,,1
59,07,2,02,1,10006909,GAJAH USFI MINYAK TELON  BTL 60L,,200,126,PCS,,25/06/2029,,1
59,07,2,03,1,20141439,FRESH CARE VAPOBALM SAKURA PCS 10,,201,119,PCS,,01/05/2029,,2
59,07,2,04,1,20125041,MY BABY MINYAK TELON PLUS LAVENDER BTL 90L,,202,9,PCS,,01/05/2028,,2
59,07,2,05,1,20052548,KONICARE MINYAK TELON PLUS  BTL 125L,,203,94,PCS,,20/11/2027,,1
59,07,2,06,1,,,,204,0,PCS,,,,
59,07,3,01,1,20036752,CAP LANG MINYAK KAYU PUTIH AROMA THERAPY BTL 60L,,205,64,PCS,,20/11/2029,,1
59,07,3,02,1,20137314,CAP LANG MINYAK TELON LANG NATURAL BTL 150L,,206,87,PCS,,25/06/2031,,1
59,07,3,03,1,20135134,FRESH CARE SMASH INHALER + ROLL ON MATCHA PCS 8L,,207,44,PCS,,20/11/2027,,2
59,07,3,04,1,20049629,CAP LANG MINYAK TELON LANG PLUS TRIPLE ACTION BTL 60L,,208,211,PCS,,20/11/2029,,1
59,07,3,05,1,20141329,SO FRESH MINYAK ANGIN AROMATHERAPY CITRUS BDD 210L,,209,67,PCS,,29/01/2028,,1
59,07,3,06,1,20037413,MY BABY MINYAK TELON PLUS  BTL 90L,,210,290,PCS,,06/02/2028,,2
59,07,4,01,1,10006908,GAJAH USFI MINYAK KAYU PUTIH  BTL 60L,,211,137,PCS,,20/11/2027,,1
59,07,4,02,1,20141330,PLOSSA DUAL INHALER SARANGHAEYO PCS,,212,39,PCS,,01/03/2028,,1
59,07,4,03,1,20141438,FRESH CARE SMASH INHALER   ROLL ON SAKURA BTL 8,,213,68,PCS,,23/02/2029,L,2
59,07,4,04,1,20091326,PLOSSA PRESS & SOOTH AROMATICS EUCALYPTUS PCS 10L,,214,35,PCS,,04/11/2027,,1
59,07,4,05,1,20054022,TAWON 912 MINYAK TAWON OBAT GOSOK  BTL 50L,,215,159,PCS,,06/02/2028,,1
59,07,4,06,1,10037423,KONICARE MINYAK KAYU PUTIH  BTL 30L,,216,60,PCS,,20/11/2027,,1
59,08,1,01,1,20035693,DUREX KONDOM PERFORMA 3S  BOX,,225,0,PCS,,20/07/2031,,1
59,08,1,02,1,20069205,FIESTA KONDOM 3S MAX DOTTED BOX,,226,218,PCS,,01/11/2030,,1
59,08,1,03,1,20141718,DUREX PLAY SWEET LUBE STRAWBERRY BTL 50,,227,0,PCS,,01/05/2028,,1
59,08,1,04,1,10007241,SENSITIF STRIP UJI KEHAMILAN PRIBADI  PCK,,228,43,PCS,,20/07/2028,,1
59,08,1,05,1,10032002,VIGEL LUBRICATING GEL  TUB 60,,229,78,PCS,,20/11/2028,,1
59,08,1,06,1,20097521,MAGIC POWER ANTISEPTIC WET TISSUE 6S CLASSIC BOX,,230,430,PCS,,01/04/2031,,2
59,08,2,01,1,20097468,TESTPACK ALAT TES KEHAMILAN  PCS,,231,23,PCS,,20/07/2028,,1
59,08,2,02,1,10004655,SUTRA KONDOM (12S)  BOX 0.02,,232,260,PCS,,01/10/2030,,2
59,08,2,03,1,20022011,SUTRA KONDOM OK 3S  PCK,,233,6,PCS,,01/10/2030,,2
59,08,2,04,1,10023214,FIESTA KONDOM 3S STRAWBERRY BOX,,234,22,PCS,,20/07/2031,,1
59,08,2,05,1,10008133,DUREX KONDOM EXTRA SAFE 3S (04020)  BOX,,235,176,PCS,,01/01/2031,,1
59,08,2,06,1,20141773,SUTRA KONDOM CINTA 3S  PCK,,236,20,PCS,,01/07/2030,,1
59,08,3,01,1,20139964,MAGIC POWER ANTISEPTIC WET TISSUE 6S ICE BLAST BOX,,237,11,PCS,,10/09/2030,,1
59,08,3,02,1,20069204,SUTRA KONDOM OK 12S  BOX,,238,210,PCS,,01/11/2030,,1
59,08,3,03,1,20078435,DUREX KONDOM INVISIBLE 2S  BOX,,239,0,PCS,,01/01/2031,,1
59,08,3,04,1,20063363,OKAMOTO KONDOM 003 (2S) PLATINUM BOX,,240,177,PCS,,01/11/2030,,1
59,08,3,05,1,20095417,LOVERS FOR MAN/ORIGINAL TISSUE 6S  BOX,,241,1088,PCS,,01/02/2031,,2
59,08,3,06,1,,,,,0,PCS,,,,
59,08,4,01,1,20124472,SENSITIF KONDOM VIVO 0.03  BOX 3S,,243,28,PCS,,21/07/2029,,1
59,08,4,02,1,20131512,SUTRA LUBRICANT GEL  TUB 50L,,244,34,PCS,,01/02/2029,,1
59,08,4,03,1,10004656,SUTRA KONDOM 3S  PCK 0.02,,245,308,PCS,,01/10/2030,,2
59,08,4,04,1,20091579,SUTRA KONDOM FIESTA 3S GERIGI PCK,,246,88,PCS,,01/10/2030,,2
59,08,4,05,1,20134971,SUTRA KONDOM 003 2S  BOX,,247,29,PCS,,01/05/2030,,1
59,08,4,06,1,,,,,0,PCS,,,,
59,09,1,01,1,10013365,AKURAT STRIP UJI KEHAMILAN  PCS,,257,88,PCS,,20/07/2028,,1
59,09,1,02,1,20045107,DUREX KONDOM LOVE 3S  BOX,,258,69,PCS,,21/07/2031,,2
59,09,1,03,1,20140803,ARJOENA ANTISEPTIC SPRAY MAXXX  BTL 15,,259,9,PCS,,23/05/2028,,1
59,09,1,04,1,20143487,DUREX CONDOM FETHERLITE 003 THIN FEEL BOX 2,,260,261,PCS,,27/07/2031,,1
59,09,1,05,1,20142567,SUTRA KONDOM RAPET 3S  PCK,,261,79,PCS,,06/02/2031,,1
59,09,1,06,1,,,,,0,PCS,,,,
59,09,2,01,1,20122907,SIDO MUNCUL JAMU TOLAK ANGIN FLU CAIR  BOX 515L,,263,90,PCS,,01/02/2028,,1
59,09,2,02,1,20054969,ANTANGIN OBAT MASUK ANGIN CAIR GINGER MINT BOX 515L,,264,60,PCS,,07/02/2028,,1
59,09,2,03,1,20064502,SIDO MUNCUL JAMU TOLAK ANGIN CAIR BEBAS GULA BOX 515L,,265,70,PCS,,01/02/2028,,1
59,09,2,04,1,20093959,BEJO OBAT MASUK ANGIN CAIR JAHE MERAH BOX 615L,,266,46,PCS,,07/02/2028,,1
59,09,2,05,1,20114432,ANTANGIN OBAT MASUK ANGIN CAIR HABBATUSSAUDA BOX 515L,,267,126,PCS,,07/02/2028,,1
59,09,2,06,1,,,,,0,PCS,,,,
59,09,3,01,1,20034577,SIDO MUNCUL JAMU TOLAK ANGIN CAIR + MADU  BOX 515L,,269,112,PCS,,01/02/2028,S,2
59,09,3,02,1,20059240,ANTANGIN JUNIOR OBAT MASUK ANGIN(SIRUP)  BOX 510L,,270,59,PCS,,07/02/2028,,1
59,09,3,03,1,20054951,SIDO MUNCUL JAMU TOLAK ANGIN ANAK + MADU  BOX 510L,,271,249,PCS,,01/02/2028,,1
59,09,3,04,1,20055623,ANTANGIN JRG OBAT MASUK ANGIN CAIR (NEW)  SCT 15L,,272,432,PCS,,07/02/2028,,12
59,09,3,05,1,20137415,MIXAGRIP HERBAL GREGES JAHE LEMON MADU BOX 615L,,273,197,PCS,,01/02/2028,,1
59,09,3,06,1,,,,,0,PCS,,,,
59,09,4,01,1,20064503,SIDO MUNCUL JAMU TOLAK LINU CAIR HERBAL BOX 515L,,275,155,PCS,,11/02/2027,,1
59,09,4,02,1,20041621,ANTANGIN JRG OBAT MASUK ANGIN (SIRUP)  BOX 515L,,276,74,PCS,,07/02/2028,,5
59,09,4,03,1,20140912,SIDO MUNCUL JAMU TOLAK ANGIN CAIR + MADU  SCT 15L,,277,54,PCS,,01/02/2028,,6
59,09,4,04,1,,,,,0,PCS,,,,
59,09,4,05,1,,,,,0,PCS,,,,
59,09,4,06,1,,,,,0,PCS,,,,
59,10,1,01,1,,,,,0,PCS,,,,
59,10,1,02,1,,,,,0,PCS,,,,
59,10,1,03,1,,,,,0,PCS,,,,
59,10,1,04,1,,,,,0,PCS,,,,
59,10,1,05,1,,,,,0,PCS,,,,
59,10,1,06,1,,,,,0,PCS,,,,
59,10,2,01,1,,,,,0,PCS,,,,
59,10,2,02,1,,,,,0,PCS,,,,
59,10,2,03,1,,,,,0,PCS,,,,
59,10,2,04,1,,,,,0,PCS,,,,
59,10,2,05,1,,,,,0,PCS,,,,
59,10,2,06,1,,,,,0,PCS,,,,
59,10,3,01,1,,,,,0,PCS,,,,
59,10,3,02,1,,,,,0,PCS,,,,
59,10,3,03,1,,,,,0,PCS,,,,
59,10,3,04,1,,,,,0,PCS,,,,
59,10,3,05,1,,,,,0,PCS,,,,
59,10,3,06,1,,,,,0,PCS,,,,
59,10,4,01,1,,,,,0,PCS,,,,
59,10,4,02,1,,,,,0,PCS,,,,
59,10,4,03,1,,,,,0,PCS,,,,
59,10,4,04,1,,,,,0,PCS,,,,
59,10,4,05,1,,,,,0,PCS,,,,
59,10,4,06,1,,,,,0,PCS,,,,
59,11,1,01,1,,,,,0,PCS,,,,
59,11,1,02,1,,,,,0,PCS,,,,
59,11,1,03,1,,,,,0,PCS,,,,
59,11,1,04,1,,,,,0,PCS,,,,
59,11,2,01,1,,,,,0,PCS,,,,
59,11,2,02,1,,,,,0,PCS,,,,
59,11,2,03,1,,,,,0,PCS,,,,
59,11,2,04,1,,,,,0,PCS,,,,
59,11,3,01,1,,,,,0,PCS,,,,
59,11,3,02,1,,,,,0,PCS,,,,
59,11,3,03,1,,,,,0,PCS,,,,
99,00,0,01,1,20089952,INDOMARET PLASTIK SAMPAH 20S BIRU/HIJAU PCK 440600,,,11,PCS,,,R,1
99,00,0,02,1,,,,,0,PCS,,,,
99,00,0,03,1,20046336,ROMA BISCUIT SUSU+SELAI SLAI OLAI STRAWBERRY PCK 192,,,0,PCS,CTN,,N,1
99,00,0,04,1,10000117,DELMONTE SAUCE TOMAT  BTL 340/330L,,,0,PCS,,,N,1
99,00,0,05,1,10027527,DELMONTE CHILLI SAUCE EXTRA HOT BTL 340/330L,,,0,PCS,,,N,1
99,00,0,06,1,20032996,PALDO INSTANT NOODLE HWA RAMYUN HOT & SPICY PCK 120,,,0,PCS,,,N,1
99,00,0,07,1,20134762,PLAY DOH FUNDAMENTAL ASSORTED BOX,,,0,PCS,CTN,,I,1
99,00,0,08,1,20135820,HOT WHEELS PREMIUM ASSORTED PCS,,,0,PCS,CTN,,I,1
99,00,0,09,1,20135821,HOT WHEELS PREMIUM HBL96 2S ASSORTED PCK,,,0,PCS,CTN,,I,1
99,00,0,10,1,,,,,0,PCS,,,,
99,00,0,11,1,20141918,CAMEL ROKOK KRETEK EDISI KLASIK BKS 12S,,,0,PCS,,,N,2
99,00,0,12,1,,,,,0,PCS,,,,
99,00,0,13,1,20138243,APOLO POKEMON SCENERY SET  PCS,,,0,PCS,CTN,,,1
99,00,0,14,1,20136961,AIRPRO AIR FRESHENER WOODEN BOTTLE PACO R/INVICTAR PCS 10L,,,0,PCS,CTN,,,1
99,00,0,15,1,20137385,ACMIC ADAPTOR CHARGER CPD20 PRO BLACK PCS 20W,,,0,PCS,CTN,,,1
99,00,0,16,1,20134052,WIKI DIY PLANE  BOX,,,0,PCS,CTN,,I,1
99,00,0,17,1,20134761,PLAY DOH KITCHEN CREATION ASSORTED BOX,,,0,PCS,CTN,,I,1
99,00,0,18,1,20123256,RINSO DETERGEN PWD A/NODA+MOLTO KOREAN STRWBERY BAG 700,,,0,PCS,,,R,12
99,00,0,19,1,20120038,POKEMON COLLECTIBLE CARD HOLDER  PCK,,,0,PCS,,,R,10
99,00,0,20,1,20134050,WIKI SWEET DESSERT PLAY SET  BOX,,,0,PCS,CTN,,I,1
99,00,0,21,1,20134051,WIKI FLASH MAGIC WAND ASSORTED BOX,,,0,PCS,CTN,,I,1
99,00,0,22,1,20123087,SAMYANG MIE INSTANT GORENG PEDAS JJAJANG CUP 105,,,0,PCS,CTN,,,16
99,00,0,40,1,20131792,BOOM DETERGENT BUBUK CINTA LAVENDER BAG 800/770,,,0,PCS,,,N,1
99,01,1,01,1,10008480,SASA SAMBAL EXTRA HOT BTL 135L,,,0,PCS,,,N,1
99,01,1,02,1,10027389,INDOFOOD BUMBU KALDU CUBE AYAM BTL 100,,,0,PCS,,,N,1
99,01,1,03,1,20037152,KAKI TIGA LARUTAN PENYEGAR PUTIH BTL 200L,,,0,PCS,,,N,4
99,01,1,04,1,10035858,VITALIS BODY SCENT SPRAY COLOGNE FLORAL BLOSSOM BTL 120/100L,,,0,PCS,,,N,1
99,01,1,05,1,10039119,SIDO MUNCUL JAMU TOLAK ANGIN CAIR + MADU  BOX 1215L,,,0,PCS,,,N,1
99,01,1,06,1,20017081,BAGUS SERAP AIR PERFUMED  POT 260,,,0,PCS,LSN,,N,1
99,01,1,07,1,20041609,MR.MUSCLE PEMBERSIH AXI LANTAI MARMER & GRANIT PCH 800/720L,,,0,PCS,CTN,,N,1
99,01,1,08,1,20039866,SO KLIN DETERGENT CAIR ANTI BACTERIAL PCH 720/700L,,,0,PCS,,,N,1
99,01,1,09,1,20057364,KOTEX PANTY LINERS DAUN SIRIH 18 LONGER & WIDER PCK 32S,,,0,PCS,,,N,1
99,01,1,10,1,20062283,STELLA DAILY FRESHNESS INDOOR VANILLA PCS 7L,,,0,PCS,,,N,1
99,01,1,11,1,20065043,CIMORY YOGHURT DRINK STRAWBERRY TPK 200L,,,0,PCS,,,N,2
99,01,1,12,1,20012366,ABC MIE CUP SELERA PEDAS GULAI AYAM PDS CUP 60,,,0,PCS,,,N,1
99,01,1,13,1,20110019,UHA KORORO JELLY CANDY PEACH PCK 40,,,0,PCS,,,N,1
99,01,1,14,1,20083670,NUTELLA JAM SPREAD HAZELNUT WITH COCOA  BTL 350,,,0,PCS,CTN,,,1
99,01,1,15,1,20025411,KINGS FISHER SARDEN GORENG BALADO KLG 425,,,0,PCS,,,N,1
99,01,1,16,1,20103708,SWEETY BRONZE COMFORT DIAPERS 24S  PCK NEW BORN,,,0,PCS,,,N,1
99,01,1,17,1,20092316,ME-O CREAMY TREATS SALMON PCK 215,,,0,PCS,,,N,1
99,01,1,18,1,10010105,WISMILAK ROKOK FILTER DIPLOMAT   BKS 12S,,,0,PCS,,,N,2
99,01,1,19,1,20139060,BISKUAT BISKUIT BITE ORIGINAL BOX 35,,,0,PCS,,,N,1
99,01,1,20,1,20139686,TANGO WAFER WAFFLE WA.HH CHOCOLATE BOX 67.5,,,0,PCS,,,N,1
99,01,1,21,1,10037234,FORCE MAGIC INSEKTISIDA SPRAY LEMON KLG 600L,,,0,PCS,,,N,1
99,01,1,22,1,20098727,LA TULIPE TWO FUNCTION CAKE REFFIL Y10  PCS 13,,,0,PCS,,,N,1
99,01,1,23,1,20098729,LA TULIPE TWO FUNCTION CAKE Y10  PCS 13,,,0,PCS,,,N,1
99,01,1,24,1,20114042,TONG TJI TEMATIK INSTANT LEMONGRASS BOX 3X29,,,0,PCS,,,N,1
99,01,1,25,1,20136817,INDOMILK SUSU CAIR UHT KIDS BANANA TPK 115L,,,0,PCS,,,N,1
99,01,1,26,1,20120804,SHEBA TUNA  PCH 70,,,0,PCS,CTN,,N,1
99,01,1,27,1,20125050,ME-O CREAMY TREATS CHICKEN & LIVER  PCK 215,,,0,PCS,,,N,1
99,01,1,28,1,20127770,KODOMO PASTA GIGI ANAK-ANAK JUMBO STRAWBERRY TUB 80,,,0,PCS,,,N,1
99,01,1,29,1,20137568,BISKUAT BISCUIT GOLDEN VANILLA PCK 105,,,0,PCS,,,N,2
99,01,1,30,1,20128380,AJINOMOTO PENYEDAP RASA MASAKO GURIH PAS /LIGHT AYAM PCK 50,,,0,PCS,,,N,1
99,01,1,31,1,20115506,INDOMARET BAMBOO TOILET TISSUE 3PLY  PCK 4S,,,0,PCS,,,R,1
99,01,1,32,1,20135008,WIN ROKOK KRETEK TEH MANIS BKS 12S,,,0,PCS,,,N,2
99,01,1,33,1,20140015,AMOS PEELZ BANANA GUMMY   PCH 65,,,0,PCS,,,N,1
99,01,1,34,1,20019566,IM3 KARTU PERDANA  PCS,,,0,PCS,,,N,1
99,01,1,35,1,20037159,LUWAK WHITE KOFFIE ORIGINAL  PCK 18X20,,,0,PCS,,,N,1
99,01,1,36,1,20130522,MOKO MOKO MY PRECIOUS LIP TINT STRAWBERRY RED PCS 2.5L,,,0,PCS,,,N,1
99,01,1,37,1,20140633,INDOMIE MIE GORENG (NEW) SPECIAL PCK 5X80,,,0,PCS,,,N,8
99,01,1,38,1,20085975,GOOGLE PLAY GIFT CARD 100.000- FISIK NEW  PCS,,,0,PCS,,,R,1
99,01,1,39,1,20045176,DELFI CHOCOLATE CHA CHA PEANUT PCK 20,,,0,PCS,,,N,2
99,01,1,40,1,20134956,INDOMILK SUSU CAIR UHT HAENAM GOGUMA TPK 180L,,,0,PCS,,,N,1
99,01,1,41,1,20131352,GLASS FOOD CONTAINER  PCS 370L,,,0,PCS,,,R,6
99,01,1,42,1,20092047,THREE HAPPY KARTU PERDANA  PCS,,,0,PCS,,,N,1
99,01,1,43,1,20094328,PIATTOS SNACK KENTANG SAMBAL GEPREK PCK 68/65,,,0,PCS,,,N,2
99,01,1,44,1,20140658,INDOMIE MIE INSTANT SOTO MIE PCK 5X70,,,0,PCS,,,N,1
99,01,1,45,1,20135463,DANCOW SUSU CAIR UHT MILKY SHAKE CHOCO HAZELNUT TPK 180L,,,0,PCS,,,N,1
99,01,1,46,1,20124292,LEMONILO MIE INSTANT RENDANG PCK 77,,,0,PCS,,,N,2
99,01,1,47,1,20125790,HEALTHYWAY 3+ SUSU BUBUK BIO SHIELD A+ MADU BOX 725/700,,,0,PCS,,,N,1
99,01,1,48,1,20025096,EMCO BLOCK ASSORTED BOX,,,0,PCS,,,R,1
99,01,1,49,1,20067246,SUNSILK KONDISIONER CO-CREATIONS BLACK SHINE BTL 170/160L,,,0,PCS,,,R,1
99,01,1,50,1,20086498,NUTELLA JAM SPREAD HAZELNUT WITH COCOA  BTL 680,,,0,PCS,CTN,,,1
99,01,1,51,1,20094772,EMINA BRIGHT STUFF ULTRA LIGHT MOISTURIZNG CRM TUB 20L,,,0,PCS,,,N,1
99,01,1,52,1,20141571,CIMORY YOGHURT SQUEEZE BITES ALMOND AND DATE PCH 120,,,0,PCS,,,N,2
99,01,1,53,1,20124397,SUPERMI NUTRIMI MIE GORENG  PCK 80,,,0,PCS,,,N,20
99,01,1,54,1,20019532,BEROCCA PERFORMANCE SUPLEMEN 10S JERUK BOX,,,0,PCS,,,N,1
99,01,1,55,1,20012678,QTELA KERIPIK SINGKONG ORIGINAL PCK 60,,125,0,PCS,,,N,2
99,01,1,56,1,20113906,DOVE SERUM SHAMPOO PERAWATAN RAMBUT RONTOK BTL 135L,,,0,PCS,,,R,1
99,01,1,57,1,20113907,DOVE SERUM SHAMPOO PERAWATAN RAMBUT RONTOK BTL 290L,,,0,PCS,,,R,1
99,01,1,58,1,10003164,GUNUNG AGUNG TEPUNG TAPIOKA  PCK 500,,,0,PCS,,,N,1
99,01,1,59,1,10037809,WONDER FUEL GAS  KLG 220,,,0,PCS,,,N,1
99,01,1,60,1,20129936,LIFEBUOY SHAMPOO STRONG & SHINY BTL 430L,,,0,PCS,,,R,1
99,01,1,61,1,20104133,DUA KELINCI SNACK ASSORTED  PCK,,,0,PCS,,,N,1
99,01,1,62,1,20131228,SUNSILK SHAMPOO SOFT & SMOOTH BTL 400L,,,0,PCS,,,R,1
99,01,1,63,1,20106134,EMINA BRIGHT STUFF MOISTURIZNG CREAM FOR ACNE P.SKIN TUB 20L,,125,0,PCS,,,N,1
99,01,1,64,1,20079628,PONDS MEN PEMBERSIH WAJAH WHITE BOOST TUB 50L,,,16,PCS,,,R,1
99,01,1,65,1,20019830,KUSUKA KERIPIK SINGKONG SAOS/TOPPING BALADO PCK 60,,,0,PCS,,,N,1
99,01,1,66,1,20135809,GLOW & LOVELY BODY WASH MULTIVITAMIN +AHA BHA PCH 400L,,,0,PCS,,,R,1
99,01,1,67,1,20019482,NONG SHIM INSTANT NOODLE NEOGURI UDON PCK 120,,,0,PCS,,,N,1
99,01,1,68,1,20083436,SUNPRIDE PISANG CAVENDISH FAMILY  PCK,,,0,PCS,,,R,1
99,01,1,69,1,20132442,SAYANG DETERJEN LIQUID KONSENTRAT ORIGINAL BTL 700L,,,0,PCS,,,N,1
99,01,1,70,1,20136040,CHARM PEMBALUT DAUN SIRIH 35 WING PCK 8S,,,0,PCS,,,R,1
99,01,1,71,1,20138846,POKEMON SET SPECIAL HITAM SV11S PCK 2,,,0,PCS,,,R,1
99,01,1,72,1,20078241,SOFFELL LOTION ANTI NYAMUK APEL BTL 80/60,,,0,PCS,,,N,1
99,01,1,73,1,20120878,LIFEBUOY SABUN MANDI CAIR REFILL MTCHA&ALOE VERA PCH 450L/380,,,2,PCS,,,R,1
99,01,1,74,1,10003097,SIDO MUNCUL ESTE-EMJE SUSU BOX 5X30,,,0,PCS,,,N,3
99,01,1,75,1,20106674,MOKO MOKO MY PRECIOUS EYELINER FEARLESS BLACK PCS 2.5L,,,0,PCS,,,N,1
99,01,1,76,1,20123524,LIFEBUOY 3 IN 1 ANTI BACTERIAL  PCH 450L,,,18,PCS,,,R,1
99,01,1,77,1,20108842,PRONAS BEEF LUNCHEON  KLG 198,,,0,PCS,,,N,1
99,01,1,78,1,20077468,PRONAS LUNCHEON AYAM KLG 198,,,0,PCS,,,N,1
99,01,1,79,1,20132457,INBEX HAND TONGSIS SO3  PCS,,,0,PCS,,,N,1
99,01,1,80,1,10008451,NONG SHIM CHAPAGETTI  PCK 140,,,0,PCS,,,N,1
99,01,1,81,1,20132456,ECLE TWS BLUETOOTH Y60  BOX,,,0,PCS,,,N,1
99,01,1,82,1,10015436,ENERGIZER BATTERY ALKALIN MAX AAA/LR3 E92.BP2 (2S) PCK,,,0,PCS,,,N,1
99,01,1,83,1,20133213,BOOM DETERGENT CAIR CINTA LAVENDER PCH 750/510L,,,0,PCS,,,N,1
99,01,1,84,1,20139598,SUNSILK SHAMPOO ANTI DANDRUFF & SILKY BTL 320,,,5,PCS,,,R,1
99,01,1,85,1,20130656,ZEN ANTI BACTERIAL BODY SOAP SHISO&ECHINACEA BDD 470/60,,,0,PCS,,,N,1
99,01,1,86,1,20134377,INSTA ROKOK FILTER WATERMELON BKS 16S,,,0,PCS,,,N,1
99,01,1,87,1,20140799,LUX BRIGHTENING SERUM BODY WASH SANDALWOOD PCH 360,,,21,PCS,,,R,1
99,01,1,88,1,10004367,SASA SAMBAL ASLI  BTL 135,,,0,PCS,,,N,1
99,01,1,89,1,20123070,BRAVEN EAU DE PARFUM BLACK SERIES PLATINUM BTL 100L,,,0,PCS,,,N,1
99,01,1,90,1,20026945,NICE MULTI PURPOSES TISSUE 200S 2 PLY PCK,,,0,PCS,,,N,1
99,01,1,91,1,20140800,LUX BRIGHTENING SERUM BODY WASH FREESIA PCH 360,,,3,PCS,,,R,1
99,01,1,92,1,20094327,PIATTOS SNACK KENTANG SAMBAL MATAH PCK 68,,,0,PCS,,,N,2
99,01,1,93,1,20016388,KURMA TUNISIA HIJRA  BOX 500,,,0,PCS,,,J,12
99,01,1,94,1,10009742,PIXY TWO WAY CAKE UV WHITENING NATURAL WHITE PCS 12.2,,,0,PCS,,,N,1
99,01,1,95,1,20035548,TOPI KOKI BERAS SETRA RAMOS  SAK 5,,,0,PCS,,,N,5
99,01,1,96,1,20134535,COCA COLA SOFT DRINK ZERO SUGAR K-WAVE KLG 250L,,,0,PCS,,,R,1
99,01,1,97,1,20133328,KELLOGGS CEREAL CORN FLAKES HONEY CRUNCH PCH 50,,,0,PCS,,,N,1
99,01,1,98,1,20122257,INDOMARET MASKER ANAK 5S (NEW)  PCK,,,0,PCS,,,R,1
99,01,1,99,1,10004715,PEPSODENT PASTA GIGI WHITE  TUB 190,,,0,PCS,,,R,2
99,01,2,01,1,10036559,AYAM BRAND SARDINES IN TOMATO BULAT KLG 425,,,0,PCS,,,N,1
99,01,2,02,1,20104588,IM DELICIOUS MINUMAN TEMU LAWAK  BTL 250L,,,0,PCS,,,N,2
99,01,2,03,1,20112387,PLAY DOH SINGLE CAN RED  PCS,,,0,PCS,,,N,1
99,01,2,04,1,20135660,NABATI PHOTO CARD MEMBER AESPA  PCK,,,0,PCS,,,N,25
99,01,2,05,1,20104590,IM DELICIOUS MINUMAN KUNYIT ASAM  BTL 250L,,,0,PCS,,,N,2
99,01,2,06,1,20064829,KONICARE MINYAK KAYU PUTIH PLUS BTL 60L,,,0,PCS,,,N,1
99,01,2,07,1,20017057,JOHNSONS BABY LOTION SOAP BLOSSOMS BAR 75,,,0,PCS,,,N,1
99,01,2,08,1,20121962,BIHUNKU BIHUN INSTANT KARI LAKSA PCK 55,,,0,PCS,,,N,2
99,01,2,09,1,20003398,JOHNSONS BABY MILK LOTION  BTL 200L,,,0,PCS,,,N,1
99,01,2,10,1,20030981,PITATO SNACK KENTANG GORENG  PCK 130,,,0,PCS,,,N,1
99,01,2,11,1,20051947,LUX SABUN MANDI CAIR PINK PUMP SOFT TOUCH BTL 580L,,,0,PCS,,,R,1
99,01,2,12,1,20073867,GT MAN T-SHIRT R-NECK GTS01-POLLYBAG BLACK PCS MEDIUM,,,0,PCS,,,N,1
99,01,2,13,1,20064912,INDOMARET TISSUE DAPUR/HANDUK 150S SOPANUSA PCK,,,0,PCS,,,R,1
99,01,2,14,1,20075947,MAKARIZO HAIR ENERGY FIBER/T SHAMPOO ALOE & MELON BTL 330L,,,0,PCS,CTN,,,1
99,01,2,15,1,20031236,WHISKAS JUNIOR CAT FOOD OCEAN FISH PCK 450,,,0,PCS,,,N,1
99,01,2,16,1,20131354,GLASS FOOD CONTAINER  PCS 1040L,,,0,PCS,,,R,6
99,01,2,17,1,20073869,GT MAN T-SHIRT V-NECK TSGV - POLLYBAG BLACK PCS MEDIUM,,,0,PCS,,,N,1
99,01,2,18,1,10033599,JERUK KEPROK MANIS LOKAL  WHL,,,0,PCS,,,R,1000
99,01,2,19,1,20073870,GT MAN T-SHIRT V-NECK TSGV - POLLYBAG BLACK PCS LARGE,,,0,PCS,,,N,1
99,01,2,20,1,20073448,MORINAGACHILKID SUSU PERTUMBUHAN 3 VANILA BOX 4X390,,,0,PCS,CTN,,,1
99,01,2,21,1,20082163,ARIRANG MIE INSTANT GORENG AYAM PCK 130,,,0,PCS,CTN,,,20
99,01,2,22,1,20025130,CHEKHUP IPOH WHITE COFFEE RICH 3 IN 1  BAG 12X40,,,0,PCS,,,N,1
99,01,2,23,1,20033634,DELMONTE FRESH CUT WHOLE KERNEL CORN  TPK 380,,,0,PCS,CTN,,N,1
99,01,2,24,1,20141352,POKEMON PUZZLE STANDEE  PCK,,,0,PCS,,,R,1
99,01,2,25,1,20134700,MARINA EAU DE PARFUM GOLD BLOOM BTL 98L,,,0,PCS,,,N,1
99,01,2,26,1,20087039,PITATO SNACK KENTANG GORENG BALADO PCK 130,,,0,PCS,,,N,1
99,01,2,27,1,10016327,SWALLOW KAMPER FRUIT FRESH 6S S-10134  PCS,,,0,PCS,,,N,1
99,01,2,28,1,20090914,NISSIN RAMEN KALDU AYAM JPNG PCK 100,,,0,PCS,,,N,1
99,01,2,29,1,20135148,MONDE SHORTBREAD BISCUIT MENTEGA PCK 115,,,0,PCS,,,N,1
99,01,2,30,1,20041438,ELLIPS HAIR MASK HAIR TREATMENT PCK 20,,,0,PCS,,,N,1
99,01,2,31,1,20114735,ESSE ROKOK FILTER BERRY POP  BKS 12S,,,0,PCS,,,N,1
99,01,2,32,1,20137353,OISHI SNACK ASSORTED  PCK 9S,,,0,PCS,,,N,1
99,01,2,33,1,20137066,CHOMP CHOMP MALLOW PUFF WITH RAISIN PCK 50,,,0,PCS,,,N,1
99,01,2,34,1,20080198,LARISST BERAS KEPALA SUPER  SAK 5,,,0,PCS,,,R,5
99,01,2,35,1,20131353,GLASS FOOD CONTAINER  PCS 640L,,,0,PCS,,,R,6
99,01,2,36,1,20137792,MAMA LIME GREEN CAIRAN PENCUCI PIRING JERUK NPS PCH 690/610 ,,,0,PCS,,,N,2
99,01,2,37,1,20132165,CULTUSIA BLACK HAIR SHAMPOO  NONI  PCK 25L,,,0,PCS,,,N,1
99,01,2,38,1,20041886,AYAM BRAND WHOLE KERNEL CORN IN WATER  KLG 425,,,0,PCS,,,N,1
99,01,2,39,1,20117775,CARASUN SOLAR SMART UV PROTECTION  PCS 8L,,,0,PCS,,,N,1
99,01,2,40,1,20118217,INDOMARET MASKER SLIM 3PLY 5S ABU ABU PCK,,,0,PCS,,,N,1
99,01,2,41,1,20134739,POETRI ROKOK KRETEK MANGGA BKS 12S,,,0,PCS,,,N,2
99,01,2,42,1,20138477,DANCOW FORTIGRO SUSU BUBUK CHOCO CRUNCH BOX 346.5,,,0,PCS,,,N,1
99,01,2,43,1,20121047,MIRANDA HAIR COLOR TEMPTATION MC-T3 CAPPUCINNO PCK,,,0,PCS,,,N,1
99,01,2,44,1,10008143,CUSSONS BABY SOAP SOFT & SMOOTH BAR 75/60,,,0,PCS,,,N,2
99,01,2,45,1,20112747,SAMYANG BULDAK RAMEN JJAJANG PCK 140,,,0,PCS,,,N,1
99,01,2,46,1,20138740,GLICO BISCUIT POCKY MILK CHOCOLATE BOX 39,,,0,PCS,,,N,1
99,01,2,47,1,20138988,VIVA QUEEN MICELLLAR WATER SENSITIVE CARE PCS 100L,,,0,PCS,,,N,1
99,01,2,48,1,20118132,KOBE MIE INSTANT BONCABE LEVEL 30 RAMEN PDS+MKRNI PCK 90,,,0,PCS,,,N,1
99,01,2,49,1,20138989,VIVA QUEEN MICELLLAR WATER BRIGHT & GLOW BTL 100L,,,0,PCS,,,N,1
99,01,2,50,1,20139350,ELLIPS HAIR VITAMIN HAIR REPAIR JAR 151L,,,0,PCS,,,N,1
99,01,2,51,1,20089436,LIFEBUOY SABUN MANDI TS LEMON FRESH BDD 460,,,518,PCS,,,R,1
99,01,2,52,1,20139393,CHUPA CHUPS BIG BABOL TONGUE PAINTER RASPBERRY STK 20,,,0,PCS,,,N,2
99,01,2,53,1,20130790,SHINZUI GLOW SPA EXFOLIATING GEL CICA TUB 130L,,,0,PCS,,,N,1
99,01,2,54,1,20109664,DOVE SERUM SHAMPOO TOTAL HAIR FALL BTL 680L,,,0,PCS,CTN,,R,1
99,01,2,55,1,20124297,IM-BOOST BONE EFFERVESCENT ORANGE TUB 8S,,,0,PCS,,,R,1
99,01,2,56,1,20101238,MORRIS EAU DE PARFUM BATMAN BTL 50L,,,0,PCS,CTN,,N,1
99,01,2,57,1,20125392,LAHAP WANITA BERAS PULEN PREMIUM  SAK 5,,,0,PCS,,,R,10
99,01,2,58,1,20140246,SLIC ROKOK KRETEK  BKS 16S,,,0,PCS,,,N,2
99,01,2,59,1,20122948,ASW DELUX COOKIES CREAM  PCK 160,,,0,PCS,,,N,1
99,01,2,60,1,20127033,BON CABE SNACK MIE KRISPI LEVEL 15 PCK 30,,,0,PCS,,,N,15
99,01,2,61,1,20127734,INDOMILK SUSU CAIR UHT KOREAN PINK BLOSSOM TPK 180L,,,0,PCS,,,N,30
99,01,2,62,1,20112389,PLAY DOH SINGLE CAN YELLOW  PCS,,,0,PCS,,,N,1
99,01,2,63,1,20140413,SUPER ZUPER CANDY 5S ASSORTED PCK 12.5,,,0,PCS,,,N,2
99,01,2,64,1,20140904,NASINDO NASI SOTO INSTANT  PCH 65,,,0,PCS,,,N,1
99,01,2,65,1,20130184,GREENFIELDS UHT MILK EXTRA STRAWBERRY TPK 200L,,,0,PCS,,,N,1
99,01,2,66,1,20130515,INDOMARET TAS RAMAH LINGKUNGAN KARAKTER MICE 2 - HITAM PCS 383010.5,,,0,PCS,,,R,1
99,01,2,67,1,20131279,INDOMARET MASKER DUCKBILL 5PLY ABU-ABU PCK 4,,,0,PCS,,,N,1
99,01,2,68,1,20123085,SAMYANG BULDAK RAMEN MALA PCK 135,,,0,PCS,,,N,1
99,01,2,69,1,20119866,POKEMON INDOMARET COLLECTIBLE PROMO CARD PCK,,,0,PCS,,,R,1
99,01,2,70,1,10037691,TROPICANA SLIM NON FAT DRY MILK COFFEE BOX 500,,,0,PCS,CTN,,N,1
99,01,2,71,1,20123284,TWIZZ ROKOK FILTER YELLOW CRUSH BKS 16S,,,0,PCS,,,N,2
99,01,2,72,1,20024304,MAMY POKO PANTS ROYAL SOFT GIRLS 28S  BAG LARGE,,,0,PCS,,,R,1
99,01,2,73,1,20024305,MAMY POKO PANTS ROYAL SOFT GIRLS 24S  BAG EXTRALARGE,,,0,PCS,,,R,1
99,01,2,74,1,20115331,INDOMARET SANTAN KELAPA  TPK 65L,,,45,PCS,,,R,1
99,01,2,75,1,20035565,MAMY POKO PANTS STANDAR 22S  PCK SMALL,,,0,PCS,,,R,1
99,01,2,76,1,20124756,NONG SHIM INSTANT FRIED NOODLE BEEF BULGOGI PCK 105,,,0,PCS,,,N,1
99,01,2,77,1,20140905,NASINDO NASI GORENG INSTANT  PCH 85,,,0,PCS,,,N,1
99,01,2,78,1,20133692,GAGA MIE GORENG 100 EXTRA PEDAS CHIPOTLE PCK 85,,,0,PCS,,,N,40
99,01,2,79,1,20142426,POKEMON TCG SET SPESIAL ANCAMAN BAYANGAN  PCS,,,0,PCS,,,N,1
99,01,2,80,1,20139740,OREO BISCUIT SANDWICH BABY MONSTER  PCK 110.4,,,0,PCS,,,N,3
99,01,2,81,1,20103575,INDOMARET NATA DE COCO SELASIH STRAWBERRY CUP 200,,,18,PCS,,,R,2
99,01,2,82,1,20025364,SLEEK PENCUCI BOTOLDOT&PERLENGKAPAN BAYI PCH 900L,,,0,PCS,,,N,1
99,01,2,83,1,20103576,INDOMARET NATA DE COCO LYCHEE CUP 200,,,7,PCS,,,R,2
99,01,2,84,1,20075616,DJARUM SUPER ROKOK FILTER MILD BLACK BKS 12S,,,0,PCS,,,N,2
99,01,2,85,1,20142501,INDOFOOD SNACK SNACK TIME ASSORTED BDD,,,0,PCS,,,N,1
99,01,2,86,1,20022930,VASELINE INTEN.CARE LOT.(71908) HEALTHY SUNBLOK SPF-30 BTL 100L,,,0,PCS,,,R,1
99,01,2,87,1,20095742,TANGO DRINK ITALIAN CHOCO BTL 250L,,,0,PCS,,,N,2
99,01,2,88,1,20036431,LIFEBUOY SABUN MANDI CAIR PUMP WHITE BTL 500L,,,0,PCS,,,R,1
99,01,2,89,1,20142532,STT PARTY PACK (6S)  PCK 69,,,0,PCS,,,N,1
99,01,2,90,1,20142552,GARUDA SNACK PARTY PACK  BAG,,,0,PCS,,,N,1
99,01,2,91,1,20134542,PONDS BRIGHT MIRACLE SERUM ULTIMATE CLRITY BTL 14,,,0,PCS,,,R,1
99,01,2,92,1,20043409,INDOMARET BIHUN BERAS  PCK 220,,,55,PCS,,,R,1
99,01,2,93,1,20076134,ESSE ROKOK FILTER SHUFFLE POP  BKS 16S,,,0,PCS,,,N,1
99,01,2,94,1,20094320,CLEAR SHAMPOO ANTI KETOMBE LMN BERSIH SGR BTL 160L,,,260,PCS,,,R,1
99,01,2,95,1,20052902,PHILIPS LAMPU LED COOL DAYLIGHT E27  PCS 4 WATT,,,2188,PCS,,,R,1
99,01,2,96,1,20136876,LUX BAR SOAP HIJAB LAVENDER BAR 70,,,0,PCS,,,R,1
99,01,2,97,1,20136878,LUX BAR SOAP HIJAB ZAITUN & MADU BAR 70,,,0,PCS,,,R,1
99,01,2,98,1,20116858,IMPLORA LUMINOS BRIGHTENING SERUM  BTL 20L,,125,0,PCS,,,N,1
99,01,2,99,1,20129563,MUSTIKA RATU FACE CLNSR & TONER + FACE WASH BENGKOANG BDD 150+40,,,0,PCS,,,N,1
99,01,3,01,1,20133215,BLASTER CANDY CHOCO MINT PCK 48,,,0,PCS,,,N,2
99,01,3,02,1,20048878,MAMY POKO PANTS STANDAR 9S  PCK SMALL,,,9,PCS,,,R,1
99,01,3,03,1,20138894,AMO SPARKLING MILK FIZZY EASY ORIGINAL BTL 200L,,,267,PCS,,,R,2
99,01,3,04,1,20057702,GARNIER BRIGHT COMPLETE VIT.C SERUM CREAM UV TUB 20L,,,0,PCS,,,N,1
99,01,3,05,1,20138893,AMO SPARKLING MILK DREAMY STRAWBERRY BTL 200L,,,256,PCS,,,R,2
99,01,3,06,1,,,,,0,PCS,,,,
99,01,3,07,1,20134382,TEREA STICK TEMBAKAU BERRINE EDITION BKS 20X5.5,,,0,PCS,,,N,1
99,01,3,08,1,20095772,BANGO KECAP MANIS BOX PROMO  TPS 2X720,,,0,PCS,,,N,6
99,01,3,09,1,20135251,NUVO SABUN KESEHATAN FAMILY COOL PROTECT BDD 3+1100,,,0,PCS,,,N,2
99,01,3,10,1,20134588,JOHNSONS BABY CREAM MILK + RICE TUB 50,,,0,PCS,,,N,1
99,01,3,11,1,20116867,IMPLORA ACNE SERUM  BTL 20L,,125,0,PCS,,,N,1
99,01,3,12,1,20135337,CIMORY YOGHURT SQUEEZE BITES YUZU PCH 120,,,0,PCS,,,N,2
99,01,3,13,1,20047850,INDOMARET TEH HITAM CELUP  BOX 25X2,,,0,PCS,,,R,1
99,01,3,14,1,20135610,SNACKIT MARSHMALLOW GAUN STRAWBERRY PCK 50,,,0,PCS,CTN,,N,1
99,01,3,15,1,20102701,DOWNY SOFTENER MILD & GENTLE PCH 680/650L,,,0,PCS,,,N,1
99,01,3,16,1,20042139,ZEE SUSU BUBUK INSTANT SWIZZ CHOCOLATE BAG 10X38,,,0,PCS,,,N,1
99,01,3,17,1,10000019,INDOMILK SUSU KENTAL MANIS PUTIH KLG 370,,,0,PCS,,,N,2
99,01,3,18,1,10000508,ROSE TEPUNG BERAS KETAN  PCK 500,,,0,PCS,,,N,1
99,01,3,19,1,10000020,INDOMILK SUSU KENTAL MANIS CHOCOLATE KLG 370,,,0,PCS,,,N,2
99,01,3,20,1,20029837,INDOMARET HANKY TISSUE 2 PLY  PCK 415,,,0,PCS,,,R,2
99,01,3,21,1,20048881,MAMY POKO PANTS STANDAR 5S  PCK XXL,,,0,PCS,,,R,1
99,01,3,22,1,10000579,DIABETASOL SUSU FORMULA DIABETES W/VTDGST COKLAT BOX 170,,,0,PCS,,,N,1
99,01,3,23,1,10010509,DANCOW FORTIGRO SUSU BUBUK COKELAT BOX 195,,,0,PCS,,,N,1
99,01,3,24,1,20124602,POINT COFFEE GIFT CARD FISIK  PCS,,,820,PCS,,,R,1
99,01,3,25,1,20004386,NESTLE CERELAC BUBUR SEREAL SUSU WORTBAYAM&LABU BOX 120,,,0,PCS,,,N,1
99,01,3,26,1,20127064,SHANTOS ROMEO STYLING POMADE WATER SOLUBLE POT 75,,,0,PCS,,,N,1
99,01,3,27,1,20134043,DELI DUAL HIGHLIGHTER 3S  PCK,,,0,PCS,,,N,1
99,01,3,28,1,20004767,NESTLE CERELAC BUBUR SEREAL SUSU BERAS MRH&SUSU BOX 120,,,0,PCS,,,N,2
99,01,3,29,1,20017745,LACTOGEN PRO SUSU BAYI FORMULA 0-6 BULAN  BOX 180,,,0,PCS,,,N,1
99,01,3,30,1,20055829,JAVANA MINUMAN TEH MELATI  BTL 350L,,,0,PCS,,,N,24
99,01,3,31,1,20133616,BIZARRE EAU DE TOILETTE SUNSET LOVERS BTL 50L,,,0,PCS,,,N,1
99,01,3,32,1,20021173,FRISIAN BABY SUSU BUBUK FORMULA BAYI 6-12 BULAN BOX 360,,,0,PCS,,,N,1
99,01,3,33,1,20030414,CIMORY YOGHURT DRINK LYCHEE BTL 240L,,,130,PCS,,,,2
99,01,3,34,1,20087021,NESTLE BATITA1+ SUSU PERTUMBUHAN MADU BOX 350,,,0,PCS,,,N,1
99,01,3,35,1,20095418,MILO HEALTY DRINK ACTIV-GO PCK 10X22,,,0,PCS,,,N,1
99,01,3,36,1,20098173,NESTLE BATITA3+ SUSU PERTUMBUHAN MADU BOX 850,,,0,PCS,,,N,1
99,01,3,37,1,20136742,NESTLE CERELAC HOMESTYLE BUBUR HATI AYAM BOX 120,,,0,PCS,,,N,1
99,01,3,38,1,20132814,FRISIAN FLAG SUSU KENTAL MANIS KOREAN STRAWBERRY PCH 260,,,7,PCS,,,R,1
99,01,3,39,1,20129258,SAY BREAD GIFT CARD FISIK  PCS,,,1025,PCS,,,R,1
99,01,3,40,1,20132664,VIXAL PEMBERSIH KAMAR MANDI KUAT SEGAR PCH 600L/600,,,382,PCS,,,R,1
99,01,3,41,1,20124900,WIKI GIRL PASTRY PLAY SET  PCS,,,0,PCS,,,R,1
99,01,3,42,1,10000610,ABC BATTERY SUPER POWER KOTAK  PCS 9 VOLT,,,0,PCS,,,N,1
99,01,3,43,1,20023023,ANMUM SUSU BUBUK IBU HAMIL MATERNA COKLAT BOX 400,,,0,PCS,,,N,1
99,01,3,44,1,20103371,TIC TIC SNACK CRUNCHY STICK BAWANG SAOS PEDAS MNTP PCK 65,,,0,PCS,,,N,2
99,01,3,45,1,,,,,0,PCS,,,,
99,01,3,46,1,20046279,DJARUM SUPER ROKOK FILTER MILD  BKS 20S,,,0,PCS,,,N,1
99,01,3,47,1,20132248,CHIKI SNACK BALLS WAGYU BEEF BBQ PCK 55,,,0,PCS,,,N,1
99,01,3,48,1,10038352,VITA PUDDING COKLAT CUP 105,,,0,PCS,,,N,4
99,01,3,49,1,20104647,PONDS PEMBERSIH WAJAH ANTI BACTERIAL TUB 100,,,0,PCS,,,R,1
99,01,3,50,1,20119621,PONDS TRIPLE GLOW SERUM MASK  PCK 20,,,0,PCS,,,R,1
99,01,3,51,1,20041018,MAMY POKO BABY DIAPERS STANDAR 12S TIPE PEREKAT PCK SMALL,,,0,PCS,,,R,1
99,01,3,52,1,20137313,HANSAPLAST ANTISEPTIK PEMBERSIH LUKA  BTL 40L,,,0,PCS,,,N,1
99,01,3,53,1,20062852,OREO SANDWICH MINI STRAWBERRY PCH 58.4,,,0,PCS,,,N,3
99,01,3,54,1,20111008,INDOMARET MASKER 3PLY EARLOP 5+2S  PCK,,,0,PCS,,,R,1
99,01,3,55,1,20077551,EMCO POCKET MORPHERS ASSORTED PCS,,,0,PCS,,,N,1
99,01,3,56,1,20138274,ZWITSAL KIDS 2IN1 HAIR GREEN BTL 280L,,,190,PCS,,,R,1
99,01,3,57,1,20135618,LARISST FRENCH FRIES ORIGINAL PCK 65,,,6,PCS,,,R,1
99,01,3,58,1,20130516,INDOMARET TAS RAMAH LINGKUNGAN KARAKTER MICE 2 - UNGU PCS 383010.5,,,0,PCS,,,R,1
99,01,3,59,1,20130517,INDOMARET TAS RAMAH LINGKUNGAN KARAKTER MICE 2 - PINK PCS 383010.5,,,0,PCS,,,R,1
99,01,3,60,1,20100067,POINT COFFEE RUBBER KEYCHAIN CUP ENJOY  PCS,,,0,PCS,,,R,1
99,01,3,61,1,20138346,BLENDS STICK TEMBAKAU RICH EDITION BKS 20X4,,,0,PCS,,,N,1
99,01,3,62,1,20092710,INDOMARET BERAS PULEN WANGI PREMIUM  SAK 5,,,0,PCS,,,N,5
99,01,3,63,1,20104406,FITTI PANTS 28S  BAG LARGE,,,557,PCS,,,R,1
99,01,3,64,1,20139173,GLAD2GLOW BRIGHT GLOW CLEANSER PERFECT VITA C BTL 80,,,0,PCS,,,N,1
99,01,3,65,1,10003144,MONDE BISCUIT BOURBON CHOCOLATE PCK 140,,,0,PCS,,,N,1
99,01,3,70,1,20098229,WATERU PREMIUM BAMBOO TISSUE POCKET  PCK 610,,,0,PCS,,,N,1
99,01,3,71,1,20123093,NONG SHIM KIMCHI RAMYUN SPICY PCK 120,,,0,PCS,,,N,1
99,01,3,72,1,10000120,CUSSONS BABY SOAP MILD & GENTLE BAR 75/60,,,0,PCS,,,N,2
99,01,3,73,1,20100026,TORA CAFE MINUMAN ICED MILKY LATTE BTL 180L,,,0,PCS,,,N,12
99,01,3,74,1,20103442,ABC MIE GORENG SELERA PEDAS NAMPOL SAPI PEDAS PCK 80,,,0,PCS,,,N,40
99,01,3,75,1,20029782,SO KLIN SOFTERGENT POWDER BLUE/VELVET ORC PCK 720/650 ,,,0,PCS,,,N,2
99,01,3,76,1,20075940,MAKARIZO HAIR & SCALP TONIC  BTL 140L,,,0,PCS,CTN,,,1
99,01,3,77,1,10020193,MORINAGA SCHOOL SUSU PERTUMBUHAN VANILA BOX 390,,,0,PCS,,,N,1
99,01,3,78,1,20026897,TESSA FACIAL TISSUE TP-02/260S  PCK,,,0,PCS,,,N,1
99,01,3,79,1,20117196,AZZURA LOOSE POWDER 01 LIGHT BEIGE PCS 30,,,0,PCS,,,N,1
99,01,3,80,1,20106550,MAYBELLINE FOUNDATION FIT ME MATTE+PORELS 220 NAT.BEIGE PCS 5L,,,0,PCS,,,N,1
99,01,3,81,1,20120428,ROBOT ADAPTER TYPE-C TO MICRO USB RT-OTG02 PCS,,,0,PCS,,,N,1
99,01,3,82,1,20120429,ROBOT ADAPTER TYPE-C TO USB 3.0 RT-OTG04 PCS,,,0,PCS,,,N,1
99,01,3,83,1,20120430,ROBOT THE 3RD AIR VENT HOLDER RT-CH07 PCS,,,0,PCS,,,N,1
99,01,3,84,1,20031901,MY BABY MULTI PURPOSE LIQUID CLEANSER TOTAL CLEAN PCH 300L,,,0,PCS,,,N,1
99,01,3,85,1,20117208,AZZURA LONG LASTING LIPSTICK 01 AMAZING NUDE PCS 3,,,0,PCS,,,N,1
99,01,3,86,1,20119105,BIMA S HERO MASK MDR PVC ASSORTED PCS,,,0,PCS,,,N,1
99,01,3,87,1,20123268,HANASUI BODY SPA EXFOLIATING GEL RAINBOW TUB 130L,,,0,PCS,,,N,1
99,01,3,88,1,20021174,FRISIAN BABY SUSU BUBUK FORMULA BAYI 0-6 BULAN BOX 360,,,0,PCS,,,N,1
99,01,3,89,1,20053901,INDOMARET GLUE STICK  PCK,,,0,PCS,,,R,1
99,01,3,90,1,20064911,INDOMARET TRAVEL PACK TISSUE 50S SOPANUSA PCK,,,0,PCS,,,R,12
99,01,3,91,1,20123272,HANASUI BODY SPA EXFOLIATING GEL ALOE VERA TUB 130L,,,0,PCS,,,N,1
99,01,3,92,1,20123819,FRESTEA MINUMAN TEH NUSANTARA BTL 350L,,,0,PCS,,,R,1
99,01,3,93,1,20048643,INDOMARET I-VOUCHER NEW SEASONL/TMTK FSK RP 100.000- PCS,,,0,PCS,,,R,1
99,01,3,94,1,20133908,RHINO ACRYLIC STANDEE SPY X FAMILY ANYA PCK,,,0,PCS,,,N,1
99,01,3,95,1,20044015,DOVE DEEPLY NOURISH.BODY WASH 01981  PCH 400L,,,147,PCS,,,R,1
99,01,3,96,1,20139957,GLICO BISCUIT POCKY ROSE BOX 31,,,0,PCS,,,N,1
99,01,3,97,1,20132551,FORTE ROKOK FILTER VANILLA BKS 20S,,,0,PCS,,,N,1
99,01,3,98,1,20104405,FITTI PANTS 32S  BAG MEDIUM,,,801,PCS,,,R,1
99,01,3,99,1,20110632,INDOMARET CABIN AIR DISINFECTANT LEMON KLG 150L,,,0,PCS,,,R,1
99,01,4,16,1,20033846,DETTOL ANTISEPTIC GERMICIDE LIQUID BTL 500L,,,0,PCS,CTN,,,1
99,01,4,17,1,20139294,INDOMARET TOTE BAG TIMNAS MERAH GARUDA   PCS,,,0,PCS,CTN,,,1
99,01,4,18,1,20139296,INDOMARET TOTE BAG TIMNAS PUTIH HARMONY  PCS,,,0,PCS,CTN,,,1
99,01,4,19,1,20139298,INDOMARET TOTE BAG TIMNAS PUTIH TACTICAL PLAN PCS,,,0,PCS,CTN,,,1
99,02,1,01,1,20133859,OATSIDE OAT MILK WITH STRAW CHOCOMALT TPK 200L,,,0,PCS,,,N,2
99,02,1,02,1,20018635,BELLAGIO HOMME SPRAY COLOGNE/EDT (RED) RAVE CULTURE BTL 100L,,,0,PCS,,,N,1
99,02,1,03,1,20045505,NATUR-E SKIN START HAND BODY LOTION MOISTURIZING BTL 245L,,,0,PCS,,,N,1
99,02,1,04,1,20064091,GT MAN KAOS KAKI GTHD ASORTED PSG,,,4,PCS,,,V,1
99,02,1,05,1,20038143,GUDANG GARAM ROKOK FILTER SURYA EXCLUSIVE BKS 16S,,,0,PCS,,,N,1
99,02,1,06,1,,,,,0,PCS,,,,
99,02,1,07,1,20136149,GREENFIELDS UHT MILK BELGIAN CHOCO TPK 200L,,,0,PCS,,,N,2
99,02,1,08,1,20136251,JELE MINUMAN FRESSHY BLUEBERRY PCH 125,,,0,PCS,,,N,1
99,02,1,09,1,20136927,LARISST BERAS PREMIUM  SAK 2.5,,,0,PCS,,,N,8
99,02,1,10,1,20138233,DORITOS SNACK SAMBAL SALSA PCK 55,,,0,PCS,CTN,,N,1
99,02,1,11,1,20004074,TARO SNACK (60728) ITALIAN PIZZA PCK 32,,,0,PCS,,,N,6
99,02,1,12,1,20045093,HALIM ROKOK FILTER  BKS 20S,,,0,PCS,,,N,1
99,02,1,13,1,20055268,INDOMARET MALKIST CRACKERS  PCK 125,,,0,PCS,,,R,2
99,02,1,14,1,20127026,POKEMON COOL TRANSFORM + BALL ASSORTED BOX,,,0,PCS,CTN,,R,1
99,02,1,15,1,20124057,HOT WHEELS PEARL & CHROME ASSORTED PCS,,,0,PCS,,,R,1
99,02,1,16,1,20126000,MATCHBOX MOBIL JAPAN SERIES ASSORTED BOX,,,0,PCS,,,R,1
99,02,1,17,1,20129243,HOT WHEELS FAST & FURIOUS HNR88 ASSORTED PCS,,,0,PCS,,,R,1
99,02,1,18,1,20133548,HOT WHEELS VINTAGE RACING CLUB HRT81 ASSORTED PCS,,,0,PCS,,,R,1
99,02,1,19,1,20133725,HOT WHEELS J-IMPORT 2024 HWR57 ASSORTED PCS,,,0,PCS,,,R,1
99,02,1,20,1,20133728,HOT WHEELS PEARL & CHROME HDH54 ASSORTED PCS,,,0,PCS,,,R,1
99,02,1,21,1,20133907,INDOMARET KERIPIK PISANG ASIN PCH 65,,,24,PCS,,,R,1
99,02,1,22,1,10007377,ALPENLIEBE CANDY KARAMEL SUSU  ROL 32,,,0,PCS,,,N,1
99,02,1,23,1,10012827,MISTER POTATO SNACK CRISPS BARBEQUE KLG 85/80,,,0,PCS,,,N,7
99,02,1,24,1,20134369,INDOMARET STIK KENTANG BARBECUE PCK 65,,,0,PCS,,,R,1
99,02,1,25,1,20136292,ORAL B SIKAT GIGI CROSS ACTION 3S  PCK SOFT,,,0,PCS,,,R,1
99,02,1,26,1,20062962,GUDANG GARAM ROKOK KRETEK DELUXE BKS 16S,,,0,PCS,,,N,1
99,02,1,27,1,20131693,VAPE OBAT NYAMUK SPRAY FUMAKILLA FRUITY FRESH KLG 600L,,,0,PCS,,,N,1
99,02,1,28,1,20028767,GATSBY WATERGLOSS HYPER SOLID POT 150,,,0,PCS,,,N,1
99,02,1,29,1,20139381,INDOMARET MANGKUK CASSEROLE TUTUP KACA  BOX 1.5L,,,0,PCS,,,R,6
99,02,1,30,1,20098634,GUDANG GARAM ROKOK KRETEK PATRA  BKS 12S,,,0,PCS,,,N,1
99,02,1,31,1,20070152,BELLAGIO HOMME EAU DE TOILETTE/PARFUM (NEW) STAMINA BTL 50L,,,0,PCS,,,N,1
99,02,1,32,1,,,,,0,PCS,,,,
99,02,1,33,1,20099143,OVALTINE CRUNCHY CHOCOLATE MALT DRINK  PCK 1832,,,0,PCS,,,N,1
99,02,1,34,1,20099656,ADINATA UNICORN STICKER ADSTR1950-6111 PCS,,,0,PCS,,,N,1
99,02,1,35,1,20114049,CAMEL ROKOK FILTER OPTION YELLOW  BKS 12S,,,0,PCS,,,N,2
99,02,1,36,1,20124757,NONG SHIM INSTANT FRIED NOODLE SEAFOOD BULGOGI PCK 105,,,0,PCS,,,N,1
99,02,1,37,1,20135541,SAMPOERNA ROKOK KRETEK LEGIT AMERTA BKS 12S,,,0,PCS,,,N,
99,02,1,38,1,20135542,SAMPOERNA ROKOK KRETEK LEGIT SADA BKS 12S,,,0,PCS,,,N,
99,02,1,39,1,20116888,MAMASUKA JAPCHAE KOREAN FRIED VRMICELLI ORIGINAL PCK 111,,,0,PCS,,,N,1
99,02,1,40,1,20116109,MAXICORN SNACK ROASTED CORN PCK 55,,,0,PCS,,,N,2
99,02,1,41,1,20075949,MAKARIZO HAIR ENERGY FIBER/T SHAMPOO ROYAL JELLY BTL 330L,,,0,PCS,CTN,,,1
99,02,1,42,1,20136035,MARLBORO ROKOK FILTER VISTA PURPLE BURST BKS 16S,,,0,PCS,,,N,2
99,02,1,43,1,20133512,CAMEL ROKOK ACTIVATE MENTHOL  BKS 20S,,,0,PCS,,,N,2
99,02,1,44,1,20070739,NATUR-E HAND BODY LOTION PROTECT & GLOW BTL 245L,,,0,PCS,,,N,1
99,02,1,45,1,20088101,REGAZZA EAU DE TOILETTE/PARFUM FEMME PURITY BTL 50L,,,0,PCS,,,N,1
99,02,1,46,1,20105056,DERMA ANGEL ACNE PATCH MIX 18S  BOX,,,0,PCS,CTN,,,1
99,02,1,47,1,20134841,CUSSONS BABY MINYAK TELON PLUS  BTL 60L,,,0,PCS,,,N,1
99,02,1,48,1,20131658,ADINATA MOKONYA COLOR PEN 2140ABCD PCK,,,0,PCS,,,N,1
99,02,1,49,1,20112358,L-MEN PROTEIN CRUNCH BEEF BBQ PCK 20,,,0,PCS,CTN,,,1
99,02,1,50,1,20136744,CHITATO SNACK POTATO CHIPS ROSE TTEOKBOKKI PCK 68/65,,,0,PCS,,,N,1
99,02,1,51,1,20095234,FRESH CARE MINYAK ANGIN KAYU PUTIH  BTL 10L,,,0,PCS,,,N,1
99,02,1,52,1,20137700,MAYASI CASHEW ALA KENTUCKY  PCH 35,,,0,PCS,,,N,1
99,02,1,53,1,20138035,CAFFINO COFFEE READY TO DRINK OAT MARRIE BTL 200L,,,0,PCS,,,N,2
99,02,1,54,1,20098776,MAMASUKA DELISAOS SAUS TIRAM UDANG & JAMUR BTL 260/320L,,,0,PCS,,,N,1
99,02,1,55,1,20100140,FRESH CARE PRESS & RELAX STRONG PCS 10L,,,0,PCS,,,N,1
99,02,1,56,1,20126805,HERBORIST BODY SERUM HYDRATE & GLOW RASPBRRY&TOMATO TUB 180L,,,0,PCS,,,N,1
99,02,1,57,1,20053693,NIVEA SUN LOTION DAILY PROTECTION SPF 33 PA++ BTL 100L,,,0,PCS,,,N,1
99,02,1,58,1,20055242,LAGIE MILK CHOCOLATE ALMOND BOX 65,,,0,PCS,,,N,1
99,02,1,59,1,10003999,CUSSONS BABY GIFT PACK  SET LARGE,,,0,PCS,,,N,1
99,02,1,60,1,20105926,STATIONARY AVOCADO 3D SILLICON PEN 1S  PCS,,,0,PCS,,,R,1
99,02,1,61,1,20128429,ANMUM SUSU BUBUK IBU HAMIL MATERNA VANILLA DELIGHT BOX 400,,,0,PCS,,,N,1
99,02,1,62,1,20108577,LAUGHING COW CHEEZ DIPPERS  BOX 140,,,0,PCS,,,N,2
99,02,1,63,1,10006468,CASTOL LEM CONTACT ADHESIVE NEW  TUB 23/21,,,0,PCS,,,N,1
99,02,1,64,1,20138432,CAMEL ROKOK FILTER ICE RED BKS 16S,,,0,PCS,,,N,2
99,02,1,65,1,20139132,GARUDA ROSTA KACANG PANGGANG ROSTA MAXX BBQ  PCK 80,,,0,PCS,,,N,2
99,02,1,66,1,20116882,MAMASUKA TOPOKKI KOREAN RICE CAKE SPICY PCK 134/132,,,0,PCS,,,N,1
99,02,1,67,1,20027868,CUSSONS BABY SHAMPOO NAT CARE KMRI ALOVERA&SLEDRI BTL 100L,,,0,PCS,,,N,1
99,02,1,68,1,20140882,LAYS WAVY SNACK POTATO CHIPS DAGING SAPI BKR PCK 105,,,0,PCS,,,N,1
99,02,1,69,1,20132332,TOPLES KACA INDOMARET  PCS 0.75L,,,0,PCS,,,R,6
99,02,1,70,1,20132333,TOPLES KACA INDOMARET  PCS 1L,,,0,PCS,,,R,6
99,02,1,71,1,20141367,HERS PROTEX COOL BREEZE NIGHT 30 CINNAMOROLL PCK 12S,,,0,PCS,,,N,1
99,02,1,72,1,20126807,HERBORIST BODY SERUM SOOTH & GLOW APPLE&BROCCOLI TUB 180L,,,0,PCS,,,N,1
99,02,1,73,1,20128710,GENTLE GEN DETERJEN CAIR MORNING BREEZE PCH 360L,,,0,PCS,,,N,2
99,02,1,74,1,20129201,CHIKI SNACK TWIST FLAMING HOT PCK 75,,,0,PCS,,,N,2
99,02,1,75,1,20133216,CHOMP CHOMP TRIO MALLOW PLAIN PCK 24/21,,,0,PCS,,,N,1
99,02,1,76,1,20053099,SURPRISE EGG PERMEN ANEKA RASA DISNEY PCS,,,0,PCS,,,N,4
99,02,1,77,1,20053100,SURPRISE EGG PERMEN ANEKA RASA MARVEL PCS,,,0,PCS,,,N,2
99,02,1,78,1,20129757,AJINOMOTO SAUS BULGOGI SAORI  BTL 133L,,,0,PCS,,,N,1
99,02,1,79,1,20092078,ADINATA STICKER PUFFY NON KARAKTER  PCK,,,0,PCS,,,N,1
99,02,1,80,1,20131374,GENTLE GEN DETERJEN CAIR PARISIENNE GRDN PCH 360L,,,0,PCS,,,N,1
99,02,1,81,1,20139172,GLAD2GLOW BRIGHT GLOW MOISTURIZER PERFECT VITA C POT 30,,,0,PCS,,,N,1
99,02,1,82,1,20121457,MORRIS HAIR CLAY MATTE FINISH FIRM HOLD KLG 80,,,0,PCS,,,N,1
99,02,1,83,1,20065846,BAKMI MEWAH BAKMI INSTANT AYAM JAMUR PCK 150,,,0,PCS,,,N,1
99,02,1,84,1,20132493,BANGO KECAP MANIS HITAM GURIH  PCH 550,,,0,PCS,,,N,1
99,02,1,85,1,20097804,ARES ROKOK FILTER BOLD SERIES BKS 12S,,,0,PCS,,,N,10
99,02,1,86,1,20142055,TOPI KOKI BERAS SETRA ROYAL  SAK 5,,419,0,PCS,,,N,5
99,02,1,87,1,20142107,ANAK RJA NSTARA BERAS KHUSUS  SAK 5,,419,0,PCS,,,N,5
99,02,1,88,1,20070013,HERSHEYS KISSES CREAMY MILK CHOCOLATE ALMONDS PCK 36,,,0,PCS,,,N,1
99,02,1,89,1,10027468,BAGUS PARA KAMPER  PCK 150,,,0,PCS,,,N,1
99,02,1,90,1,20097103,SAFI WHT EXPERT/ULTIMATE BRIGHT PURIFY CLEANSER TUB 100,,,0,PCS,,,V,1
99,02,1,91,1,20143573,LAUGHING COW SOLO CHEESE DIPPERS  PCK 30,,419,0,PCS,,,,2
99,02,1,92,1,20125180,STATIONARY GEL PEN BURGER 2S  PCK,,,0,PCS,,,R,1
99,02,1,93,1,20134759,LARISST BERAS PREMIUM  SAK 5,,,0,PCS,,,N,5
99,02,1,94,1,,,,,0,PCS,,,,
99,02,1,95,1,20124601,HEAD &SHOULDERS SHAMPOO A/D MOBILE LEGEND MENTHOL DINGIN BTL 160L,,,0,PCS,,,R,1
99,02,1,96,1,,,,,0,PCS,,,,
99,02,1,97,1,20125581,ORAL B SIKAT GIGI 3 IN 1 ACTION 3S SOFT PCK,,,0,PCS,,,R,1
99,02,1,98,1,20135479,FRUZZ CHEWY CANDY BALLS ANGGRMNGGASTR PCK 25.5,,,0,PCS,,,N,2
99,02,1,99,1,,,,,0,PCS,,,,
99,02,2,01,1,20067962,LIFEBUOY SABUN MANDI TS (46093) TOTAL 10 BAR 110/100,,,0,PCS,,,R,2
99,02,2,02,1,20090355,LIFEBUOY SABUN MANDI TS LEMON FRESH BAR 110/100,,,0.0,PCS,,,R,2
99,02,2,03,1,20120424,CLEAR SHAMPOO ANTI DANDRUFF MENTHOL SEGAR BTL 400L,,,0,PCS,,,R,1
99,02,2,04,1,20134792,AXE BODY SPRAY DEODORANT AQUA BERGAMOT KLG 135L,,,0,PCS,,,R,1
99,02,2,05,1,20135617,LARISST FRENCH FRIES PEDAS PCK 65,,,0,PCS,,,R,1
99,02,2,06,1,20135226,NIVEA EXTRA BRIGHT VTAMIN BODY SERUM C&E TUB 170 L,,,0,PCS,,,N,1
99,02,2,07,1,20126488,DJARUM KING ROKOK FILTER  BKS 12S,,,0,PCS,,,N,2
99,02,2,08,1,10027952,LA FONTE SPAGHETTI INSTANT SAUS AYAM BOX 117,,,0,PCS,,,N,1
99,02,2,09,1,,,,,0,PCS,,,,
99,02,2,10,1,20133915,RHINO STICKER PUFFY SPY X FAMILY  PCK,,,0,PCS,,,N,1
99,02,2,11,1,,,,,0,PCS,,,,
99,02,2,12,1,20125060,INDOMILK SUSU CAIR UHT BELGIAN CHOCO TPK 180L,,,0,PCS,,,N,2
99,02,2,13,1,20106371,PIKOPI KOPI INSTANT MOCCACHINO PCK 9X20,,,0,PCS,,,N,1
99,02,2,14,1,,,,,0,PCS,,,,
99,02,2,15,1,10035178,DORA RACUN TIKUS  BOX 100,,,0,PCS,,,N,1
99,02,2,16,1,,,,,0,PCS,,,,
99,02,2,17,1,20141368,HERS PROTEX COOL BREEZE 23.5 CINNAMOROLL PCK 17S,,,0,PCS,,,N,1
99,02,2,18,1,20133965,POP MIE MI INSTAN AYAM (PAPER) CUP 75,,,0,PCS,,,N,2
99,02,2,19,1,20129016,CHIKI SNACK BALLS BUTTER COOKIES PCK 55,,,0,PCS,,,N,1
99,02,2,20,1,,,,,0,PCS,,,,
99,02,2,21,1,20014749,ELLIPS HAIR VITAMIN NUTRI COLOR PCK 6X1L,,,0,PCS,,,N,2
99,02,2,22,1,20036782,CAP LANG MINYAK ANGIN V FRESH ROLL ON ORIGINAL BTL 8L,,,0,PCS,,,N,1
99,02,2,23,1,20052260,ESSE MILD ROKOK FILTER  BKS 20S,,,0,PCS,,,N,1
99,02,2,24,1,20050351,DETTOL SABUN MANDI ANTI BAKTERI FRESH BDD 3100/105,,,0,PCS,,,N,1
99,02,2,25,1,20099159,YOYIC MINUMAN SUSU FERMENTASI BLUEBERRY BTL 130L,,,0,PCS,,,N,2
99,02,2,26,1,20080878,POKKA NATSBEE DRINK HONEY LEMON BTL 450L,,,0,PCS,,,N,4
99,02,2,27,1,20103679,KOBE MIE GORENG+PANGSIT BONCABE LEVEL 15 PCK 105/95,,,0,PCS,,,N,1
99,02,2,28,1,20017141,PEPSODENT PASTA GIGI CENTER FRESH  TUB 160,,,357,PCS,,,R,1
99,02,2,29,1,,,,,0,PCS,,,,
99,02,2,30,1,20133916,RHINO STICKER FLAT SPY X FAMILY  PCK,,,0,PCS,,,N,1
99,02,2,31,1,20050352,DETTOL SABUN MANDI ANTI BAKTERI COOL BDD 3105/100,,,0,PCS,,,N,1
99,02,2,32,1,,,,,0,PCS,,,,
99,02,2,33,1,20124333,SEDAAP KECAP MANIS SPECIAL  BTL 275L,,,0,PCS,,,N,1
99,02,2,34,1,,,,,0,PCS,,,,
99,02,2,35,1,20105060,GARNIER BOOSTER SERUM SAKURA GLOW HYALURON PCS 7.5L,,,0,PCS,,,N,1
99,02,2,36,1,20129820,REJOICE SHAMPOO 3 IN 1 CALMING  K-LAVENDER BTL 150/135 L,,,0,PCS,,,R,1
99,02,2,37,1,20054657,INDOMARET KAOS KAKI EXECUTIVE ANTI BACTERIA PCK,,,0,PCS,,,N,1
99,02,2,38,1,20122429,YOYIC MINUMAN SUSU FERMENTASI ORIGINAL BTL 130L,,,0,PCS,,,N,2
99,02,2,39,1,20122430,YOYIC MINUMAN SUSU FERMENTASI JERUK BTL 130L,,,0,PCS,,,N,2
99,02,2,40,1,20127624,STATIONARY SET COLLECTION BARBIE  BOX,,,0,PCS,,,N,1
99,02,2,41,1,20124408,INDOMILK SUSU STERIL PLAIN KLG 189L,,,0,PCS,,,N,2
99,02,2,42,1,,,,,0,PCS,,,,
99,02,2,43,1,20129158,CHOMP CHOMP MALLOW PLAIN PCK 200/160,,,0,PCS,CTN,,,1
99,02,2,44,1,,,,,0,PCS,,,,
99,02,2,45,1,,,,,0,PCS,,,,
99,02,2,46,1,,,,,0,PCS,,,,
99,02,2,47,1,,,,,0,PCS,,,,
99,02,2,48,1,20127626,STATIONARY SET COLLECTION HOTWHEELS  BOX,,,0,PCS,,,N,1
99,02,2,49,1,20069793,RESIK-V PEMBERSIH KEWANITAAN WHITENING MANJAKANI BTL 90L,,,0,PCS,,,N,1
99,02,2,50,1,20095752,MAYBELLINE EYE BROW DEFINE & BLEND PENCIL BROWN PCS,,,0,PCS,,,N,1
99,02,2,51,1,20131639,ADINATA MOKONYA GEL PEN  2138ABCD PCK,,,0,PCS,,,N,1
99,02,2,52,1,20125602,FUKUMI BERAS PORANG  BOX 7X40,,,0,PCS,CTN,,N,1
99,02,2,53,1,20098765,MAYBELLINE LINE TATTOO HIGH IMPACT LINER INTENSE BLACK PCS 1,,,0,PCS,,,N,1
99,02,2,54,1,,,,,0,PCS,,,,
99,02,2,55,1,,,,,0,PCS,,,,
99,02,2,56,1,20101926,MAYBELLINE FIT ME MATTE+PORELESS POWDER 120 CLSIC IVORY PCS 6,,,0,PCS,,,N,1
99,02,2,57,1,,,,,0,PCS,,,,
99,02,2,58,1,20101927,MAYBELLINE FIT ME MATTE+PORELESS POWDER 128 WARM NUDE PCS 6,,,0,PCS,,,N,1
99,02,2,59,1,,,,,0,PCS,,,,
99,02,2,60,1,,,,,0,PCS,,,,
99,02,2,61,1,,,,,0,PCS,,,,
99,02,2,62,1,20132961,STATIONARY FLOWER MINI NOTE BOOK   PCS,,,0,PCS,,,R,1
99,02,2,63,1,20100788,PEPSODENT PASTA GIGI COMPLETE SIWAK TUB 150+25,,,44,PCS,,,R,1
99,02,2,64,1,20140455,INDOMARET STICK ROLL COKELAT TPS 18X10,,,0,PCS,,,R,1
99,02,2,65,1,,,,,0,PCS,,,,
99,02,2,66,1,20106967,INDOMARET MINYAK KAYU PUTIH  BTL 52L,,,0,PCS,,,N,1
99,02,2,67,1,,,,,0,PCS,,,,
99,02,2,68,1,20139065,PONDS MEN PEMBERSIH WAJAH ANTI ACNE POLLUTION CNTRL TUB 100,,,561,PCS,,,R,1
99,02,2,69,1,20067245,SUNSILK SHAMPOO CO-CREATIONS SOFT & SMOOTH BTL 340/320L,,,0,PCS,,,R,1
99,02,2,70,1,20124712,LARISST BABY WET WIPES 50S (1+1) NEW NON ALCOHOL PCK,,,0.0,PCS,,,R,1
99,02,2,71,1,20116679,CHITATO LITE SNACK POTATO BEEF BARBEQUE GRIL.PRIME RIBS PCK 68/65,,,0,PCS,,,N,2
99,02,2,72,1,10038277,VITA PUDDING STRAWBERRY CUP 105,,,0,PCS,,,N,3
99,02,2,73,1,,,,,0,PCS,,,,
99,02,2,74,1,,,,,0,PCS,,,,
99,02,2,75,1,20131023,SEDAAP MIE MIE INSTANT BAKED SOTO PCK 76,,,0,PCS,,,N,24
99,02,2,76,1,10006672,NR HAIR TONIC DAILY NOURISHMENT HAIR & SCALP BTL 200L,,,0,PCS,LSN,,N,1
99,02,2,77,1,10030783,AJINOMOTO PENYEDAP RASA MASAKO AYAM PCK 6X8.5,,,0,PCS,,,N,1
99,02,2,78,1,10030784,AJINOMOTO PENYEDAP RASA MASAKO SAPI PCK 6X8.5,,,0,PCS,,,N,1
99,02,2,79,1,20021434,NIVEA FACIAL FOAM MEN ACNE OIL CLEAR ACNE DEFENSE TUB 100L,,,0,PCS,,,N,1
99,02,2,80,1,20044208,BURUNG DARA MIE KERING PIPIH PCK 140,,,0,PCS,,,N,1
99,02,2,81,1,20120915,CAP LANG MINYAK ANGIN V FRESH ROLL ON HOT BTL 8L,,,0,PCS,,,N,1
99,02,2,82,1,20124434,ZEN ANTI BACTERIAL BODY SOAP SHISO&PR TEA.TR BDD 470/60,,,0,PCS,,,N,1
99,02,2,83,1,20125893,MAYBELLINE MASCARA THE COLOSSAL BLACK WATERPROOF BOX 9.2L,,,0,PCS,,,N,1
99,02,2,84,1,20134055,DELI MEASURE TAPE ASSORTED PCS,,,0,PCS,,,N,1
99,02,2,85,1,,,,,0,PCS,,,,
99,02,2,86,1,20094509,FITKOM TABLET HISAP MULTIVITAMIN 21S GRAPE BTL,,,0,PCS,,,N,1
99,02,2,87,1,20132848,SUMBER AYU PEMBERSIH KEWANITAAN DAUN SRIH MANJAKANI BRGHT BTL 90L,,,0,PCS,,,N,1
99,02,2,88,1,20096808,RAW MATERIAL CREAMER POWDER  PCK 500,,,0,PCS,,,Z,1
99,02,2,89,1,20056050,INDOMARET CUP LID DAN STIRRER  PCS,,,0,PCS,,,Z,250
99,02,2,90,1,20106235,POINT COFFEE KONTAINER BOX PLASTIK  PCS 2000L,,,0,PCS,,,Z,150
99,02,2,91,1,20109557,MY BABY MINYAK KAYU PUTIH KIDS PLUS BTL 60L,,,0,PCS,,,N,1
99,02,2,92,1,20120203,LAURIER PEMBALUT NATURAL CLEAN 22 WING PCK 20S,,,0,PCS,,,N,1
99,02,2,93,1,,,,,0,PCS,,,,
99,02,2,94,1,20133186,SAFE CARE MINYAK ANGIN AROMA THERAPY FOREST BTL 10L,,,0,PCS,,,N,1
99,02,2,95,1,,,,,0,PCS,,,,
99,02,2,96,1,,,,,0,PCS,,,,
99,02,2,97,1,,,,,0,PCS,,,,
99,02,2,98,1,10007336,TANGO WAFER STRAWBERRY JAM BOX 133/124,,,0,PCS,,,N,1
99,02,2,99,1,20136296,FORMULA SIKAT GIGI MOOD CRYSTAL 3S GLOWOW PCK SOFT,,,0,PCS,,,N,2
99,02,3,01,1,20134045,S-26 PROCAL SUSU BUBUK PERTUMBUHAN 3 VANILLA BOX 200,,,0,PCS,,,N,1
99,02,3,02,1,20011068,PRENAGEN MOMMY SUSU BUBUK IBU HAMIL STRAWBERRY BOX 360,,,0,PCS,,,N,1
99,02,3,03,1,,,,,0,PCS,,,,
99,02,3,04,1,20123023,ENTRASOL GOLD SUSU BUBUK COKLAT BOX 2X280,,,0,PCS,,,N,1
99,02,3,05,1,20126269,GILLETTE CARTRIDGE FLEXI VIBE 2S  BOX,,,0,PCS,,,R,1
99,02,3,06,1,,,,,0,PCS,,,,
99,02,3,07,1,20112337,GARNIER LIGHT COMPLETE SUPER UV SPF50+ MATTE FINISH TUB 15L,,,0,PCS,,,N,1
99,02,3,08,1,,,,,0,PCS,,,,
99,02,3,09,1,20138226,LAYS SNACK POTATO CHIPS PEDAS MANIS PCK 64,,,0,PCS,,,N,1
99,02,3,10,1,20049969,HIMALAYA BRIGHTENING FACE WASH HERBALS CLEAR COMPLEX. TUB 100L,,,0,PCS,,,N,1
99,02,3,11,1,20130706,LUX SABUN MANDI CAIR REFILL BLUEBELL PCH 450/400L,,,0,PCS,,,R,1
99,02,3,12,1,20125183,STATIONARY GEL PEN DONUT ANIMAL 2S  PCK,,,0,PCS,,,R,1
99,02,3,13,1,20128817,TROPICANA SLIM WHITE COFFEE  BOX 4X15,,,0,PCS,CTN,,,1
99,02,3,14,1,20108837,DUA KELINCI SNACK KRIP KRIP BANANA CRUNCH PCH 80,,,0,PCS,CTN,,N,1
99,02,3,15,1,20134885,TOP COFFEE KOPI INSTANT (12+6) CAPPUCCINO BAG 450,,,0,PCS,CTN,,,1
99,02,3,16,1,,,,,0,PCS,,,,
99,02,3,17,1,20130245,MISTER POTATO SNACK CRISPS RENDANG KLG 35,,,0,PCS,,,N,1
99,02,3,18,1,,,,,0,PCS,,,,
99,02,3,19,1,20128518,TOS TOS TORTILLA CHIPS NACHO CHEESE PCK 140/130,,,0,PCS,CTN,,,1
99,02,3,20,1,10031038,PHARMATON FORML TABLET MULTIVIT&MNRL EK.GNSENG G115 STR 5S,,,0,PCS,,,N,1
99,02,3,21,1,10038814,KENKO/BUTERFLY BINDER CLIP NO.107/12S  PCS,,,0,PCS,,,N,1
99,02,3,22,1,20138227,LAYS SNACK POTATO CHIPS AYAM GORENG BWG PCK 64,,,0,PCS,,,N,1
99,02,3,23,1,20024961,KENKO STATIONERY SET TYPE-03  PCK,,,0,PCS,,,N,1
99,02,3,24,1,20034196,MORIN JAM PEANUT BUTTER BTL 150,,,0,PCS,,,N,1
99,02,3,25,1,20088273,PANDA MINUMAN SARANG BURUNG  KLG 310L,,,0,PCS,,,N,2
99,02,3,26,1,,,,,0,PCS,,,,
99,02,3,27,1,20099992,MORIN JAM BLUEBERRY BTL 170,,,0,PCS,,,N,1
99,02,3,28,1,20109053,BLUE DIAMOND ALMOND MILK CHOCOLATE TPK 180L,,,0,PCS,,,N,1
99,02,3,29,1,20109055,BLUE DIAMOND ALMOND MILK ORIGINAL TPK 180L,,,0,PCS,,,N,1
99,02,3,30,1,20109056,BLUE DIAMOND ALMOND MILK VANILLA TPK 180L,,,0,PCS,,,N,1
99,02,3,31,1,,,,,0,PCS,,,,
99,02,3,32,1,20118375,YONSEI SOY MILK BLACK SESAME TPK 200L,,,0,PCS,,,N,1
99,02,3,33,1,20118378,YONSEI SOY MILK SOYA MILK TPK 190L,,,0,PCS,,,N,1
99,02,3,34,1,20119106,BIMA S CHANGER & MEDAL ASSORTED PCS,,,0,PCS,,,N,1
99,02,3,35,1,20128850,LARISST BERAS KEPALA SUPER  SAK 2.5,,,0,PCS,,,N,10
99,02,3,36,1,20131017,ARLA SUSU CAIR UHT ORGANIC FULL CREAM TPK 200L,,,0,PCS,,,N,1
99,02,3,37,1,20131371,AMANI YOGHURT SIP MIXED BERRY PCH 120,,,0,PCS,,,N,1
99,02,3,38,1,20131372,AMANI YOGHURT SIP STRWBRRY BANANA PCH 120,,,0,PCS,,,N,1
99,02,3,39,1,20131640,ADINATA MOKONYA ERASABLE PEN  2139ABCD PCK,,,0,PCS,,,N,1
99,02,3,40,1,,,,,0,PCS,,,,
99,02,3,41,1,20131994,ADINATA MOKONYA ERASEABLE BEAR PEN 2141ABCD PCK,,,0,PCS,,,N,1
99,02,3,42,1,20131995,ADINATA MOKONYA STICKY NOTES 4663-68 PCK,,,0,PCS,,,N,1
99,02,3,43,1,20133362,KORINUS MINUMAN BERKARBONAT NEWKISS SUSU KLG 250L,,,0,PCS,,,N,1
99,02,3,44,1,20109507,HEAD &SHOULDERS SHAMPOO A/D LEMON FRESH BTL 400L,,,0,PCS,,,R,1
99,02,3,45,1,20126744,GILLETTE RAZOR BLUE 3 FLEXI 2S  PCK,,,0,PCS,,,R,1
99,02,3,46,1,20137384,ACMIC POWER BANK C10PRO 10000MAH BLACK PCS,,,0,PCS,CTN,,,1
99,02,3,47,1,20110964,KRISBOW SCREWDRIVER (+)  PCS 5100,,,0,PCS,,,R,1
99,02,3,48,1,20110965,KRISBOW SCREWDRIVER (-)  PCS 5100,,,8,PCS,,,R,1
99,02,3,49,1,20130059,AMARA NAIL POLISH MAGICAL ORANGE BOX 5L,,,0,PCS,,,R,1
99,02,3,50,1,20131752,MALEE JUICE 100% RED APPLE TPK 200L,,,0,PCS,CTN,,N,1
99,02,3,51,1,20133811,PALDO MINUMAN RICE PUNCH JAHE  KLG 175L,,,0,PCS,CTN,,N,1
99,02,3,52,1,20132263,NUTRISARI INSTANT DRINK PITCHER JERUK MANIS BTL 300,,,0,PCS,CTN,,N,1
99,02,3,53,1,,,,,0,PCS,,,,
99,02,3,54,1,10025994,YEOS DRINK CHRYSANTHEMUM KLG 300L,,,0,PCS,CTN,,N,1
99,02,3,55,1,20120417,ACARAKI GOLDEN SPARKLING  KLG 320L,,,0,PCS,CTN,,N,1
99,02,3,56,1,10036644,POKKA OOLONG TEA DRINK  KLG 300L,,,0,PCS,CTN,,N,1
99,02,3,57,1,20109351,IM-BOOST SYRUP KIDS  BTL 45L,,,0,PCS,PCS,,,1
99,02,3,58,1,20136719,GOOD DAY KOPI INSTANT 3 IN 1 DUET MOCACHOCO PCK 5X22,,,0,PCS,CTN,,,1
99,02,3,59,1,20134262,MALEE JUICE 100% MANDARIN ORANGE TPK 1000L,,,0,PCS,CTN,,N,1
99,02,3,60,1,20136148,MAX TEA INSTANT DRINK APPLE TEA BOX 5X23,,,0,PCS,CTN,,,1
99,02,3,61,1,20043126,DIASWEET FIBERWAFER CHOCOLATE BOX 190/180,,,0,PCS,CTN,,,1
99,02,3,62,1,20136293,WINCHEEZ KEJU CHEDDAR OLAHAN PREMIUM  BOX 160,,,0,PCS,CTN,,,1
99,02,3,63,1,20103381,KEWPIE SAUS SIRAM KECAP ALA JEPANG  BTL 200L,,,0,PCS,CTN,,,2
99,02,3,64,1,20099156,ENTRASOL PLATINUM SUSU BUBUK VANILA KLG 400,,,0,PCS,CTN,,,1
99,02,3,65,1,20110817,GOOD DAY COFFEE FREEZE 3IN1 COOKIES N CREAM PCK 10X30,,,0,PCS,CTN,,,1
99,02,3,66,1,20136718,GOOD DAY KOPI INSTANT 3 IN 1 DUET CHOCONUT PCK 5X22,,,0,PCS,CTN,,,1
99,02,3,67,1,20122883,OATSIDE OAT MILK CHOCOLATE TPK 1L,,,0,PCS,CTN,,,1
99,02,3,68,1,20110018,UHA KORORO JELLY CANDY STRAWBERRY PCK 40,,,0,PCS,CTN,,N,1
99,02,3,69,1,20057516,MUNCHYS VEGE CRACKERS  PCK 380,,,0,PCS,CTN,,,1
99,02,3,70,1,20136056,KEWPIE SAUS SIRAM YOGURT  TUB 150,,,0,PCS,CTN,,,1
99,02,3,71,1,20098811,BAGUS AIR FRESHENER FRESH LUWAK COFFEE PCK 10,,,0,PCS,,,N,1
99,02,3,72,1,20011000,LIFEBUOY SABUN MANDI CAIR WHITE BTL 100L,,,0,PCS,,,R,1
99,02,3,73,1,20098812,BAGUS AIR FRESHENER FRESH LAVENDER PCK 10,,,0,PCS,,,N,1
99,02,3,74,1,20036430,LIFEBUOY SABUN MANDI CAIR PUMP RED BTL 500L,,,0,PCS,,,R,1
99,02,3,75,1,20042961,PEPSODENT PASTA GIGI SENSITIVE EXPERT WHITENING TUB 100,,,0,PCS,,,R,1
99,02,3,76,1,20112835,DAIA DETERGENT BUBUK HIJAB CLEAN & FRESH BAG 800/725 ,,,0,PCS,,,N,12
99,02,3,77,1,20131035,SO KLIN DETERGENT CAIR VIOLET BLOSSOM PCH 400L,,,0,PCS,,,N,1
99,02,3,78,1,20044698,INDOMARET TISSUE ROLL 2 PLY (6S) NON EMBOSSED BAG,,,15,PCS,,,R,4
99,02,3,79,1,20131803,EMERON HAIR VITAMIN (HIJAU) HIJAB CLEAN & FRESH PCK 6X1L,,,0,PCS,,,N,1
99,02,3,80,1,20134836,EMCO MICKEY & FRIENDS SURPRISE PACK  PCS,,,0,PCS,,,N,1
99,02,3,81,1,20045188,INDOMARET SPONS BUSA 2S  PCK,,,18,PCS,,,R,1
99,02,3,82,1,20135810,NABATI SIIP SNACK BITE SIZE JAGUNG BAKAR PCK 62,,,0,PCS,,,N,2
99,02,3,83,1,20135811,NABATI SIIP SNACK BITE SIZE COKELAT PCK 62/57,,,0,PCS,,,N,1
99,02,3,84,1,20137888,CHITATO PHOTOCUT STANDEE KOREAN BA  PCS,,,0,PCS,,,N,10
99,02,3,85,1,10008646,GILLETTE FOAMY SHAVING CREAM LEMON LIME KLG 50,,,0,PCS,,,R,1
99,02,3,86,1,20046690,PONDS MEN PEMBERSIH WAJAH ACNE SOLUTION TUB 100L,,,0,PCS,,,R,1
99,02,3,87,1,20123401,INDOMARET HAND WASH PUMP ANTISEPTIC BTL 500L,,,0,PCS,,,R,1
99,02,3,88,1,20099546,RAW MATERIAL ROYAL EARL GREY TEA BAG  PCS,,,0,PCS,,,Z,50
99,02,3,89,1,20102824,RAW MATERIAL NANGKA JELLY  TPS 2,,,0,PCS,,,Z,1
99,02,3,90,1,20106234,POINT COFFEE KONTAINER BOX PLASTIK  PCS 750L,,,0,PCS,,,Z,500
99,02,3,91,1,20001188,L-MEN SUSU BUBUK LOSE WEIGHT CHOCO. CEREAL BOX 12X25,,,0,PCS,CTN,,,1
99,02,3,92,1,20111403,RAW MATERIAL CENDOL SYRUP  BTL 750L,,,0,PCS,,,Z,1
99,02,3,93,1,20118131,RAW MATERIAL CHEESE FOAM TOPING POWDER  PCS 1,,,0,PCS,,,Z,1
99,02,3,94,1,20123694,RAW MATERIAL ES DOGER POWDER  PCK 1,,,0,PCS,,,Z,1
99,02,3,95,1,20123702,RAW MATERIAL MINT MOJITO SYRUP  BTL 750L,,,0,PCS,,,Z,1
99,02,3,96,1,20123707,RAW MATERIAL LIME SYRUP  BTL 750L,,,0,PCS,,,Z,1
99,02,3,97,1,20124992,RAW MATERIAL BUTTERFLY PEA SYRUP  BTL 750L,,,0,PCS,,,Z,1
99,02,3,98,1,20123708,RAW MATERIAL PANDAN JELLY CENDOL  TPS 2,,,0,PCS,,,Z,1
99,02,3,99,1,20124030,RAW MATERIAL KLEPON POWDER  PCK 1,,,0,PCS,,,Z,1
99,03,1,01,1,20109112,HEINZ FARLEYS BISCUIT APEL BOX 120,,,0,PCS,CTN,,,1
99,03,1,02,1,20063482,INDOMARET CELANA DALAM MEN SPORT 2S  BOX EXTRALARGE,,,0,PCS,,,R,1
99,03,1,03,1,20125375,SARI AYU FACIAL FOAM GEL HYDRA GLOW  TUB 100,,,0,PCS,,,N,1
99,03,1,04,1,20126513,EMCO DISNEY TSUM-TSUM MINI FIGURE ASSORTMENT BOX,,,0,PCS,,,N,1
99,03,1,05,1,20121387,IMPLORA 24K GOLD SERUM  BTL 20L,,125,0,PCS,,,N,1
99,03,1,06,1,,,,,0,PCS,,,,
99,03,1,07,1,20080040,POTABEE SNACK POTATO CHIPS MELTED CHEESE/STEAK PCK 57,,,0,PCS,,,N,2
99,03,1,08,1,20086327,RINSO DETERGENT POWDER MATIC (99878) FRONT LOAD PCK 1/900,,,11,PCS,,,R,1
99,03,1,09,1,20096571,INDOMARET BALON TIUP WARNA WARNI 6S  PCK,,,119,PCS,,,R,1
99,03,1,10,1,20098945,SUNSILK SHAMPOO CO-CREATIONS BLACK SHINE BTL 680L,,,0,PCS,CTN,,R,1
99,03,1,11,1,20075923,POSH BODY SPRAY PERFUMED BLACK GOLD KLG 150L,,,0,PCS,,,N,1
99,03,1,12,1,,,,,0,PCS,,,,
99,03,1,13,1,20101096,INDOMARET SANDAL EVA RUBBER  PSG N.42,,,0,PCS,,,R,1
99,03,1,14,1,,,,,0,PCS,,,,
99,03,1,15,1,20101097,INDOMARET SANDAL EVA RUBBER  PSG N.39,,,0,PCS,,,R,1
99,03,1,16,1,,,,,0,PCS,,,,
99,03,1,17,1,,,,,0,PCS,,,,
99,03,1,18,1,20067241,SUNSILK SHAMPOO CO-CREATIONS BLACK SHINE BTL 160L,,,0,PCS,,,R,2
99,03,1,19,1,20067244,SUNSILK SHAMPOO CO-CREATIONS SOFT & SMOOTH BTL 160L,,,0.0,PCS,,,R,2
99,03,1,20,1,,,,,0,PCS,,,,
99,03,1,21,1,,,,,0,PCS,,,,
99,03,1,22,1,,,,,0,PCS,,,,
99,03,1,23,1,20105934,STATIONARY DUCK MECHANICAL PENCIL 2S  PCK,,,0,PCS,,,R,1
99,03,1,24,1,20117966,POINT COFFEE STORE BRICKS  BOX,,,0,PCS,,,R,1
99,03,1,25,1,20119622,GLOW & LOVELY VITAMIN C MASKER SERUM  PCK 20,,,0,PCS,,,R,1
99,03,1,26,1,20125271,STATIONARY SERIES CAT CREAM SET  PCS,,,0,PCS,,,R,1
99,03,1,27,1,20122075,ELLIPS VITAMIN HAIR MASK PRO-KERATIN HAIR REPAIR TUB 120,,,0,PCS,CTN,,,1
99,03,1,28,1,20122121,KRISMA FOOD FISH SKIN SALTED EGG PCH 100,,,0,PCS,CTN,,,1
99,03,1,29,1,20132576,STATIONARY POP IT PEN  PCS,,,0,PCS,,,R,1
99,03,1,30,1,20132578,STATIONARY FURRY ICE CREAM PEN  PCS,,,0,PCS,,,R,1
99,03,1,31,1,20055034,PIXY BB CREAM BRIGHT FIX  TUB 30L,,,0,PCS,,,N,1
99,03,1,32,1,20132140,ANCHOR SUSU BUBUK PROTEIN+ ORIGINAL BOX 350,,,0,PCS,CTN,,N,1
99,03,1,33,1,20125692,INDOMARET DETERGENT MATIC CAIR  PCH 700L,,,9,PCS,,,R,1
99,03,1,34,1,10000715,DELMONTE GOLDEN SWEET CORN CREAM STYLE FRESH CUT KLG 425,,,0,PCS,CTN,,N,1
99,03,1,35,1,20132593,STATIONARY BOBA ERASER  PCS,,,0,PCS,,,R,1
99,03,1,36,1,20132898,STATIONARY SEA HORSE SCISSOR  PCS,,,0,PCS,,,R,1
99,03,1,37,1,,,,,0,PCS,,,,
99,03,1,38,1,20132904,STATIONARY SEA FISH PEN 10 COLOR  PCS,,,0.0,PCS,,,R,1
99,03,1,39,1,20132499,ABC SAMBAL EXTREME PEDAS BTL 135/130L,,,0,PCS,,,N,1
99,03,1,40,1,20133909,RHINO ACRYLIC STANDEE SPY X FAMILY DOUBLE PCK,,,0,PCS,,,N,1
99,03,1,41,1,20091704,PASEO FACIAL TISSUE 100S ULTRA  SOFT PCK,,,0,PCS,CTN,,,1
99,03,1,42,1,20130888,INDOMARET CELANA DALAM WANITA BAMBU 2S  BOX L/XL,,,0,PCS,,,R,1
99,03,1,43,1,10019370,WHISKAS CAT FOOD TUNA PCK 1.2,,,0,PCS,CTN,,,1
99,03,1,44,1,20131366,RINSO DETERGEN LIQUID MATIC TOP LOAD PCH 700L,,,11,PCS,,,R,1
99,03,1,45,1,20140430,CLOSE UP PASTA GIGI WICKED  TUB 95,,,0,PCS,,,R,1
99,03,1,46,1,20087859,GENKI MOKO MOKO PANTS 19+2S  BAG MEDIUM,,,0,PCS,,,N,1
99,03,1,47,1,20114433,POSH BODY SPRAY PERFUMED MEN GREEN MOTION KLG 150L,,,0,PCS,,,N,1
99,03,1,48,1,20006498,KLUG ANGPAU IMLEK  PCK,,,0,PCS,,,N,1
99,03,1,49,1,20091859,MR.BAGUS MAGIC SPONGE (SPONS AJAIB) W-22340 PCK,,,0,PCS,,,N,1
99,03,1,50,1,20087292,GARNIER SKIN NATURAL SERUM MASK SAKURA WHT SCT 32/28,,,0,PCS,,,N,1
99,03,1,51,1,20089822,GARNIER SKIN NATURAL SERUM MASK LIGHT COMPLETE SCT 32/28,,,0,PCS,,,N,1
99,03,1,52,1,20095146,MONDE COOKIES SERENA EGG ROLL ORIGINAL BOX 70,,,0,PCS,,,N,1
99,03,1,53,1,20097484,SPRITE SOFT DRINK WATERLYMON PET 425L,,,0,PCS,,,N,6
99,03,1,54,1,20098402,INDOMARET SNACK SAMOSA  PCK 100,,,0,PCS,,,N,1
99,03,1,55,1,20120847,NIVEA DEODORANT SPRAY HIJAB FRESH KLG 150L,,,0,PCS,CTN,,N,1
99,03,1,56,1,20098028,SAKATONIK ACTIV OBAT PENAMBAH DARAH 6S  STR,,,0,PCS,,,N,1
99,03,1,57,1,20106548,MAYBELLINE FOUNDATION FIT ME MATTE+PORELS 120 CLASSIC IVO PCS 5L,,,0,PCS,,,N,1
99,03,1,58,1,20106549,MAYBELLINE FOUNDATION FIT ME MATTE+PORELS 128 WARM NUDE PCS 5L,,,0,PCS,,,N,1
99,03,1,59,1,20108863,IMPLORA CHEEK & LIP TINT 02 CHERRY BOMB PCS 5.5,,,0,PCS,,,N,1
99,03,1,60,1,20108864,IMPLORA CHEEK & LIP TINT 05 CRANBERRY PCS 5.5,,,0,PCS,,,N,1
99,03,1,61,1,20108991,IMPLORA LIP CREAM MATTE 01 DUSKY NUDE PCS 2.75,,,0,PCS,,,N,1
99,03,1,62,1,20108992,IMPLORA LIP CREAM MATTE 02 TERRA COTTA PCS 2.75,,,0,PCS,,,N,1
99,03,1,63,1,20108993,IMPLORA LIP CREAM MATTE 03 DARK BERRY PCS 2.75,,,0,PCS,,,N,1
99,03,1,64,1,20107005,YUPI BOLICIOUS BLACKBERRY PCH 40,,,0,PCS,,,N,2
99,03,1,65,1,10035566,KLUG ANGPAU LEBARAN 10S KECIL PCS,,,0,PCS,,,N,50
99,03,1,66,1,20112619,KAO BIORE UV AQUA RICH WATERY ESSENCE  TUB 15,,,0,PCS,,,N,1
99,03,1,67,1,,,,,0,PCS,,,,
99,03,1,68,1,20115752,KIN BULGARIAN YOGURT SLURP KIDS BLUEBERRY PCK 45,,,0,PCS,,,N,10
99,03,1,69,1,20113814,MILK LIFE SUSU CAIR UHT CHOCOLATE TPK 200L,,,0,PCS,,,N,2
99,03,1,70,1,20115753,KIN BULGARIAN YOGURT SLURP KIDS STRAWBERRY PCK 45,,,0,PCS,,,N,10
99,03,1,71,1,20132105,CHILGO 1+ SUSU PERTUMBUHAN VANILA BOX 270,,,0,PCS,,,N,1
99,03,1,72,1,20133641,ROMA ARDEN COOKIES YOGHURT.STRWBRY PCK 72,,,0,PCS,,,N,2
99,03,1,73,1,20135711,DETTOL BODY WASH ANTI BAKTERI FAMILY PROTECT PCH 370,,,0,PCS,,,N,1
99,03,1,74,1,20135800,JULIES SANDWICH LE-MOND CHEDDAR CHEESE PCK 89,,,0,PCS,,,N,1
99,03,1,75,1,20136192,YUPI CANDY GUMMY CHOP CHOP KIWI PCK 42,,,0,PCS,,,N,2
99,03,1,76,1,20137573,NABATI RICHOCO WAFER STICK BIG ROLLS CHOCOLATE BOX 56,,,0,PCS,,,N,1
99,03,1,77,1,20138040,ROMA BISCUIT CINNAMON MILK LAVITA  PCK 210,,,0,PCS,,,N,1
99,03,1,78,1,20132258,MOKO MOKO MY PRECIOUS MAGIC LIP GLOSS ROYAL PEACH PCS 2.5L,,,0,PCS,,,N,1
99,03,1,79,1,20034120,FRISIAN FLAG 1+ SUSU BUBUK PERTUMBUHAN COKELAT BOX 360,,,11,PCS,,,R,1
99,03,1,80,1,20132259,MOKO MOKO MY PRECIOUS MAGIC LIP GLOSS ENCHANTED PINK PCS 2.5L,,,0,PCS,,,N,1
99,03,1,81,1,,,,,0,PCS,,,,
99,03,1,82,1,,,,,0,PCS,,,,
99,03,1,83,1,20120415,POKKA DRINK GREEN TEA NO SUGAR BTL 450L,,,0,PCS,CTN,,N,1
99,03,1,84,1,,,,,0,PCS,,,,
99,03,1,85,1,20067963,LIFEBUOY SABUN MANDI TS MULTIPACK 05966 MILD CARE BDD 460,,,0,PCS,,,R,1
99,03,1,86,1,20126005,I LIKE MYSELF SERUM MOISTURIZER SKIN BARRIER PCS 8,,,0,PCS,,,N,1
99,03,1,87,1,20126006,I LIKE MYSELF SERUM MOISTURIZER KAKADU RADIANCE PCS 8,,,0,PCS,,,N,1
99,03,1,88,1,20134545,RINSO DETERGENT CAIR SENSI FRESH KOREAN STRWBERY PCH 360L,,,0,PCS,,,R,1
99,03,1,89,1,20093182,INDOMARET CANDY GUMMY  PCK 100,,,0,PCS,,,R,1
99,03,1,90,1,20126363,I LIKE MYSELF SERUM MOISTURIZER MUGWORT BLEMISH PCS 8,,,0,PCS,,,N,1
99,03,1,91,1,20140760,NORTHLAND TOYS PLAYSET PARKOUR CUTE PET  PCS,,,2,PCS,,,V,1
99,03,1,92,1,20134740,VICTORY ROKOK KRETEK TEH MANIS BKS 12S,,,0,PCS,,,N,2
99,03,1,93,1,20105340,LIFEBUOY SABUN MANDI CAIR REFILL YOGHURT CARE PCH 400/380,,,12,PCS,,,R,1
99,03,1,94,1,20130354,LARISST MINUMAN TEH HITAM JASMINE BTL 350L,,,1,PCS,,,R,1
99,03,1,95,1,20130550,NEXTAR KRIMERO CHOC RASPBERRY COOKIES RICHBERRY BOX 810,,,0,PCS,,,N,1
99,03,1,96,1,20139387,INDOMARET LUNCHBOX IDM X PSSI MERAH PCS,,,0,PCS,CTN,,,1
99,03,1,97,1,,,,,0,PCS,,,,
99,03,1,98,1,,,,,0,PCS,,,,
99,03,1,99,1,,,,,0,PCS,,,,
99,03,2,01,1,20021933,MAX TEA INSTANT DRINK TARIKK  BAG 30X25,,,0,PCS,CTN,,,1
99,03,2,02,1,20137865,PEPSODENT SIKAT GIGI 4D EXPERT CLEAN 1S  PCS SOFT,,,0,PCS,,,R,1
99,03,2,03,1,20004617,MAESTRO BLUE CHEESE  BTL 237L,,,0,PCS,CTN,,,1
99,03,2,04,1,20013022,L-MEN SUSU BUBUK HI-PROTEIN FOR MEN DARK CHOCOLATE BOX 250,,,0,PCS,,,N,1
99,03,2,05,1,20082164,ARIRANG MIE INSTANT GORENG PEDAS PCK 130,,,0,PCS,CTN,,,20
99,03,2,06,1,20128087,TEREA STICK TEMBAKAU PURPLE WAVE BKS 20X6.3,,,0,PCS,,,N,1
99,03,2,07,1,10036558,AYAM BRAND SARDINES OVAL KLG 215,,,0,PCS,CTN,,N,1
99,03,2,08,1,20009698,LAURIER PEMBALUT RELAX NIGHT 35 WITH GATHERS WG PCK 16S,,,0,PCS,CTN,,,3
99,03,2,09,1,20047001,OLD TOWN WHITE COFFEE CLASSIC PCK 1540,,,0,PCS,CTN,,N,1
99,03,2,10,1,20080603,YUMMY BITES RICE CRACKERS 123 STRAWBERRY BOX 50,,,0,PCS,CTN,,,1
99,03,2,11,1,20080601,YUMMY BITES RICE CRACKERS 123 APPLE BOX 50,,,0,PCS,CTN,,,1
99,03,2,12,1,10040350,ESKULIN KIDS MIST COLOGNE MINNIE SPRAY PINK BTL 100L,,,0,PCS,,,N,1
99,03,2,13,1,20132751,NEXTAR STAR CHOCO COOKIES RICHOCO BOX 810.5,,,0,PCS,,,N,2
99,03,2,14,1,20133452,SARIWANGI TEH CELUP VALUEPACK  ASLI+SARIMURNI BDD 30+25,,,0,PCS,,,N,12
99,03,2,15,1,20133454,SARIWANGI TEH CELUP VALUEPACK ASLI+MELATI BDD 30S+25S,,,0,PCS,,,N,12
99,03,2,16,1,20133966,KRAFT SANDWICH OREO POKEMON COKELAT PISANG PCK 119.6,,,0,PCS,,,N,2
99,03,2,17,1,,,,,0,PCS,,,,
99,03,2,18,1,,,,,0,PCS,,,,
99,03,2,19,1,10014260,SUPER PELL PEMBERSIH LANTAI LEMON GINGER PCH 770L/760,,,0,PCS,,,R,1
99,03,2,20,1,20019906,GO FRESS REFRESHING ORAL CARE STRIPS 24 STRAWBERRY PCK,,,0,PCS,,,N,1
99,03,2,21,1,20040847,NIVEA MUD FOAM MEN BRIGHT OIL CLEAR A.-SHINE+PURIFY TUB 100L,,,0,PCS,,,N,1
99,03,2,22,1,20084469,ROYCO BUMBU KALDU (18024) AYAM PCK 230/220,,,0,PCS,,,N,1
99,03,2,23,1,20047928,NIVEA FACIAL SCRUB FOR MEN BRIGHT OIL CLEAR TUB 100L,,,0,PCS,,,N,1
99,03,2,24,1,20053058,KAO ATTACK DETERGENT POWDER JAZ 1 PESONA SEGAR PCK 850/800,,,0,PCS,,,N,1
99,03,2,25,1,20053059,KAO ATTACK DETERGENT POWDER JAZ 1 SEMERBAK CINTA PCK 850/800,,,0,PCS,,,N,1
99,03,2,26,1,,,,,0,PCS,,,,
99,03,2,27,1,20054754,CADBURY CHOCOLATE DAIRY MILK FRUIT & NUT PCK 30,,,0,PCS,,,N,1
99,03,2,28,1,,,,,0,PCS,,,,
99,03,2,29,1,20059103,ESKULIN KIDS SHAMPOO & CONDITIONER SMOOTH & SHINY BTL 200L,,,0,PCS,,,N,1
99,03,2,30,1,20126741,MOLTO PELEMBUT & PEWANGI PAKAIAN HIMALAYAN HNYSC PCH 650L,,,0,PCS,,,R,1
99,03,2,31,1,,,,,0,PCS,,,,
99,03,2,32,1,,,,,0,PCS,,,,
99,03,2,33,1,,,,,0,PCS,,,,
99,03,2,34,1,,,,,0,PCS,,,,
99,03,2,35,1,20126266,GILLETTE RAZOR FLEXI + CARTRIDGE 1S VIBE PCK,,,0,PCS,,,R,1
99,03,2,36,1,10000988,PIXY DEODORANT STICK WOODY STK 34,,,0,PCS,,,N,1
99,03,2,37,1,10012828,MISTER POTATO SNACK CRISPS ORIGINAL KLG 80,,,0,PCS,,,N,7
99,03,2,38,1,20129599,PONDS MEN PEMBERSH WAJAH ULTRA BRGHT OIL FIGHTER TUB 100,,,237,PCS,,,R,1
99,03,2,39,1,20044352,SARIWANGI TEH CELUP SARI MURNI (98958)  BOX 25X1.6,,,0,PCS,,,N,1
99,03,2,40,1,20051336,DETTOL SABUN MANDI ANTI BAKTERI RE-ENERGIZE BDD 3105/100,,,0,PCS,,,N,1
99,03,2,41,1,,,,,0,PCS,,,,
99,03,2,42,1,20072801,FRESTEA MINUMAN TEH APEL BTL 350L,,,0,PCS,,,N,1
99,03,2,43,1,20072802,FRESTEA MINUMAN TEH MARKISA BTL 350L,,,0,PCS,,,N,2
99,03,2,44,1,20074299,ESKULIN KIDS HAIR & BODY WASH CLEAN&SMOOTH MICKEY BTL 280L,,,0,PCS,,,N,1
99,03,2,45,1,,,,,0,PCS,,,,
99,03,2,46,1,20102722,DETTOL BODY WASH ONZEN HONEY PCH 410/370,,,0,PCS,,,N,1
99,03,2,47,1,,,,,0,PCS,,,,
99,03,2,48,1,20133974,KRAFT SANDWICH OREO POKEMON COKELAT PISANG PCK 165.6,,,0,PCS,,,N,1
99,03,2,49,1,20138014,INDOMARET LUNCH BOX  PCS 1100L,,,0,PCS,,,R,6
99,03,2,50,1,20120199,MISTER POTATO SNACK CRISPS GHOST PEPPER CHEESE KLG 40,,,0,PCS,,,N,2
99,03,2,51,1,20123564,KAO BIORE UV OIL CNTRL MATTE SPF 50PA+++ FRESH & BRIGHT BOX 30,,,0,PCS,,,N,1
99,03,2,52,1,20128809,PHILIPS AVENT BOTTLE CLASSIC PLUS PP SINGLE  PCS 260L,,,0,PCS,,,N,1
99,03,2,53,1,20135549,FRESTEA MINUMAN TEH LEMON GRASS BTL 350L,,,0,PCS,,,N,2
99,03,2,54,1,20137069,KUSUKA KERIPIK UBI BARBEQUE PCK 42,,,0,PCS,,,N,1
99,03,2,55,1,20137966,VEEV PODS PANDAN COFFEE BOX 1000 PUFFS,,,0,PCS,,,N,1
99,03,2,56,1,10009996,PHILIPS LAMPU HEMAT ESSENTIAL C.DAYLIGHT PCS 8WATT,,,0,PCS,,,R,1
99,03,2,57,1,10013693,PHILIPS LAMPU HEMAT ESSENTIAL C.DAYLIGHT PCS 18WATT,,,0,PCS,,,R,1
99,03,2,58,1,20046953,PEPSODENT PASTA GIGI SENSITIVE EXPERT FRESH TUB 100,,,0,PCS,,,R,1
99,03,2,59,1,20066536,INDOMARET TAS RAMAH LINGKUNGAN  PCS,,,0,PCS,,,R,10
99,03,2,60,1,20138225,TEREA STICK TEMBAKAU BLACK PURPLE BKS 20X5.5,,,0,PCS,,,N,1
99,03,2,61,1,20098171,NESTLE BATITA1+ SUSU PERTUMBUHAN MADU BOX 850,,,0,PCS,,,N,1
99,03,2,62,1,20138581,ESSE CHANGE ROKOK FILTER CIGAR CACAO BKS 20S,,,0,PCS,,,N,5
99,03,2,63,1,20138582,ESSE CHANGE ROKOK FILTER CIGAR PURPLE BKS 20S,,,0,PCS,,,N,5
99,03,2,64,1,20139348,TEREA STICK TEMBAKAU BERMIN PEARL BKS 20X5.5,,,0,PCS,,,N,5
99,03,2,65,1,20071671,INDOMARET CREAM CRACKERS  PCK 120,,,0,PCS,,,R,1
99,03,2,66,1,20000411,INDOMARET GULA MERAH  PCK 400,,,0,PCS,,,N,1
99,03,2,67,1,20013313,MEIJI BISCUIT HELLO PANDA COOKIES NCREAM BOX 42,,,0,PCS,,,N,1
99,03,2,68,1,20020090,UNIBIS BISCUIT COCO PUFF  PCK 240/260,,,0,PCS,,,N,2
99,03,2,69,1,,,,,0,PCS,,,,
99,03,2,70,1,20025415,POP MIE MI INSTAN LAPEER TIME MI GRNG SPESIAL CUP 80,,,0,PCS,,,N,12
99,03,2,71,1,20055632,PIATTOS SNACK KENTANG RUMPUT LAUT PCK 68,,,0,PCS,,,N,2
99,03,2,72,1,20091410,CLEAR SHAMPOO ANTI DANDRUFF APEL WANGI SGR BTL 160L,,,0,PCS,,,R,1
99,03,2,73,1,10040124,S-26 PROMISE SUSU BUBUK PERTUMBUHAN 4 VANILLA BOX 400,,,0,PCS,,,,1
99,03,2,74,1,20129454,NESTLE CERELAC HOMESTYLE BUBUR BERAS MERAH WORTEL BROKOLI BOX 120,,,0,PCS,,,N,1
99,03,2,75,1,20112994,NISSIN WAFER OVALTINE CHOCOLATE MALT BOX 133,,,0,PCS,,,N,1
99,03,2,76,1,20114979,QTELA KERIPIK SINGKONG KERITING AYAM GEPREK PCK 80/96,,,0,PCS,,,N,1
99,03,2,77,1,20090313,PIXY UV WHITENING CONCEALING BASE 01 NAT.BEIGE PCS 9,,,0,PCS,,,N,1
99,03,2,78,1,20115364,CHARM SLEEP PROTECT PANTIES 2S  PCK M-L,,,9,PCS,,,R,1
99,03,2,79,1,20134163,REXONA DEODORANT ROLL ON WOMEN ADVANCED SMOOTH BTL 45L,,,0,PCS,,,R,1
99,03,2,80,1,20117641,HEINZ TOMATO KETCHUP  BTL 325,,,0,PCS,,,N,1
99,03,2,81,1,20135716,CAMEL ROKOK FILTER SENSO GOLD BKS 20S,,,0,PCS,,,N,1
99,03,2,82,1,,,,,0,PCS,,,,
99,03,2,83,1,20035267,INDOMARET SAPU IJUK  PCS,,,2,PCS,,,R,1
99,03,2,84,1,,,,,0,PCS,,,,
99,03,2,85,1,20125804,STATIONARY SERIES CAT PINK SET  PCS,,,0,PCS,,,R,1
99,03,2,86,1,20131720,JETZ SNACK STICK GULA AREN PCK 65,,,0,PCS,,,N,1
99,03,2,87,1,20036969,FRISIAN FLAG 1+ SUSU BUBUK PERTUMBUHAN MADU BOX 120,,,0,PCS,,,R,1
99,03,2,88,1,20130636,SUNSILK SHAMPOO ANTI DANDRUFF SEHAT & KUAT BTL 160L,,,0.0,PCS,,,R,1
99,03,2,89,1,20025412,KINGS FISHER SARDEN GORENG BALADO KLG 155,,,0,PCS,,,R,1
99,03,2,90,1,20056640,INDOMARET AMPLOP COKLAT NO.304 (10S)  PCK 135270,,,0,PCS,,,R,1
99,03,2,91,1,20131627,POLLY POCKET DOLL FWY19  ASSORTED BOX,,,0,PCS,,,R,1
99,03,2,92,1,,,,,0,PCS,,,,
99,03,2,93,1,20098084,NIVEA SUN EXT PRTECT FACE SRM SPF 50 OIL CONTROL TUB 30L,,,0,PCS,,,N,1
99,03,2,94,1,20004183,PRENAGEN LACTAM SUSU BUBUK IBU MENYUSUI VELVETY CHOCO BOX 180,,,0,PCS,,,N,1
99,03,2,95,1,20136147,MAX TEA INSTANT DRINK PEACH TEA BOX 523,,,0,PCS,CTN,,,1
99,03,2,96,1,20136509,MUNCHYS COOKIES LEXUS  DARK CHOCO PCK 189,,,0,PCS,CTN,,,1
99,03,2,97,1,20129578,GATSBY HAIR STYLING BALM POMADE POT 70,,,0,PCS,,,N,1
99,03,2,98,1,20053891,INDOMARET CELANA BOXER PRIA  BOX MEDIUM,,,0,PCS,,,R,1
99,03,2,99,1,20099404,HIT ANTI KECOA GEL  PCS 20,,,0,PCS,CTN,,,1
99,03,3,01,1,20072325,INDOMARET SANDAL WANITA (NEW)  PSG 37-38,,,0,PCS,,,R,1
99,03,3,02,1,20082080,INDOMARET ZIPPER BAG 18X20  BOX 25S,,,21,PCS,,,R,1
99,03,3,03,1,20025967,FOXS CANDY STICK BERRIES ROL 37,,,0,PCS,,,N,2
99,03,3,04,1,20096173,INDOMARET GULA HALUS  PCK 250,,,0,PCS,,,R,1
99,03,3,05,1,20130887,INDOMARET CELANA DALAM WANITA BAMBU 2S  BOX S/M,,,0,PCS,,,R,1
99,03,3,06,1,10000353,NISSIN BISCUIT ASSORTED YELLOW KLG 700/650,,,0,PCS,,,J,6
99,03,3,07,1,20132816,FITTI PANTS 24S  BAG XXL,,,243,PCS,,,R,1
99,03,3,08,1,20122407,CAFFINO BOLD KOPI INSTANT 4 IN 1 DARK CAPPUCCINO PCK 6X25,,,0,PCS,,,N,1
99,03,3,10,1,20135462,DANCOW SUSU CAIR UHT MILKY SHAKE COOKIES & CREAM TPK 180L,,,0,PCS,,,N,1
99,03,3,11,1,10000730,ASTOR WAFER STICK COKLAT KLG 330,,,0,PCS,,,J,6
99,03,3,12,1,10036928,MONDE BISCUIT SERENA EGG ROLL MINI  KLG 300,,,0,PCS,,,J,6
99,03,3,13,1,20015239,TANGO WAFER VANILLA KLG 220,,,0,PCS,,,J,6
99,03,3,14,1,20015928,HATARI BISCUIT ASSORTED BULAT KLG 300,,,0,PCS,,,J,6
99,03,3,15,1,20015929,HATARI BISCUIT ASSORTED SEGI KLG 650,,,0,PCS,,,J,6
99,03,3,16,1,20015947,OLE-OLE BISCUIT ASSORTED  KLG 250,,,0,PCS,,,J,6
99,03,3,17,1,10000674,OKE KACANG SUKRO  PCK 225,,,0,PCS,,,N,1
99,03,3,18,1,20039784,LISTERINE MOUTHWASH ANTISEPTIC NATURAL GREEN TEA BTL 250L,,,0,PCS,,,N,1
99,03,3,19,1,20041251,NABATI RICHEESE WAFER KEJU KLG 226,,,0,PCS,,,J,6
99,03,3,20,1,20053745,NABATI RICHOCO WAFER CHOCOLATE KLG 226,,,0,PCS,,,J,6
99,03,3,21,1,20073922,MING STIK TAHU  PCK 100,,,0,PCS,,,N,1
99,03,3,22,1,20069566,HOCK GUAN BISCUIT ASSORTED KLG 1350,,,0,PCS,,,J,6
99,03,3,23,1,,,,,0,PCS,,,,
99,03,3,24,1,10003441,LONG LIFE/METAL SHAMPOO  BTL 200L,,,0,PCS,,,N,1
99,03,3,25,1,20006943,BERLIAN SNACK POTATO COLEK (DC)  PCK 100,,,0,PCS,,,N,1
99,03,3,26,1,20064435,AL SHIFA NATURAL HONEY  BTL 250,,,0,PCS,,,N,1
99,03,3,27,1,20069567,CORONATION BISCUIT ASSORTED  KLG 450,,,0,PCS,,,J,6
99,03,3,28,1,20069858,TRESNO JOYO MADU KURMA TJ  BTL 150,,,0,PCS,,,N,1
99,03,3,29,1,20072287,M-150 MINUMAN ENERGI CAN  KLG 250L,,,0,PCS,,,N,1
99,03,3,30,1,20074001,NEXTAR NASTAR COOKIES BROWNIES  KLG 126,,,0,PCS,,,J,12
99,03,3,31,1,20074004,BORNEO BISCUIT ASSORTED KLG 300,,,0,PCS,,,J,6
99,03,3,32,1,20074712,CLEAN & CLEAR OIL CONTROL FILM (50S) PINK GRAPEFRUIT PCK,,,0,PCS,,,N,1
99,03,3,33,1,20084963,KHONG GUAN WAFER STICK CHOCOLATE TPS 500,,,0,PCS,,,J,6
99,03,3,34,1,20092368,NISSIN GOLDEN WAFER CHOCOLATE KLG 233,,,0,PCS,,,N,1
99,03,3,35,1,20094206,ROMA WAFER WAFELLO CHOCO BLAST KLG 294/234,,,0,PCS,,,J,6
99,03,3,36,1,20102838,MONDE SELECTED BISCUIT  KLG 800,,,0,PCS,,,J,6
99,03,3,37,1,20112570,KOKOLA COOKIES BUTTER TPS 288,,,0,PCS,,,J,6
99,03,3,38,1,20112571,KOKOLA COOKIES COCONUT TPS 288,,,0,PCS,,,J,6
99,03,3,39,1,,,,,0,PCS,,,,
99,03,3,40,1,20131687,WISSEUGI PET SHAMPOO & CONDITIONER SUMMER BREEZE BTL 250L,,,0,PCS,CTN,,N,1
99,03,3,41,1,,,,,0,PCS,,,,
99,03,3,42,1,20112572,KOKOLA COOKIES CHOCOLATE TPS 288,,,0,PCS,,,J,6
99,03,3,43,1,,,,,0,PCS,,,,
99,03,3,44,1,20078834,WARDAH EVERYDAY BB CREAM NATURAL TUB 15L,,,0,PCS,,,N,1
99,03,3,45,1,20056508,WARDAH LIGHTENING BB CREAM LIGHT TUB 15L,,,0,PCS,,,N,1
99,03,3,46,1,20112774,UBM WAFER TWIN VANILLA COKLAT KLG 230 ,,,0,PCS,,,J,6
99,03,3,47,1,20119648,ROMA WAFER WAFELLO BUTTER CARAMEL KLG 287/228,,,0,PCS,,,J,6
99,03,3,48,1,20127567,ROYAL CHOICE BUTTER COOKIES  KLG 240,,,0,PCS,,,J,6
99,03,3,49,1,20129035,SO NICE SOSIS SIAP MAKAN TEMAN MIE AYAM BAWANG PCK 2X40,,,0,PCS,,,N,1
99,03,3,50,1,20133021,FULLO WAFER ROLL MILKY CHOCOLATE TPS 200,,,0,PCS,,,N,1
99,03,3,51,1,20133029,TANGO WAFER WAFFLE CHOCO HAZELNUT PCH 150,,,0,PCS,,,J,6
99,03,3,52,1,20133606,GIZZI MILK WAFER SELECTION KEJU KURMA COKL KLG 240,,,0,PCS,,,J,6
99,03,3,53,1,20120805,SHEBA TUNA & SALMON  PCH 70,,,0,PCS,CTN,,N,1
99,03,3,54,1,20079806,MILNA BUBUR BAYI 6+ DAGING BROKOLI PCH 120,,,0,PCS,CTN,,,1
99,03,3,55,1,,,,,0,PCS,,,,
99,03,3,56,1,20034080,FRISIAN FLAG SUSU CAIR LOW FAT STRAWBERRY TPK 225L,,,0,PCS,,,N,3
99,03,3,57,1,20134899,GARNIER BRIGHT COMPLETE WATER GEL VITAMIN C BOX 20L,,,0,PCS,,,N,1
99,03,3,58,1,20134900,GARNIER SAKURA GLOW WATER GEL CERAMIDE BOX 20L,,,0,PCS,,,N,1
99,03,3,59,1,20135812,NABATI RICHEESE SNACK STICK AHH CHEESE BOX 30,,,0,PCS,,,N,1
99,03,3,60,1,,,,,0,PCS,,,,
99,03,3,61,1,,,,,0,PCS,,,,
99,03,3,62,1,,,,,0,PCS,,,,
99,03,3,63,1,,,,,0,PCS,,,,
99,03,3,64,1,,,,,0,PCS,,,,
99,03,3,65,1,,,,,0,PCS,,,,
99,03,3,66,1,,,,,0,PCS,,,,
99,03,3,67,1,,,,,0,PCS,,,,
99,03,3,68,1,,,,,0,PCS,,,,
99,03,3,69,1,,,,,0,PCS,,,,
99,03,3,70,1,20104950,RINSO DETERGENT CAIR + MOLTO JAPANESE PEACH PCH 510,,,479,PCS,,,R,2
99,03,3,71,1,20136272,INDOMARET KAOS OBLONG COOLMAXXX HITAM PCK MEDIUM,,,0,PCS,,,V,1
99,03,3,72,1,,,,,0,PCS,,,,
99,03,3,73,1,,,,,0,PCS,,,,
99,03,3,74,1,20133802,LARISST GULA KELAPA  PCK 400,,,0.0,PCS,,,R,1
99,03,3,75,1,20135508,RINSO DETERJEN POWDER SENSI FRESH EXTRA LEMBUT BAG 1.5,,,0,PCS,,,R,2
99,03,3,76,1,,,,,0,PCS,,,,
99,03,3,77,1,20134261,MALEE JUICE 100% RED APPLE TPK 1000L,,,0,PCS,CTN,,N,1
99,03,3,78,1,,,,,0,PCS,,,,
99,03,3,79,1,10001469,NUSANTARA MADU MURNI  BTL 250L,,,0,PCS,,,N,1
99,03,3,80,1,10025991,YEOS DRINK GRASS JELLY KLG 300L,,,0,PCS,,,N,1
99,03,3,81,1,,,,,0,PCS,,,,
99,03,3,82,1,10036678,NUSANTARA MADU ROYAL JELLY & BEE POLLEN  BTL 250L,,,0,PCS,,,N,1
99,03,3,83,1,20003784,NU MINUMAN GREEN TEA ORIGINAL BTL 450L,,,0,PCS,,,N,1
99,03,3,84,1,20009855,BABY HAPPY  BABY DIAPERS PANTS 18S  BAG XXL,,,0,PCS,,,N,1
99,03,3,85,1,20061947,MILNA BISCUIT BAYI APEL JERUK BOX 65,,,0,PCS,,,N,2
99,03,3,86,1,20067865,FRUITAMIN MINUMAN COCO BIT SPLASH COCO BTL 350L,,,0,PCS,,,N,2
99,03,3,87,1,20078652,CIMORY YOGHURT DRINK BLUEBERRY PCK 4X65L,,,0,PCS,,,N,2
99,03,3,88,1,,,,,0,PCS,,,,
99,03,3,89,1,,,,,0,PCS,,,,
99,03,3,90,1,20100025,TORA CAFE MINUMAN ICED CAPPUCCINO BTL 180L,,,0,PCS,,,N,2
99,03,3,91,1,20112659,FRUITAMIN MINUMAN COCO BIT SPLASH MANGO BTL 350L,,,0,PCS,,,N,2
99,03,3,92,1,,,,,0,PCS,,,,
99,03,3,93,1,,,,,0,PCS,,,,
99,03,3,94,1,,,,,0,PCS,,,,
99,03,3,95,1,,,,,0,PCS,,,,
99,03,3,96,1,20135095,MUSTIKA RATU KUNIR ASAM  TPK 200L,,,0,PCS,,,N,1
99,03,3,97,1,20134781,CASABLANCA BODY SPRAY PERFUME DEODORANT BLUE AIR KLG 150L,,,0,PCS,,,N,1
99,03,3,98,1,,,,,0,PCS,,,,
99,03,3,99,1,20076451,INDOMARET WET TISSUE BABY 50S NON ALCOHOL PCK,,,0.0,PCS,,,R,1
99,03,4,01,1,,,,,0,PCS,,,,
99,03,4,02,1,,,,,0,PCS,,,,
99,03,4,03,1,,,,,0,PCS,,,,
99,03,4,04,1,,,,,0,PCS,,,,
99,03,4,05,1,,,,,0,PCS,,,,
99,03,4,06,1,,,,,0,PCS,,,,
99,03,4,07,1,,,,,0,PCS,,,,
99,03,4,08,1,,,,,0,PCS,,,,
99,03,4,09,1,,,,,0,PCS,,,,
99,03,4,10,1,,,,,0,PCS,,,,
99,03,4,11,1,20137016,DUREX NAUGHTY CHOCOLATE 3S  BOX,,,0,PCS,,,N,1
99,03,4,12,1,20132550,SUNLIGHT PENCUCI PIRING REF EXTRA LEMBUT PCH 625/600L,,,0,PCS,,,R,1
99,03,4,13,1,20131751,MALEE JUICE 100% MANDARIN ORANGE TPK 200L,,,0,PCS,CTN,,N,1
99,03,4,14,1,20115539,POINT COFFEE ESPRESSO CUP HITAM & PUTIH 2S  BOX,,,0,PCS,,,I,1
99,03,4,15,1,20033965,DETTOL BODY WASH PUMP ORIGINAL BTL 625/500,,,0,PCS,CTN,,,1
99,03,4,16,1,10034347,DETTOL BODY WASH ANTI BAKTERI PUMP COOL BTL 500L,,,0,PCS,CTN,,,1
99,03,4,17,1,20032307,HILO TEEN SUSU BUBUK HI-CALCIUM VANILLA CARAMEL BOX 750,,,0,PCS,CTN,,,1
99,03,4,18,1,20120862,SCARLETT FRAGRANCE BRIGHT.BODY LOTION MOODBOSTER JOLY BTL 300L,,,0,PCS,CTN,,,1
99,03,4,19,1,20113358,KAHF EAU DE TOILETTE INVIGORATING WATERFALL BTL 35L,,,0,PCS,CTN,,,1
99,03,4,20,1,20099231,WRP EVERYDAY DELICHIPS SALT & PEPPER PCK 40,,,0,PCS,CTN,,,1
99,03,4,21,1,20137878,CBD KERATIN PRO DIALY CONDITIONER  BTL 250L,,,0,PCS,CTN,,,1
99,03,4,22,1,20138521,INDOMARET TUMBLER TRIPOD RING PUTIH TIMNAS PCS 800L,,,0,PCS,CTN,,,10
99,03,4,23,1,20139388,INDOMARET LUNCHBOX IDM X PSSI PUTIH PCS,,,0,PCS,CTN,,,1
99,03,4,24,1,20138522,INDOMARET TUMBLER TRIPOD RING BIRU PCS 800L,,,0,PCS,CTN,,,6
99,03,4,25,1,20138520,INDOMARET TUMBLER TRIPOD RING MERAH TIMNAS PCS 800L,,,0,PCS,CTN,,,10
99,03,4,26,1,20096599,BARBIE SPECIAL ASSORTMENT  PCS,,,0,PCS,CTN,,I,1
99,03,4,27,1,20131772,WIKI PORTABLE PRETEND PLAY SET  PCS,,,0,PCS,CTN,,I,1
99,03,4,28,1,,,,,0,PCS,,,,
99,03,4,29,1,10000542,BARCO MINYAK GORENG  BTL 2L,,,0,PCS,,,N,1
99,03,4,30,1,20034304,KHONG GUAN CRACKERS POTATOZ  PCK 150,,,0,PCS,,,N,1
99,03,4,31,1,20062836,KHONG GUAN CRACKERS MALKIST KELAPA PCK 125,,,0,PCS,,,N,1
99,03,4,32,1,20114057,KAHF ADVANCING BEARD SERUM  BTL 30L,,,0,PCS,PCS,,,1
99,03,4,33,1,,,,,0,PCS,,,,
99,03,4,34,1,,,,,0,PCS,,,,
99,03,4,35,1,20129696,LUMINARC DEEP PLATE  PCS 23,,,0,PCS,,,R,5
99,03,4,36,1,20018004,PIGEON BABY LOTION  TUB 100L,,,0,PCS,,,N,1
99,03,4,37,1,20026703,PIGEON BABY COMPACT POWDER CHAMOMILE WHITE PCS 45,,,0,PCS,,,N,1
99,03,4,38,1,,,,,0,PCS,,,,
99,03,4,39,1,20051574,BU KRIM DETERGENT OXY KLIN POWDER ROMANTIC FLORAL BAG 700/650 ,,,0,PCS,,,N,1
99,03,4,40,1,,,,,0,PCS,,,,
99,03,4,41,1,,,,,0,PCS,,,,
99,03,4,42,1,,,,,0,PCS,,,,
99,03,4,43,1,,,,,0,PCS,,,,
99,03,4,44,1,,,,,0,PCS,,,,
99,03,4,45,1,20133689,GLIZZ ROKOK KRETEK FILTER PURPLE CLICK BKS 16S,,,0,PCS,,,N,1
99,03,4,46,1,,,,,0,PCS,,,,
99,03,4,47,1,,,,,0,PCS,,,,
99,03,4,48,1,20071828,RINSO DETERJEN POWDER ANTI NODA ROSE FRESH BAG 1.8/1.6,,,2,PCS,,,R,1
99,03,4,49,1,,,,,0,PCS,,,,
99,03,4,50,1,,,,,0,PCS,,,,
99,04,1,01,1,20136036,SAMPOERNA ROKOK FILTER AVOLUTION TWILIGHT BREEZE BKS 20S,,,0,PCS,,,N,2
99,04,1,02,1,20074000,NABATI RICHOCO WAFER WHITE KLG 240,,,0,PCS,,,N,1
99,04,1,03,1,20125118,REXONA DEO ROLL ON HIJAB WOMEN PEACH&MINT COOL BTL 45L,,,0,PCS,,,R,1
99,04,1,04,1,20136297,DJI SAM SOE ROKOK KRETEK SUPER PREMIUM LMTD EDT TIN KLG 12S,,,0,PCS,,,N,5
99,04,1,05,1,20125045,INDOMIE MIE GORENG KEBAB RENDANG PCK 83,,,0,PCS,,,N,40
99,04,1,06,1,20048644,INDOMARET I-VOUCHER NEW SEASONL/TMTK FSK RP 50.000- PCS,,,0,PCS,,,R,1
99,04,1,07,1,20108853,EXCELSO KOPI BUBUK SUMATERA MANDHELING BOX 10X10,,,0,PCS,CTN,,,1
99,04,1,08,1,10016419,CERES HEGELSLAG RICE CHOCOLATE MILK PCK 80,,,0,PCS,CTN,,,1
99,04,1,09,1,20102639,DEKA MINI WAFER BITES DURIAN PCH 80/72,,,0,PCS,CTN,,N,1
99,04,1,10,1,20137386,ACMIC TWS MINIO BLACK PCS,,,0,PCS,CTN,,,1
99,04,1,11,1,20092899,INDOMARET I-VOUCHER SEASONAL HUT-RI FSK  PCS,,,0,PCS,,,R,1
99,04,1,12,1,20092904,INDOMARET I-VOUCHER SEASONAL HAPPY NEW YEAR FISIK PCS,,,0,PCS,,,N,1
99,04,1,13,1,20136298,SAMPOERNA ROKOK FILTER  ZETTA BKS 12S,,,0,PCS,,,N,10
99,04,1,14,1,20089826,KAO ATTACK DETERGENT CAIR BATIK CARE BTL 500L,,,0,PCS,,,N,1
99,04,1,15,1,20046946,DUA KELINCI KACANG LOFET DAUN JERUK TPS 120,,,0,PCS,CTN,,,1
99,04,1,17,1,20074146,FANTA SOFT DRINK VITAMIN C ORANGE PET 390L,,,0,PCS,,,N,6
99,04,1,18,1,20121391,MOBILE LEGEND GIFT CARD 157.500- FISIK  PCS,,,0,PCS,,,R,1
99,04,1,19,1,,,,,0,PCS,,,,
99,04,1,22,1,,,,,0,PCS,,,,
99,04,1,23,1,,,,,0,PCS,,,,
99,04,1,24,1,20136431,KAHF WATER BASED POMADE MATTE DAPPER POT 70,,,0,PCS,,,N,1
99,04,1,25,1,20136721,EXCELSO KOPI BUBUK ASSORTED SINGLE SERVING BOX 10X10,,,0,PCS,CTN,,,1
99,04,1,28,1,20124879,NETFLIX GIFT CARD 160.000- FISIK  PCS,,,0,PCS,,,,1
99,04,1,29,1,,,,,0,PCS,,,,
99,04,1,30,1,20136759,ROMA BISCUIT KELAPA CREAM FUN PACK  TPS 297.5,,,0,PCS,,,N,1
99,04,1,32,1,,,,,0,PCS,,,,
99,04,1,33,1,20126374,COOGER TOILET BRUSH GRAY WHITE PCS,,,0,PCS,,,V,1
99,04,1,34,1,,,,,0,PCS,,,,
99,04,1,35,1,20136760,ROMA BISCUIT SANDWICHI CHOCOLATE TPS 300,,,0,PCS,,,J,6
99,04,1,36,1,20082888,SOSRO FRUIT TEA LEMON BTL 350L,,,0,PCS,,,N,12
99,04,1,37,1,20087094,SOSRO FRUIT TEA STRAWBERRY BTL 350L,,,0,PCS,,,N,12
99,04,1,39,1,20136762,ASTOR WAFER STICK SINGLES  BOX 200,,,0,PCS,,,N,1
99,04,1,40,1,20124973,TAKARA TOMY POKEMON BALL MONCOLLE ASSORTED PCS,,,0,PCS,CTN,,R,1
99,04,1,41,1,20137577,TAO KAE NOI CRISPY SEAWEED BIG SHEET CHILLI GR.MAYO SCT 3.2,,,0,PCS,,,N,2
99,04,1,50,1,,,,,0,PCS,,,,
99,04,1,51,1,20124632,LIFREE PANTS LIGHT 5S  PCK XXL,,,0,PCS,,,R,1
99,04,1,52,1,20137779,TAO KAE NOI ROASTED SEAWEED WAGYU STEAK PCK 6,,,0,PCS,,,N,1
99,04,1,53,1,,,,,0,PCS,,,,
99,04,1,54,1,20098941,KAPAL API COFFEE DRINK WHITE COFFEE BTL 200L,,,0,PCS,,,N,3
99,04,1,55,1,20137939,FRUITAMIN MINUMAN FITT JRK-LMN-WORTEL BTL 350L,,,0,PCS,,,N,1
99,04,1,56,1,20138238,LAYS SNACK POTATO CHIPS DAGING SAPI BKR PCK 31,,,0,PCS,CTN,,N,1
99,04,1,57,1,,,,,0,PCS,,,,
99,04,1,58,1,,,,,0,PCS,,,,
99,04,1,59,1,10037788,JOHNSONS BABY CREAM 23011202  TUB 100,,,0,PCS,,,N,1
99,04,1,60,1,,,,,0,PCS,,,,
99,04,1,61,1,20048583,FINNA KERUPUK SELERAKU UDANG PCK 200,,,0,PCS,,,N,1
99,04,1,62,1,20138463,NABATI RICHEESE WAFER WRAPZ STRAWBERRY BOX 66,,,0,PCS,,,N,1
99,04,1,63,1,20079852,HUKI BABY LIQUID CLEANSER  BTL 700L,,,0,PCS,,,N,1
99,04,1,64,1,20013989,SARI AYU BODY SCRUB SKIN BRIGHTENING PUTIH LANGSAT POT 175,,,0,PCS,,,N,1
99,04,1,65,1,20097734,SPOTIFY GIFT CARD 55.000- 1 BLN FISIK  PCS,,,0,PCS,,,R,1
99,04,1,67,1,20097736,SPOTIFY GIFT CARD 165.000- 3BLN FISIK  PCS,,,0,PCS,,,R,1
99,04,1,68,1,20106631,AXIS KARTU PERDANA  PCS,,,0,PCS,,,,1
99,04,1,69,1,,,,,0,PCS,,,,
99,04,1,70,1,10004950,NESTLE CERELAC BUBUR SEREAL KACANG HIJAU BOX 120,,,0,PCS,,,N,1
99,04,1,71,1,,,,,0,PCS,,,,
99,04,1,72,1,10012198,ANLENE ACTIFIT 3X SUSU BUBUK HI-CALCIUM VANILA BOX 230,,,0,PCS,,,N,1
99,04,1,73,1,20112394,S-TEE MINUMAN TEH MELATI TPK 200L,,,0,PCS,,,N,24
99,04,1,74,1,20085636,PURE BB WASH FRESHY BTL 230L,,,0,PCS,,,N,1
99,04,1,75,1,10031572,CAP ENAK KENTAL MANIS COKLAT KLG 370,,,0,PCS,,,N,1
99,04,1,76,1,,,,,0,PCS,,,,
99,04,1,77,1,20104407,FITTI PANTS 26S  BAG EXTRALARGE,,,550,PCS,,,R,1
99,04,1,78,1,20013434,INDOMILK SUSU KENTAL MANIS COKLAT PCK 6X37,,,0,PCS,,,N,2
99,04,1,79,1,20085632,PURE BB RASH CREAM  BOX 50,,,0,PCS,,,N,1
99,04,1,80,1,20099251,PIGEON BABY LIQUID SOAP JOJOBA & CHAMOMILE PCH 350L,,,0,PCS,,,N,1
99,04,1,81,1,20122910,GARNIER SKIN NAT.BRGHT COMPLTE AMPOULE SERUM VITAMIN C PCS 1.5L,,,0,PCS,,,N,1
99,04,1,82,1,20104154,MITU BABY COLOGNE FRESH GREEN BTL 100L,,,0,PCS,,,N,1
99,04,1,83,1,20013435,CAP ENAK KENTAL MANIS PUTIH PCK 6X37,,,0,PCS,,,N,2
99,04,1,84,1,,,,,0,PCS,,,,
99,04,1,85,1,20137777,NESTLE GOODNES SUSU CAIR HABBATUSSAUDA KLG 189L,,,0,PCS,,,N,2
99,04,1,86,1,,,,,0,PCS,,,,
99,04,1,87,1,10000735,ROMA BISCUIT KELAPA KLG 345,,,0,PCS,,,J,6
99,04,1,88,1,20129263,DISNEY PRINCESS SMALL DOLLS ASSORTED PCS,,,0,PCS,,,R,1
99,04,1,89,1,20037566,SOVIA MINYAK GORENG  PCH 2L,,,0,PCS,,,N,6
99,04,1,90,1,10005166,FOXS CANDY FRUITS KLG 150,,,0,PCS,,,J,12
99,04,1,91,1,20133697,LIFREE POPOK PEREKAT DAUN SIRIH 6S  BAG LARGE,,,0,PCS,,,R,1
99,04,1,92,1,20043619,HAMPTON WHOLESOME OATMEAL COOKIES  KLG 180,,,0,PCS,,,R,1
99,04,1,93,1,20018270,FOXS CANDY CRYSTAL CLEAR BERRIES KLG 150,,,0,PCS,,,J,12
99,04,1,94,1,20020625,GOOD TIME COOKIES ASSORTED KLG 120,,,0,PCS,,,J,12
99,04,1,95,1,20023805,INACO JELLY MINI SHARING BUCKET 50S  TPS 750,,,0,PCS,,,J,6
99,04,1,96,1,20025285,GERY BUTTER COOKIES  TPS 300,,,0,PCS,,,J,6
99,04,1,97,1,,,,,0,PCS,,,,
99,04,2,01,1,20028880,INACO NATA DE COCO CRISPY  EMB 1000,,,0,PCS,,,J,6
99,04,2,02,1,20030644,GERY WAFER EGG ROLL  TPS 210,,,0,PCS,,,J,6
99,04,2,03,1,20081617,XL KARTU PERDANA XTRA FUN  PCS,,,0,PCS,,,,1
99,04,2,04,1,,,,,0,PCS,,,,
99,04,2,05,1,20092898,INDOMARET I-VOUCHER SEASONAL LEBARAN FSK  PCS,,,0,PCS,,,R,1
99,04,2,06,1,10006518,SCOTCH BRITE BATH SCRUB HANDLE ID-42  PCS,,,0,PCS,CTN,,,1
99,04,2,07,1,20125610,NABATI RICHEESE MI INSTANT RAMEN KEJU PEDAS FIRE LEVEL 3 PCK 67,,,0,PCS,,,N,40
99,04,2,08,1,,,,,0,PCS,,,,
99,04,2,09,1,,,,,0,PCS,,,,
99,04,2,10,1,20072316,DUA KELINCI KACANG SUKRO BERSALUT KEDELE PCK 95,,,0,PCS,,,N,2
99,04,2,11,1,20031552,GOOD FAMILY BISCUIT ASSORTED KLG 400,,,0,PCS,,,J,6
99,04,2,12,1,20127777,MIE OVEN MIE INSTANT IGA SAPI PCK 78,,,0,PCS,,,N,24
99,04,2,13,1,20121392,MOBILE LEGEND GIFT CARD 525.000- FISIK  PCS,,,0,PCS,,,R,1
99,04,2,14,1,20127855,ALPENLIEBE CANDY CHOCOLATE CARAMEL ECLAIRS KLG 144,,,0,PCS,,,N,1
99,04,2,15,1,20036130,ROCHO WAFER BOLA COKLAT KACANG TPS 300,,,0,PCS,,,J,6
99,04,2,16,1,20036135,INDOMARET WAFER STICK  TPS 550/450,,,0,PCS,,,J,6
99,04,2,17,1,20095747,JAVANA MINUMAN TEH MELATI GULA BATU BTL 350L,,,0,PCS,,,N,12
99,04,2,18,1,20103460,GARNIER MEN XL CHRCL TISSUE MASK TURBO BRIGHT SCT 24,,,0,PCS,,,N,1
99,04,2,19,1,20120200,MAX BIO+ CAIRAN PENCUCI PIRING JERUK NIPIS PCH 750/650L,,,0,PCS,,,N,2
99,04,2,20,1,20123324,HILO SUSU CAIR UHT CHOCOLATE TARO TPK 200L,,,0,PCS,CTN,,,1
99,04,2,21,1,20049431,WARDAH LIGHTENING NIGHT CREAM  TUB 20,,,0,PCS,,,N,1
99,04,2,22,1,20123021,SAYANG DETERJEN POWDER ORIGINAL FRESH PCK 770/700 ,,,0,PCS,,,N,2
99,04,2,23,1,,,,,0,PCS,,,,
99,04,2,24,1,20123728,BLUE DIAMOND ALMOND MILK UNSWEETENED ORIGINAL TPK 180L,,,0,PCS,,,N,1
99,04,2,25,1,20124904,GARNIER MEN TURBO BRIGHT SPR SERUM GEL 5X VITAMIN C PCS 7L,,,0,PCS,,,N,1
99,04,2,26,1,20053649,GARNIER MEN OIL CONTROL BRIGHT+SUPER DUO FOAM TUB 100L,,,0,PCS,,,N,1
99,04,2,27,1,20128438,GARNIER MEN ACNO FIGHT SUPER SERUM GEL  PCS 7L,,,0,PCS,,,N,1
99,04,2,28,1,20069778,BAGUS ANTI BAU SEPATU  PCK 425,,,0,PCS,LSN,,N,1
99,04,2,29,1,,,,,0,PCS,,,,
99,04,2,30,1,20076737,SERENA CHEESE COOKIES  KLG 454,,,0,PCS,,,J,12
99,04,2,31,1,20084959,GERY WAFER ROLL CHOCOLATOS DARK KLG/ TPS 190,,,0,PCS,,,J,6
99,04,2,32,1,20098399,DELI GRAPHITE PENCIL 4S EU53300 PCK,,,0,PCS,,,N,1
99,04,2,33,1,20094189,WARDAH EVERYDAY LIP BALM FRUITY SHEER STRAWBERRY PCS 4,,,0,PCS,,,N,1
99,04,2,34,1,20098312,ROYALE SOFTENER PINK SATIN PCH 650/600L,,,0,PCS,,,N,1
99,04,2,35,1,20098400,DELI GRAPHITE PENCIL 2B 4S EU51100 PCK,,,0,PCS,,,N,1
99,04,2,36,1,,,,,0,PCS,,,,
99,04,2,37,1,20133910,RHINO ACRYLIC KEY CHAIN SPY X FAMILY  PCK,,,0,PCS,,,N,1
99,04,2,38,1,,,,,0,PCS,,,,
99,04,2,39,1,20003892,KOKITA TAUCO SUPER  BTL 400L,,,0,PCS,,,N,1
99,04,2,40,1,20133918,RHINO SURPRISE STAMP SPY X FAMILY  PCK,,,0,PCS,,,N,1
99,04,2,41,1,20065487,GT MAN CELANA DALAM GTH 2S  BOX EXTRALARGE,,,0,PCS,,,V,1
99,04,2,42,1,10030804,COCA COLA SOFT DRINK SLIM  KLG 250L,,,0,PCS,,,N,1
99,04,2,43,1,20130611,WIGGLE COLORED PENCIL SET  BOX,,,0,PCS,,,N,1
99,04,2,44,1,20088392,KIKY KERTAS KADO 3 IN 1 3S (NEW) CHARACTER PCK,,,0,PCS,,,N,1
99,04,2,45,1,20128117,RKC MAGNETIC DRAWING BOARD ASSORTMENT PCS,,,0,PCS,,,N,1
99,04,2,46,1,20088366,KIKY KERTAS KADO 3 IN 1 3S (NEW) BUNGA PCK,,,0,PCS,,,N,1
99,04,2,47,1,20018829,COCA COLA SOFT DRINK ZERO SUGAR  KLG 250L,,,0,PCS,,,N,1
99,04,2,48,1,10036567,AYAM BRAND TUNA CHUNKS IN OIL  KLG 150,,,0,PCS,,,N,1
99,04,2,49,1,20098388,DELI SCHOOL FANCY STICKY NOTES A550-02 PCK,,,0,PCS,,,N,1
99,04,2,50,1,20096383,BOLA DELI TEPUNG BERAS KETAN  PCK 500,,,0,PCS,,,N,1
99,04,2,51,1,20085012,PURBASARI MATTE POWDER HYDRA SERIES NATURAL PCS 12,,,0,PCS,,,N,1
99,04,2,52,1,20078103,EMERON HAIR VITAMIN (KUNING) DAMAGE CARE PCK 6X1L,,,0,PCS,,,N,1
99,04,2,53,1,20096381,BOLA DELI TEPUNG BERAS  PCK 500,,,0,PCS,,,N,1
99,04,2,55,1,20134567,SILVER QUEEN CHOCOLATE CASHEW BDD 255,,,0,PCS,,,N,1
99,04,2,56,1,20128562,INDOFOOD SYRUP FREISS SQUASH JERUK PCH 460L,,,0,PCS,,,N,1
99,04,2,57,1,20016247,POP MIE MI INSTAN MINI / SNEK TIME SOTO MIE CUP 39,,,0,PCS,,,N,6
99,04,2,58,1,20128563,INDOFOOD SYRUP FREISS COCOPANDAN PCH 460L,,,0,PCS,,,N,1
99,04,2,59,1,20129555,PLAY DOH MINI FOOD TRUCK  PCS,,,0,PCS,,,R,1
99,04,2,60,1,20103665,KINO NASTAR CAKE PINEAPPLE TPS 120,,,0,PCS,,,J,6
99,04,2,61,1,20119852,HEAVENLY BLUSH GREEK YOGURT DRINK STRAWBERRY TPK 200L,,,0,PCS,,,N,1
99,04,2,62,1,10005480,NISSIN BISCUIT GABIN  PCK 140,,,0,PCS,,,N,2
99,04,2,63,1,20112474,NISSIN BISCUIT WALENS ASSORTED KLG 600,,,0,PCS,,,J,6
99,04,2,65,1,20119647,INKUBISC RIA RIO BISCUIT CREAM VANILLA TPS 400,,,0,PCS,,,J,6
99,04,2,66,1,20119649,FOXS CANDY FRUITY MINTS KLG 150,,,0,PCS,,,N,1
99,04,2,67,1,20043876,INDOMARET LOOSE LEAF A5 100S  EXP,,,0,PCS,,,N,1
99,04,2,68,1,20125391,SO KLIN PEWANGI PAKAIAN REFILL ACTIVE SPORT PCH 800/780L,,,0,PCS,,,N,2
99,04,2,69,1,20125797,CHO CHO WAFER ROLL SEMPRONG KELAPA WIJEN TPS 270,,,0,PCS,,,J,6
99,04,2,70,1,20130307,EMINA WATERCOLOR LIP SERUM 01-DAWN PCS 2,,,0,PCS,,,N,1
99,04,2,71,1,20130309,EMINA WATERCOLOR LIP SERUM 02-MIST PCS 2,,,0,PCS,,,N,1
99,04,2,72,1,20089267,MOBILE KIOSK ARMOR CABLE MICRO USB 5 PIN STAINLESS STEEL PCS,,,0,PCS,,,N,1
99,04,2,73,1,20132768,OMOIDE KAKE UDON  PCK 215,,,0,PCS,,,N,1
99,04,2,74,1,20133030,ROMA COOKIES ARDEN CHOCO SPLENDID BOX 216,,,0,PCS,,,J,8
99,04,2,75,1,20103565,ENERGEN CEREAL INSTANT KURMA PCK 10X32,,,0,PCS,,,N,1
99,04,2,76,1,20133031,IMPERIAL BISCUIT SUSU SELAI DAN KRIM ASSORTED KLG 144,,,0,PCS,,,J,6
99,04,2,77,1,20135296,RHINO KPOP CARD FRAME ASSORTED PCS,,,0,PCS,,,N,1
99,04,2,78,1,20135435,STUMBLE GUYS 3D MINI FIGURES ASSORTED PCS,,,0,PCS,,,N,1
99,04,2,79,1,20120431,ROBOT ALLOY UNIVERSAL HOLDER RT-US04 PCS,,,0,PCS,,,N,1
99,04,2,80,1,20120440,ROBOT BLUETOOTH HEADSET TALK 10 PCS,,,0,PCS,,,N,1
99,04,2,81,1,20054964,HEAD &SHOULDERS SHAMPOO A/D ANTI BACTERIAL BERSIH & HARUM BTL 300L,,,0,PCS,,,R,1
99,04,2,82,1,20134544,RINSO DETERGENT CAIR SENSI FRESH JAPANESE PEACH PCH 360L,,,0,PCS,,,R,1
99,04,2,83,1,20135600,ICHITAN THAI COCO WATER  BTL 300L,,,0,PCS,,,N,2
99,04,2,84,1,10000684,DETTOL ANTISEPTIC GERMICIDE LIQUID BTL 245L,,,0,PCS,,,N,1
99,04,2,85,1,20135771,EMCO KIDS SCIENCE ASSORTED BOX,,,0,PCS,CTN,,N,1
99,04,2,86,1,20136758,ARNOTTS NYAM NYAM SMILEY SHARE PACK COKELAT PCH 134.4,,,0,PCS,,,N,1
99,04,2,87,1,10014526,L A ROKOK FILTER LIGHTS (PCS) MENTHOL BKS 16S,,,0,PCS,,,N,2
99,04,2,88,1,10017154,BANGO KECAP MANIS REFILL (24205) 280  PCH 210L,,,0,PCS,,,N,1
99,04,2,89,1,20137818,ERSPO CHEERS JERSEY TIMNAS MERAH PCS MEDIUM,,,0,PCS,,,N,24
99,04,2,90,1,20137819,ERSPO CHEERS JERSEY TIMNAS MERAH PCS LARGE,,,0,PCS,,,N,24
99,04,2,91,1,20137820,ERSPO CHEERS JERSEY TIMNAS MERAH PCS EXTRALARGE,,,0,PCS,,,N,24
99,04,2,92,1,20138362,ERSPO CHEERS JERSEY TIMNAS MERAH PCS 2XL,,,0,PCS,,,N,24
99,04,2,93,1,20140078,NEXTAR CHOCOLATE PIE  KLG 168,,,0,PCS,,,N,1
99,04,2,94,1,20138465,NEXTAR NASTAR COOKIES STRAWBERRY BOX 8X11.25,,,0,PCS,,,N,1
99,04,2,95,1,20037488,GARNIER HAIR COLOUR NATURALS 1 HITAM ALAMI BOX,,,0,PCS,,,N,1
99,04,2,96,1,20140077,GOOD TIME COOKIES SHARE PACK  PCH 159,,,0,PCS,,,N,1
99,04,2,97,1,20049226,KAO ATTACK DETERGENT POWDER PLUS SOFTENER  PCK 1.2,,,0,PCS,,,N,1
99,04,2,98,1,20053103,REJOICE SHAMPOO ANTIDANDRUFF 3 IN 1  BTL 340L,,,0,PCS,,,R,1
99,04,2,99,1,20140084,NABATI  WAFER BITES SHARING PACK  PCH 210,,,0,PCS,,,N,1
99,04,4,47,1,20124285,FITMEE MIE INSTANT GORENG PEDAS PCK 65,,,0,PCS,,,N,1
99,04,4,48,1,20126163,PURE BABY SHAMPOO HAIR-GRO BTL 200L,,,0,PCS,,,N,1
99,04,4,49,1,20131415,GOOGLE PLAY GIFT CARD 500.000-  PCS,,,10,PCS,,,,1
99,04,4,50,1,,,,,0,PCS,,,,
99,04,4,51,1,20138466,NABATI RICHEESE SNACK STICK AHH STRAWBERRY BOX 30,,,0,PCS,,,N,1
99,04,4,52,1,20138479,LUCKY STRIKE ROKOK HANDROLLED RED BKS 12,,,0,PCS,,,N,1
99,04,4,53,1,,,,,0,PCS,,,,
99,04,4,54,1,20138480,SAMPOERNA ROKOK KRETEK LEGIT NASAKA BKS 12S,,,0,PCS,,,N,5
99,04,4,55,1,20132763,NABATI WAFER KOREAN GOGUMA KLG 240,,,0,PCS,,,N,1
99,04,4,56,1,20139332,MARLBORO ROKOK FILTER VISTA SUMMER BURST BKS 16S,,,0,PCS,,,N,5
99,04,4,57,1,20139617,MARLBORO ROKOK KRETEK AROMATIC BROWN BKS 12S,,,0,PCS,,,N,2
99,04,4,58,1,20140008,OREO SPECIAL FAMILY SELECTION  BOX 213.2,,,0,PCS,,,J,16
99,04,4,65,1,20136043,FITTI PANTS 40S  BAG SMALL,,,517,PCS,,,R,1
99,04,4,66,1,,,,,0,PCS,,,,
99,04,4,67,1,20140009,RITZ SPECIAL GIFT PACK  ASSORTED BOX 262,,,0,PCS,,,N,1
99,04,4,68,1,20047363,WARDAH LIGHTENING POWDER FOUNDATION 02 GOLDEN BEIGE PCS 12,,,0,PCS,,,N,1
99,04,4,69,1,,,,,0,PCS,,,,
99,04,4,70,1,,,,,0,PCS,,,,
99,04,4,74,1,20066910,WARDAH EYEBROW PENCIL BROWN PCS 1.14,,,0,PCS,,,N,1
99,04,4,75,1,20095770,INDOMARET TAS RAMAH LINGKUNGAN PARASUT  PCS,,,0,PCS,,,R,1
99,04,4,76,1,20098389,DELI ACR SCHOOL GLUE STICK A20700 PCK,,,0,PCS,,,N,1
99,04,4,77,1,20108002,DO RE MI HAIR & BODY WASH MOISTURIZING  BTL 200L,,,3,PCS,,,N,1
99,04,4,78,1,20140010,GIZZI MILK WAFER SELECTION MTCHA KRMA COKL KLG 240,,,0,PCS,,,J,6
99,04,4,79,1,20140057,OREO PHOTO CARD BABY MONSTER  PCS,,,0,PCS,,,N,20
99,04,4,81,1,20120441,ROBOT BLUETOOTH 5.0 RECEIVER RS10 PCS,,,0,PCS,,,N,1
99,04,4,82,1,20132940,INDOMARET PENCUCI PIRING LEMON PCH 650L,,,4,PCS,,,R,1
99,04,4,83,1,20140088,NABATI  WAFER BITES STRAWBERRY KLG 240,,,0,PCS,,,N,1
99,04,4,84,1,20129739,DADI PENCIL SOFT CASE  PCS,,,0,PCS,,,N,1
99,04,4,85,1,,,,,0,PCS,,,,
99,04,4,86,1,20130613,WIGGLE RULER SET ASSORTMENT PCK,,,0,PCS,,,N,1
99,04,4,87,1,20133680,DELFI CHOCOLATE MALTITOS B1G1F  JAR 2275,,,0,PCS,,,N,1
99,04,4,88,1,20140130,GIZZI MILK BISCUIT ASSORTED KLG 240,,,0,PCS,,,N,1
99,04,4,89,1,20140261,MARLBORO ROKOK FILTER THE EDITION RED BKS 20S,,,0,PCS,,,N,2
99,04,4,90,1,,,,,0,PCS,,,,
99,04,4,91,1,20140902,GLICO POCKY PHOTOCARD JKT48  PCS,,,0,PCS,,,N,20
99,04,4,92,1,20098365,DELI SCHOOL CORRECTION TAPE - 8101  PCS,,,0,PCS,,,N,1
99,04,4,93,1,20140990,INDOMARET AMPLOP LEBARAN 5S BESAR PCK,,,0,PCS,,,N,50
99,04,4,94,1,20128101,JLO FIZZLEPOP LOLLIPOP CANDY MY LITTLE PONY PCK 15,,,0,PCS,,,N,2
99,04,4,95,1,20140991,INDOMARET AMPLOP LEBARAN 10S KECIL PCK,,,0,PCS,,,N,50
99,04,4,96,1,10000116,ABC SAMBAL  BTL 335L,,,0,PCS,,,N,1
99,04,4,97,1,20096159,EMCO POP A TOY  PCS,,,2,PCS,,,R,1
99,04,4,98,1,10000798,SARI AYU FOUNDATION KUNING LANGSAT BTL 35L,,,0,PCS,,,N,1
99,04,4,99,1,20064913,INDOMARET FACIAL TISSUE NON PERFUMED SOPANUSA BAG 900,,,0,PCS,,,R,2
99,04,5,01,1,20067197,INDOMARET SIKAT GIGI ULTRA CLEAN 3S SOFT PCS,,,0,PCS,,,R,1
99,04,5,02,1,20067204,PONDS PEMBERSIH WAJAH CLR SOLUTION/ PORE CLEAR TUB 100,,,0,PCS,,,R,1
99,04,5,03,1,,,,,0,PCS,,,,
99,04,5,04,1,20114055,POINT COFFEE MUG NK WHITE PCS,,,0,PCS,,,R,1
99,04,5,05,1,20120613,PONDS PURE BRIGHT/MIRACLE WHIP COLLAGEN TUB 100,,,0,PCS,,,R,1
99,04,5,06,1,20045346,INDOMARET PISAU + SARUNG  PCS,,,0,PCS,,,R,1
99,04,5,07,1,20134336,PEDIASURE SUSU CAIR UHT GO VANILA TPK 110L,,,0,PCS,,,N,1
99,04,5,08,1,20043975,SEMANGKA KUNING BABY BLACK  WHL,,,0,PCS,,,R,
99,04,5,09,1,20136647,DIAMOND JUICE UNSWEET GUAVA TPK 200L,,,0,PCS,,,N,1
99,04,5,10,1,20086359,BENG-BENG WAFER CHOCOLATE SHARE IT(25S)  PCH 200,,,0,PCS,,,N,1
99,04,5,11,1,20139389,INDOMARET LUNCHBOX IDM X PSSI HITAM PCS,,,0,PCS,CTN,,,1
99,04,5,12,1,20138270,DETTOL ANTISEPTIK PLESTER WATERPROOF PCK 10,,,0,PCS,,,N,1
99,04,5,13,1,,,,,0,PCS,,,,
99,04,5,14,1,20140451,INDOMARET STICK ROLL BUTTER CARAMEL TPS 18X10,,,10,PCS,,,R,1
99,04,5,15,1,,,,,0,PCS,,,,
99,04,5,16,1,20133730,HOT WHEELS SPEED GRAPHICS HWR60 ASSORTED PCS,,,0,PCS,,,R,1
99,04,5,17,1,20098390,DELI GLUE STICK 6366A PCK,,,3,PCS,,,V,1
99,05,2,01,1,20137355,EMCO LIL CHEFZ FUN WITH FOOD  ASSORTED BOX,,,0,PCS,CTN,,,1
99,05,2,02,1,20060097,SIIPLAH SIPLAH MINUMAN SARI BUAH APEL CTN 32X120L,,,0,PCS,,,N,1
99,05,2,03,1,20123496,CRAYOLA COLORING PACK  PCK,,,12,PCS,,,R,1
99,05,2,04,1,20138689,EMCO INFINI-TWIST PYRAMAGIC  PCS,,,1,PCS,,,R,1
99,05,2,05,1,20089836,HERBORIST SKIN MOISTURIZER ALOE VERA POT 250,,,0,PCS,CTN,,,1
99,05,2,06,1,20046947,DUA KELINCI KACANG MIX NUT  TPS 150,,,0,PCS,CTN,,,1
99,05,2,07,1,20069608,POINT COFFEE JACKET SLEEVE  PCS,,,0,PCS,,,Z,250
99,05,2,08,1,,,,,0,PCS,,,,
99,05,2,09,1,20093051,RAW MATERIAL HOMESOY  TPK 250L,,,0,PCS,,,Z,1
99,05,2,10,1,,,,,0,PCS,,,,
99,05,2,11,1,20095510,Y/COFFEE GOLD JACKET SLEEVE  PCS,,,0,PCS,,,Z,1000
99,05,2,12,1,20099545,RAW MATERIAL CHAMOMILE TEA BAG  PCS,,,0,PCS,,,Z,50
99,05,2,16,1,10010080,GUDANG GARAM ROKOK KRETEK SOFTPACK   BKS 12S,,,0,PCS,,,N,2
99,05,2,17,1,10010933,MARJAN SYRUP SQUASH ORANGE BTL 375L,,,0,PCS,,,J,12
99,05,2,18,1,20100941,RAW MATERIAL DECAFFEINATED  KLG 250,,,0,PCS,,,Z,1
99,05,2,19,1,10010946,MARJAN SYRUP SQUASH COCOPANDAN BTL 375L,,,0,PCS,,,J,12
99,05,2,20,1,20101811,RAW MATERIAL MIXED FRUIT OOLONG TEA  PCS,,,0,PCS,,,Z,50
99,05,2,21,1,20101812,RAW MATERIAL ROSE & ROSELA TEA  PCS,,,0,PCS,,,Z,50
99,05,2,22,1,20094211,INDOMARET SERBET SERBAGUNA 26/25S  ROL,,,0,PCS,,,V,1
99,05,2,23,1,,,,,0,PCS,,,,
99,05,2,24,1,20108266,RAW MATERIAL SYRUP MANGGA  BTL 750L,,,0,PCS,,,Z,1
99,05,2,25,1,20002989,KUSUKA KERIPIK SINGKONG KEJU BAKAR PCK 60,,,0,PCS,,,N,2
99,05,2,26,1,20012573,FRESTEA MINUMAN TEH AROMA MELATI BTL 500L,,,0,PCS,,,N,1
99,05,2,27,1,20015737,INDOMARET NATA DE COCO COCOPANDAN PCK 900,,,0,PCS,,,J,12
99,05,2,28,1,20034449,MAMA LEMON CAIRAN PENCUCI PIRING EKTRK JRK NIPIS PCH 450L/430,,,0,PCS,,,N,3
99,05,2,29,1,20037138,PORORO MINUMAN BERPERISA APEL BTL 235L,,,0,PCS,,,N,2
99,05,2,30,1,20054241,KING KONG OBAT NYAMUK BAKAR JUMBO  BOX,,,0,PCS,,,N,2
99,05,2,31,1,20066299,MARJAN SYRUP SQUASH MELON BTL 375L,,,0,PCS,,,J,12
99,05,2,32,1,20082651,BIG BABOL FILIFOLLY GUM TITTI FRUIT PCK 11,,,0,PCS,,,N,2
99,05,2,33,1,20126323,RAW MATERIAL HOMESOY ORIGINAL NO SUGAR  TPK 250L,,,0,PCS,,,Z,1
99,05,2,34,1,20127570,RAW MATERIAL CHEESE CAKE POWDER  PCK 1,,,0,PCS,,,Z,1
99,05,2,35,1,20127571,RAW MATERIAL BLACKFOREST POWDER  PCK 1,,,0,PCS,,,Z,1
99,05,2,36,1,20083719,NANO NANO CANDY MILKY COKLAT PCK 12,,,0,PCS,,,N,2
99,05,2,37,1,20103166,MEG KEJU SERBAGUNA 10S  PCK 150,,,0,PCS,,,N,1
99,05,2,38,1,20107717,ENSURE GOLD NUTRITION POWDER FOS VANILA BOX 150,,,0,PCS,,,N,1
99,05,2,39,1,20080438,RAW MATERIAL PUREE KIWI (DC)  PCK 1000L,,,0,PCS,,,Z,1
99,05,2,40,1,20093523,RAW MATERIAL THAI / MILK TEA  PCK 1000,,,0,PCS,,,Z,1
99,05,2,41,1,20125028,RAW MATERIAL BANANA POWDER  PCK 1,,,0,PCS,,,Z,1
99,05,2,42,1,20113106,YUPI CANDY GUMMY SWEET ARTIFACT  PCK 77,,,0,PCS,,,N,1
99,05,2,43,1,20134164,CHUPA CHUPS PERMEN KARET PLAY TENNIS NANAS PCK 20,,,0,PCS,,,N,2
99,05,2,44,1,20136704,INDOMILK KENTAL MANIS DURIAN MS.KING KLG 370,,,0,PCS,,,N,1
99,05,2,45,1,20129940,RAW MATERIAL SOY MILK VSOY LOW SUGAR  TPK 1L,,,0,PCS,,,Z,1
99,05,2,46,1,20131237,RAW MATERIAL KACANG ORIGINAL  PCK 1,,,0,PCS,,,Z,1
99,05,2,47,1,20133673,RAW MATERIAL HONEYDEW SYRUP  BTL 1.2,,,0,PCS,,,Z,1
99,05,2,48,1,20137177,DJARUM ROKOK KRETEK SAFARI  PCK 12S,,,0,PCS,,,N,1
99,05,2,49,1,20137565,GARUDA SNACK POTATO CRUNCHY TWISTER DAGING SAPI BBQ PCK 60,,,0,PCS,,,N,1
99,05,2,50,1,20137755,HS ROKOK KRETEK FILTER  BKS 20S,,,0,PCS,,,N,2
99,05,2,51,1,20096765,RAW MATERIAL BROWN SUGAR KONYAKU  TPS 2000,,,0,PCS,,,Z,1
99,05,2,52,1,20098731,RAW MATERIAL TROPICAL JELLY  PCK 2,,,0,PCS,,,Z,2
99,05,2,53,1,20080431,RAW MATERIAL LEMON TEA POWDER (DC)  PCK 1000,,,0,PCS,,,Z,1
99,05,2,54,1,10003018,CALADINE LOTION  BTL 60L,,,0,PCS,,,N,1
99,05,2,55,1,20132065,RAW MATERIAL CINNAMON SYRUP  BTL 750L,,,0,PCS,,,Z,1
99,05,2,56,1,20132639,POINT COFFEE BOX HAMPERS  BOX,,,0,PCS,,,,200
99,05,2,57,1,20133651,RAW MATERIAL MELON SYRUP  BTL 750L,,,0,PCS,,,Z,1
99,05,2,58,1,20134282,RAW MATERIAL KLAPERTART POWDER  PCK 1,,,0,PCS,,,Z,1
99,05,2,59,1,20134283,RAW MATERIAL WATERMELON POWDER  PCK 1,,,0,PCS,,,Z,1
99,05,2,60,1,20098379,DELI ERASER EH01200  PCK,,,0,PCS,,,N,1
99,05,2,61,1,20126002,RAW MATERIAL STRAWBERRY SAUCE FRUIT MIX  BTL 1L,,,0,PCS,,,Z,1
99,05,2,62,1,20127829,RAW MATERIAL KURMA POWDER  PCK 1,,,0,PCS,,,Z,1
99,05,2,63,1,20130328,RAW MATERIAL BANANA POWDER IZY  PCK 1,,,0,PCS,,,Z,1
99,05,2,64,1,20138019,QUAKER MINUMAN SEREAL 3 IN 1 MOCHA PCK 8X28,,,0,PCS,,,N,1
99,05,2,65,1,20139395,EMCO WASHY KITTIES  BOX,,,106,PCS,,,R,1
99,05,2,66,1,10014778,MENTHOLATUM LIP ICE SHEER COLOR PCK 2,,,0,PCS,,,N,1
99,05,2,67,1,10019118,GATSBY SPLASH COLOGNE DEEP OCEAN BTL 175L,,,0,PCS,,,N,1
99,05,2,68,1,,,,,0,PCS,,,,
99,05,2,69,1,,,,,0,PCS,,,,
99,05,2,70,1,20139522,REXONA DEO.ROLL ON MEN GARUDA EDITION DRY DEFENDER BTL 40,,,1,PCS,,,R,1
99,05,2,71,1,20106186,GLADE AUTOMATIC SPRAY REFILL VNLA & OUD WOOD KLG 146,,,0,PCS,,,N,1
99,05,2,72,1,20106379,SILVER QUEEN CHOCOLATE VERY BERRY YGHR PCK 22,,,0,PCS,,,N,1
99,05,2,73,1,,,,,0,PCS,,,,
99,05,2,74,1,,,,,0,PCS,,,,
99,05,2,75,1,,,,,0,PCS,,,,
99,05,2,76,1,20043943,LARISST MINYAK GORENG  PCH 2L,,,0,PCS,,,R,6
99,05,2,78,1,20138321,DJARUM ROKOK KRETEK SAFARI WRAPS PCK 12S,,,0,PCS,,,N,5
99,05,2,79,1,20140266,VEEV ONE PODS LEMON TEA PCK 500 PUFFS,,,0,PCS,,,N,1
99,05,2,80,1,,,,,0,PCS,,,,
99,05,2,81,1,20122946,SUNLIGHT PENCUCI PIRING REF KOREAN STRWBERY PCH 560L,,,0.0,PCS,,,R,1
99,05,2,82,1,,,,,0,PCS,,,,
99,05,2,83,1,20129015,REGAZZA SPRAY COLOGNE/EDT FEMME (BLUE) AZZURO BTL 100L,,,0.0,PCS,,,N,1
99,05,2,84,1,20096604,MOBILE KIOSK STEREO EARPHONE DUAL DRIVES MK-D4C PCS,,,0,PCS,,,N,1
99,05,2,85,1,,,,,0,PCS,,,,
99,05,2,86,1,20113001,INDOMARET WET TISSUE ALCOHOL 75% FOOD GRADE PCK 10S,,,106,PCS,,,R,1
99,05,2,87,1,20120037,INDOMARET HAND WASH ANTISEPTIC PCH 375L,,,0.0,PCS,,,R,1
99,05,2,88,1,20124842,INDOMARET BODY WASH ANTISEPTIC PCH 450L,,,0.0,PCS,,,R,1
99,05,2,89,1,20141006,CAP BOTOL TEH CELUP HIJAU MELATI TPS 25X2,,,0,PCS,,,N,1
99,05,2,90,1,20141062,SILVER QUEEN CHOCOLATE CHUNKY CUPID  PCK 3X26,,,0,PCS,,,N,1
99,05,2,91,1,20141063,SILVER QUEEN CHOCOLATE CASHEW BUTTERFLY  PCK 3X22,,,0,PCS,,,N,1
99,05,2,92,1,10023779,DANCOW 5+ SUSU BUBUK PRTCTS PROBIO MADU BOX 350,,,0,PCS,,,N,1
99,05,2,93,1,20077370,INDOMARET KAOS OBLONG V-NECK PUTIH PCK MEDIUM,,,0,PCS,,,R,1
99,05,2,94,1,20077371,INDOMARET KAOS OBLONG V-NECK PUTIH PCK EXTRALARGE,,,0,PCS,,,R,1
99,05,2,95,1,20077982,INDOMARET KAOS OBLONG ROUND NECK PUTIH PCK MEDIUM,,,0,PCS,,,R,1
99,05,2,96,1,20081566,INDOMARET KAOS OBLONG V-NECK HITAM PCK EXTRALARGE,,,0,PCS,,,R,1
99,05,2,97,1,20133639,DARK WONDER DARK CHOCOLATE BAR ALMOND PCK 56/40,,,0,PCS,,,N,1
99,05,2,98,1,20134078,INDOMARET CELANA BOXER PRIA COOLMAXXX  PCK MEDIUM,,,0,PCS,,,R,1
99,05,3,01,1,20078242,GERY CRACKERS MALKIST SALUUT COCONUT PCK 105,,,0,PCS,,,N,2
99,05,3,02,1,20138275,ZWITSAL KIDS 2IN1 HAIR PINK BTL 280L,,,200,PCS,,,R,1
99,05,3,03,1,20140820,INDOMARET MANGKOK OPAL  PCS 17.5,,,318,PCS,,,R,6
99,05,3,04,1,20126125,POP MIE MI INSTAN PEDES DOWER PANGSIT JONTOR CUP 75,,,0,PCS,,,N,2
99,05,3,05,1,20140822,INDOMARET PIRING OPAL  PCS 21.5,,,166,PCS,,,R,6
99,05,3,06,1,20135992,POP MIE MI GORENG FIERY CHIKIN CUP 74,,,0,PCS,,,N,2
99,05,3,07,1,20140823,INDOMARET PIRING OPAL  PCS 26.5,,,433,PCS,,,R,6
99,05,3,08,1,20142392,POINT COFFEE TUMBLER WOODY PCS 530L,,,0,PCS,,,V,2
99,05,3,09,1,20138036,SUNSILK MULTIVITAMIN HAIR PERFUME SILKY GLOSS BTL 100L,,,446,PCS,,,R,1
99,05,3,10,1,20114753,DOWNY SOFTENER ADORABL BOUQUET PCH 550/600L,,,0.0,PCS,,,R,1
99,05,3,11,1,20121206,CHARM PEMBALUT DAUN SIRIH+HRBL 23 NON WING PCK 18S,,,21,PCS,,,R,1
99,05,3,12,1,20137591,SELARIS KERUPUK TERIPANG HITAM (ECO) PCH 50,,,0,PCS,,,N,
99,05,3,13,1,20120863,SCARLETT FRAGRANCE BRIGHT.BODY LOTION MOODBSTER CHARM BTL 300L,,,0,PCS,CTN,,,1
99,05,3,14,1,20120924,K NATURAL WHITE BRIGHTENING BODY WASH COTTON FLOWER BTL 500L,,,0,PCS,CTN,,,1
99,05,3,15,1,20035683,S-26 PROMISE SUSU BUBUK PERTUMBUHAN 4 VANILLA BOX 700,,,0,PCS,CTN,,,1
99,05,3,99,1,20139532,ANAK RAJA BERAS KHUSUS PULEN WANGI  SAK 5,,,0,PCS,,,N,5
99,05,4,01,1,20114582,KIMBO PROBITES ORIGINAL PCK 60,,,0,PCS,,,N,12
99,05,4,02,1,20114657,KIMBO PROBITES KOREAN PCK 60,,,0,PCS,,,N,12
99,05,4,03,1,20129115,KIMBO PROBITES AMERICAN CHEESE PCK 50,,,0,PCS,,,N,12
99,05,4,04,1,20139292,KIMBO PROBITES BAKSO SWEET & SPICY PCK 60,,,0,PCS,,,N,12
99,05,4,05,1,20078870,KRISBOW MEASURING TAPE 3.5M/12FTX16MM MAGNET PCS,,,0,PCS,BOX,,R,1
99,05,4,06,1,20081565,INDOMARET KAOS OBLONG V-NECK HITAM PCK MEDIUM,,,0,PCS,,,R,1
99,05,4,07,1,20097479,INDOMARET KAOS V-NECK HITAM PCK LARGE,,,0,PCS,,,R,1
99,05,4,08,1,20029296,INDOMARET WET TISSUE 10S NON ALCOHOL PCK,,,10,PCS,,,R,2
99,05,4,09,1,20055209,INDOMARET SENDOK PLASTIK 10S  PCK,,,13,PCS,,,R,1
99,05,4,10,1,20055211,INDOMARET GARPU PLASTIK 10S  PCK,,,36,PCS,,,R,1
99,05,4,11,1,20060210,INDOMARET MINUMAN TEH HIJAU MELATI BTL 450/330L,,,3,PCS,,,R,1
99,05,4,12,1,20077509,INDOMARET MINUMAN LEMON TEA  BTL 330L,,,6,PCS,,,R,2
99,05,4,13,1,20089665,INDOMARET PENGHILANG NODA  PCH 450L,,,10,PCS,,,R,1
99,05,4,14,1,20090425,INDOMARET SOFT DETERGEN CAIR BATIK / ZAITUN & SIRIH PCH 450L,,,7,PCS,,,R,1
99,05,4,15,1,20126740,MOLTO PELEMBUT & PEWANGI PAKAIAN FRSH CASABLANCA PCH 650L,,,9,PCS,,,R,1
99,05,4,16,1,10000352,ABC SYRUP SPECIAL GRADE COCOPANDAN BTL 460L,,,0,PCS,,,J,12
99,05,4,17,1,10016198,HANSAPLAST KOYO PANAS 10S  PCK,,,0,PCS,,,N,2
99,05,4,18,1,10020713,WONG COCO SARI KELAPA CUBES COCOPANDAN EMB 1000,,,0,PCS,,,J,6
99,05,4,19,1,10020995,WONG COCO SARI KELAPA CUBES LYCHEE EMB 1000,,,0,PCS,,,N,1
99,05,4,20,1,10021003,WONG COCO SARI KELAPA DUGAN COCOPANDAN EMB 1000,,,0,PCS,,,J,6
99,05,4,21,1,10025646,YURI TAF KRIM PEMBERSIH LEMON & LIME BTL 500L,,,0,PCS,,,N,1
99,05,4,22,1,10032797,INDOFOOD SYRUP FREISS COCOPANDAN BTL 460L,,,0,PCS,,,J,12
99,05,4,23,1,10036774,KOEPOE-KOEPOE LADA HITAM BUBUK  BTL 83,,,0,PCS,,,N,1
99,05,4,24,1,10040185,S-26 PROCAL SUSU BUBUK PERTUMBUHAN 3 VANILA BOX 400,,,0,PCS,,,N,1
99,05,4,25,1,20015819,INDOFOOD SYRUP FREISS MELON BTL 460L,,,0,PCS,,,J,12
99,05,4,26,1,20022903,HANSAPLAST KOYO HANGAT 10S  PCK,,,0,PCS,,,N,2
99,05,4,27,1,20091604,MY BABY MINYAK TELON PLUS LONGER PROTECTION BTL 60L,,,0,PCS,,,N,1
99,05,4,28,1,20096772,PIXY UV WHITENING CONCEALING BASE 02 SAND BEIGE PCS 9,,,0,PCS,,,N,1
99,05,4,29,1,20123019,SAYANG DETERJEN LIQUID KONSENTRAT ROSE PCH 720/510L,,,0,PCS,,,N,1
99,05,4,30,1,20123022,SAYANG DETERJEN POWDER ROSE PCK 770/700 ,,,0,PCS,,,N,1
99,05,4,31,1,20135483,EMCO VORTEX SUPER ROPE LOOPER  BOX,,,8,PCS,,,R,1
99,05,4,32,1,20137579,FRISIAN FLAG SUSU KENTAL MANIS HOKKAIDO CHEESE PCH 240,,,23,PCS,,,R,1
99,05,4,33,1,10036625,ABC SYRUP SPECIAL GRADE MELON BTL 485/460L,,,0,PCS,,,J,12
99,05,4,34,1,20130526,HILO SUSU BUBUK HI-CALCIUM PLATINUM VANILLA BOX 336,,,0,PCS,CTN,,,1
99,05,4,35,1,20139854,SOLO LEVELING  COLLECTIBLE TAROT CARD  PCS,,,18,PCS,,,R,10
99,05,4,36,1,10000688,COCA COLA SOFT DRINK  PET 1500L,,,0,PCS,,,J,12
99,05,4,37,1,10000689,SPRITE SOFT DRINK  PET 1500L,,,0,PCS,,,J,12
99,05,4,38,1,10000690,FANTA SOFT DRINK STRAWBERRY PET 1500L,,,0,PCS,,,J,12
99,05,4,39,1,10003419,FREZZA ANTISEPTIC MOUTHSPRAY REGULAR BTL 13L,,,0,PCS,,,N,1
99,05,4,40,1,10009753,PIXY TWO WAY CAKE PERFECT FIT REF NATURAL WHITE PCS 12.2,,,0,PCS,,,N,1
99,05,4,41,1,20005058,FANTA SOFT DRINK FRUIT PUNCH BTL 1500L,,,0,PCS,,,J,12
99,05,4,42,1,20035489,LA FONTE FETTUCCINE  BOX 225,,,0,PCS,,,N,1
99,05,4,43,1,20046368,KURMA KHENAIZI DATE CROWN  PCH 250,,,0,PCS,,,N,1
99,05,4,44,1,20049993,SUKY SUKY SNACK UDANG MANIS PDS PCK 60,,,0,PCS,,,N,2
99,05,4,45,1,20131518,KUSUKA KERIPIK SINGKONG KARI AYAM PCK 100,,,0,PCS,,,N,2
99,05,4,46,1,20133429,YOBICK MINUMAN PREBIOTIK YOGHURT SAKURA BTL 180L,,,0,PCS,,,N,1
99,05,4,47,1,20134264,VUSE GO DISPOSABLE PODS  MINT ICE BOX 700 PUFFS,,,0,PCS,,,N,1
99,05,4,48,1,20134270,VUSE GO DISPOSABLE PODS  BLUEBERRY ICE BOX 700 PUFFS,,,0,PCS,,,N,1
99,05,4,49,1,20135345,GROOVY SOFT DRINK ROOT BREW  KLG 330L,,,0,PCS,,,N,2
99,05,4,50,1,20137683,CONFIDENCE ADULT PANTS DAILY FRESH  BAG MEDIUM,,,0,PCS,,,N,1
99,05,4,51,1,20137986,VUSE PODS MANGO ICE BOX 1000 PUFFS,,,0,PCS,,,N,1
99,05,4,52,1,20137987,VUSE GO RELOAD 1000 DEVICE  BOX,,,0,PCS,,,N,1
99,05,4,53,1,20138025,HY BTS FRESH COFFEE TIRAMISU LATTE BTL 250L,,,0,PCS,,,N,1
99,05,4,54,1,20138049,HY BTS FRESH COFFEE CAPPUCCINNO BTL 250L,,,0,PCS,,,N,2
99,05,4,55,1,20138371,MAGGI BUMBU PENYEDAP MAGIC LEZAT  PCK 80,,,0,PCS,,,N,1
99,05,4,56,1,20138764,VEEV NOW/VEEVA ULTRA DISPOSABLE PODS PANDAN COFFEE BOX 1100 PUFFS,,,0,PCS,,,N,1
99,05,4,57,1,20139591,POINT COFFEE KITA GARUDA ICE CUP  PCS 22OZ,,,0,PCS,,,N,500
99,05,4,58,1,20140253,OREO BISCUIT SANDWICH MARSHMALLOW BABY MONSTER BOX 220.8,,,0,PCS,,,N,2
99,05,4,59,1,20141141,POINT COFFEE POKEMON  CUP 220Z,,,0,PCS,,,N,250
99,05,4,60,1,20034118,FRISIAN FLAG 1+ SUSU BUBUK PERTUMBUHAN VANILA BOX 360,,,17,PCS,,,R,1
99,05,4,61,1,20034119,FRISIAN FLAG 1+ SUSU BUBUK PERTUMBUHAN MADU BOX 360,,,22,PCS,,,R,1
99,05,4,62,1,20048965,DOVE ROLL ON DEODORANT REPAIR / ULTIMATE WHITE BTL 40L,,,14,PCS,,,R,1
99,05,4,63,1,10001014,SARI AYU LOOSE POWDER KUNING LANGSAT POT 14,,,0,PCS,,,N,1
99,05,4,64,1,20034678,GARNIER MEN TURBO LIGHT OIL CONTROL COOLING FOAM TUB 50L,,,0,PCS,,,N,1
99,05,4,65,1,20115145,LIFEBUOY SABUN MANDI CAIR REFILL JPN SHISO GLWNG PCH 400/380,,,124,PCS,,,R,1
99,05,4,66,1,20119092,PEPSODENT SIKAT GIGI SIWAK 2S  PCK SOFT,,,10,PCS,,,R,1
99,05,4,67,1,20121808,ME-O CAT FOOD OTAK-OTAK WHITE FISH CRAB STICK PCH 80,,,0,PCS,,,V,1
99,05,4,68,1,20088267,BELLAGIO HOMME POMADE TIMELESS ELEGANCE  POT 80,,,0,PCS,,,N,1
99,05,4,69,1,20138649,EMERON SHAMPOO NUTRITIVE BT21 ANTI KETOMBE BTL 340L,,,0,PCS,,,N,1
99,05,4,70,1,20076772,SIMBA CEREAL CHOCO CHIPS  TPS 220,,,0,PCS,,,N,1
99,05,4,71,1,10015814,LA FONTE MACARONI ELBOW  PCK 250/225,,,0,PCS,,,N,1
99,05,4,72,1,20079649,BEBELAC GOLD 3 SUSU BUBUK VANILLA BOX 360,,,0,PCS,,,N,1
99,05,4,73,1,20084470,ROYCO BUMBU KALDU (18026) SAPI PCK 230/220,,,0,PCS,,,N,1
99,05,4,74,1,20117918,LA FONTE LASAGNA  BOX 230,,,0,PCS,,,N,1
99,05,4,75,1,20118737,MAMASUKA RUMPUT LAUT PANGGANG (NORI) JAGUNG BAKAR PCK 2X4.5,,,0,PCS,,,N,1
99,05,4,76,1,20123565,FABER CASTELL PAKET MENULIS  PCK,,,0,PCS,,,N,1
99,05,4,77,1,20124287,GARNIER SKIN NAT.BRGHT CMPLTE CLEANSNG FOAM ANTI-ACNE TUB 100L,,,0,PCS,,,N,1
99,05,4,78,1,20126193,INDOMILK SUSU CAIR UHT ITALIAN COFFEE LATTE TPK 180L,,,0,PCS,,,N,2
99,05,4,79,1,20127483,GARUDA SNACK PILUS RENDANG PCK 80,,,0,PCS,,,N,2
99,05,4,80,1,20133427,YOBICK MINUMAN PREBIOTIK YOGHURT ORIGINAL BTL 180L,,,0,PCS,,,N,1
99,05,4,81,1,20134269,VUSE GO DISPOSABLE PODS  MANGO ICE BOX 700 PUFFS,,,0,PCS,,,N,1
99,05,4,82,1,20136248,VUSE GO DISPOSABLE PODS  GRAPE ICE BOX 700 PUFFS,,,0,PCS,,,N,1
99,05,4,83,1,20137682,CONFIDENCE ADULT PANTS DAILY FRESH  BAG LARGE,,,0,PCS,,,N,1
99,05,4,84,1,20137984,VUSE PODS BLUEBERRY ICE BOX 1000 PUFFS,,,0,PCS,,,N,1
99,05,4,85,1,20137985,VUSE PODS MINT ICE BOX 1000 PUFFS,,,0,PCS,,,N,1
99,05,4,86,1,20139536,LAYS STAX SNACK POTATO ORIGINAL KLG 70,,,0,PCS,,,N,1
99,05,4,87,1,20139544,LAYS STAX SNACK POTATO SOUR CRM&ONION KLG 70,,,0,PCS,,,N,1
99,05,4,88,1,20034122,FRISIAN FLAG 3+ SUSU BUBUK PERTUMBUHAN MADU BOX 360,,,23,PCS,,,R,1
99,05,4,89,1,20110114,PONDS MEN PEMBERSIH FOAM+SCRUB PORE VACUUM TUB 90,,,16,PCS,,,R,1
99,05,4,90,1,20128561,INDOMARET COCONUT WATER ORANGE TPK 250L,,,8,PCS,,,R,1
99,05,4,91,1,20137071,CRAYOLA SCRIBBLE SCRUBBIE PETS BLIND  BAG PCS LARGE,,,9,PCS,,,R,1
99,05,4,92,1,20139855,SOLO LEVELING  PUZZLE STANDEE  PCS,,,5,PCS,,,R,2
99,05,4,93,1,20138021,SUNSILK POWER SHOT CREAMBATH SILKY GLOSS SCT 30,,,0,PCS,,,R,1
99,05,4,94,1,20134255,MONSTER JAM 1:64 TRUCK SINGLE PACK ASSORTMENT BOX,,,0,PCS,CTN,,,1
99,05,4,95,1,20029293,DETTOL ANTISEPTIC LIQUID GERMICIDE  BTL 750L,,,0,PCS,CTN,,,1
99,05,4,96,1,20139078,TANGO WAFER HAZELNUT PCK 33,,,0,PCS,CTN,,,1
99,05,4,97,1,20139248,NISSIN JAPANESE RAMEN HOKKAIDO MISO PCK 106,,,0,PCS,CTN,,,1
99,05,4,98,1,20019529,NISSIN BISCUITS CRACKERS HEXA PCK 225,,,0,PCS,,,N,1
99,05,4,99,1,20046661,WARDAH LGHTNING POWDER FOUNDATION REF 02 GOLDEN BEIGE PCS 12,,,0,PCS,,,N,1
99,05,5,01,1,20070380,KURMA KHALAS DATE CROWN  PCS 250,,,0,PCS,,,N,1
99,05,5,02,1,20102837,GARNIER BRIGHT COMPLETE BOOSTER SERUM VITAMIN C PCS 7.5L,,,0,PCS,,,N,1
99,05,5,03,1,20140192,KURMA RED SAYER BARARI  PCH 250,,,0,PCS,,,J,1
99,05,5,04,1,20140218,KURMA TUNISIA BARARI  BOX 500,,,0,PCS,,,J,1
99,05,5,05,1,20046660,WARDAH LGHTNING POWDER FOUNDATION REF 03 SHEER PINK PCS 12,,,0,PCS,,,N,1
99,05,5,06,1,20085011,PURBASARI MATTE POWDER HYDRA SERIES HONEY BEIGE PCS 12,,,0,PCS,,,N,1
99,05,5,07,1,20134103,KAO ATTACK JAZ 1 DETERGENT CAIR SEMERBAK CINTA PCH 515,,,0,PCS,,,N,1
99,05,5,08,1,20133508,KAO BIORE BODY FOAM DEO PROTECT TAWAS&M.ZAITUN PCH 400L,,,0,PCS,,,N,1
99,05,5,09,1,20099678,LEMONILO MIE INSTANT KUAH ALAMI AYAM BAWANG PCK 75/60,,,0,PCS,,,N,20
99,05,5,10,1,20135318,HERBORIST BODY SERUM ENERGIZE & GLOW POME&BEETROOT TUB 180L,,,0,PCS,CTN,,N,1
99,05,5,11,1,20115160,GARNIER MEN TURBO BRIGHT SUPER DUO FOAM TUB 50L,,,0,PCS,,,N,1
99,05,5,12,1,20139354,REXONA DEO.ROLL ON MEN GARUDA EDITION FRESH STRIKE BTL 40L,,,4,PCS,,,R,1
99,05,5,13,1,10000431,SASA BUMBU MASAK  PCK 100,,,0,PCS,,,N,2
99,05,5,14,1,10004061,WONG COCO ICE BON-BON CAMPUR  PCK 5X80,,,0,PCS,,,N,1
99,05,5,15,1,20018225,JOHNSONS BABY BEDTIME HAIR & BODY BATH  PCH 400L,,,0,PCS,,,N,1
99,05,5,16,1,20082203,WARDAH SHAMPOO HAIR FALL TREAT BTL 170L,,,0,PCS,,,N,1
99,05,5,17,1,20090169,GERY KRAKER BERAS ASIN PCK 10X5.6,,,0,PCS,,,N,1
99,05,5,18,1,20106172,KARTIKA TOAST BAGELEN BUTTER PCH 72,,,0,PCS,,,N,1
99,05,5,19,1,20106173,KARTIKA TOAST BAGELEN CHEESE PCH 78,,,0,PCS,,,N,1
99,05,5,20,1,20109980,OVOMALTINE CRUNCHY CREAM  BTL 230,,,0,PCS,,,N,1
99,05,5,21,1,20119091,KAPAL API KOPI BUBUK GULA AREN SPECIAL MIX PCK 10X23,,,0,PCS,,,N,1
99,05,5,22,1,20120993,HARUMAS MINYAK GORENG  PCH 2L,,,0,PCS,,,N,6
99,05,5,23,1,20122285,NEXTAR NOIR COOKIES & CREAM  PCK 144,,,0,PCS,,,N,2
99,05,5,24,1,20124335,MUJIGAE JAJANGMYEON  PCK 265,,,0,PCS,,,N,1
99,05,5,25,1,20125696,WONG COCO PUDDING MANGO PCK 3X120,,,0,PCS,,,J,16
99,05,5,26,1,20126490,PEARLY PODS BLIND PACK ASSORTMENT PCS,,,0,PCS,,,N,1
99,05,5,27,1,20129409,NEXTAR NOIR CHOCOLATE  PCK 144,,,0,PCS,,,N,2
99,05,5,28,1,20130454,DILAN SANDWICH BISCUIT COKELAT VANILLA PCK 80,,,0,PCS,,,N,10
99,05,5,29,1,20135416,GARNIER ULTRA COLOR COOL ASH PCK 30L,,,0,PCS,,,N,1
99,05,5,30,1,20135417,GARNIER ULTRA COLOR RADIANT.BLBERRY PCK 30L,,,0,PCS,,,N,1
99,05,5,31,1,20135979,APOLO LITTLE BOTS ASSORTED BOX,,,0,PCS,,,N,1
99,05,5,32,1,20136761,ROMA MARIE GOLD  PCK 110,,,0,PCS,,,N,1
99,05,5,33,1,20138041,FROZZ CANDY MANGO BINGSOO PCS 14,,,0,PCS,,,N,1
99,05,5,34,1,20138111,KAO ATTACK JAZ 1 DETERGENT CAIR JPN ROSE BERRY PCH 515,,,0,PCS,,,N,1
99,05,5,35,1,20138332,CHOCOLATOS COATED WAFER ROLL RICH CHOCOLATE PCK 54,,,0,PCS,,,N,2
99,05,5,36,1,20140012,KIT KAT CHOCOLATE CHUNKY MILO PCK 38,,,0,PCS,,,N,1
99,05,5,37,1,20140229,WONG COCO PUDDING BLUEBERRY BDD 3X120,,,0,PCS,,,J,16
99,05,5,38,1,20140456,WONG COCO SARI KELAPA PEDAS CUP 220,,,0,PCS,,,N,1
99,05,5,39,1,20140883,CADBURY CHOCOLATE DAIRY MILK BUBBLY PCK 46,,,0,PCS,,,N,1
99,05,5,40,1,20141364,SARIWANGI TEH CELUP ASLI TWIN PACK  BDD 30X2,,,0,PCS,,,N,1
99,05,5,41,1,20125852,LIFEBUOY SHAMPOO ANTI-KETOMBE REFRESH N COOL BTL 170L,,,27,PCS,,,R,1
99,05,5,42,1,20129405,VICKS OBAT BATUK FORMULA JAHE MADU BTL 105L,,,0,PCS,,,R,1
99,05,5,43,1,20138022,SUNSILK POWER SHOT CREAMBATH SILKY SMOOTH SCT 30,,,29,PCS,,,R,1
99,05,5,44,1,20140969,PANTENE PANTENE INTENSIVE SHOTS  BOX 412,,,6,PCS,,,R,1
99,05,5,45,1,20138368,NIMS CRISPY CHOCO MINI RAINBOW CUP 35,,,0,PCS,CTN,,N,1
99,05,5,46,1,20138369,NIMS CRISPY CHOCO MINI CHOCO CUP 35,,,0,PCS,,,N,1
99,05,5,47,1,20133914,INDOMARET ROASTED CHICKPEAS (KCG ARAB) JAGUNG BAKAR PCH 60,,,0,PCS,,,N,1
99,05,5,48,1,20134803,EMINA SUN BATTLE SPF 50 PA++++  CICA ACNE FGHTR TUB 20L,,,0,PCS,,,N,1
99,05,5,49,1,20138114,PALDO BIBIMEN II MIE GORENG  PCK 130,,,0,PCS,,,N,1
99,05,5,50,1,20136816,INDOMILK SUSU CAIR KIDS BLUEBERRY BTL 190L,,,0,PCS,,,N,1
99,05,5,51,1,20134003,GARNIER MICELLAR CLEANSING WATER SALICYLIC BHA BTL 50L,,,0,PCS,,,N,1
99,05,5,52,1,20138660,MONDE BOROMON COOKIES MILK BOX 100,,,0,PCS,,,N,1
99,05,5,53,1,20138661,MONDE BOROMON COOKIES MIX FRUIT BOX 100,,,0,PCS,,,N,1
99,05,5,54,1,20138765,VEEV ONE/VEEVA PODS STRAWBERY CLOVE BKS 1000 PUFFS,,,0,PCS,,,N,1
99,05,5,55,1,20139453,NIVEA DEO ROLL ON DERMA CONTROL BTL 50L,,,0,PCS,,,N,1
99,05,5,56,1,20139454,NIVEA DEO ROLL ON MEN DERMA CONTROL BTL 50L,,,0,PCS,,,N,1
99,05,5,57,1,20140264,CHIKI SNACK PUFFS NUTTY CARAMEL PCK 50,,,0,PCS,,,N,1
AI,01,1,01,1,20142492,SPRITE SOFT DRINK NIPIS MINT PET 1L,,194,136,PCS,,31/03/2027,,1
AI,01,1,02,1,20114494,NESCAFE COFFEE DRINK CRMEL MACCHIATO KLG 220L,,195,149,PCS,,20/09/2027,S,6
AI,01,2,01,1,20046315,MINUTE MAID JUICE NUTRIBOOST STRAWBERRY BTL 300L,,196,1245,PCS,,14/03/2027,,3
AI,01,2,02,1,20045415,KOPIKO COFFEE LATTE 78C  BTL 240L,,197,36,PCS,,01/09/2027,,4
AI,01,2,03,1,,,,,0,PCS,,,,
AI,01,2,04,1,,,,,0,PCS,,,,
AI,01,2,05,1,,,,,0,PCS,,,,
AI,01,2,06,1,,,,,0,PCS,,,,
AI,02,1,01,1,20019674,YOU C1000 ISOTONIC DRINK ORANGE WATER BTL 500L,,202,410,PCS,,20/05/2027,D,24
AI,02,1,02,1,20139578,POINT COFFEE COFFEE DRINK GOLDEN CARAMEL BTL 210L,,203,161,PCS,,20/09/2027,L,24
AI,02,2,01,1,20107749,MILKU SUSU UHT STROBERI BTL 200L,,204,13,PCS,,05/05/2027,,12
AI,02,2,02,1,20036157,SOSRO TEH BOTOL JASMINE TEA BTL 450L,,205,465,PCS,,17/03/2027,S,8
AI,02,2,03,1,,,,,0,PCS,,,,
AI,02,2,04,1,,,,,0,PCS,,,,
AI,02,2,05,1,,,,,0,PCS,,,,
AI,02,2,06,1,,,,,0,PCS,,,,
AI,03,1,01,1,20032503,MINUTE MAID JUICE PULPY ORANGE BTL 1L,,210,447,PCS,,14/03/2027,S,3
AI,03,1,02,1,20139576,POINT COFFEE COFFEE DRINK CAPPUCCINO BTL 210L,,211,5,PCS,,20/09/2027,L,12
AI,03,2,01,1,20065780,FANTA SOFT DRINK STRAWBERRY PET 390L,,212,777,PCS,,15/02/2027,,6
AI,03,2,02,1,20142491,SPRITE SOFT DRINK NIPIS MINT PET 390L,,213,998,PCS,,31/03/2027,,2
AI,03,2,03,1,,,,,0,PCS,,,,
AI,03,2,04,1,,,,,0,PCS,,,,
AI,03,2,05,1,,,,,0,PCS,,,,
AI,03,2,06,1,,,,,0,PCS,,,,
AI,04,1,01,1,20128821,COCA COLA SOFT DRINK ZERO SUGAR PET 390L,,218,870,PCS,,14/03/2027,,12
AI,04,1,02,1,10004237,CAP BADAK LARUTAN PENYEGAR LECI KLG 320L,,219,138,PCS,,01/09/2028,S,6
AI,04,2,01,1,20040383,NU MINUMAN MILK TEA  BTL 330L,,220,356,PCS,,23/09/2027,L,2
AI,04,2,02,1,20129102,OATSIDE OAT MILK BARISTA BLEND TPK 200ML / BTL 240L,,221,500,PCS,,11/08/2027,,2
AI,04,2,03,1,20125126,STARBUCKS DOUBLESHOT COFFEE DRINK CARAMEL LATTE KLG 220L,,222,392,PCS,,20/09/2027,,3
AI,04,2,04,1,20135619,TEBS ZERO SPARKLING LYCHEE BTL 300L,,223,594,PCS,,07/02/2027,,3
AI,04,2,05,1,20118832,ION WATER MINUMAN ISOTONIK  BTL 500L,,224,174,PCS,,20/04/2027,S,3
AI,04,2,06,1,,,,,0,PCS,,,,
AI,05,1,01,1,20002203,SOSRO FRUIT TEA APEL BTL 500L,,226,118,PCS,,04/05/2027,,2
AI,05,1,02,1,20036198,COCA COLA SOFT DRINK ZERO  PET 1L,,227,86,PCS,,02/09/2028,L,12
AI,05,2,01,1,20045673,GOOD DAY COFFEE DRINK TIRAMISU BLISS BTL 250/230L,,228,609,PCS,,20/07/2027,L,4
AI,05,2,02,1,20002209,TEBS SPARKLING MIX FRUIT KLG 330L,,229,50,PCS,,11/04/2027,,2
AI,05,2,03,1,20142863,EWATER MINUMAN ISOTONIC LEMON BTL 380L,,230,2,PCS,,20/05/2027,,1
AI,05,2,04,1,20089542,INDOMARET AIR MINUM PH TINGGI 8+  BTL 500L,,231,570,PCS,,01/05/2028,,6
AI,05,2,05,1,20137228,KIRANTI JUICE SEHAT DATANG BULAN LYCHEE BTL 150L,,232,54,PCS,,22/06/2027,,2
AI,05,2,06,1,,,,233,0,PCS,,,,
AI,06,1,01,1,10037437,CAP BADAK LARUTAN PENYEGAR STRAWBERRY KLG 320L,,234,402,PCS,,22/07/2028,,2
AI,06,1,02,1,20037153,KAKI TIGA LARUTAN PENYEGAR PUTIH BTL 500L,,235,456,PCS,,04/08/2029,D,6
AI,06,2,01,1,20113059,NU MINUMAN YOGURT TEA  BTL 450L,,236,168,PCS,,23/09/2027,,6
AI,06,2,02,1,20138167,KOPI KENANGAN HANYA UNTUKMU COFFEE DRINK JAPANESE MATCHA BTL 200L,,237,40,PCS,,19/07/2027,,2
AI,06,2,03,1,20094167,MIZONE MOOD UP MINUMAN ISOTONIK CRANBERRY BTL 500L,,238,117,PCS,,27/02/2027,L,3
AI,06,2,04,1,20142467,FIT ME UP MINUMAN BERKARBONASI RELAX  BTL 160L,,239,180,PCS,,04/07/2027,,2
AI,06,2,05,1,,,,240,0,PCS,,,,
AI,06,2,06,1,,,,,0,PCS,,,,
AI,07,1,01,1,10000178,BIMOLI MINYAK GORENG  BTL 2000L,,242,53,PCS,,11/09/2028,,1
AI,07,1,02,1,20037147,KAKI TIGA LARUTAN PENYEGAR STROBERI KLG 320L,,243,284,PCS,,01/03/2029,,2
AI,07,2,01,1,20060207,ICHI OCHA MINUMAN TEH MELATI BTL 350L,,244,617,PCS,,20/06/2027,,2
AI,07,2,02,1,20135599,ICHITAN KOREAN BANANA MILK  BTL 300L,,245,114,PCS,,12/08/2027,,3
AI,07,2,03,1,20084430,KIN YOGURT DRINK STRAWBERRY BTL 200L,,246,542,PCS,,11/07/2027,,1
AI,07,2,04,1,20136193,SO GOOD SUSU STERIL  KLG 189L,,247,1201,PCS,,01/08/2027,,2
AI,07,2,05,1,20138202,NU MINUMAN MATCHA LATTEA BTL 330L,,248,165,PCS,,23/09/2027,S,4
AI,07,2,06,1,,,,,0,PCS,,,,
AI,08,1,01,1,20126464,INDOMARET MINUMAN TEH APEL & LYCHEE BTL 350L,,250,0,PCS,,04/05/2027,,1
AI,08,1,02,1,20141981,DUM DUM MILK TEA CHOCO BTL 330L,,251,1408,PCS,,11/08/2027,,2
AI,08,2,01,1,20142025,ICHITAN MINUMAN MELON MILK BTL 300L,,252,143,PCS,,30/06/2027,,1
AI,08,2,02,1,20137095,MOGU-MOGU MINUMAN NATA DE COCO BUBBLE GUM BTL 320L,,253,552,PCS,,01/09/2027,,2
AI,08,2,03,1,20090512,KIN YOGURT DRINK BLUEBERRY BTL 200L,,254,93,PCS,,04/07/2027,,1
AI,08,2,04,1,20012574,FRESTEA MINUMAN TEH APEL BTL 500L,,255,297,PCS,,31/05/2027,,2
AI,08,2,05,1,,,,,0,PCS,,,,
AI,08,2,06,1,20084429,KIN YOGURT DRINK ORIGINAL BTL 200L,,257,193,PCS,,04/06/2027,,1
AI,09,1,01,1,20046841,BIG SOFT DRINK COLA BTL 3.1L,,258,0,PCS,,30/04/2027,,6
AI,09,1,02,1,20136952,V-SOY SOYA BEAN COCOA BTL 300L,,259,0,PCS,,13/07/2027,,2
AI,09,2,01,1,,,,,0,PCS,,,,
AI,09,2,02,1,,,,,0,PCS,,,,
AI,09,2,03,1,,,,,0,PCS,,,,
AI,09,2,04,1,,,,,0,PCS,,,,
AI,09,2,05,1,,,,,0,PCS,,,,
AI,09,2,06,1,,,,,0,PCS,,,,
AI,10,1,01,1,20140260,COCA COLA SOFT DRINK VANILLA BTL 390L,,266,623,PCS,,14/03/2027,,6
AI,10,1,02,1,20091654,FRUITAMIN MINUMAN COCO BIT SPLASH GUAVA BTL 350L,,267,249,PCS,,10/05/2027,,1
AI,10,2,01,1,10000133,KHONG GUAN BISCUIT MINI ASSORTED  KLG 650,,268,22,PCS,,20/09/2027,J,6
AI,10,2,02,1,,,,269,0,PCS,,,,
AI,10,2,03,1,10000734,NISSIN WAFER CHOCOLATE KLG 570,,270,186,PCS,,24/11/2027,J,6
AI,10,2,04,1,20010655,TANGO WAFER CHOCOLATE KLG 220,,271,4,PCS,,08/06/2027,J,6
AI,10,2,05,1,,,,,0,PCS,,,,
AI,10,2,06,1,,,,,0,PCS,,,,
AI,11,1,01,1,20142358,POWERADE MINUMAN ISOTONIK ACTIVE WHITE BTL 400L,,274,157,PCS,,20/04/2027,,1
AI,11,1,02,1,,,,275,0,PCS,,,,
AI,11,2,01,1,,,,276,0,PCS,,,,
AI,11,2,02,1,,,,277,0,PCS,,,,
AI,11,2,03,1,,,,278,0,PCS,,,,
AI,11,2,04,1,,,,279,0,PCS,,,,
AI,11,2,05,1,,,,,0,PCS,,,,
AI,11,2,06,1,,,,,0,PCS,,,,
AI,12,1,01,1,,,,282,0,PCS,,,,
AI,12,1,02,1,,,,283,0,PCS,,,,
AI,12,2,01,1,,,,284,0,PCS,,,,
AI,12,2,02,1,,,,285,0,PCS,,,,
AI,12,2,03,1,20136215,HOT WHEELS FAST & FURIOUS 2025 HNR88 ASSORTED PCS,,289,0,PCS,,,V,1
AI,12,2,04,1,20141254,SPINMASTER GABBYS DOLLHOUSE  PCS,,287,2,PCS,,,R,1
AI,12,2,05,1,20130066,HOT WHEELS ULTRA HOTS ASSORTED PCS,,288,0,PCS,,,R,1
AI,12,2,06,1,20143240,Y/COFFEE GOLD STRAW SLIM BLACK/PAPER PCK,,289,0,PCS,,,Z,500
AJ,01,1,01,1,20036200,SPRITE SOFT DRINK  PET 1L,,97,181,PCS,,31/03/2027,S,12
AJ,01,1,02,1,20036197,COCA COLA SOFT DRINK  PET 1L,,98,91,PCS,,31/03/2027,S,2
AJ,01,2,01,1,20140431,NESCAFE COFFEE DRINK KITKAT LATTE  KLG 220,,99,819,PCS,,04/08/2027,S,3
AJ,01,2,02,1,20143469,GADJAH KOPI TUBRUK GULA BATU BTL 200L,,100,7,PCS,,04/09/2027,,1
AJ,01,2,03,1,20079972,SOSRO FRUIT TEA MARKISA BTL 350L,,101,20,PCS,,07/05/2027,,4
AJ,01,2,04,1,,,,,0,PCS,,,,
AJ,01,2,05,1,,,,,0,PCS,,,,
AJ,01,2,06,1,,,,,0,PCS,,,,
AJ,02,1,01,1,20065778,COCA COLA SOFT DRINK  PET 390L,,105,1248,PCS,,28/02/2027,S,12
AJ,02,1,02,1,20065041,PORORO MINUMAN BERPERISA BLUEBERRY BTL 235L,,106,395,PCS,,20/06/2027,S,2
AJ,02,2,01,1,20138057,NESCAFE COFFEE DRINK GULA AREN KLG 220L,,107,588,PCS,,20/09/2027,L,24
AJ,02,2,02,1,20129123,OATSIDE OAT MILK CHOCOLATE TPK 200 / BTL 240L,,108,1399,PCS,,02/08/2027,,4
AJ,02,2,03,1,20139698,AJE BIG SOFT DRINK NIPIS MADU BTL 350,,109,580,PCS,,07/03/2027,,4
AJ,02,2,04,1,,,,,0,PCS,,,,
AJ,02,2,05,1,,,,,0,PCS,,,,
AJ,02,2,06,1,,,,,0,PCS,,,,
AJ,03,1,01,1,20037136,PORORO MINUMAN BERPERISA SUSU BTL 235L,,113,470,PCS,,25/08/2027,S,8
AJ,03,1,02,1,20015838,POCARI SWEAT MINUMAN ISOTONIK  BTL 350L,,114,881,PCS,,20/09/2027,D,24
AJ,03,2,01,1,10003627,CAP BADAK LARUTAN PENYEGAR ORANGE KLG 320L,,115,900,PCS,,01/08/2028,L,2
AJ,03,2,02,1,20136206,MILO HEALTY DRINK COOL KLG 220L,,116,7,PCS,,20/09/2027,,2
AJ,03,2,03,1,20117940,KIN BULGARIAN YOGURT BLACK  BTL 200,,117,219,PCS,,04/07/2027,,1
AJ,03,2,04,1,,,,,0,PCS,,,,
AJ,03,2,05,1,,,,,0,PCS,,,,
AJ,03,2,06,1,,,,,0,PCS,,,,
AJ,04,1,01,1,20000787,NESCAFE ICE COFFEE ORIGINAL KLG 220L,,121,774,PCS,,20/09/2027,S,4
AJ,04,1,02,1,20141500,DUA BELIBIS SAUS CABE EXTRA PEDAS BTL 235L,,122,130,PCS,,21/08/2027,,1
AJ,04,2,01,1,20018904,NU MINUMAN GREEN TEA HONEY BTL 330L,,123,22,PCS,,31/07/2027,,2
AJ,04,2,02,1,20142024,KAKI TIGA LARUTAN PENYEGAR COOLTOPIA MELON ORANGE KLG 320L,,124,947,PCS,,01/03/2029,,2
AJ,04,2,03,1,20053867,TEH GELAS MINUMAN TEH ALAMI  BTL 350L,,125,264,PCS,,19/03/2028,,24
AJ,04,2,04,1,,,,,0,PCS,,,,
AJ,04,2,05,1,,,,,0,PCS,,,,
AJ,04,2,06,1,,,,,0,PCS,,,,
AJ,05,1,01,1,10000181,BIMOLI MINYAK GORENG  DRG 5000L,,129,0,PCS,,08/09/2028,L,2
AJ,05,1,02,1,20036199,FANTA SOFT DRINK STRAWBERRY PET 1L,,130,389,PCS,,14/03/2027,L,4
AJ,05,2,01,1,20132760,CAFFINO COFFEE READY TO DRINK MILKY ESPRESSO BTL 200L,,131,1017,PCS,,23/09/2027,,2
AJ,05,2,02,1,20143468,PORORO MINUMAN BERPERISA ZERO SUGAR BLUEBERRY BTL 235L,,132,0,PCS,,10/07/2027,,1
AJ,05,2,03,1,20021178,MINUTE MAID JUICE PULPY ORANGE BTL 300L,,133,564,PCS,,31/03/2027,L,6
AJ,05,2,04,1,,,,,0,PCS,,,,
AJ,05,2,05,1,,,,,0,PCS,,,,
AJ,05,2,06,1,,,,,0,PCS,,,,
AJ,06,1,01,1,20066455,SOSRO FRUIT TEA APPLE BTL 350L,,137,248,PCS,,07/04/2027,L,12
AJ,06,1,02,1,20048934,ICHI OCHA MINUMAN GREEN TEA  BTL 350L,,138,202,PCS,,09/06/2027,L,6
AJ,06,2,01,1,20142601,NESCAFE COFFEE DRINK MATCHA ESPRESSO KLG 220L,,139,0,PCS,,20/09/2027,T,2
AJ,06,2,02,1,,,,,0,PCS,,,,
AJ,06,2,03,1,20138837,MIZONE MINUMAN ISOTONIK COCO BOOST BTL 500L,,141,632,PCS,,23/09/2027,L,4
AJ,06,2,04,1,20142862,EWATER MINUMAN ISOTONIC GRAPEFRUIT BTL 380L,,142,0,PCS,,20/05/2027,,1
AJ,06,2,05,1,,,,,0,PCS,,,,
AJ,06,2,06,1,,,,,0,PCS,,,,
AJ,07,1,01,1,20137093,FANTA SOFT DRINK ZERO SUGAR STRAWBERRY BTL 390L,,145,508,PCS,,09/01/2027,,2
AJ,07,1,02,1,20056219,ETERNALPLUS MINERAL WATER PH8+  BTL 500L,,146,733,PCS,,13/01/2028,,5
AJ,07,2,01,1,20133220,KIN BULGARIAN YOGURT MANG-GO BTL 200,,147,46,PCS,,31/07/2027,,1
AJ,07,2,02,1,,,,,0,PCS,,,,
AJ,07,2,03,1,20130667,SPRITE SOFT DRINK ZERO SUGAR LIME PET 390L,,149,192,PCS,,14/03/2027,,12
AJ,07,2,04,1,,,,,0,PCS,,,,
AJ,07,2,05,1,,,,,0,PCS,,,,
AJ,07,2,06,1,,,,,0,PCS,,,,
AJ,08,1,01,1,20069773,ISOPLUS MINUMAN ISOTONIK  BTL 350L,,153,36,PCS,,04/04/2027,,12
AJ,08,1,02,1,20087862,INDOMARET AIR MINUM DENGAN OKSIGEN DORAEMON BTL 330L,,154,0,PCS,,13/02/2028,V,4
AJ,08,2,01,1,20141360,PORORO MINUMAN BERPERISA ZERO SUGAR MILKY BTL 235L,,155,320,PCS,,18/06/2027,,2
AJ,08,2,02,1,,,,,0,PCS,,,,
AJ,08,2,03,1,20037976,ZODA AIR SODA  BTL 250L,,157,0,PCS,,10/05/2027,,2
AJ,08,2,04,1,,,,,0,PCS,,,,
AJ,08,2,05,1,,,,,0,PCS,,,,
AJ,08,2,06,1,,,,,0,PCS,,,,
AJ,09,1,01,1,20061938,SUPER O2 AIR MINERAL SPORTIVO  BTL 600L,,161,690,PCS,,10/02/2028,,2
AJ,09,1,02,1,20076052,PUCUK HARUM MINUMAN TEH MELATI BTL 1.36L/1.3L,,162,2,PCS,,23/09/2027,L,2
AJ,09,2,01,1,,,,163,0,PCS,,,,
AJ,09,2,02,1,,,,164,0,PCS,,,,
AJ,09,2,03,1,,,,,0,PCS,,,,
AJ,09,2,04,1,,,,,0,PCS,,,,
AJ,09,2,05,1,,,,,0,PCS,,,,
AJ,09,2,06,1,,,,,0,PCS,,,,
AJ,10,1,01,1,20032519,YOU C1000 HEALTH DRINK VITAMIN APPLE BTL 140L,,169,1071,PCS,,02/05/2027,,5
AJ,10,1,02,1,20140327,FRUITAMIN MINUMAN COCO BIT KYOHO GRAPE BTL 350L,,170,718,PCS,,20/06/2027,,1
AJ,10,2,01,1,,,,172,0,PCS,,,,
AJ,10,2,02,1,,,,173,0,PCS,,,,
AJ,10,2,03,1,,,,,0,PCS,,,,
AJ,10,2,04,1,,,,,0,PCS,,,,
AJ,10,2,05,1,,,,,0,PCS,,,,
AJ,10,2,06,1,,,,,0,PCS,,,,
AJ,11,1,01,1,,,,178,0,PCS,,,,
AJ,11,1,02,1,,,,179,0,PCS,,,,
AJ,11,2,01,1,,,,180,0,PCS,,,,
AJ,11,2,02,1,20090848,CERTAINTY POPOK PEREKAT 7S  BAG LARGE,,180,0,PCS,,27/09/2029,R,2
AJ,11,2,03,1,20140329,BLOKEES HERO INFINITY  BOX,,181,0,PCS,,27/09/2031,V,1
AJ,11,2,04,1,20090847,CERTAINTY POPOK PEREKAT 8S  BAG MEDIUM,,182,0,PCS,,27/09/2029,R,1
AJ,11,2,05,1,,,,,0,PCS,,,,
AJ,12,1,01,1,,,,186,0,PCS,,,,
AJ,12,1,02,1,20098398,DELI PERMANENT MARKER BLUE & BLACK EU10420&EU10430 PCK,,185,0,PCS,,,V,1
AJ,12,2,01,1,,,,188,0,PCS,,,,
AJ,12,2,02,1,20134460,MEGA POKEMON POKEBALL GFC85 ASSORTED PCS,,187,0,PCS,,,V,1
AJ,12,2,03,1,20127783,APOLO HEAVY MACHINERY PRESS & GO ASSORTMENT BOX,,188,0,PCS,,,V,1
AJ,12,2,04,1,20074710,INDOMARET KESET HANDUK (NEW)  PCK 40X60,,189,0,PCS,,,V,1
AJ,12,2,05,1,20137629,HOT WHEELS SURF UP 2025 JDY-85  PCS,,190,0,PCS,,,V,1
AJ,12,2,06,1,20135980,INDOMARET ADULT CAT FOOD TUNA PCH 80,,191,3,PCS,,27/09/2028,V,1
AK,01,1,01,1,20115636,YOU C1000 HEALTH DRINK VITAMIN MANGO BTL 140L,,1,2127,PCS,,10/03/2027,S,10
AK,01,1,02,1,20133979,SPRITE SOFT DRINK ZERO SUGAR LEMON LIME PET 1L,,2,448,PCS,,19/03/2027,,6
AK,01,2,01,1,20139577,POINT COFFEE COFFEE DRINK AREN LATTE BTL 210L,,3,4,PCS,,20/09/2027,S,12
AK,01,2,02,1,20056193,GOOD DAY COFFEE DRINK AVOCADO DELIGHT BTL 250/230L,,4,1346,PCS,,15/05/2027,,3
AK,01,2,03,1,,,,,0,PCS,,,,
AK,01,2,04,1,20132840,INDOMARET MINUMAN TEH BLACKCURRANT BTL 350L,,6,0,PCS,,04/06/2027,,1
AK,01,2,05,1,,,,,0,PCS,,,,
AK,01,2,06,1,,,,,0,PCS,,,,
AK,02,1,01,1,20045674,GOOD DAY COFFEE DRINK FUNTS.MOCACINNO BTL 250/230L,,9,309,PCS,,22/08/2027,S,12
AK,02,1,02,1,20052629,INDOMARET AIR MINUM DENGAN OKSIGEN SPORTY BTL 600L,,10,1680,PCS,,09/09/2028,,24
AK,02,2,01,1,20124713,LUWAK COFFEE DRINK KOPI + GULA BTL 220L,,11,350,PCS,,31/10/2027,,2
AK,02,2,02,1,20134557,OATSIDE OAT MILK CARAMEL MACCHIATO TPK 200ML/ BTL 240L,,12,0,PCS,,11/07/2027,,2
AK,02,2,03,1,,,,,0,PCS,,,,
AK,02,2,04,1,20110967,MUJIGAE SUSU CAIR CHOCO BANANA BTL 250L,,14,335,PCS,,04/09/2027,L,3
AK,02,2,05,1,,,,,0,PCS,,,,
AK,02,2,06,1,,,,,0,PCS,,,,
AK,03,1,01,1,10039897,YOU C1000 HEALTH DRINK VITAMIN LEMON BTL 140L,,17,1390,PCS,,07/03/2027,S,15
AK,03,1,02,1,20128918,ISOPLUS MINUMAN ISOTONIK COCO BTL 350L,,18,13,PCS,,30/04/2027,,12
AK,03,2,01,1,20037150,KAKI TIGA LARUTAN PENYEGAR JAMBU BIJI KLG 320L,,19,735,PCS,,07/04/2029,,6
AK,03,2,02,1,,,,,0,PCS,,,,
AK,03,2,03,1,,,,,0,PCS,,,,
AK,03,2,04,1,20113450,ICHITAN MINUMAN BROWN SUGAR MILK  BTL 300L,,22,916,PCS,,16/02/2027,S,2
AK,03,2,05,1,,,,,0,PCS,,,,
AK,03,2,06,1,,,,,0,PCS,,,,
AK,04,1,01,1,10008581,CAP BADAK LARUTAN PENYEGAR PUTIH BTL 500L,,25,474,PCS,,30/06/2031,S,8
AK,04,1,02,1,10003389,KIRANTI SEHAT DATANG BULAN  BTL 150L,,26,1047,PCS,,04/02/2027,,2
AK,04,2,01,1,20002205,SOSRO FRUIT TEA BLACKCURRANT BTL 500L,,27,147,PCS,,07/05/2027,L,2
AK,04,2,02,1,,,,,0,PCS,,,,
AK,04,2,03,1,,,,,0,PCS,,,,
AK,04,2,04,1,20120906,KOPI KENANGAN HANYA UNTUKMU COFFEE DRINK MANTANCINO BTL 220L,,30,1408,PCS,,04/07/2027,,8
AK,04,2,05,1,,,,,0,PCS,,,,
AK,04,2,06,1,,,,,0,PCS,,,,
AK,05,1,01,1,20038777,POCARI SWEAT MINUMAN ISOTONIK  BTL 900L,,33,391,PCS,,04/08/2027,S,15
AK,05,1,02,1,20069527,NU MINUMAN TEH TARIK  BTL 330L,,34,864,PCS,,28/06/2027,L,6
AK,05,2,01,1,20135311,HYDROPLUS ISOTONIC DRINK  BTL 350L,,35,66,PCS,,21/07/2027,,2
AK,05,2,02,1,,,,,0,PCS,,,,
AK,05,2,03,1,,,,,0,PCS,,,,
AK,05,2,04,1,10003426,INDOMILK SUSU CAIR STRAWBERRY BTL 190L,,38,517,PCS,,20/03/2027,,2
AK,05,2,05,1,,,,,0,PCS,,,,
AK,05,2,06,1,,,,,0,PCS,,,,
AK,06,1,01,1,20053540,ADEM SARI CHING KU LEMON BTL 350L,,41,389,PCS,,06/05/2027,L,6
AK,06,1,02,1,20035829,TEBS TEA WITH SODA  BTL 500L,,42,150,PCS,,10/07/2027,S,6
AK,06,2,01,1,10003373,INDOMILK SUSU CAIR CHOCOLATE BTL 190L,,43,234,PCS,,20/06/2027,,8
AK,06,2,02,1,,,,,0,PCS,,,,
AK,06,2,03,1,,,,,0,PCS,,,,
AK,06,2,04,1,20140263,FRESTEA MINUMAN TEH BLACKCURRANT BTL 500,,46,200,PCS,,17/06/2027,,2
AK,06,2,05,1,,,,,0,PCS,,,,
AK,06,2,06,1,,,,,0,PCS,,,,
AK,07,1,01,1,20038726,NARAYA SOYA BOTOL KEDELAI  BTL 320/300L,,49,982,PCS,,06/05/2027,,8
AK,07,1,02,1,20037144,KAKI TIGA LARUTAN PENYEGAR LECI KLG 320L,,50,532,PCS,,01/09/2029,S,4
AK,07,2,01,1,20142499,OATSIDE OAT MILK ESPRESSO ROAST BTL 240L,,51,0,PCS,,10/08/2027,,2
AK,07,2,02,1,,,,,0,PCS,,,,
AK,07,2,03,1,,,,,0,PCS,,,,
AK,07,2,04,1,20122278,SOSRO TEH BOTOL LESS SUGAR JASMINE TEA BTL 350L,,54,84,PCS,,30/09/2029,L,12
AK,07,2,05,1,,,,,0,PCS,,,,
AK,07,2,06,1,,,,,0,PCS,,,,
AK,08,1,01,1,10000772,MARJAN SYRUP MELON BTL 425L,,57,0,PCS,,24/12/2028,J,2
AK,08,1,02,1,10038881,TROPICAL MINYAK GORENG  BTL 1000L,,58,258,PCS,CTN,01/07/2028,D,6
AK,08,2,01,1,10032795,INDOFOOD SYRUP FREISS SQUASH ORANGE BTL 460L,,59,202,PCS,,04/06/2028,J,2
AK,08,2,02,1,10000360,KHONG GUAN BISCUIT RED SEGI ASSORTED KLG 1600,,60,12,PCS,,27/09/2027,J,6
AK,08,2,03,1,,,,,0,PCS,,,,
AK,08,2,04,1,,,,,0,PCS,,,,
AK,08,2,05,1,,,,,0,PCS,,,,
AK,08,2,06,1,,,,,0,PCS,,,,
AK,09,1,01,1,20101401,MAQOO AIR MINERAL (ECO) BTL 600L,,65,0,PCS,,04/09/2028,,2
AK,09,1,02,1,20141601,INDOMARET ISOTONIC DRINK PINK LADY LYCHE BTL 350,,66,0,PCS,,04/08/2027,,2
AK,09,2,01,1,,,,67,0,PCS,,,,
AK,09,2,02,1,20141124,REGEN MINUMAN VITAMIN ORANGE BTL 300L,,68,72,PCS,,19/08/2027,,2
AK,09,2,03,1,,,,,0,PCS,,,,
AK,09,2,04,1,,,,,0,PCS,,,,
AK,09,2,05,1,,,,,0,PCS,,,,
AK,09,2,06,1,,,,,0,PCS,,,,
AK,10,1,01,1,20140332,FRUITAMIN MINUMAN COCO BIT HOKKAIDO MELON BTL 350L,,73,413,PCS,,04/08/2027,,1
AK,10,1,02,1,20031487,CAP BANGAU SYRUP PISANG AMBON BTL 620L,,74,0,PCS,,27/08/2028,N,1
AK,10,2,01,1,,,,75,0,PCS,,,,
AK,10,2,02,1,,,,76,0,PCS,,,,
AK,10,2,03,1,,,,,0,PCS,,,,
AK,10,2,04,1,,,,,0,PCS,,,,
AK,10,2,05,1,,,,,0,PCS,,,,
AK,10,2,06,1,,,,,0,PCS,,,,
AK,11,1,01,1,,,,81,0,PCS,,,,
AK,11,1,02,1,20143239,Y/COFFEE GOLD STRAW BIG BLACK/PAPER PCK,,82,0,PCS,,,Z,100
AK,11,2,01,1,,,,83,0,PCS,,,,
AK,11,2,02,1,20137631,HOT WHEELS HYBRID SPEED 2025 JDY-87  PCS,,84,0,PCS,,,V,1
AK,11,2,03,1,20140690,HOT WHEELS COMPACT KINGS ASSORTED PCS,,85,0,PCS,,,V,1
AK,11,2,04,1,20126378,COOGER 2 PIECE/SET DETACHABLE  BROOM SET  BLUE PCS,,86,1,PCS,,,V,1
AK,11,2,05,1,20122827,GT MAN CELANA BOXER KAIN WOVEN (NEW) BX03 PCS EXTRALARGE,,87,0,PCS,,,V,1
AK,11,2,06,1,20140692,HOT WHEELS LUNAR NEW YEAR 2026 ASSORTED PCS,,88,0,PCS,,,V,1
AK,12,1,01,1,,,,89,0,PCS,,,,
AK,12,1,02,1,20126370,COOGER MOP CMO4609 GREEN BOX,,90,0,PCS,,,V,1
AK,12,2,01,1,,,,91,0,PCS,,,,
AK,12,2,02,1,20142380,POINT COFFEE TUMBLER SPIDERMAN BLACK PCS 530L,,92,0,PCS,,29/09/2031,V,1
AK,12,2,03,1,20121362,ME-O CAT FOOD OTAK-OTAK WITH WHITE FISH PCH 80,,93,0,PCS,,29/05/2028,V,2
AK,12,2,04,1,20131391,NORTHLAND TOYS PLAYSET SERIES  PCK,,94,3,PCS,,,V,1
AK,12,2,05,1,20038559,GT MAN CELANA DALAM GTH 2S  BOX MEDIUM,,95,0,PCS,,,V,1
AK,12,2,06,1,20133202,NORTHLAND TOYS DIECAST SERIES  BOX,,96,0,PCS,,,V,1
AL,01,1,01,1,20113564,GULAVIT GULA KRISTAL PUTIH  PCK 1,,289,0,PCS,,19/04/2028,T,20
AL,01,1,02,1,20143788,INDOMARET FOOD CONTAINER  PCS 1040 L,,291,1170,PCS,,,,6
AL,01,2,01,1,20141466,RAMEN YES MI GORENG TOKYO CHICKEN YAKITORI PCK 84,,290,0,PCS,,04/05/2027,,40
AL,01,2,02,1,20062365,SUKSESS MIE GORENG ISI 2 AYAM KREMES PCK 133,,292,0,PCS,,04/05/2027,,24
AL,02,1,01,1,20137991,AQUVIVA AIR MINERAL  BTL 700L,,293,120,PCS,,20/02/2028,D,24
AL,02,1,02,1,20009722,POCARI SWEAT MINUMAN ISOTONIK  BTL 500L,,295,672,PCS,,20/09/2027,E,24
AL,02,2,01,1,10000713,INDOMIE MIE INSTANT KALDU AYAM PCK 75,,294,0,PCS,,03/05/2027,,40
AL,02,2,02,1,20131690,SEDAAP MIE MIE INSTANT KUAH AYAM JERIT PCK 77,,296,0,PCS,,01/05/2027,,40
AL,03,1,01,1,,,,297,0,PCS,,,,
AL,03,1,02,1,20087542,GOLDA COFFEE DRINK DOLCE LATTE BTL 200L,,299,2484,PCS,,20/06/2027,D,12
AL,03,2,01,1,20135990,INDOMIE MIE GORENG PREMIUM KOREAN FIERY CHIKIN PCK 94,,298,0,PCS,,30/04/2027,,20
AL,03,2,02,1,20138877,SUKSESS MIE GORENG ISI 2 ACEH PCK 140,,300,0,PCS,,04/05/2027,,24
AL,04,1,01,1,20045052,INDOMARET AIR MINERAL  BTL 330L,,301,0,PCS,,10/09/2028,,24
AL,04,1,02,1,10013100,BIMOLI MINYAK GORENG SPECIAL REFILL  PCH 1000L,,303,0,PCS,,14/08/2028,L,12
AL,04,2,01,1,20044199,INDOMIE MIE GORENG CABE IJO PCK 85,,302,0,PCS,,20/05/2027,S,40
AL,04,2,02,1,20112370,BON CABE SNACK MAKARONI LEVEL 15 PCK 135,,304,688,PCS,,04/08/2027,,16
AL,05,1,01,1,20120499,KAPAL API COFFEE DRINK SIGNATURE STRONG BLACK COFFEE BTL 200L,,305,588,PCS,,28/08/2027,,12
AL,05,1,02,1,20054876,INDOMARET KANTONG PLASTIK(32/21X35X0.02) 1 WARNA WHL SEDANG,,307,50000,PCS,,04/05/2028,Z,5000
AL,05,2,01,1,20136020,SARIMI MIE GORENG (ISI 2) AYAM PDS KOREA PCK 120,,306,0,PCS,,06/05/2027,,24
AL,05,2,02,1,10003801,INDOMIE MIE GORENG JUMBO AYAM PANGGANG PCK 127,,308,0,PCS,,06/05/2027,L,24
AL,06,1,01,1,10036640,ULTRA TEH KOTAK JASMINE TEA TPK 300L,,309,2064,PCS,,20/09/2027,D,24
AL,06,1,02,1,10004668,ULTRA SUSU UHT STERIL SLIM STRAWBERRY TPK 250L,,311,828,PCS,,22/06/2027,S,24
AL,06,2,01,1,20132338,INDOMIE MIE INSTANT PREMIUM JAPANESE TORI KARA RAMEN PCK 89,,310,0,PCS,,29/04/2027,,20
AL,06,2,02,1,10004327,SARIMI MIE GORENG (ISI 2) AYAM KECAP PCK 126,,312,0,PCS,,10/05/2027,,24
AL,07,1,01,1,20057867,HYDRO COCO NATURAL HEALTH DRINK  TPK 500 L,,313,708,PCS,,30/04/2027,D,12
AL,07,1,02,1,20099571,CIMORY FRESH MILK UHT CHOCOLATE TPK 250/225 L,,315,864,PCS,,07/04/2027,L,24
AL,07,2,01,1,20096781,SEDAAP MIE MIE INSTANT GORENG KOREAN SPICY PCK 87,,314,0,PCS,,31/05/2027,L,40
AL,07,2,02,1,10007606,ABC MIE REBUS SELERA PEDAS GULAI AYM.PEDAS PCK 70,,316,0,PCS,,02/07/2027,,40
AL,08,1,01,1,20140174,BEAR BRAND SUSU STERIL COLLAGEN KLG 189L,,317,0,PCS,,10/11/2027,,30
AL,08,1,02,1,20139700,PRISTINE 8.6+ AIR MINERAL  BTL 1500L,,319,276,PCS,,01/09/2028,L,12
AL,08,2,01,1,20096589,SEDAAP MIE MIE INSTANT GORENG PCK 5X91,,318,208,PCS,,05/05/2027,E,8
AL,08,2,02,1,20101747,INDOMIE MIE INSTANT HYPE SBLAK HOT JLETO PCK 75,,320,0,PCS,,20/09/2027,,40
AL,09,1,01,1,20054875,INDOMARET KANTONG PLASTIK(40/28X50X0.02) 1 WARNA WHL BESAR,,321,540000,PCS,,01/01/2027,Z,5000
AL,09,1,02,1,,,,323,0,PCS,,,,
AL,09,2,01,1,20136385,SEDAAP MIE MIE INSTANT GORENG ALA CHEF DEVINA PCK 93,,322,0,PCS,CTN,31/05/2027,,40
AL,09,2,02,1,20045181,SARIMI MIE GORENG (ISI 2) AYAM KREMESS PCK 125,,324,0,PCS,,18/05/2027,,24
AL,10,1,01,1,10007380,ULTRA SUSU UHT STERIL SLIM COKLAT TPK 200L,,325,0,PCS,,22/06/2027,D,24
AL,10,1,02,1,,,,327,0,PCS,,,,
AL,10,2,01,1,10023790,SEDAAP MIE MIE INSTANT AYAM BAWANG PCK 70,,326,200,PCS,,02/09/2028,,40
AL,10,2,02,1,20085115,INDOMIE MIE GORENG ACEH  PCK 90,,328,1280,PCS,,20/05/2027,S,40
AL,11,1,01,1,20134454,AQUA AIR MINERAL CUBE  CTN 24X220L,,329,9,PCS,,02/02/2028,,1
AL,11,1,02,1,,,,331,0,PCS,,,,
AL,11,2,01,1,20025418,SEDAAP MIE MIE INSTANT KARI SPESIAL PCK 75,,330,0,PCS,,05/05/2027,,40
AL,11,2,02,1,20085462,INDOMIE MIE INSTANT SOTO LAMONGAN PCK 80,,332,0,PCS,,15/05/2027,,40
AL,12,1,01,1,,,,333,0,PCS,,,,
AL,12,1,02,1,,,,335,0,PCS,,,,
AL,12,2,01,1,20141464,RAMEN YES MIE INSTANT HAKATA CHICKEN RAMEN PCK 88,,334,0,PCS,,24/09/2027,,40
AL,12,2,02,1,20024324,INDOMIE MIE INSTANT KHAS KAL-SEL SOTO BNJAR KUIT PCK 75,,336,0,PCS,,20/05/2027,,40
AM,01,1,01,1,20097275,LAHAP LELE BERAS PUNEL & PUTIH ALAMI  SAK 5,,385,0,PCS,,20/09/2027,,5
AM,01,1,02,1,20025487,INDOMARET BERAS RAMOS SUPER  SAK 5,,387,0,PCS,,23/09/2027,,5
AM,01,2,01,1,20096098,KARDUS PARCEL KLIK INDOMARET 290X250X300 PCS,,386,0,PCS,,,I,20
AM,01,2,02,1,,,,388,0,PCS,,,,
AM,02,1,01,1,20133888,BEFOOD BERAS SLYP PREMIUM  SAK 5,,389,0,PCS,,20/09/2027,,5
AM,02,1,02,1,20018435,HYDRO COCO NATURAL HEALTH DRINK  TPK 250L,,391,2064,PCS,,20/06/2027,D,24
AM,02,2,01,1,20143962,POP MIE RAMEN GORENG CHICKEN YUZU CUP 75,,390,1368,PCS,,01/05/2027,,12
AM,02,2,02,1,,,,392,0,PCS,,,,
AM,03,1,01,1,10012753,BIMOLI MINYAK GORENG SPECIAL REFILL  PCH 2000L,,393,0,PCS,,23/08/2028,L,6
AM,03,1,02,1,20119830,LARISST BERAS SLYP SUPER  SAK 5,,395,0,PCS,,27/07/2027,,5
AM,03,2,01,1,20114755,SEDAAP MIE MIE INSTANT SG SPICY LAKSA PCK 83,,394,0,PCS,,23/05/2027,L,40
AM,03,2,02,1,10003374,SARIMI MIE INSTANT AYAM BAWANG PCK 75,,396,0,PCS,,21/05/2027,,40
AM,04,1,01,1,20134968,COLLAGENA SUSU STERIL  KLG 189L,,397,0,PCS,,01/09/2027,D,24
AM,04,1,02,1,20005530,NESTLE AIR MINERAL PURE LIFE BTL 1500L,,399,504,PCS,,27/03/2028,,12
AM,04,2,01,1,20122255,SEDAAP MIE MIE INSTANT BASO BLEDUK CUP 77,,398,0,PCS,,01/05/2027,,12
AM,04,2,02,1,20140674,SEDAAP MIE MIE INSTANT AYAM BAWANG PCK 5X71,,400,408,PCS,,01/04/2027,S,8
AM,05,1,01,1,20072249,SOSRO TEH BOTOL ORIGINAL BTL 350L,,401,744,PCS,,20/09/2027,D,12
AM,05,1,02,1,20094164,MIZONE ACTIVE MINUMAN ISOTONIK LYCHEE BTL 500L,,403,732,PCS,,02/09/2028,L,12
AM,05,2,01,1,20128381,INDOMIE MIE INSTANT PREMIUM JAPANESE TORI MISO RAMEN PCK 86,,402,0,PCS,,20/05/2027,,20
AM,05,2,02,1,20130152,LEMONILO BROWNIES CRISPY CHOCOCHIPS PCH 33/32,,404,1212,PCS,,06/08/2027,D,12
AM,06,1,01,1,20135720,SEDAAP MIE MIE INSTANT KARI MERCON CUP 79,,405,588,PCS,,04/04/2027,,12
AM,06,1,02,1,20127565,SEDAP WANGI BERAS PREMIUM  SAK 5,,407,0,PCS,,20/09/2027,,5
AM,06,2,01,1,20093221,INDOMIE MIE GORENG AYAM GEPREK PCK 85,,406,2360,PCS,,20/05/2027,L,40
AM,06,2,02,1,20129436,SUKSESS MIE GORENG ISI 2 RENDANG PCK 132,,408,0,PCS,,04/05/2027,,24
AM,07,1,01,1,20142599,INDOMIE MIE GORENG JUMBO CABE IJO PCK 120,,409,72,PCS,,31/05/2027,L,24
AM,07,1,02,1,20099297,SEDAAP MIE MIE INSTANT KOREAN SPICY CHICKEN CUP 81,,411,96,PCS,,14/04/2027,,12
AM,07,2,01,1,,,,410,0,PCS,,,,
AM,07,2,02,1,,,,412,0,PCS,,,,
AM,08,1,01,1,20137102,INDOMIE MIE INSTANT SOTO KOYA NAGIH PCK 76,,413,0,PCS,,18/05/2027,,40
AM,08,1,02,1,20045610,SEDAAP MIE MIE INSTANT SOTO CUP 77/81,,415,0,PCS,,04/05/2027,,12
AM,08,2,01,1,20085444,GAGA MIE GORENG 100 EXTRA PEDAS JALAPENO PCK 85,,414,200,PCS,,05/08/2027,,40
AM,08,2,02,1,,,,416,0,PCS,,,,
AM,09,1,01,1,10012338,BIMOLI MINYAK GORENG (REFILL)  PCH 1000L,,417,0,PCS,,09/09/2028,S,12
AM,09,1,02,1,20139555,PUNOKAWAN BERAS PREMIUM  SAK 10,,419,173,PCS,,28/02/2028,,1
AM,09,2,01,1,20143861,GOOD TIME MILKY MATCHA DIP COOKIES  KLG 120.7 ,,418,0,PCS,,09/03/2027,J,12
AM,09,2,02,1,,,,420,0,PCS,,,,
AM,10,1,01,1,20118913,INDOMARET TAS RAMAH LINGKUNGAN SEDANG PCS 383010.5,,421,89,PCS,,27/06/2026,,10
AM,10,1,02,1,,,,423,0,PCS,,,,
AM,10,2,01,1,,,,422,0,PCS,,,,
AM,10,2,02,1,,,,424,0,PCS,,,,
AM,11,1,01,1,,,,425,0,PCS,,,,
AM,11,1,02,1,,,,427,0,PCS,,,,
AM,11,2,01,1,10015954,GAGA MIE INSTANT 100 EXTRA PEDAS KUAH JALAPENO PCK 75,,426,0,PCS,,08/08/2027,,40
AM,11,2,02,1,,,,428,0,PCS,,,,
AM,12,1,01,1,,,,429,0,PCS,,,,
AM,12,1,02,1,,,,430,0,PCS,,,,
AM,12,2,01,1,,,,431,0,PCS,,,,
AM,12,2,02,1,10028574,KARDUS PARCEL WHITE KRAFT 290X250X300 KECIL PCS,,432,0,PCS,,,,20
AN,01,1,01,1,20099547,CRYSTALIN AIR MINERAL  BTL 1500L,,1,180,PCS,,18/03/2028,,12
AN,01,1,02,1,20112491,SUNLIGHT PENCUCI PIRING (NEW) LIME PCH 1L/910L,,3,222,PCS,CTN,01/01/2028,S,6
AN,01,2,01,1,20032100,INDOMIE MI KERITING (NEW) AYAM PANGGANG PCK 90,,2,0,PCS,,20/04/2027,,20
AN,01,2,02,1,20084444,SUKSESS MIE GORENG ISI 2 AYAM KECAP PCK 129,,4,0,PCS,,01/05/2027,,24
AN,02,1,01,1,20052296,INDOMARET GULA PASIR PREMIUM KUNING PCK 1,,5,75,PCS,,04/09/2028,E,25
AN,02,1,02,1,20034450,MAMA LEMON LIQUID PENCUCI PIRING JERUK NIPIS PCH 690/650 ,,7,600,PCS,CTN,09/09/2029,E,12
AN,02,2,01,1,10036957,HAPPYTOS SNACK TORTILA CHIPS HIJAU PCK 140,,6,80,PCS,,10/09/2027,S,16
AN,02,2,02,1,20045611,SEDAAP MIE MIE INSTANT GORENG  CUP 83/85,,8,624,PCS,,31/03/2027,,12
AN,03,1,01,1,20091352,DAIA DETERGENT POWDER+SOFTENER VIOLET PASSION PCK 1.5/1.4 ,,9,126,PCS,CTN,30/09/2030,D,6
AN,03,1,02,1,20143145,LAHAP LELE BERAS PREMIUM  SAK 10,,11,8,PCS,,11/09/2027,,1
AN,03,2,01,1,20124567,SUKSESS MIE GORENG ISI 2 AYAM GEPREK PCK 126,,10,0,PCS,,31/05/2027,,24
AN,03,2,02,1,20143961,POP MIE RAMEN KUAH SPICY TORIMEN CUP 79,,12,300,PCS,,20/05/2027,,12
AN,04,1,01,1,20140636,TROPICAL MINYAK GORENG  BTL 1.5L,,13,224,PCS,,07/02/2028,,8
AN,04,1,02,1,20139699,OASIS AIR MINERAL PH9  BTL 500L,,15,528,PCS,,21/06/2028,,24
AN,04,2,01,1,10002560,INDOMIE MIE INSTANT SOTO MIE PCK 70,,14,40,PCS,,05/05/2027,D,40
AN,04,2,02,1,20138358,INDOMIE MIE INSTANT HYPE MIE NYEMEK BANGLAHDES KARI PCK 80,,16,0,PCS,,20/05/2027,,40
AN,05,1,01,1,20066454,SOSRO FRUIT TEA BLACKCURRANT BTL 350L,,17,636,PCS,,20/09/2027,S,12
AN,05,1,02,1,20139025,LARISST GULA KRISTAL PUTIH  PCK 1,,19,1000,PCS,,02/09/2028,E,20
AN,05,2,01,1,10000184,INDOMIE MIE INSTANT AYAM SPECIAL PCK 68 ,,18,0,PCS,,24/05/2027,,40
AN,05,2,02,1,10000185,INDOMIE MIE INSTANT KARI AYAM PCK 72,,20,1120,PCS,,20/05/2027,D,40
AN,06,1,01,1,10021010,GULAKU GULA TEBU (PUTIH) PREMIUM PCK 1000,,21,648,PCS,,20/08/2028,,24
AN,06,1,02,1,10010804,SANIA MINYAK GORENG REFILL  PCH 1000L,,23,0,PCS,,09/09/2028,D,12
AN,06,2,01,1,,,,22,0,PCS,,,,
AN,06,2,02,1,20123024,SEDAAP MIE MIE INSTANT SOTO MADURA PCK 82,,24,0,PCS,,07/04/2027,,40
AN,07,1,01,1,20064413,KAO ATTACK DETERGENT POWDER JAZ 1 SEMERBAK CINTA BAG 1.4/1.3 ,,25,228,PCS,,22/07/2029,S,6
AN,07,1,02,1,,,,27,0,PCS,,,,
AN,07,2,01,1,20136533,INDOMIE MIE GORENG PREMIUM KOREAN K-ROSE PCK 85,,26,0,PCS,,20/04/2027,,20
AN,07,2,02,1,20133372,INDOMIE MIE INSTANT RAWON PDS MRCON PCK 75,,28,0,PCS,,03/05/2027,,40
AN,08,1,01,1,20121372,RINSO DETERJEN POWDER + MOLTO PERFUME ESSENCE BAG 400/380,,29,578,PCS,,14/04/2028,,12
AN,08,1,02,1,10003800,INDOMIE MIE GORENG JUMBO SPECIAL PCK 129,,31,216,PCS,,19/05/2027,E,24
AN,08,2,01,1,,,,30,0,PCS,,,,
AN,08,2,02,1,20140006,TAS RAMAH LINGKUNGAN DISNEY PCS,,32,900,PCS,,30/09/2026,,12
AN,09,1,01,1,10000176,BIMOLI MINYAK GORENG  BTL 620L,,33,0,PCS,,05/09/2028,,24
AN,09,1,02,1,20083795,FRISIAN FLAG SUSU CAIR UHT MILKY/NUTRIBRAIN CHOCO BDD 6X110L,,35,480,PCS,CTN,31/07/2027,D,6
AN,09,2,01,1,20135989,INDOMIE MIE INSTANT PREMIUM KOREAN SPICY RAMYEON PCK 83,,34,0,PCS,,13/04/2027,,20
AN,09,2,02,1,20071449,INDOMARET PAYUNG PANJANG WARNA WARNI / TRANSPARAN PCS,,36,293,PCS,,08/04/2026,,1
AN,10,1,01,1,20034850,INDOMARET ALAT PEL  PCS,,37,0,PCS,,30/05/2026,,1
AN,10,1,02,1,,,,39,0,PCS,,,,
AN,10,2,01,1,20119340,KARDUS KARDUS KLIK INDOMARET  PCS 353030,,38,0,PCS,,,I,20
AN,10,2,02,1,,,,40,0,PCS,,,,
AN,11,1,01,1,10023789,SEDAAP MIE MIE INSTANT GORENG PCK 91,,41,2040,PCS,CTN,01/05/2027,S,40
AN,11,1,02,1,10004335,INDOMARET AIR MINERAL  CUP 240/220L,,43,0,PCS,,01/04/2028,,48
AN,11,2,01,1,10004534,INDOMIE MIE GORENG PEDAS PCK 80,,42,0,PCS,,20/05/2027,,40
AN,11,2,02,1,,,,44,0,PCS,,,,
AN,12,1,01,1,20103543,FS GULA PASIR PUTIH PCK 1,,45,0,PCS,,01/07/2028,,25
AN,12,1,02,1,20073495,SOSRO FRUIT TEA FREEZE BTL 350L,,47,1008,PCS,,20/09/2027,L,12
AN,12,2,01,1,20136587,POP MIE INDOMIE GORENG  CUP 80,,46,660,PCS,,20/05/2027,L,12
AN,12,2,02,1,,,,48,0,PCS,,,,
AO,01,1,01,1,20069208,LE MINERALE AIR MINERAL  BTL 600 L,,97,1944,PCS,,01/03/2028,E,72
AO,01,1,02,1,10003814,AQUA AIR MINERAL  BTL 600 L,,99,720,PCS,,09/09/2028,E,48
AO,01,2,01,1,,,,98,0,PCS,,,,
AO,01,2,02,1,20054878,CERIAMART KANTONG PLASTIK(40/28X50X0.02) 1 WARNA WHL BESAR,,100,0,PCS,,,Z,5000
AO,02,1,01,1,10000426,AQUA AIR MINERAL  BTL 1500L,,101,156,PCS,,09/09/2028,E,24
AO,02,1,02,1,20142264,LAHAP LELE BERAS PREMIUM (KARUNG)  SAK 5,,103,0,PCS,SAK,05/09/2027,E,5
AO,02,2,01,1,20054879,CERIAMART KANTONG PLASTIK(32/21X35X0.02) 1 WARNA WHL SEDANG,,102,0,PCS,,,Z,5000
AO,02,2,02,1,,,,104,0,PCS,,,,
AO,03,1,01,1,20085988,LE MINERALE AIR MINERAL  BTL 1500L,,105,60,PCS,,01/03/2028,E,24
AO,03,1,02,1,20076768,ROSE BRAND GULA PASIR KUNING PCK 1,,107,0,PCS,,01/09/2028,E,20
AO,03,2,01,1,20054880,CERIAMART KANTONG PLASTIK 25/15X27X0.015 1 WARNA WHL KECIL,,106,0,PCS,,,Z,5000
AO,03,2,02,1,,,,108,0,PCS,,,,
AO,04,1,01,1,20090009,SANIA BERAS PREMIUM  SAK 5,,109,0,PCS,BAL,16/07/2027,E,5
AO,04,1,02,1,10008989,BIMOLI MINYAK GORENG (REFILL)  PCH 2000L,,111,0,PCS,CTN,05/09/2028,D,6
AO,04,2,01,1,,,,110,0,PCS,,,,
AO,04,2,02,1,,,,112,0,PCS,,,,
AO,05,1,01,1,20119956,INDOMARET BERAS KEPALA SUPER PREMIUM  SAK 5,,113,0,PCS,,20/09/2027,,5
AO,05,1,02,1,20016512,SUNCO MINYAK GORENG  PCH 2L,,115,0,PCS,CTN,12/09/2028,E,6
AO,05,2,01,1,,,,114,0,PCS,,,,
AO,05,2,02,1,,,,116,0,PCS,,,,
AO,06,1,01,1,20133808,PUTRI KOKI BERAS PREMIUM (MERAH) SAK 5,,117,0,PCS,,14/07/2027,,5
AO,06,1,02,1,20128415,MEDIUM/SPHP BERAS  SAK 5,,119,0,PCS,,04/04/2027,E,5
AO,06,2,01,1,10023791,SEDAAP MIE MIE INSTANT KARI AYAM PCK 72,,118,0,PCS,,01/05/2027,,40
AO,06,2,02,1,20032099,INDOMIE MI KERITING GORENG (NEW) SPECIAL PCK 90,,120,0,PCS,,20/05/2027,,20
AO,07,1,01,1,10004906,BEAR BRAND SUSU STERIL  KLG 189L,,121,0,PCS,,20/10/2027,E,30
AO,07,1,02,1,10005482,SUNLIGHT PENCUCI PIRING NEW REF LIME PCH 650L/660,,123,192,PCS,,01/01/2028,D,12
AO,07,2,01,1,10000652,INDOMIE MIE INSTANT AYAM BAWANG PCK 69,,122,40,PCS,,14/04/2027,D,40
AO,07,2,02,1,10023792,SEDAAP MIE MIE INSTANT SOTO PCK 76,,124,0,PCS,,30/04/2027,,40
AO,08,1,01,1,20107742,INDOMARET TAS RAMAH LINGKUNGAN KECIL PCS 40X30,,125,1245,PCS,,20/06/2026,S,12
AO,08,1,02,1,20048155,PUCUK HARUM MINUMAN TEH LESS SUGAR BTL 350L,,127,1200,PCS,,01/09/2027,D,24
AO,08,2,01,1,20057730,TIC TIC SNACK CRUNCHY STICK BAWANG PCK 70,,126,0,PCS,,20/06/2027,,20
AO,08,2,02,1,20049556,SEDAAP MIE MIE INSTANT GORENG AYAM KRISPI PCK 88,,128,0,PCS,,20/05/2027,,40
AO,09,1,01,1,20043877,FLORIDINA JUICE PULP ORANGE BTL 350L,,129,1092,PCS,,04/05/2027,L,12
AO,09,1,02,1,10015532,AQUA AIR MINERAL  BTL 330L,,131,1680,PCS,,30/09/2028,L,24
AO,09,2,01,1,,,,130,0,PCS,,,,
AO,09,2,02,1,10003435,SUPERMI MIE INSTANT AYAM BAWANG PCK 75,,132,40,PCS,,15/05/2027,,40
AO,10,1,01,1,20009737,YOU C1000 HEALTH DRINK VITAMIN ORANGE BTL 140L,,133,2790,PCS,,19/08/2027,E,30
AO,10,1,02,1,20139457,AQUVIVA AIR MINERAL  CTN 12X250L,,135,32,PCS,,02/03/2028,,2
AO,10,2,01,1,20131022,SEDAAP MIE MIE INSTANT GORENG BAKED  PCK 87,,134,1992,PCS,,04/05/2027,,24
AO,10,2,02,1,20130807,INDOMIE MIE GORENG JUMBO RENDANG PCK 120,,136,0,PCS,,22/05/2027,L,24
AO,11,1,01,1,20074112,INDOMIE MIE GORENG RICA RICA PCK 85,,137,0,PCS,,08/05/2027,,40
AO,11,1,02,1,10000442,FORTUNE MINYAK GORENG REFILL  PCH 2000L,,139,300,PCS,,09/09/2028,D,6
AO,11,2,01,1,20125555,SEDAAP MIE MIE INSTANT GORENG KOREAN CHEESE BULDAK PCK 86,,138,40,PCS,,05/05/2027,,40
AO,11,2,02,1,,,,140,0,PCS,,,,
AO,12,1,01,1,10003517,INDOMIE MIE GORENG PLUS SPECIAL PCK 80,,141,2520,PCS,CTN,01/05/2027,E,40
AO,12,1,02,1,10004669,ULTRA SUSU UHT STERIL SLIM CHOCOLATE TPK 250L,,143,840,PCS,,06/07/2027,E,24
AO,12,2,01,1,,,,142,0,PCS,,,,
AO,12,2,02,1,10002101,HAPPYTOS SNACK TORTILA CHIPS MERAH PCK 140,,142,96,PCS,,22/09/2027,E,16
AT,01,1,01,1,10004487,AQUA AIR MINERAL  CUP 220/200L,,337,1152,PCS,,30/09/2028,,48
AT,01,1,02,1,20094171,INDOMARET AIR MINUM 24X  CTN 200L,,338,50,PCS,,09/07/2028,S,2
AT,02,1,01,1,20078207,GMP GULA PASIR  PCK 1,,341,0,PCS,,22/07/2028,E,20
AT,02,1,02,1,10004336,INDOMARET AIR MINERAL  BTL 600L,,342,0,PCS,,25/07/2028,S,24
AT,03,1,01,1,20043713,INDOMARET MINYAK GORENG  PCH 2L,,345,0,PCS,,31/08/2028,S,6
AT,03,1,02,1,20005529,NESTLE AIR MINERAL PURE LIFE BTL 600L,,346,720,PCS,,26/02/2028,D,24
AT,04,1,01,1,20097781,KEBON AGUNG GULA KRISTAL PUTIH  PCK 1,,349,696,PCS,,01/07/2028,,24
AT,04,1,02,1,20115194,SINTANOLA BERAS POLES SUPER  SAK 5,,350,0,PCS,,07/02/2027,,5
AT,05,1,01,1,20090527,CRYSTALIN AIR MINERAL  BTL 600L,,353,1440,PCS,,15/03/2028,D,24
AT,05,1,02,1,20047247,AQUA AIR MINERAL CLICK N GO  BTL 750L,,354,396,PCS,,20/11/2027,L,18
AT,06,1,01,1,20142495,INDOMARET AIR MINERAL  BTL 1L,,357,696,PCS,,07/07/2028,S,12
AT,06,1,02,1,20076765,ROSE BRAND GULA PASIR PUTIH PCK 1,,358,0,PCS,,01/09/2028,E,20
AT,07,1,01,1,10000405,ULTRA SUSU CAIR UHT STERIL PLAIN TPK 1000L,,361,1092,PCS,,20/07/2027,E,12
AT,07,1,02,1,20102789,ABC COFFEE DRINK CHOCOMALT COFFE BTL 200/180L,,362,1368,PCS,,25/09/2027,S,24
AT,08,1,01,1,20008785,CLUB AIR MINERAL  BTL 1500L,,365,0,PCS,,01/08/2028,,12
AT,08,1,02,1,10004337,INDOMARET AIR MINERAL  BTL 1500L,,366,0,PCS,,20/08/2028,S,12
AT,09,1,01,1,20035484,PUCUK HARUM MINUMAN TEH MELATI BTL 350L,,369,2016,PCS,,01/08/2027,E,24
AT,09,1,02,1,20141056,SINTANUR BERAS PANDAN WANGI  SAK 5K,,370,0,PCS,,20/09/2027,,5
AT,10,1,01,1,20123322,GOLDA COFFEE DRINK CAPPUCCINO BTL 200L,,373,2376,PCS,,01/05/2027,E,12
AT,10,1,02,1,20042991,INDOMARET GULA PASIR PREMIUM PUTIH PCK 1,,374,375,PCS,,07/08/2028,L,25
AT,11,1,01,1,20113377,FLORIDINA JUICE PULP COCO BIT  BTL 350L,,377,576,PCS,,30/06/2027,L,12
AT,11,1,02,1,20024699,STT FRENCH FRIES 2000 PREMIUM  PCK 62,,378,500,PCS,,10/02/2027,S,20
AT,12,1,01,1,20131788,MAMA LEMON CAIRAN PENCUCI PIRING JERUK NIPIS PCH 950/920 ,,381,32,PCS,,01/01/2029,S,6
AT,12,1,02,1,20037131,PRIM-A AIR MINERAL  BTL 600L,,382,288,PCS,,07/09/2027,L,24
AU,01,1,01,1,20025359,POCARI SWEAT MINUMAN ISOTONIK  BTL 2000L,,433,240,PCS,,31/07/2027,,6
AU,01,1,02,1,20091183,FRISIAN FLAG SUSU CAIR UHT MILKY/NUTRIBRAIN STRAWBERRY BDD 6X110L,,434,30,PCS,,11/07/2027,S,6
AU,02,1,01,1,20087410,GREENFIELDS UHT MILK FULL CREAM TPK 105L,,437,3160,PCS,,14/03/2027,D,40
AU,02,1,02,1,20136124,EKONOMI PENCUCI PIRING LIQUID NATURAL NANAS&JERUK NPS PCH 650L/675,,438,588,PCS,,01/09/2028,S,12
AU,03,1,01,1,20089792,KAPAL API COFFEE DRINK SIGNATURE ORGINAL BLACK COFFEE BTL 200L,,441,0,PCS,,02/09/2027,,12
AU,03,1,02,1,20046842,BIG SOFT DRINK STRAWBERRY BTL 3.1L,,442,0,PCS,,30/04/2027,,6
AU,04,1,01,1,20107748,MILKU SUSU UHT COKELAT PREMIUM BTL 200L,,445,0,PCS,,24/09/2027,,12
AU,04,1,02,1,20141623,INDOMARET AIR MINERAL  BDD 6500L,,446,38,PCS,,01/07/2028,,1
AU,05,1,01,1,20054877,INDOMARET KANTONG PLASTIK 25/15X27X0.015 1 WARNA WHL KECIL,,449,0,PCS,,,Z,5000
AU,05,1,02,1,20143787,INDOMARET FOOD CONTAINER  PCS 370 L,,450,1302,PCS,,,,6
AU,06,1,01,1,,,,453,0,PCS,,,,
AU,06,1,02,1,,,,454,0,PCS,,,,
AU,07,1,01,1,,,,457,0,PCS,,,,
AU,07,1,02,1,,,,458,0,PCS,,,,
AU,08,1,01,1,,,,461,0,PCS,,,,
AU,08,1,02,1,20005835,ADES AIR MINERAL  BTL 600L,,462,552,PCS,,04/01/2028,,24
AU,09,1,01,1,,,,465,0,PCS,,,,
AU,09,1,02,1,,,,466,0,PCS,,,,
AU,10,1,01,1,20140632,INDOMIE MIE INSTANT HYPE NYEMEK JOGJA RENDANG PCK 84,,469,0,PCS,,20/05/2027,,40
AU,10,1,02,1,,,,470,0,PCS,,,,
AU,11,1,01,1,20034079,FRISIAN FLAG SUSU CAIR UHT COKELAT TPK 225L,,473,3527,PCS,,01/07/2027,D,36
AU,11,1,02,1,20096705,AQUA LIFE AIR MINERAL  BTL 1.1L,,474,192,PCS,,31/07/2028,,12
AU,12,1,01,1,,,,477,0,PCS,,,,
AU,12,1,02,1,20077116,SOVIA MINYAK GORENG  PCH 1L,,478,528,PCS,,01/08/2028,S,12
AV,01,1,01,1,20142006,PUTRI KOKI BERAS KHUSUS HIJAU SAK 5,,49,0,PCS,,08/08/2027,,5
AV,01,1,02,1,20121050,DAIA DETERGENT POWDER HIJAB CLEAN & FRESH PCK 1.5/1.4 ,,50,3,PCS,,01/01/2029,,6
AV,02,1,01,1,20139024,LARISST GULA KRISTAL PUTIH  PCK 500,,53,0,PCS,,23/08/2028,,20
AV,02,1,02,1,20121364,SO SOFT DETERJEN CAIR SWEET BOUQUET/ SAKURA BLOSSOM BTL 700 ,,54,330,PCS,,01/09/2029,,6
AV,03,1,01,1,20096590,SEDAAP MIE MIE INSTANT SOTO PCK 5X76,,57,56,PCS,,01/05/2027,D,8
AV,03,1,02,1,20113183,RINSO DETERJEN POWDER + MOLTO ROSE FRESH BAG 400/380,,58,562,PCS,,01/02/2028,,12
AV,04,1,01,1,20019930,INDOMIE MIE GORENG RENDANG PCK 91,,61,1240,PCS,,20/05/2027,S,40
AV,04,1,02,1,20126648,LE MINERALE AIR MINERAL  BDD 6X330L,,62,124,PCS,,01/12/2027,L,4
AV,05,1,01,1,10005245,DAIA DETERGENT BUBUK SENSASI BUNGA/FLORAL BL BAG 800/725 ,,65,6,PCS,,04/09/2030,,12
AV,05,1,02,1,20107240,EKONOMI PENCUCI PIRING POWER LIQUID SIWAK&JRK LIMAU PCH 650L/675,,66,623,PCS,CTN,24/09/2027,,12
AV,06,1,01,1,20137101,INDOMIE MIE INSTANT SOTO KOYA DOWER PEDAS PCK 76,,69,0,PCS,,18/05/2027,,40
AV,06,1,02,1,20042466,DAIA DETERGENT POWDER+SOFTENER ROMANTIC PINK PCK 470/390 ,,70,552,PCS,CTN,04/09/2029,L,12
AV,07,1,01,1,10005802,SO KLIN PEWANGI PAKAIAN REFILL VIOLET PCH 800/780L,,73,396,PCS,,01/04/2029,,12
AV,07,1,02,1,20137860,WOW SPAGETI INSTANT SPAGHETTI AGLIO OLIO PCK 75,,74,0,PCS,,20/06/2027,,40
AV,08,1,01,1,20007834,INDOMIE MIE INSTANT SOTO SPESIAL PCK 75,,77,0,PCS,,14/05/2027,,40
AV,08,1,02,1,20143793,INDOMARET FOOD CONTAINER  PCS 640 L,,78,1614,PCS,,,,6
AV,09,1,01,1,20134073,CLUB AIR MINERAL  CTN 24X220L,,81,89,PCS,,30/08/2028,,1
AV,09,1,02,1,,,,82,0,PCS,,,,
AV,10,1,01,1,20113567,GENTLE GEN DETERJEN CAIR MORNING BREEZE BTL 750/700L,,85,264,PCS,CTN,04/09/2028,S,6
AV,10,1,02,1,10007389,SO KLIN PEWANGI PAKAIAN REFILL PINK PCH 800/780L,,86,1044,PCS,,30/09/2029,L,12
AV,11,1,01,1,20030446,DAIA DETERGENT POWDER PUTIH  PCK 1.5/1.4 ,,89,108,PCS,,01/01/2029,,6
AV,11,1,02,1,20140913,SOVIA MINYAK GORENG  PCH 1.8L,,90,0,PCS,,05/09/2027,S,6
AV,12,1,01,1,20143270,GOLDA COFFEE DRINK AREN LATTE BTL 200L,,93,780,PCS,,,,12
AV,12,1,02,1,10013205,SUNLIGHT PENCUCI PIRING JERUK NIPIS BTL 750L/675,,94,250,PCS,,01/03/2028,L,12
AW,01,1,01,1,10004676,ULTRA SUSU UHT STERIL SLIM PLAIN TPK 250L,,145,864,PCS,,08/03/2027,D,24
AW,01,1,02,1,20092331,EKONOMI PENCUCI PIRING POWER LIQUID JERUK NIPIS PCH 650/675 ,,146,516,PCS,,01/09/2029,S,12
AW,02,1,01,1,10010805,SANIA MINYAK GORENG REFILL  PCH 2000L,,149,192,PCS,,09/09/2028,D,6
AW,02,1,02,1,20076770,GOOD DAY COFFEE DRINK CAPPUCCINO BTL 250/230L,,150,912,PCS,,20/05/2027,S,24
AW,03,1,01,1,20052321,DAIA DETERGENT POWDER+SOFTENER ROMANTIC PINK PCK 1.5/1.4 ,,153,306,PCS,CTN,30/09/2030,D,6
AW,03,1,02,1,20102790,ABC COFFEE DRINK MILK COFFEE BTL 200/180L,,154,1296,PCS,,03/09/2027,S,24
AW,04,1,01,1,20045854,PSM GULA PREMIUM  PCK 1,,157,40,PCS,,01/09/2028,E,20
AW,04,1,02,1,20073805,SO KLIN SOFTERGENT POWDER MAGNOLIA&BERIES PCK 1.44/1.3,,158,90,PCS,,01/01/2028,,6
AW,05,1,01,1,20037565,PUCUK HARUM MINUMAN TEH MELATI BTL 500L,,161,696,PCS,,23/09/2027,E,12
AW,05,1,02,1,20068905,FRISIAN FLAG SUSU KENTAL MANIS PUTIH PCH 535,,162,1152,PCS,CTN,04/05/2027,E,24
AW,06,1,01,1,20094283,INDOMILK KENTAL MANIS PUTIH PCH 545/535,,165,768,PCS,,05/08/2027,E,24
AW,06,1,02,1,10005838,FILMA MINYAK GORENG REFILL  PCH 2000L,,166,0,PCS,,01/03/2028,D,6
AW,07,1,01,1,20138458,JERUK SIAM BERAS PREMIUM  SAK 5,,169,0,PCS,,11/07/2027,,5
AW,07,1,02,1,20142077,TEH MINUMAN TEH LEMON MADU BTL 350L,,170,1368,PCS,,31/07/2027,,12
AW,08,1,01,1,10003974,TROPICAL MINYAK GORENG  BTL 2000L,,173,60,PCS,CTN,10/09/2028,E,6
AW,08,1,02,1,10021008,GULAKU GULA TEBU (KUNING)  PCK 1000,,174,0,PCS,,13/08/2028,,24
AW,09,1,01,1,20125752,BEFOOD BERAS SETRA RAMOS PREMIUM  SAK 5,,177,0,PCS,,02/12/2027,E,5
AW,09,1,02,1,20137992,AQUVIVA AIR MINERAL  BTL 1600L,,178,288,PCS,,04/03/2028,S,6
AW,10,1,01,1,20077499,PRISTINE 8.6+ AIR MINERAL  BTL 600L,,181,1704,PCS,,22/07/2028,S,24
AW,10,1,02,1,20065779,SPRITE SOFT DRINK  PET 390L,,182,324,PCS,,11/01/2027,S,12
AW,11,1,01,1,20008767,CLUB AIR MINERAL  BTL 600L,,185,0,PCS,,01/09/2028,,24
AW,11,1,02,1,20129966,NIPIS MADU MINUMAN BERKARBONASI LIME SODA BTL 330L,,186,900,PCS,,31/05/2027,D,12
AW,12,1,01,1,,,,189,0,PCS,,,,
AW,12,1,02,1,,,,190,0,PCS,,,,
