LINE,RAK,SHELF,CELL,SUBCELL,PLU,NAMA,IP_DPD,ID_DPD,QTY_IN_STORAGE,QTY_MAX_PER_PALLET,%_STORAGE,FRAC,UNIT,TGL_EXP,TAG,MINOR
01,01,4,01,1,,,,,0.00,0.0,,,,,,
01,01,4,02,1,,,,,0.00,0.0,,,,,,
01,01,5,01,1,,,,,0.00,0.0,,,,,,
01,01,5,02,1,,,,,0.00,0.0,,,,,,
01,01,6,01,1,,,,,0.00,0.0,,,,,,
01,01,6,02,1,,,,,0.00,0.0,,,,,,
01,01,7,01,1,,,,,0.00,0.0,,,,,,
01,01,7,02,1,,,,,0.00,0.0,,,,,,
01,01,8,01,1,,,,,0.00,0.0,,,,,,
01,01,8,02,1,,,,,0.00,0.0,,,,,,
01,01,9,01,1,,,,,0.00,0.0,,,,,,
01,01,9,02,1,,,,,0.00,0.0,,,,,,
01,02,4,01,1,,,,,0.00,0.0,,,,,,
01,02,4,02,1,,,,,0.00,0.0,,,,,,
01,02,5,01,1,,,,,0.00,0.0,,,,,,
01,02,5,02,1,,,,,0.00,0.0,,,,,,
01,02,6,01,1,,,,,0.00,0.0,,,,,,
01,02,6,02,1,,,,,0.00,0.0,,,,,,
01,02,7,01,1,,,,,0.00,0.0,,,,,,
01,02,7,02,1,,,,,0.00,0.0,,,,,,
01,02,8,01,1,,,,,0.00,0.0,,,,,,
01,02,8,02,1,,,,,0.00,0.0,,,,,,
01,02,9,01,1,,,,,0.00,0.0,,,,,,
01,02,9,02,1,,,,,0.00,0.0,,,,,,
01,03,4,01,1,,,,,0.00,0.0,,,,,,
01,03,4,02,1,20107181,MARLBORO ROKOK FILTER HARDPACK SPECIAL EDITION BKS 20S,,,50.00,1000,5.00%,10,,10/09/2027,L,5
01,03,5,01,1,10010091,SAMPOERNA ROKOK FILTER MILD (PCS) MERAH BKS 16S,,,300.00,900,33.33%,10,,16/02/2027,E,10
01,03,5,02,1,,,,,0.00,0.0,,,,,,
01,03,6,01,1,,,,,0.00,0.0,,,,,,
01,03,6,02,1,,,,,0.00,0.0,,,,,,
01,03,7,01,1,,,,,0.00,0.0,,,,,,
01,03,7,02,1,,,,,0.00,0.0,,,,,,
01,03,8,01,1,,,,,0.00,0.0,,,,,,
01,03,8,02,1,,,,,0.00,0.0,,,,,,
01,03,9,01,1,,,,,0.00,0.0,,,,,,
01,03,9,02,1,,,,,0.00,0.0,,,,,,
01,04,4,01,1,20043389,MARLBORO ROKOK FILTER ICE BLAST / ICE BURST BKS 20S,,,50.00,800,6.25%,10,,10/09/2027,D,2
01,04,4,02,1,20128821,COCA COLA SOFT DRINK ZERO SUGAR PET 390L,,,9.00,104,8.65%,12,CTN,31/03/2027,,12
01,04,5,01,1,20055060,DUNHILL ROKOK FINE CUT FILTER  BKS 16S,,,420.00,900,46.67%,10,,07/03/2027,D,10
01,04,5,02,1,20129719,FROZZ CANDY ANGGUR MINT PCS 14,,,1.00,100,1.00%,144,CTN,04/09/2028,,1
01,04,6,01,1,20090527,CRYSTALIN AIR MINERAL  BTL 600L,,,29.00,36,80.56%,24,CTN,31/03/2028,D,24
01,04,6,02,1,20137571,TWIZZ ROKOK FILTER PRIME BKS 16S,,,180.00,640,28.13%,10,,06/08/2027,L,2
01,04,7,01,1,20054091,BUDY JAM SELAI COKLAT CUP 150,,,3.00,65,4.62%,36,CTN,31/08/2027,,1
01,04,7,02,1,20134029,DELFI CHOCOLATE TREASURES MILK BDD 2X30,,,1.00,55,1.82%,48,CTN,04/01/2028,,1
01,04,8,01,1,20065780,FANTA SOFT DRINK STRAWBERRY PET 390L,,,2.00,104,1.92%,12,CTN,31/03/2027,,6
01,04,8,02,1,20096589,SEDAAP MIE MIE INSTANT GORENG PCK 5X91,,,29.00,52,55.77%,8,CTN,01/05/2027,E,8
01,04,9,01,1,10002602,M-150 MINUMAN KESEHATAN  BTL 150L,,,8.00,48,16.67%,50,CTN,06/07/2028,,1
01,04,9,02,1,20068906,FRISIAN FLAG SUSU KENTAL MANIS COKELAT PCH 535,,,10.00,50,20.00%,24,CTN,05/05/2027,D,12
01,05,4,01,1,20123283,TWIZZ ROKOK FILTER ROYAL CRUSH BKS 16S,,,120.00,240,50.00%,10,,20/08/2027,L,2
01,05,4,02,1,20065780,FANTA SOFT DRINK STRAWBERRY PET 390L,,,10.00,104,9.62%,12,CTN,31/03/2027,,6
01,05,5,01,1,20023845,PRINGLES POTATO CRISPS CHEESY CHEESE KLG 102,,,15.00,68,22.06%,12,CTN,17/07/2027,L,2
01,05,5,02,1,20140982,HS ROKOK FILTER MILD MANGO ICE BKS 16S,,,80.00,800,10.00%,10,,10/09/2027,,2
01,05,6,01,1,20048348,PUCUK HARUM MINUMAN TEH LESS SUGAR BTL 500L,,,23.00,72,31.94%,12,CTN,01/07/2027,S,2
01,05,6,02,1,20136644,DIAMOND SUSU UHT MARSHMALLOW TPK 200L,,,7.00,128,5.47%,24,CTN,01/08/2027,,2
01,05,7,01,1,10010082,DJARUM SUPER ROKOK FILTER  BKS 16S,,,80.00,800,10.00%,10,,03/07/2027,L,2
01,05,7,02,1,20093993,FANTA SOFT DRINK GRAPE PET 390L,,,6.00,104,5.77%,12,CTN,31/03/2027,,6
01,05,8,01,1,20048348,PUCUK HARUM MINUMAN TEH LESS SUGAR BTL 500L,,,4.00,72,5.56%,12,CTN,01/07/2027,S,2
01,05,8,02,1,10038932,KAPAL API KOPI BUBUK SPECIAL MIX PCK 10X23,,,39.00,65,60.00%,12,CTN,30/09/2027,L,6
01,05,9,01,1,20044334,SOSRO TEH BOTOL (KOTAK)  TPK 330/300L,,,6.00,105,5.71%,24,CTN,30/09/2029,S,8
01,05,9,02,1,20097781,KEBON AGUNG GULA KRISTAL PUTIH  PCK 1,,,28.00,28,100.00%,24,CTN,01/09/2028,,24
01,06,4,01,1,20065041,PORORO MINUMAN BERPERISA BLUEBERRY BTL 235L,,,8.00,65,12.31%,24,CTN,01/09/2027,S,2
01,06,4,02,1,20132760,CAFFINO COFFEE READY TO DRINK MILKY ESPRESSO BTL 200L,,,10.00,186,5.38%,12,CTN,30/09/2027,,2
01,06,5,01,1,10010091,SAMPOERNA ROKOK FILTER MILD (PCS) MERAH BKS 16S,,,900.00,900,100.00%,10,,01/04/2027,E,10
01,06,5,02,1,20132760,CAFFINO COFFEE READY TO DRINK MILKY ESPRESSO BTL 200L,,,58.00,186,31.18%,12,CTN,30/09/2027,,2
01,06,6,01,1,20135439,SAMPOERNA ROKOK FILTER MILD CLASSIC MERAH BKS 16S,,,300.00,800,37.50%,10,,13/08/2027,E,10
01,06,6,02,1,20112371,GADJAH KOPI TUBRUK ASLI  PCK 138,,,13.00,48,27.08%,20,CTN,25/08/2027,,2
01,06,7,01,1,20119285,RAW MATERIAL WHIPPING CREAM N20  PCS,,,3.00,60,5.00%,360,CTN,01/01/2031,Z,10
01,06,7,02,1,10003627,CAP BADAK LARUTAN PENYEGAR ORANGE KLG 320L,,,16.00,72,22.22%,24,CTN,01/08/2028,L,2
01,06,8,01,1,20138891,RAW MATERIAL CITRUS CONCENTRATE  BTL 750L,,,4.00,33,12.12%,12,CTN,28/03/2028,Z,1
01,06,8,02,1,20097781,KEBON AGUNG GULA KRISTAL PUTIH  PCK 1,,,28.00,28,100.00%,24,CTN,01/09/2028,,24
01,06,9,01,1,20023845,PRINGLES POTATO CRISPS CHEESY CHEESE KLG 102,,,14.00,68,20.59%,12,CTN,31/07/2027,L,2
01,06,9,02,1,20062125,L A ROKOK FILTER BOLD  BKS 20S,,,160.00,800,20.00%,10,,17/02/2027,S,2
01,07,4,01,1,20053540,ADEM SARI CHING KU LEMON BTL 350L,,,20.00,65,30.77%,24,CTN,01/08/2027,L,6
01,07,4,02,1,20095217,SAMPOERNA ROKOK FILTER SPLASH TROPICAL BKS 16S,,,60.00,900,6.67%,10,,10/04/2027,S,2
01,07,5,01,1,20137334,GALANG BARU ROKOK FILTER INTERCONTINENTAL  BKS 16S,,,60.00,800,7.50%,10,,04/08/2027,,5
01,07,5,02,1,20142836,TWIZZ ROKOK FILTER THIN TROPICAL CRUSH PCK 20S,,,60.00,900,6.67%,10,,09/09/2027,,2
01,07,6,01,1,20035963,GEO ROKOK FILTER MILD  BKS 16S,,,80.00,800,10.00%,10,,03/02/2027,,5
01,07,6,02,1,20040276,ADEM SARI CHING KU LEMON KLG 320L,,,40.00,72,55.56%,24,CTN,01/02/2028,D,8
01,07,7,01,1,20053540,ADEM SARI CHING KU LEMON BTL 350L,,,18.00,65,27.69%,24,CTN,01/08/2027,L,6
01,07,7,02,1,20040276,ADEM SARI CHING KU LEMON KLG 320L,,,1.00,72,1.39%,24,CTN,01/02/2028,D,8
01,07,8,01,1,20097781,KEBON AGUNG GULA KRISTAL PUTIH  PCK 1,,,28.00,28,100.00%,24,CTN,01/09/2028,,24
01,07,8,02,1,20069696,OISHI SNACK POPCORN KARAMEL PCH 100,,,32.00,32,100.00%,20,CTN,04/09/2027,S,10
01,07,9,01,1,20097781,KEBON AGUNG GULA KRISTAL PUTIH  PCK 1,,,28.00,28,100.00%,24,CTN,01/09/2028,,24
01,07,9,02,1,20040276,ADEM SARI CHING KU LEMON KLG 320L,,,27.00,72,37.50%,24,CTN,01/02/2028,D,8
01,08,4,01,1,20042848,MOGU-MOGU MINUMAN NATA DE COCO LYCHEE BTL 320L,,,10.00,50,20.00%,24,CTN,01/12/2027,,8
01,08,4,02,1,20055060,DUNHILL ROKOK FINE CUT FILTER  BKS 16S,,,240.00,900,26.67%,10,,25/04/2027,D,10
01,08,5,01,1,20135544,MARLBORO ROKOK FILTER VISTA TROPICAL BURST BKS 16S,,,60.00,900,6.67%,10,,10/09/2027,S,2
01,08,5,02,1,20070618,MARLBORO ROKOK FILTER BLACK BKS 20S,,,200.00,800,25.00%,10,,20/08/2027,E,10
01,08,6,01,1,20042848,MOGU-MOGU MINUMAN NATA DE COCO LYCHEE BTL 320L,,,17.00,50,34.00%,24,CTN,01/12/2027,,8
01,08,6,02,1,20072249,SOSRO TEH BOTOL ORIGINAL BTL 350L,,,8.00,110,7.27%,12,CTN,30/09/2027,D,12
01,08,7,01,1,20076486,MOGU-MOGU MINUMAN NATA DE COCO MELON BTL 320L,,,10.00,60,16.67%,24,CTN,01/09/2027,,3
01,08,7,02,1,10000103,REGAL MARIE  PCK 230,,,8.00,48,16.67%,24,CTN,14/02/2028,L,2
01,08,8,01,1,20047245,MOGU-MOGU MINUMAN NATA DE COCO COCONUT BTL 320L,,,39.00,60,65.00%,24,CTN,01/12/2027,L,6
01,08,8,02,1,20048791,OREO SANDWICH MINI VANILLA CREAM PCH 58.4,,,19.00,40,47.50%,24,CTN,11/07/2027,,2
01,08,9,01,1,20137095,MOGU-MOGU MINUMAN NATA DE COCO BUBBLE GUM BTL 320L,,,25.00,60,41.67%,24,CTN,01/09/2027,,2
01,08,9,02,1,10035165,OREO SANDWICH ORIGINAL PCK 110.4/105,,,20.00,100,20.00%,24,CTN,04/08/2027,L,8
01,09,4,01,1,20047245,MOGU-MOGU MINUMAN NATA DE COCO COCONUT BTL 320L,,,8.00,60,13.33%,24,CTN,01/12/2027,L,6
01,09,4,02,1,20096704,DUNHILL ROKOK FINE CUT MILD  BKS 16S,,,120.00,900,13.33%,10,,03/02/2027,L,2
01,09,5,01,1,20047245,MOGU-MOGU MINUMAN NATA DE COCO COCONUT BTL 320L,,,52.00,60,86.67%,24,CTN,01/12/2027,L,6
01,09,5,02,1,10010091,SAMPOERNA ROKOK FILTER MILD (PCS) MERAH BKS 16S,,,300.00,900,33.33%,10,,22/04/2027,E,10
01,09,6,01,1,10036899,REGAL MARIE BARU KLG 550,,,5.00,48,10.42%,6,CTN,25/12/2027,,1
01,09,6,02,1,10000104,REGAL MARIE  PCK 120,,,7.00,44,15.91%,48,CTN,20/02/2028,S,4
01,09,7,01,1,10000104,REGAL MARIE  PCK 120,,,10.00,44,22.73%,48,CTN,20/02/2028,S,4
01,09,7,02,1,10010090,SAMPOERNA ROKOK FILTER MILD (PCS) MERAH BKS 12S,,,160.00,800,20.00%,10,,22/04/2027,S,2
01,09,8,01,1,10012104,DJARUM 76 ROKOK KRETEK  BKS 12S,,,80.00,960,8.33%,10,,28/08/2027,,5
01,09,8,02,1,10035165,OREO SANDWICH ORIGINAL PCK 110.4/105,,,7.00,100,7.00%,24,CTN,04/08/2027,L,8
01,09,9,01,1,20138464,OREO BISCUIT SANDWICH ORIGINAL PCK 147.2/140,,,10.00,85,11.76%,24,CTN,30/09/2027,S,8
01,09,9,02,1,20082395,SOSRO TEH BOTOL TAWAR BTL 350L,,,10.00,110,9.09%,12,CTN,30/09/2029,,3
02,01,4,01,1,20100889,DUNHILL ROKOK FINE CUT FILTER  BKS 12S,,,80.00,960,8.33%,10,,22/12/2026,L,2
02,01,4,02,1,20140378,DJARUM SUPER ROKOK KRETEK WRAP BKS 12S,,,160.00,800,20.00%,10,,05/06/2027,,5
02,01,5,01,1,20100889,DUNHILL ROKOK FINE CUT FILTER  BKS 12S,,,80.00,960,8.33%,10,,30/12/2026,L,2
02,01,5,02,1,10010112,LUCKY STRIKE ROKOK FILTER (PCS)  BKS 20S,,,550.00,800,68.75%,10,,17/02/2027,D,10
02,01,6,01,1,,,,,0.00,0.0,,,,,,
02,01,6,02,1,,,,,0.00,0.0,,,,,,
02,01,7,01,1,,,,,0.00,0.0,,,,,,
02,01,7,02,1,,,,,0.00,0.0,,,,,,
02,01,8,01,1,,,,,0.00,0.0,,,,,,
02,01,8,02,1,,,,,0.00,0.0,,,,,,
02,01,9,01,1,,,,,0.00,0.0,,,,,,
02,01,9,02,1,20048746,L A ROKOK FILTER ICE BKS 16S,,,80.00,800,10.00%,10,,05/01/2027,S,2
02,02,4,01,1,,,,,0.00,0.0,,,,,,
02,02,4,02,1,,,,,0.00,0.0,,,,,,
02,02,5,01,1,,,,,0.00,0.0,,,,,,
02,02,5,02,1,,,,,0.00,0.0,,,,,,
02,02,6,01,1,,,,,0.00,0.0,,,,,,
02,02,6,02,1,,,,,0.00,0.0,,,,,,
02,02,7,01,1,,,,,0.00,0.0,,,,,,
02,02,7,02,1,,,,,0.00,0.0,,,,,,
02,02,8,01,1,,,,,0.00,0.0,,,,,,
02,02,8,02,1,,,,,0.00,0.0,,,,,,
02,02,9,01,1,,,,,0.00,0.0,,,,,,
02,02,9,02,1,,,,,0.00,0.0,,,,,,
02,03,4,01,1,20124037,L A ROKOK FILTER ICE PURPLE BOOST BKS 16S,,,240.00,800,30.00%,10,,11/06/2027,D,10
02,03,4,02,1,,,,,0.00,0.0,,,,,,
02,03,5,01,1,20141969,DJARUM 76 ROKOK KRETEK APEL ROYAL BKS 12S,,,640.00,900,71.11%,10,,25/09/2027,D,2
02,03,5,02,1,,,,,0.00,0.0,,,,,,
02,03,6,01,1,,,,,0.00,0.0,,,,,,
02,03,6,02,1,20140141,DJARUM ROKOK KRETEK  D WRAPS BKS 12S,,,160.00,800,20.00%,10,,26/06/2027,,2
02,03,7,01,1,,,,,0.00,0.0,,,,,,
02,03,7,02,1,20039178,DUNHILL ROKOK FINE CUT MILD  BKS 20S,,,150.00,600,25.00%,10,,25/04/2027,S,10
02,03,8,01,1,,,,,0.00,0.0,,,,,,
02,03,8,02,1,,,,,0.00,0.0,,,,,,
02,03,9,01,1,20138754,DJARUM 76 ROKOK KRETEK APEL BKS 12S,,,320.00,800,40.00%,10,,12/06/2027,E,5
02,03,9,02,1,,,,,0.00,0.0,,,,,,
02,04,4,01,1,10010084,L A ROKOK FILTER  LIGHT BKS 16S,,,80.00,800,10.00%,10,,18/04/2027,S,5
02,04,4,02,1,20042991,INDOMARET GULA PASIR PREMIUM PUTIH PCK 1,,,25.00,25,100.00%,25,SAK,01/09/2028,L,25
02,04,5,01,1,10010112,LUCKY STRIKE ROKOK FILTER (PCS)  BKS 20S,,,400.00,800,50.00%,10,,01/04/2027,D,10
02,04,5,02,1,20140982,HS ROKOK FILTER MILD MANGO ICE BKS 16S,,,160.00,800,20.00%,10,,08/09/2027,,2
02,04,6,01,1,20042991,INDOMARET GULA PASIR PREMIUM PUTIH PCK 1,,,25.00,25,100.00%,25,SAK,01/09/2028,L,25
02,04,6,02,1,20044093,PRINGLES POTATO CRISPS SOURCREAM&ONION KLG 102,,,5.00,68,7.35%,12,CTN,31/08/2027,,6
02,04,7,01,1,20042991,INDOMARET GULA PASIR PREMIUM PUTIH PCK 1,,,25.00,25,100.00%,25,SAK,01/09/2028,L,25
02,04,7,02,1,20143860,KOEPOE KOEPOE BUMBU RASA KALDU JAMUR  PCK 80,,,1.00,30,3.33%,72,CTN,31/08/2028,,1
02,04,8,01,1,20138101,BANGO KECAP MANIS  PCH 380,,,7.00,91,7.69%,12,CTN,30/09/2027,,2
02,04,8,02,1,20142607,MARLBORO ROKOK KRETEK FILTER MOTION BKS 20S,,,50.00,800,6.25%,10,,10/09/2027,L,2
02,04,9,01,1,20095233,INDOMARET LIGHTER CRICKET SOLID  PCS,,,7.00,500,1.40%,500,CTN,01/10/2029,L,20
02,04,9,02,1,20048724,YUPI CANDY GUMMY PIZZA PCK 23,,,2.00,72,2.78%,144,CTN,03/08/2028,,6
02,05,4,01,1,20091807,DIAMOND SUSU UHT COKLAT TPK 200L,,,9.00,128,7.03%,24,CTN,18/08/2027,,2
02,05,4,02,1,20141098,MISTER POTATO SNACK CRISPS GHOST PEPPER BULDAK CHEESE KLG 40,,,21.00,72,29.17%,24,CTN,01/08/2027,,2
02,05,5,01,1,20135544,MARLBORO ROKOK FILTER VISTA TROPICAL BURST BKS 16S,,,60.00,900,6.67%,10,,30/09/2027,S,2
02,05,5,02,1,20070618,MARLBORO ROKOK FILTER BLACK BKS 20S,,,150.00,800,18.75%,10,,30/09/2027,E,10
02,05,6,01,1,20079512,SAMPOERNA ROKOK FILTER MILD (PCS) MENTHOL BURST BKS 16S,,,120.00,900,13.33%,10,,22/04/2027,D,2
02,05,6,02,1,20083490,MARLBORO ROKOK FILTER BLACK BKS 12S,,,320.00,800,40.00%,10,,06/08/2027,S,10
02,05,7,01,1,20095753,GARUDA KACANG PANGGANG ROSTA WAGYU PCK 95/90,,,4.00,24,16.67%,30,CTN,08/05/2027,,2
02,05,7,02,1,10010090,SAMPOERNA ROKOK FILTER MILD (PCS) MERAH BKS 12S,,,80.00,800,10.00%,10,,03/04/2027,S,2
02,05,8,01,1,20083490,MARLBORO ROKOK FILTER BLACK BKS 12S,,,160.00,800,20.00%,10,,10/09/2027,S,10
02,05,8,02,1,20122518,GAJAH BARU ROKOK FILTER KRETEK  BKS 12S,,,160.00,800,20.00%,10,,22/09/2027,,5
02,05,9,01,1,10010081,DJARUM SUPER ROKOK FILTER   BKS 12S,,,400.00,800,50.00%,10,,25/09/2027,D,10
02,05,9,02,1,20106307,MISTER POTATO SNACK CRISPS GHOST PEPPER KLG 40,,,20.00,70,28.57%,24,CTN,05/08/2027,S,8
02,06,4,01,1,10013885,YUPI CANDY GUMMY LUNCH BAG 93,,,5.00,150,3.33%,24,CTN,10/05/2028,,2
02,06,4,02,1,20064088,SAMPOERNA KRETEK SLIMS AVOLUTION  BKS 20S,,,120.00,1080,11.11%,10,,22/09/2027,D,5
02,06,5,01,1,10010084,L A ROKOK FILTER  LIGHT BKS 16S,,,80.00,800,10.00%,10,,25/04/2027,S,5
02,06,5,02,1,10010112,LUCKY STRIKE ROKOK FILTER (PCS)  BKS 20S,,,500.00,800,62.50%,10,,22/04/2027,D,10
02,06,6,01,1,20135739,CLIMAX ROKOK FILTER CLICK ICY BKS 20S,,,120.00,1000,12.00%,10,,03/08/2027,L,2
02,06,6,02,1,20139969,GERY SNACK BANTAL  PCK 75,,,2.00,6,33.33%,40,CTN,11/04/2027,,2
02,06,7,01,1,10010091,SAMPOERNA ROKOK FILTER MILD (PCS) MERAH BKS 16S,,,420.00,900,46.67%,10,,22/04/2027,E,10
02,06,7,02,1,20070618,MARLBORO ROKOK FILTER BLACK BKS 20S,,,150.00,800,18.75%,10,,17/09/2027,E,10
02,06,8,01,1,20070579,INDOMARET LIGHTER CRICKET ELEKTRIK  PCS,,,2.00,40,5.00%,500,CTN,01/10/2029,,2
02,06,8,02,1,10037437,CAP BADAK LARUTAN PENYEGAR STRAWBERRY KLG 320L,,,20.00,63,31.75%,24,CTN,22/07/2028,,2
02,06,9,01,1,20106307,MISTER POTATO SNACK CRISPS GHOST PEPPER KLG 40,,,9.00,70,12.86%,24,CTN,05/08/2027,S,8
02,06,9,02,1,20064088,SAMPOERNA KRETEK SLIMS AVOLUTION  BKS 20S,,,120.00,1080,11.11%,10,,26/09/2027,D,5
02,07,4,01,1,20134530,DJI SAM SOE ROKOK KRETEK SUPER PREMIUM BKS 16S,,,60.00,480,12.50%,8,,01/09/2027,S,2
02,07,4,02,1,20123763,INDOMARET LIGHTER TOKAI MOTIF  PCS,,,6.00,28,21.43%,1000,,29/09/2029,L,20
02,07,5,01,1,20122518,GAJAH BARU ROKOK FILTER KRETEK  BKS 12S,,,160.00,800,20.00%,10,,29/09/2027,,5
02,07,5,02,1,20089821,ORONAMIN C MINUMAN BERVITAMIN  BTL 120L,,,9.00,96,9.38%,24,CTN,01/09/2027,,3
02,07,6,01,1,20083837,MORIN JAM HAZELNUT WITH COCOA  BTL 150,,,6.00,220,2.73%,12,CTN,29/02/2028,,1
02,07,6,02,1,20137334,GALANG BARU ROKOK FILTER INTERCONTINENTAL  BKS 16S,,,120.00,800,15.00%,10,,29/09/2027,,5
02,07,7,01,1,20063155,SOYJOY FRUIT SOY BAR COKLAT ALMOND PCK 30,,,9.00,96,9.38%,48,CTN,27/08/2027,,2
02,07,7,02,1,20143812,JUARA ROKOK KRETEK INTENS MARKISA BKS 12S,,,160.00,640,25.00%,10,,25/09/2027,,2
02,07,8,01,1,20137334,GALANG BARU ROKOK FILTER INTERCONTINENTAL  BKS 16S,,,60.00,800,7.50%,10,,08/09/2027,,5
02,07,8,02,1,20137064,INDOMARET CANDY GUMMY PUZZLE PCK 50,,,1.00,65,1.54%,72,CTN,30/04/2028,,2
02,07,9,01,1,10003842,CAP BADAK LARUTAN PENYEGAR JAMBU KLG 320L,,,6.00,63,9.52%,24,CTN,01/09/2028,L,2
02,07,9,02,1,20124037,L A ROKOK FILTER ICE PURPLE BOOST BKS 16S,,,240.00,800,30.00%,10,,04/09/2027,D,10
02,08,4,01,1,20052859,PRINGLES POTATO CRISPS ORIGINAL KLG 42,,,25.00,153,16.34%,12,CTN,31/07/2027,S,12
02,08,4,02,1,20139142,DJARUM CIGARILLOS FIRST CLASS  BKS 12S,,,80.00,1000,8.00%,10,,02/09/2029,,2
02,08,5,01,1,20131370,SAMPOERNA ROKOK FILTER SPLASH ROYAL BKS 16S,,,60.00,900,6.67%,10,,22/09/2027,L,2
02,08,5,02,1,20143811,JUARA ROKOK KRETEK INTENS PUCUK BKS 12S,,,160.00,640,25.00%,10,,25/09/2027,,2
02,08,6,01,1,20134530,DJI SAM SOE ROKOK KRETEK SUPER PREMIUM BKS 16S,,,120.00,480,25.00%,8,,20/08/2027,S,2
02,08,6,02,1,20038777,POCARI SWEAT MINUMAN ISOTONIK  BTL 900L,,,40.00,40,100.00%,15,CTN,07/08/2027,S,15
02,08,7,01,1,10010074,GUDANG GARAM ROKOK FILTER SURYA  MERAH BKS 12S,,,800.00,800,100.00%,10,,27/08/2027,,10
02,08,7,02,1,20135439,SAMPOERNA ROKOK FILTER MILD CLASSIC MERAH BKS 16S,,,600.00,800,75.00%,10,,22/09/2027,E,10
02,08,8,01,1,10003627,CAP BADAK LARUTAN PENYEGAR ORANGE KLG 320L,,,7.00,72,9.72%,24,CTN,01/08/2028,L,2
02,08,8,02,1,20136196,CLAS MILD ROKOK FILTER PURPLE DUO BKS 16S,,,84.00,900,9.33%,10,SLP,30/09/2027,S,2
02,08,9,01,1,20136196,CLAS MILD ROKOK FILTER PURPLE DUO BKS 16S,,,36.00,900,4.00%,10,SLP,30/09/2027,S,2
02,08,9,02,1,20137571,TWIZZ ROKOK FILTER PRIME BKS 16S,,,120.00,640,18.75%,10,BOX,10/09/2027,L,2
02,09,4,01,1,10024555,FABER CASTELL PAKET UMPTN  SET,,,2.00,600,0.33%,12,LSN,01/10/2026,,1
02,09,4,02,1,10024555,FABER CASTELL PAKET UMPTN  SET,,,1.00,600,0.17%,12,LSN,01/10/2026,,1
02,09,5,01,1,20009722,POCARI SWEAT MINUMAN ISOTONIK  BTL 500L,,,32.00,480,6.67%,24,CTN,20/09/2027,E,24
02,09,5,02,1,10024523,CLAS MILD ROKOK FILTER  BKS 16S,,,180.00,900,20.00%,10,,24/04/2027,S,2
02,09,6,01,1,20015838,POCARI SWEAT MINUMAN ISOTONIK  BTL 350L,,,20.00,60,33.33%,24,CTN,27/08/2027,D,24
02,09,6,02,1,20009722,POCARI SWEAT MINUMAN ISOTONIK  BTL 500L,,,40.00,480,8.33%,24,CTN,20/09/2027,E,24
02,09,7,01,1,20052859,PRINGLES POTATO CRISPS ORIGINAL KLG 42,,,4.00,153,2.61%,12,CTN,31/07/2027,S,12
02,09,7,02,1,20009722,POCARI SWEAT MINUMAN ISOTONIK  BTL 500L,,,40.00,480,8.33%,24,CTN,20/09/2027,E,24
02,09,8,01,1,10024523,CLAS MILD ROKOK FILTER  BKS 16S,,,80.00,900,8.89%,10,SLP,30/04/2027,S,2
02,09,8,02,1,20143813,JUARA ROKOK KRETEK INTENS JUS JAMBU BKS 12S,,,160.00,640,25.00%,10,,25/09/2027,,2
02,09,9,01,1,10024523,CLAS MILD ROKOK FILTER  BKS 16S,,,100.00,900,11.11%,10,SLP,30/04/2027,S,2
02,09,9,02,1,20065248,ION WATER MINUMAN ISOTONIK  BTL 350L,,,10.00,60,16.67%,24,CTN,01/09/2027,,2
03,01,3,01,1,,,,13,0.00,0.0,,,,,,
03,01,3,02,1,,,,14,0.00,0.0,,,,,,
03,01,3,03,1,,,,15,0.00,0.0,,,,,,
03,01,3,04,1,,,,16,0.00,0.0,,,,,,
03,01,3,05,1,,,,17,0.00,0.0,,,,,,
03,01,3,06,1,,,,18,0.00,0.0,,,,,,
03,01,4,01,1,,,,,0.00,0.0,,,,,,
03,01,4,02,1,,,,,0.00,0.0,,,,,,
03,01,4,03,1,,,,,0.00,0.0,,,,,,
03,01,4,04,1,,,,,0.00,0.0,,,,,,
03,01,5,01,1,,,,,0.00,0.0,,,,,,
03,01,5,02,1,,,,,0.00,0.0,,,,,,
03,01,6,01,1,,,,,0.00,0.0,,,,,,
03,01,6,02,1,,,,,0.00,0.0,,,,,,
03,01,7,01,1,20080424,RAW MATERIAL COFFEE BEAN (DC)  PCK 1000,,,30.00,30,100.00%,10,,13/12/2026,Z,2
03,01,7,02,1,,,,,0.00,0.0,,,,,,
03,01,8,01,1,,,,,0.00,0.0,,,,,,
03,01,8,02,1,,,,,0.00,0.0,,,,,,
03,01,9,01,1,,,,,0.00,0.0,,,,,,
03,01,9,02,1,,,,,0.00,0.0,,,,,,
03,02,3,01,1,,,,33,0.00,0.0,,,,,,
03,02,3,02,1,,,,34,0.00,0.0,,,,,,
03,02,3,03,1,,,,35,0.00,0.0,,,,,,
03,02,3,04,1,,,,36,0.00,0.0,,,,,,
03,02,3,05,1,,,,37,0.00,0.0,,,,,,
03,02,3,06,1,,,,38,0.00,0.0,,,,,,
03,02,4,01,1,,,,,0.00,0.0,,,,,,
03,02,4,02,1,,,,,0.00,0.0,,,,,,
03,02,4,03,1,,,,,0.00,0.0,,,,,,
03,02,4,04,1,,,,,0.00,0.0,,,,,,
03,02,5,01,1,,,,,0.00,0.0,,,,,,
03,02,5,02,1,,,,,0.00,0.0,,,,,,
03,02,6,01,1,,,,,0.00,0.0,,,,,,
03,02,6,02,1,,,,,0.00,0.0,,,,,,
03,02,7,01,1,,,,,0.00,0.0,,,,,,
03,02,7,02,1,,,,,0.00,0.0,,,,,,
03,02,8,01,1,,,,,0.00,0.0,,,,,,
03,02,8,02,1,,,,,0.00,0.0,,,,,,
03,02,9,01,1,,,,,0.00,0.0,,,,,,
03,02,9,02,1,,,,,0.00,0.0,,,,,,
03,03,3,01,1,,,,53,0.00,0.0,,,,,,
03,03,3,02,1,,,,54,0.00,0.0,,,,,,
03,03,3,03,1,,,,55,0.00,0.0,,,,,,
03,03,3,04,1,,,,56,0.00,0.0,,,,,,
03,03,3,05,1,,,,57,0.00,0.0,,,,,,
03,03,3,06,1,,,,58,0.00,0.0,,,,,,
03,03,4,01,1,20080424,RAW MATERIAL COFFEE BEAN (DC)  PCK 1000,,,30.00,30,100.00%,10,SLP,09/01/2027,Z,2
03,03,4,02,1,20080424,RAW MATERIAL COFFEE BEAN (DC)  PCK 1000,,,30.00,30,100.00%,10,,09/01/2027,Z,2
03,03,4,03,1,,,,,0.00,0.0,,,,,,
03,03,4,04,1,,,,,0.00,0.0,,,,,,
03,03,5,01,1,20080424,RAW MATERIAL COFFEE BEAN (DC)  PCK 1000,,,30.00,30,100.00%,10,SLP,09/01/2027,Z,2
03,03,5,02,1,20080424,RAW MATERIAL COFFEE BEAN (DC)  PCK 1000,,,30.00,30,100.00%,10,,09/01/2027,Z,2
03,03,6,01,1,20080424,RAW MATERIAL COFFEE BEAN (DC)  PCK 1000,,,30.00,30,100.00%,10,,09/01/2027,Z,2
03,03,6,02,1,20080424,RAW MATERIAL COFFEE BEAN (DC)  PCK 1000,,,30.00,30,100.00%,10,CTN,09/01/2027,Z,2
03,03,7,01,1,20040893,RAW MATERIAL BIJI KOPI  PCK 500,,,34.00,36,94.44%,10,,08/03/2027,Z,1
03,03,7,02,1,20080424,RAW MATERIAL COFFEE BEAN (DC)  PCK 1000,,,30.00,30,100.00%,10,SLP,09/01/2027,Z,2
03,03,8,01,1,20134254,SO FRESH MINYAK ANGIN AROMATHERAPY EUCALYPTUS BDD 210L,,,22.00,96,22.92%,36,CTN,30/06/2028,,1
03,03,8,02,1,20036157,SOSRO TEH BOTOL JASMINE TEA BTL 450L,,,28.00,40,70.00%,24,CTN,01/09/2027,S,8
03,03,9,01,1,20137504,SAKATONIK ABC SUPLEMEN KESEHATAN CURCUMA MADU BTL 24,,,1.00,72,1.39%,60,CTN,04/07/2028,,1
03,03,9,02,1,20119876,HYDRO COCO NATURAL HEALTH DRINK VITA-D TPK 330L,,,9.00,150,6.00%,12,CTN,08/08/2027,,12
03,04,3,01,1,20134358,RAW MATERIAL TROPICAL JELLY  TPS 1,,73,4.00,44,9.09%,12,,18/08/2027,Z,1
03,04,3,02,1,,,,74,0.00,0.0,,,,,,
03,04,3,03,1,,,,75,0.00,0.0,,,,,,
03,04,3,04,1,20141497,KLIK INDOMARET PAPER BAG  PCS,,76,90.00,10000,0.90%,10,,01/09/2029,Z,10
03,04,3,05,1,,,,77,0.00,0.0,,,,,,
03,04,3,06,1,,,,78,0.00,0.0,,,,,,
03,04,4,01,1,20040893,RAW MATERIAL BIJI KOPI  PCK 500,,,50.00,36,138.89%,10,,06/03/2027,Z,1
03,04,4,02,1,20080424,RAW MATERIAL COFFEE BEAN (DC)  PCK 1000,,,30.00,30,100.00%,10,CTN,09/01/2027,Z,2
03,04,4,03,1,,,,,0.00,0.0,,,,,,
03,04,4,04,1,,,,,0.00,0.0,,,,,,
03,04,5,01,1,20016240,FOXS CANDY CRYSTAL CLEAR BERRIES PCK 90/80,,,78.00,78,100.00%,24,CTN,01/12/2027,,2
03,04,5,02,1,20134776,RAW MATERIAL SEASALT POWDER  PCK 1,,,36.00,33,109.09%,10,,30/07/2027,Z,1
03,04,6,01,1,20102840,RAW MATERIAL CREAMER POWDER  PCK 1000,,,28.00,28,100.00%,12,,11/08/2028,Z,1
03,04,6,02,1,20080424,RAW MATERIAL COFFEE BEAN (DC)  PCK 1000,,,15.00,30,50.00%,10,,09/01/2027,Z,2
03,04,7,01,1,20080424,RAW MATERIAL COFFEE BEAN (DC)  PCK 1000,,,30.00,30,100.00%,10,,09/01/2027,Z,2
03,04,7,02,1,10036561,MAYA SARDINES IN TOMATO SAUCE  KLG 155,,,1.00,25,4.00%,100,CTN,04/09/2029,,1
03,04,8,01,1,20142589,DELFI CHOCOLATE NOCKERS  BDD 2X35,,,7.00,50,14.00%,72,CTN,04/09/2027,,1
03,04,8,02,1,20080424,RAW MATERIAL COFFEE BEAN (DC)  PCK 1000,,,26.00,30,86.67%,10,,16/09/2027,Z,2
03,04,9,01,1,10037437,CAP BADAK LARUTAN PENYEGAR STRAWBERRY KLG 320L,,,20.00,63,31.75%,24,CTN,22/07/2028,,2
03,04,9,02,1,20117684,KALPA WAFER SHARE IT COKELAT KELAPA PCK 90,,,4.00,48,8.33%,16,CTN,01/08/2027,,1
03,05,3,01,1,20080425,RAW MATERIAL CHOCOLATE POWDER (DC)  PCK 1000,,93,4.00,80,5.00%,20,,11/09/2029,Z,1
03,05,3,02,1,,,,94,0.00,0.0,,,,,,
03,05,3,03,1,20080440,RAW MATERIAL PRIMALINE AVOCADO (DC)  PCS 800,,95,12.00,40,30.00%,10,,18/08/2028,Z,1
03,05,3,04,1,,,,96,0.00,0.0,,,,,,
03,05,3,05,1,,,,97,0.00,0.0,,,,,,
03,05,3,06,1,,,,98,0.00,0.0,,,,,,
03,05,4,01,1,20040893,RAW MATERIAL BIJI KOPI  PCK 500,,,50.00,36,138.89%,10,,06/03/2027,Z,1
03,05,4,02,1,20141497,KLIK INDOMARET PAPER BAG  PCS,,,720.00,10000,7.20%,10,,01/09/2029,Z,10
03,05,4,03,1,,,,,0.00,0.0,,,,,,
03,05,4,04,1,,,,,0.00,0.0,,,,,,
03,05,5,01,1,20080424,RAW MATERIAL COFFEE BEAN (DC)  PCK 1000,,,30.00,30,100.00%,10,,09/01/2027,Z,2
03,05,5,02,1,20096561,Y/CHOICE ADDITIONAL TOPPING SAOS BBQ PCS 20,,,18.00,66,27.27%,250,,04/08/2027,,25
03,05,6,01,1,20080424,RAW MATERIAL COFFEE BEAN (DC)  PCK 1000,,,30.00,30,100.00%,10,,09/01/2027,Z,2
03,05,6,02,1,20109085,RAW MATERIAL OVOMALTINE CRUNCHY CREAM  BTL 680,,,22.00,80,27.50%,6,,01/06/2027,Z,1
03,05,7,01,1,20080424,RAW MATERIAL COFFEE BEAN (DC)  PCK 1000,,,30.00,30,100.00%,10,,09/01/2027,Z,2
03,05,7,02,1,20092877,POINT COFFEE STRAW BIG FRAPPE & FREEZY  PCS,,,4.00,9,44.44%,5000,,07/09/2029,Z,100
03,05,8,01,1,20080424,RAW MATERIAL COFFEE BEAN (DC)  PCK 1000,,,16.00,30,53.33%,10,,09/01/2027,Z,2
03,05,8,02,1,20080424,RAW MATERIAL COFFEE BEAN (DC)  PCK 1000,,,22.00,30,73.33%,10,,09/01/2027,Z,2
03,05,9,01,1,20130190,GREENFIELDS UHT MILK CHOCOLATE TPK 105L,,,60.00,126,47.62%,40,CTN,20/06/2027,,4
03,05,9,02,1,20037150,KAKI TIGA LARUTAN PENYEGAR JAMBU BIJI KLG 320L,,,5.00,63,7.94%,24,CTN,31/08/2029,,6
03,06,3,01,1,20080433,RAW MATERIAL VANILLA SYRUP (DC)  BTL 750L,,113,9.00,80,11.25%,12,,21/08/2027,Z,1
03,06,3,02,1,,,,114,0.00,0.0,,,,,,
03,06,3,03,1,,,,115,0.00,0.0,,,,,,
03,06,3,04,1,,,,116,0.00,0.0,,,,,,
03,06,3,05,1,,,,117,0.00,0.0,,,,,,
03,06,3,06,1,,,,118,0.00,0.0,,,,,,
03,06,4,01,1,20040893,RAW MATERIAL BIJI KOPI  PCK 500,,,50.00,36,138.89%,10,,22/03/2027,Z,1
03,06,4,02,1,20040893,RAW MATERIAL BIJI KOPI  PCK 500,,,39.00,36,108.33%,10,,22/03/2027,Z,1
03,06,4,03,1,,,,,0.00,0.0,,,,,,
03,06,4,04,1,,,,,0.00,0.0,,,,,,
03,06,5,01,1,20080440,RAW MATERIAL PRIMALINE AVOCADO (DC)  PCS 800,,,6.00,40,15.00%,10,CTN,18/08/2028,Z,1
03,06,5,02,1,20080424,RAW MATERIAL COFFEE BEAN (DC)  PCK 1000,,,30.00,30,100.00%,10,,10/01/2027,Z,2
03,06,6,01,1,20069690,RTD STRAW SLIM (GREEN)  PCS,,,10.00,12,83.33%,10000,,07/09/2029,Z,500
03,06,6,02,1,20102840,RAW MATERIAL CREAMER POWDER  PCK 1000,,,28.00,28,100.00%,12,,17/09/2028,Z,1
03,06,7,01,1,20065780,FANTA SOFT DRINK STRAWBERRY PET 390L,,,12.00,104,11.54%,12,CTN,31/03/2027,,6
03,06,7,02,1,20080424,RAW MATERIAL COFFEE BEAN (DC)  PCK 1000,,,30.00,30,100.00%,10,,09/01/2027,Z,2
03,06,8,01,1,20080424,RAW MATERIAL COFFEE BEAN (DC)  PCK 1000,,,30.00,30,100.00%,10,,09/01/2027,Z,2
03,06,8,02,1,20080424,RAW MATERIAL COFFEE BEAN (DC)  PCK 1000,,,30.00,30,100.00%,10,,09/01/2027,Z,2
03,06,9,01,1,20109705,RAW MATERIAL SYRUP FRAMBOZEN  BTL 750L,,,5.00,80,6.25%,6,CTN,01/03/2028,Z,1
03,06,9,02,1,20130190,GREENFIELDS UHT MILK CHOCOLATE TPK 105L,,,8.00,126,6.35%,40,CTN,20/06/2027,,4
03,07,3,01,1,20127001,RAW MATERIAL BISCUIT CRUMB  PCK 1000,,133,8.00,60,13.33%,20,,09/09/2027,Z,1
03,07,3,02,1,,,,134,0.00,0.0,,,,,,
03,07,3,03,1,,,,135,0.00,0.0,,,,,,
03,07,3,04,1,20040893,RAW MATERIAL BIJI KOPI  PCK 500,,136,16.00,36,44.44%,10,,19/02/2027,Z,1
03,07,3,05,1,,,,137,0.00,0.0,,,,,,
03,07,3,06,1,,,,138,0.00,0.0,,,,,,
03,07,4,01,1,20080428,RAW MATERIAL MATCHA GREEN TEA POWDER (DC)  PCK 1000,,,8.00,18,44.44%,20,,15/08/2027,Z,1
03,07,4,02,1,20040893,RAW MATERIAL BIJI KOPI  PCK 500,,,48.00,36,133.33%,10,,06/03/2027,Z,1
03,07,4,03,1,,,,,0.00,0.0,,,,,,
03,07,4,04,1,,,,,0.00,0.0,,,,,,
03,07,5,01,1,20080424,RAW MATERIAL COFFEE BEAN (DC)  PCK 1000,,,30.00,30,100.00%,10,,09/01/2027,Z,2
03,07,5,02,1,20080434,RAW MATERIAL CARAMEL SYRUP (DC)  BTL 750L,,,28.00,80,35.00%,12,,12/02/2028,Z,1
03,07,6,01,1,20069690,RTD STRAW SLIM (GREEN)  PCS,,,10.00,12,83.33%,10000,,07/09/2029,Z,500
03,07,6,02,1,20080424,RAW MATERIAL COFFEE BEAN (DC)  PCK 1000,,,30.00,30,100.00%,10,,24/01/2027,Z,2
03,07,7,01,1,20069690,RTD STRAW SLIM (GREEN)  PCS,,,10.00,12,83.33%,10000,,07/09/2029,Z,500
03,07,7,02,1,20112042,RAW MATERIAL CARAMEL SAUCE  BTL 1L,,,33.00,66,50.00%,6,,20/08/2027,Z,2
03,07,8,01,1,20069776,POINT COFFEE LID DOME  PCS 16 OZ,,,72.00,60,120.00%,250,,02/09/2029,Z,50
03,07,8,02,1,20069776,POINT COFFEE LID DOME  PCS 16 OZ,,,67.00,60,111.67%,250,,02/09/2028,Z,50
03,07,9,01,1,20002203,SOSRO FRUIT TEA APEL BTL 500L,,,14.00,40,35.00%,24,CTN,30/09/2027,,2
03,07,9,02,1,20082395,SOSRO TEH BOTOL TAWAR BTL 350L,,,15.00,110,13.64%,12,CTN,30/09/2027,,3
03,08,3,01,1,20096561,Y/CHOICE ADDITIONAL TOPPING SAOS BBQ PCS 20,,153,12.00,66,18.18%,250,,19/08/2027,,25
03,08,3,02,1,,,,154,0.00,0.0,,,,,,
03,08,3,03,1,,,,155,0.00,0.0,,,,,,
03,08,3,04,1,20085776,RAW MATERIAL COFFEE JELLY  PCK 2,,156,10.00,80,12.50%,6,,29/07/2027,Z,1
03,08,3,05,1,,,,157,0.00,0.0,,,,,,
03,08,3,06,1,,,,158,0.00,0.0,,,,,,
03,08,4,01,1,20096560,Y/CHOICE ADDITIONAL TOPPING SAOS CHILLI PCS 20,,,17.00,66,25.76%,250,,11/08/2027,,25
03,08,4,02,1,20131236,RAW MATERIAL PISTACHIO SYRUP  BTL 760L,,,54.00,40,135.00%,6,,14/08/2027,Z,1
03,08,4,03,1,,,,,0.00,0.0,,,,,,
03,08,4,04,1,,,,,0.00,0.0,,,,,,
03,08,5,01,1,20080424,RAW MATERIAL COFFEE BEAN (DC)  PCK 1000,,,28.00,30,93.33%,10,,24/01/2027,Z,2
03,08,5,02,1,20131238,RAW MATERIAL ROASTED ALMOND SYRUP  BTL 750L,,,12.00,42,28.57%,12,,04/09/2028,Z,1
03,08,6,01,1,20080425,RAW MATERIAL CHOCOLATE POWDER (DC)  PCK 1000,,,7.00,80,8.75%,20,,09/08/2027,Z,1
03,08,6,02,1,20080424,RAW MATERIAL COFFEE BEAN (DC)  PCK 1000,,,30.00,30,100.00%,10,,24/01/2027,Z,2
03,08,7,01,1,20040893,RAW MATERIAL BIJI KOPI  PCK 500,,,21.00,36,58.33%,10,,15/03/2027,Z,1
03,08,7,02,1,20040893,RAW MATERIAL BIJI KOPI  PCK 500,,,50.00,36,138.89%,10,,19/02/2027,Z,1
03,08,8,01,1,20120850,SAY BREAD PAPER BAG  PCS,,,36.00,36,100.00%,1000,,09/03/2028,Z,100
03,08,8,02,1,20120850,SAY BREAD PAPER BAG  PCS,,,52.00,36,144.44%,1000,,01/08/2029,Z,100
03,08,9,01,1,10005909,INDOMILK SUSU CAIR UHT PLAIN TPK 950L,,,56.00,56,100.00%,12,CTN,28/05/2027,,2
03,08,9,02,1,20080428,RAW MATERIAL MATCHA GREEN TEA POWDER (DC)  PCK 1000,,,15.00,18,83.33%,20,CTN,14/09/2027,Z,1
03,09,3,01,1,20134560,RAW MATERIAL PASSION FRUIT SYRUP  BTL 750L,,173,3.00,42,7.14%,12,,02/03/2028,Z,1
03,09,3,02,1,,,,174,0.00,0.0,,,,,,
03,09,3,03,1,,,,175,0.00,0.0,,,,,,
03,09,3,04,1,,,,176,0.00,0.0,,,,,,
03,09,3,05,1,,,,177,0.00,0.0,,,,,,
03,09,3,06,1,,,,178,0.00,0.0,,,,,,
03,09,4,01,1,20040893,RAW MATERIAL BIJI KOPI  PCK 500,,,50.00,36,138.89%,10,,19/02/2027,Z,1
03,09,4,02,1,20080434,RAW MATERIAL CARAMEL SYRUP (DC)  BTL 750L,,,17.00,80,21.25%,12,,31/01/2028,Z,1
03,09,4,03,1,,,,,0.00,0.0,,,,,,
03,09,4,04,1,,,,,0.00,0.0,,,,,,
03,09,5,01,1,20040894,RAW MATERIAL COKLAT  PCK 700,,,27.00,36,75.00%,10,,11/02/2027,Z,1
03,09,5,02,1,20109705,RAW MATERIAL SYRUP FRAMBOZEN  BTL 750L,,,34.00,80,42.50%,6,,13/02/2028,Z,1
03,09,6,01,1,20112042,RAW MATERIAL CARAMEL SAUCE  BTL 1L,,,57.00,66,86.36%,6,,03/09/2027,Z,2
03,09,6,02,1,20084978,RAW MATERIAL HAZELNUT SYRUP (DC)  BTL 750L,,,29.00,60,48.33%,12,,26/02/2028,Z,1
03,09,7,01,1,20069776,POINT COFFEE LID DOME  PCS 16 OZ,,,63.00,60,105.00%,250,,02/09/2028,Z,50
03,09,7,02,1,20040893,RAW MATERIAL BIJI KOPI  PCK 500,,,50.00,36,138.89%,10,,19/02/2027,Z,1
03,09,8,01,1,20092877,POINT COFFEE STRAW BIG FRAPPE & FREEZY  PCS,,,5.00,9,55.56%,5000,,07/09/2029,Z,100
03,09,8,02,1,20099571,CIMORY FRESH MILK UHT CHOCOLATE TPK 250/225 L,,,6.00,105,5.71%,24,CTN,05/06/2027,L,24
03,09,9,01,1,20134046,SOSRO FRUIT TEA FREEZE BTL 500L,,,7.00,36,19.44%,24,CTN,30/09/2029,,2
03,09,9,02,1,20052629,INDOMARET AIR MINUM DENGAN OKSIGEN SPORTY BTL 600L,,,40.00,40,100.00%,24,CTN,09/09/2028,,24
04,01,3,01,1,,,,193,0.00,0.0,,,,,,
04,01,3,02,1,,,,194,0.00,0.0,,,,,,
04,01,3,04,1,,,,196,0.00,0.0,,,,,,
04,01,3,05,1,,,,197,0.00,0.0,,,,,,
04,01,3,06,1,,,,198,0.00,0.0,,,,,,
04,01,4,01,1,10013027,GREENFIELDS UHT MILK FULL CREAM TPK 1000/950L,,,56.00,56,100.00%,12,,19/05/2027,T,4
04,01,4,02,1,10013027,GREENFIELDS UHT MILK FULL CREAM TPK 1000/950L,,,56.00,56,100.00%,12,,13/05/2027,T,4
04,01,4,03,1,,,,,0.00,0.0,,,,,,
04,01,4,04,1,,,,,0.00,0.0,,,,,,
04,01,5,01,1,10013027,GREENFIELDS UHT MILK FULL CREAM TPK 1000/950L,,,56.00,56,100.00%,12,,13/05/2027,T,4
04,01,5,02,1,10013027,GREENFIELDS UHT MILK FULL CREAM TPK 1000/950L,,,56.00,56,100.00%,12,,13/05/2027,T,4
04,01,6,01,1,10013027,GREENFIELDS UHT MILK FULL CREAM TPK 1000/950L,,,56.00,56,100.00%,12,,13/05/2027,T,4
04,01,6,02,1,10013027,GREENFIELDS UHT MILK FULL CREAM TPK 1000/950L,,,56.00,56,100.00%,12,,13/05/2027,T,4
04,01,7,01,1,,,,,0.00,0.0,,,,,,
04,01,7,02,1,,,,,0.00,0.0,,,,,,
04,01,8,01,1,,,,,0.00,0.0,,,,,,
04,01,8,02,1,,,,,0.00,0.0,,,,,,
04,01,9,01,1,,,,,0.00,0.0,,,,,,
04,01,9,02,1,,,,,0.00,0.0,,,,,,
04,02,3,01,1,,,,213,0.00,0.0,,,,,,
04,02,3,02,1,,,,214,0.00,0.0,,,,,,
04,02,3,03,1,,,,215,0.00,0.0,,,,,,
04,02,3,04,1,,,,216,0.00,0.0,,,,,,
04,02,3,05,1,,,,217,0.00,0.0,,,,,,
04,02,3,06,1,,,,218,0.00,0.0,,,,,,
04,02,4,01,1,,,,,0.00,0.0,,,,,,
04,02,4,02,1,20085776,RAW MATERIAL COFFEE JELLY  PCK 2,,,16.00,80,20.00%,6,,26/06/2027,Z,1
04,02,4,03,1,,,,,0.00,0.0,,,,,,
04,02,4,04,1,,,,,0.00,0.0,,,,,,
04,02,5,01,1,,,,,0.00,0.0,,,,,,
04,02,5,02,1,20122822,CIMORY FRESH MILK UHT MARIE BISCUITS TPK 250/225 L,,,19.00,126,15.08%,24,,29/05/2027,,12
04,02,6,01,1,,,,,0.00,0.0,,,,,,
04,02,6,02,1,20014070,FRISIAN FLAG SUSU CAIR UHT LOW FAT TPK 946L,,,48.00,48,100.00%,12,,07/06/2027,,3
04,02,7,01,1,,,,,0.00,0.0,,,,,,
04,02,7,02,1,,,,,0.00,0.0,,,,,,
04,02,8,01,1,,,,,0.00,0.0,,,,,,
04,02,8,02,1,,,,,0.00,0.0,,,,,,
04,02,9,01,1,,,,,0.00,0.0,,,,,,
04,02,9,02,1,,,,,0.00,0.0,,,,,,
04,03,3,01,1,,,,233,0.00,0.0,,,,,,
04,03,3,02,1,,,,234,0.00,0.0,,,,,,
04,03,3,03,1,,,,235,0.00,0.0,,,,,,
04,03,3,04,1,20085199,RAW MATERIAL PEACH SYRUP (DC)  BTL 750L,,236,2.00,9,22.22%,12,,16/02/2028,Z,1
04,03,3,05,1,,,,237,0.00,0.0,,,,,,
04,03,3,06,1,,,,238,0.00,0.0,,,,,,
04,03,4,01,1,20087410,GREENFIELDS UHT MILK FULL CREAM TPK 105L,,,140.00,80,175.00%,40,,07/05/2027,D,40
04,03,4,02,1,20134848,RAW MATERIAL BUTTERSCOTCH SYRUP  BTL 760L,,,87.00,50,174.00%,6,,24/01/2028,Z,1
04,03,4,03,1,,,,,0.00,0.0,,,,,,
04,03,4,04,1,,,,,0.00,0.0,,,,,,
04,03,5,01,1,20134776,RAW MATERIAL SEASALT POWDER  PCK 1,,,36.00,33,109.09%,10,,04/09/2027,Z,1
04,03,5,02,1,20134776,RAW MATERIAL SEASALT POWDER  PCK 1,,,17.00,33,51.52%,10,,04/09/2027,Z,1
04,03,6,01,1,20102840,RAW MATERIAL CREAMER POWDER  PCK 1000,,,28.00,28,100.00%,12,,09/09/2028,Z,1
04,03,6,02,1,20052311,DIAMOND SUSU UHT FULL CREAM TPK 1000L,,,56.00,56,100.00%,12,,31/07/2027,S,12
04,03,7,01,1,20134848,RAW MATERIAL BUTTERSCOTCH SYRUP  BTL 760L,,,33.00,50,66.00%,6,,06/02/2028,Z,1
04,03,7,02,1,20134848,RAW MATERIAL BUTTERSCOTCH SYRUP  BTL 760L,,,74.00,50,148.00%,6,,06/02/2028,Z,1
04,03,8,01,1,,,,,0.00,0.0,,,,,,
04,03,8,02,1,20069664,POINT COFFEE CUP COLD  PCK 16 OZ,,,12.00,15,80.00%,1000,,20/09/2029,Z,50
04,03,9,01,1,,,,,0.00,0.0,,,,,,
04,03,9,02,1,,,,,0.00,0.0,,,,,,
04,04,3,01,1,20132527,RAW MATERIAL CHEESE FOAM TOPING POWDER  PCK 500,,253,4.00,9,44.44%,20,,08/09/2027,Z,1
04,04,3,02,1,,,,254,0.00,0.0,,,,,,
04,04,3,03,1,,,,255,0.00,0.0,,,,,,
04,04,3,04,1,20141581,KIN YOGURT SLURP XL FRUIT SALAD PCH 80,,256,18.00,125,14.40%,24,,10/05/2027,,1
04,04,3,05,1,,,,257,0.00,0.0,,,,,,
04,04,3,06,1,,,,258,0.00,0.0,,,,,,
04,04,4,01,1,20120852,SAY BREAD PLASTIK ROTI PANJANG (11.5X31)  PCS 350.03,,,26.00,40,65.00%,5000,,28/02/2028,Z,250
04,04,4,02,1,20085199,RAW MATERIAL PEACH SYRUP (DC)  BTL 750L,,,14.00,9,155.56%,12,,02/03/2028,Z,1
04,04,4,03,1,,,,,0.00,0.0,,,,,,
04,04,4,04,1,,,,,0.00,0.0,,,,,,
04,04,5,01,1,10038881,TROPICAL MINYAK GORENG  BTL 1000L,,,13.00,32,40.63%,12,CTN,04/09/2028,D,6
04,04,5,02,1,20080434,RAW MATERIAL CARAMEL SYRUP (DC)  BTL 750L,,,28.00,80,35.00%,12,CTN,24/03/2028,Z,1
04,04,6,01,1,20085199,RAW MATERIAL PEACH SYRUP (DC)  BTL 750L,,,6.00,9,66.67%,12,CTN,19/03/2028,Z,1
04,04,6,02,1,20040894,RAW MATERIAL COKLAT  PCK 700,,,50.00,36,138.89%,10,,23/07/2027,Z,1
04,04,7,01,1,20142566,POINT COFFEE TUMBLER LOOPLALA PCS 650L,,,20.00,20,100.00%,12,,04/07/2030,V,1
04,04,7,02,1,20092877,POINT COFFEE STRAW BIG FRAPPE & FREEZY  PCS,,,4.00,9,44.44%,5000,,07/09/2029,Z,100
04,04,8,01,1,10005909,INDOMILK SUSU CAIR UHT PLAIN TPK 950L,,,56.00,56,100.00%,12,CTN,28/05/2027,,2
04,04,8,02,1,20095509,Y/COFFEE GOLD CUP COLD  PCS 14 OZ,,,30.00,20,150.00%,500,,14/09/2029,Z,500
04,04,9,01,1,20131788,MAMA LEMON CAIRAN PENCUCI PIRING JERUK NIPIS PCH 950/920 ,,,55.00,55,100.00%,6,CTN,01/10/2029,S,6
04,04,9,02,1,20131788,MAMA LEMON CAIRAN PENCUCI PIRING JERUK NIPIS PCH 950/920 ,,,2.00,55,3.64%,6,CTN,01/10/2029,S,6
04,05,3,01,1,20138376,BEBELAC 1 SUSU CAIR UHT  TPK 105L,,273,19.00,78,24.36%,40,,30/04/2027,,4
04,05,3,02,1,,,,274,0.00,0.0,,,,,,
04,05,3,03,1,,,,275,0.00,0.0,,,,,,
04,05,3,04,1,20115188,CIMORY FRESH MILK UHT ALMOND TPK 250/225 L,,276,27.00,105,25.71%,24,,05/06/2027,,12
04,05,3,05,1,,,,277,0.00,0.0,,,,,,
04,05,3,06,1,,,,278,0.00,0.0,,,,,,
04,05,4,01,1,20085776,RAW MATERIAL COFFEE JELLY  PCK 2,,,15.00,80,18.75%,6,,04/08/2027,Z,1
04,05,4,02,1,20042991,INDOMARET GULA PASIR PREMIUM PUTIH PCK 1,,,25.00,25,100.00%,25,SAK,01/09/2028,L,25
04,05,4,03,1,,,,,0.00,0.0,,,,,,
04,05,4,04,1,,,,,0.00,0.0,,,,,,
04,05,5,01,1,20101056,RAW MATERIAL PALM SUGAR LIQUID  PCS 1300,,,33.00,40,82.50%,12,,31/08/2027,Z,1
04,05,5,02,1,20080706,L-MEN SUSU CAIR WHEY PROTEIN 2 GO CHOCOLATE TPK 200L,,,5.00,130,3.85%,24,CTN,13/08/2027,,2
04,05,6,01,1,20102840,RAW MATERIAL CREAMER POWDER  PCK 1000,,,28.00,28,100.00%,12,,09/09/2028,Z,1
04,05,6,02,1,20006422,TESSA FACIAL TISSUE REF.TP-09 50S  BAG,,,9.00,26,34.62%,48,CTN,30/09/2029,,4
04,05,7,01,1,20080428,RAW MATERIAL MATCHA GREEN TEA POWDER (DC)  PCK 1000,,,20.00,18,111.11%,20,,11/09/2027,Z,1
04,05,7,02,1,20042991,INDOMARET GULA PASIR PREMIUM PUTIH PCK 1,,,25.00,25,100.00%,25,SAK,01/09/2028,L,25
04,05,8,01,1,10005909,INDOMILK SUSU CAIR UHT PLAIN TPK 950L,,,56.00,56,100.00%,12,CTN,28/05/2027,,2
04,05,8,02,1,20095509,Y/COFFEE GOLD CUP COLD  PCS 14 OZ,,,30.00,20,150.00%,500,CTN,14/09/2029,Z,500
04,05,9,01,1,10005909,INDOMILK SUSU CAIR UHT PLAIN TPK 950L,,,56.00,56,100.00%,12,CTN,28/05/2027,,2
04,05,9,02,1,10005909,INDOMILK SUSU CAIR UHT PLAIN TPK 950L,,,56.00,56,100.00%,12,CTN,28/05/2027,,2
04,06,3,01,1,20014070,FRISIAN FLAG SUSU CAIR UHT LOW FAT TPK 946L,,293,12.00,48,25.00%,12,,20/06/2027,,3
04,06,3,02,1,,,,294,0.00,0.0,,,,,,
04,06,3,03,1,20115187,CIMORY FRESH MILK UHT HAZELNUT TPK 250/225 L,,295,10.00,105,9.52%,24,,06/06/2027,,6
04,06,3,04,1,20108987,V-SOY SOYA BEAN MILK MULTI-GRAIN  TPK 200L,,296,14.00,54,25.93%,48,,28/05/2027,,4
04,06,3,05,1,,,,297,0.00,0.0,,,,,,
04,06,3,06,1,,,,298,0.00,0.0,,,,,,
04,06,4,01,1,20101056,RAW MATERIAL PALM SUGAR LIQUID  PCS 1300,,,33.00,40,82.50%,12,,04/09/2027,Z,1
04,06,4,02,1,20122435,SAY BREAD PLASTIK ROTI CROISSANT 18X21/26X0.03CM PCS,,,14.00,40,35.00%,6000,,29/07/2029,Z,250
04,06,4,03,1,,,,,0.00,0.0,,,,,,
04,06,4,04,1,,,,,0.00,0.0,,,,,,
04,06,5,01,1,20080425,RAW MATERIAL CHOCOLATE POWDER (DC)  PCK 1000,,,15.00,80,18.75%,20,,04/09/2027,Z,1
04,06,5,02,1,20080425,RAW MATERIAL CHOCOLATE POWDER (DC)  PCK 1000,,,15.00,80,18.75%,20,,04/09/2027,Z,1
04,06,6,01,1,20112043,RAW MATERIAL CHOCOLATE SAUCE  BTL 1L,,,15.00,80,18.75%,6,,04/08/2027,Z,1
04,06,6,02,1,20122435,SAY BREAD PLASTIK ROTI CROISSANT 18X21/26X0.03CM PCS,,,18.00,40,45.00%,6000,,01/08/2028,Z,250
04,06,7,01,1,20120852,SAY BREAD PLASTIK ROTI PANJANG (11.5X31)  PCS 350.03,,,7.00,40,17.50%,5000,,09/07/2029,Z,250
04,06,7,02,1,20080428,RAW MATERIAL MATCHA GREEN TEA POWDER (DC)  PCK 1000,,,20.00,18,111.11%,20,,11/09/2027,Z,1
04,06,8,01,1,10005909,INDOMILK SUSU CAIR UHT PLAIN TPK 950L,,,56.00,56,100.00%,12,CTN,28/05/2027,,2
04,06,8,02,1,20069607,POINT COFFEE CUP SET HOT (LID &STIRRER)  PCS 8 OZ,,,21.00,18,116.67%,250,,19/09/2028,Z,250
04,06,9,01,1,10005909,INDOMILK SUSU CAIR UHT PLAIN TPK 950L,,,56.00,56,100.00%,12,CTN,28/05/2027,,2
04,06,9,02,1,10005909,INDOMILK SUSU CAIR UHT PLAIN TPK 950L,,,56.00,56,100.00%,12,CTN,28/05/2027,,2
04,07,3,01,1,,,,313,0.00,0.0,,,,,,
04,07,3,02,1,20024315,SOSRO TEH BOTOL LESS SUGAR  TPK 250L,,314,11.00,105,10.48%,24,,31/08/2027,,2
04,07,3,03,1,20138376,BEBELAC 1 SUSU CAIR UHT  TPK 105L,,315,11.00,78,14.10%,40,,31/05/2027,,4
04,07,3,04,1,20101055,RAW MATERIAL GULA CAIR  PCS 5,,316,7.00,50,14.00%,4,,16/09/2027,Z,1
04,07,3,05,1,,,,317,0.00,0.0,,,,,,
04,07,3,06,1,,,,318,0.00,0.0,,,,,,
04,07,4,01,1,20101056,RAW MATERIAL PALM SUGAR LIQUID  PCS 1300,,,33.00,40,82.50%,12,,31/08/2027,Z,1
04,07,4,02,1,20120850,SAY BREAD PAPER BAG  PCS,,,40.00,36,111.11%,1000,,16/09/2029,Z,100
04,07,4,03,1,,,,,0.00,0.0,,,,,,
04,07,4,04,1,,,,,0.00,0.0,,,,,,
04,07,5,01,1,20120852,SAY BREAD PLASTIK ROTI PANJANG (11.5X31)  PCS 350.03,,,16.00,40,40.00%,5000,,02/09/2028,Z,250
04,07,5,02,1,20080428,RAW MATERIAL MATCHA GREEN TEA POWDER (DC)  PCK 1000,,,13.00,18,72.22%,20,,11/09/2027,Z,1
04,07,6,01,1,10004237,CAP BADAK LARUTAN PENYEGAR LECI KLG 320L,,,63.00,63,100.00%,24,CTN,01/09/2028,S,6
04,07,6,02,1,20052311,DIAMOND SUSU UHT FULL CREAM TPK 1000L,,,52.00,56,92.86%,12,,31/07/2027,S,12
04,07,7,01,1,20102840,RAW MATERIAL CREAMER POWDER  PCK 1000,,,28.00,28,100.00%,12,,17/09/2028,Z,1
04,07,7,02,1,20120850,SAY BREAD PAPER BAG  PCS,,,14.00,36,38.89%,1000,,01/08/2029,Z,100
04,07,8,01,1,10005909,INDOMILK SUSU CAIR UHT PLAIN TPK 950L,,,56.00,56,100.00%,12,CTN,28/05/2027,,2
04,07,8,02,1,20143929,POINT COFFEE TUMBLER BRONZE METALIC SERIES  PCS 750 L,,,8.00,100,8.00%,48,,01/09/2028,,1
04,07,9,01,1,20136951,CIMORY FRESH MILK UHT MATCHA TPK 250/225 L,,,15.00,105,14.29%,24,CTN,16/06/2027,S,12
04,07,9,02,1,10005909,INDOMILK SUSU CAIR UHT PLAIN TPK 950L,,,56.00,56,100.00%,12,CTN,28/05/2027,,2
04,08,3,01,1,20131238,RAW MATERIAL ROASTED ALMOND SYRUP  BTL 750L,,333,3.00,42,7.14%,12,,13/09/2028,Z,1
04,08,3,02,1,20134560,RAW MATERIAL PASSION FRUIT SYRUP  BTL 750L,,334,5.00,42,11.90%,12,,20/03/2028,Z,1
04,08,3,03,1,,,,335,0.00,0.0,,,,,,
04,08,3,04,1,20115187,CIMORY FRESH MILK UHT HAZELNUT TPK 250/225 L,,336,30.00,105,28.57%,24,,02/06/2027,,6
04,08,3,05,1,,,,337,0.00,0.0,,,,,,
04,08,3,06,1,,,,338,0.00,0.0,,,,,,
04,08,4,01,1,20134776,RAW MATERIAL SEASALT POWDER  PCK 1,,,24.00,33,72.73%,10,,14/08/2027,Z,1
04,08,4,02,1,20045673,GOOD DAY COFFEE DRINK TIRAMISU BLISS BTL 250/230L,,,60.00,60,100.00%,24,CTN,28/07/2027,L,4
04,08,4,03,1,,,,,0.00,0.0,,,,,,
04,08,4,04,1,,,,,0.00,0.0,,,,,,
04,08,5,01,1,10005909,INDOMILK SUSU CAIR UHT PLAIN TPK 950L,,,56.00,56,100.00%,12,,28/05/2027,,2
04,08,5,02,1,10005909,INDOMILK SUSU CAIR UHT PLAIN TPK 950L,,,30.00,56,53.57%,12,,28/05/2027,,2
04,08,6,01,1,20106981,RAW MATERIAL GULA CAIR  SCT 8L,,,60.00,63,95.24%,400,,30/08/2027,Z,400
04,08,6,02,1,20040894,RAW MATERIAL COKLAT  PCK 700,,,20.00,36,55.56%,10,,17/09/2027,Z,1
04,08,7,01,1,20080428,RAW MATERIAL MATCHA GREEN TEA POWDER (DC)  PCK 1000,,,15.00,18,83.33%,20,,14/09/2027,Z,1
04,08,7,02,1,20040894,RAW MATERIAL COKLAT  PCK 700,,,56.00,36,155.56%,10,,28/08/2028,Z,1
04,08,8,01,1,20143929,POINT COFFEE TUMBLER BRONZE METALIC SERIES  PCS 750 L,,,8.00,100,8.00%,48,,01/09/2028,,1
04,08,8,02,1,20045673,GOOD DAY COFFEE DRINK TIRAMISU BLISS BTL 250/230L,,,3.00,60,5.00%,24,CTN,28/07/2027,L,4
04,08,9,01,1,20136951,CIMORY FRESH MILK UHT MATCHA TPK 250/225 L,,,4.00,105,3.81%,24,CTN,16/06/2027,S,12
04,08,9,02,1,10005909,INDOMILK SUSU CAIR UHT PLAIN TPK 950L,,,56.00,56,100.00%,12,CTN,28/05/2027,,2
04,09,3,01,1,20080429,RAW MATERIAL FRAPPE BASE (DC)  PCK 1000,,353,6.00,80,7.50%,20,,18/08/2027,Z,1
04,09,3,02,1,,,,354,0.00,0.0,,,,,,
04,09,3,03,1,,,,355,0.00,0.0,,,,,,
04,09,3,04,1,20120852,SAY BREAD PLASTIK ROTI PANJANG (11.5X31)  PCS 350.03,,356,6.00,40,15.00%,5000,,20/08/2029,Z,250
04,09,3,05,1,,,,357,0.00,0.0,,,,,,
04,09,3,06,1,,,,358,0.00,0.0,,,,,,
04,09,4,01,1,20140793,CIMORY FRESH MILK UHT NO ADDED SUGAR MATCHA TPK 225L,,,30.00,120,25.00%,24,,10/06/2027,S,3
04,09,4,02,1,20102840,RAW MATERIAL CREAMER POWDER  PCK 1000,,,28.00,28,100.00%,12,,09/09/2028,Z,1
04,09,4,03,1,,,,,0.00,0.0,,,,,,
04,09,4,04,1,,,,,0.00,0.0,,,,,,
04,09,5,01,1,10005909,INDOMILK SUSU CAIR UHT PLAIN TPK 950L,,,56.00,56,100.00%,12,,28/05/2027,,2
04,09,5,02,1,20102840,RAW MATERIAL CREAMER POWDER  PCK 1000,,,28.00,28,100.00%,12,,17/09/2028,Z,1
04,09,6,01,1,20101055,RAW MATERIAL GULA CAIR  PCS 5,,,12.00,50,24.00%,4,,28/08/2027,Z,1
04,09,6,02,1,10005909,INDOMILK SUSU CAIR UHT PLAIN TPK 950L,,,56.00,56,100.00%,12,,28/05/2027,,2
04,09,7,01,1,20141497,KLIK INDOMARET PAPER BAG  PCS,,,720.00,10000,7.20%,10,,23/10/2027,Z,10
04,09,7,02,1,20096561,Y/CHOICE ADDITIONAL TOPPING SAOS BBQ PCS 20,,,25.00,66,37.88%,250,,15/08/2027,,25
04,09,8,01,1,20069776,POINT COFFEE LID DOME  PCS 16 OZ,,,80.00,60,133.33%,250,,10/09/2028,Z,50
04,09,8,02,1,20118377,TROPICANA SLIM OAT DRINK VANILLICIOUS TPK 190L,,,7.00,128,5.47%,24,CTN,25/09/2027,,2
04,09,9,01,1,20136951,CIMORY FRESH MILK UHT MATCHA TPK 250/225 L,,,12.00,105,11.43%,24,CTN,19/06/2027,S,12
04,09,9,02,1,20040893,RAW MATERIAL BIJI KOPI  PCK 500,,,36.00,36,100.00%,10,CTN,22/03/2027,Z,1
05,01,3,01,1,10013027,GREENFIELDS UHT MILK FULL CREAM TPK 1000/950L,,,56.00,56,100.00%,12,,13/05/2027,T,4
05,01,3,02,1,,,,,0.00,0.0,,,,,,
05,01,3,03,1,,,,,0.00,0.0,,,,,,
05,01,3,04,1,,,,,0.00,0.0,,,,,,
05,01,4,01,1,10013027,GREENFIELDS UHT MILK FULL CREAM TPK 1000/950L,,,56.00,56,100.00%,12,,13/05/2027,T,4
05,01,4,02,1,,,,,0.00,0.0,,,,,,
05,01,5,01,1,10013027,GREENFIELDS UHT MILK FULL CREAM TPK 1000/950L,,,56.00,56,100.00%,12,,13/05/2027,T,4
05,01,5,02,1,10013027,GREENFIELDS UHT MILK FULL CREAM TPK 1000/950L,,,56.00,56,100.00%,12,,13/05/2027,T,4
05,01,6,01,1,10013027,GREENFIELDS UHT MILK FULL CREAM TPK 1000/950L,,,56.00,56,100.00%,12,,13/05/2027,T,4
05,01,6,02,1,10013027,GREENFIELDS UHT MILK FULL CREAM TPK 1000/950L,,,56.00,56,100.00%,12,,13/05/2027,T,4
05,01,7,01,1,,,,,0.00,0.0,,,,,,
05,01,7,02,1,,,,,0.00,0.0,,,,,,
05,01,8,01,1,,,,,0.00,0.0,,,,,,
05,01,8,02,1,,,,,0.00,0.0,,,,,,
05,02,3,01,1,,,,,0.00,0.0,,,,,,
05,02,3,02,1,,,,,0.00,0.0,,,,,,
05,02,3,03,1,20122906,CHUPA CHUPS BIG BABOL CANDY BUBBLE GUM TUTTI-BLUEBERRY BDD 2X20,,,8.00,78,10.26%,240,,01/09/2027,,2
05,02,3,04,1,,,,,0.00,0.0,,,,,,
05,02,4,01,1,,,,,0.00,0.0,,,,,,
05,02,4,02,1,,,,,0.00,0.0,,,,,,
05,02,5,01,1,20141497,KLIK INDOMARET PAPER BAG  PCS,,,720.00,10000,7.20%,10,,01/09/2028,Z,10
05,02,5,02,1,,,,,0.00,0.0,,,,,,
05,02,6,01,1,20141497,KLIK INDOMARET PAPER BAG  PCS,,,720.00,10000,7.20%,10,,01/09/2028,Z,10
05,02,6,02,1,20141497,KLIK INDOMARET PAPER BAG  PCS,,,720.00,10000,7.20%,10,,01/09/2028,Z,10
05,02,7,01,1,,,,,0.00,0.0,,,,,,
05,02,7,02,1,,,,,0.00,0.0,,,,,,
05,02,8,01,1,,,,,0.00,0.0,,,,,,
05,02,8,02,1,20069664,POINT COFFEE CUP COLD  PCK 16 OZ,,,12.00,15,80.00%,1000,,20/09/2029,Z,50
05,03,3,01,1,20088875,FRISIAN FLAG SUSU CAIR UHT SWEET DELIGHT TPK 225L,,,8.00,91,8.79%,36,,31/08/2027,,2
05,03,3,02,1,,,,,0.00,0.0,,,,,,
05,03,3,03,1,,,,,0.00,0.0,,,,,,
05,03,3,04,1,20067200,BUAVITA JUICE (79367) NEW GUAVA TPK 1000L,,,5.00,72,6.94%,12,,01/10/2027,,1
05,03,4,01,1,,,,,0.00,0.0,,,,,,
05,03,4,02,1,20102840,RAW MATERIAL CREAMER POWDER  PCK 1000,,,28.00,28,100.00%,12,,09/09/2028,Z,1
05,03,5,01,1,10007974,BUAVITA JUICE SLIM (82207) LYCHEE TPK 245L,,,10.46,119,8.79%,24,,01/08/2027,,2
05,03,5,02,1,20052311,DIAMOND SUSU UHT FULL CREAM TPK 1000L,,,56.00,56,100.00%,12,,31/07/2027,S,12
05,03,6,01,1,20141497,KLIK INDOMARET PAPER BAG  PCS,,,720.00,10000,7.20%,10,,01/09/2028,Z,10
05,03,6,02,1,20142757,RAW MATERIAL OAT DRINK  TPK 1L,,,100.00,100,100.00%,6,,02/09/2027,Z,6
05,03,7,01,1,20141497,KLIK INDOMARET PAPER BAG  PCS,,,720.00,10000,7.20%,10,,01/09/2028,Z,10
05,03,7,02,1,20138916,CIMORY FRESH MILK UHT THAI TEA TPK 250/225 L,,,20.00,105,19.05%,24,,31/05/2027,,2
05,03,8,01,1,20069664,POINT COFFEE CUP COLD  PCK 16 OZ,,,12.00,15,80.00%,1000,,20/09/2029,Z,50
05,03,8,02,1,20069664,POINT COFFEE CUP COLD  PCK 16 OZ,,,12.00,15,80.00%,1000,,20/09/2029,Z,50
05,04,3,01,1,20108987,V-SOY SOYA BEAN MILK MULTI-GRAIN  TPK 200L,,,12.00,54,22.22%,48,,28/05/2027,,4
05,04,3,02,1,10003873,KAPAL API KOPI BUBUK  PCK 350,,,50.00,50,100.00%,9,CTN,31/08/2027,S,2
05,04,3,03,1,20085198,RAW MATERIAL LYCHEE SYRUP (DC)  BTL 750L,,,8.00,60,13.33%,12,,31/08/2028,Z,1
05,04,3,04,1,,,,,0.00,0.0,,,,,,
05,04,4,01,1,20101056,RAW MATERIAL PALM SUGAR LIQUID  PCS 1300,,,33.00,40,82.50%,12,,04/09/2027,Z,1
05,04,4,02,1,20124289,CHO CHO CHOCOLATE JOY JUMBO PCS 40,,,23.00,924,2.49%,12,CTN,30/08/2027,,2
05,04,5,01,1,20101056,RAW MATERIAL PALM SUGAR LIQUID  PCS 1300,,,33.00,40,82.50%,12,,04/09/2027,Z,1
05,04,5,02,1,20101056,RAW MATERIAL PALM SUGAR LIQUID  PCS 1300,,,33.00,40,82.50%,12,,04/09/2027,Z,1
05,04,6,01,1,20137314,CAP LANG MINYAK TELON LANG NATURAL BTL 150L,,,1.00,192,0.52%,6,LSN,30/07/2031,,1
05,04,6,02,1,20104728,LEMONILO CHIMI KERIPIK UBI JAGUNG BAKAR PCK 41,,,13.00,21,61.90%,24,CTN,30/08/2027,L,3
05,04,7,01,1,20130518,TROPICANA SLIM ALMOND DRINK CHOCOLICIOUS TPK 190L,,,12.00,91,13.19%,24,CTN,06/10/2027,,8
05,04,7,02,1,20102840,RAW MATERIAL CREAMER POWDER  PCK 1000,,,10.00,28,35.71%,12,,09/09/2028,Z,1
05,04,8,01,1,20069664,POINT COFFEE CUP COLD  PCK 16 OZ,,,10.00,15,66.67%,1000,,27/09/2028,Z,50
05,04,8,02,1,20069664,POINT COFFEE CUP COLD  PCK 16 OZ,,,12.00,15,80.00%,1000,,27/09/2028,Z,50
05,05,3,01,1,20087290,HILO SCHOOL SUSU CAIR UHT CHOCOLATE TPK 200L,,,41.00,140,29.29%,24,,10/08/2027,,2
05,05,3,02,1,20052859,PRINGLES POTATO CRISPS ORIGINAL KLG 42,,,24.00,153,15.69%,12,CTN,31/07/2027,S,12
05,05,3,03,1,10008095,ULTRA SUSU UHT STERIL SLIM STRAWBERRY TPK 200L,,,53.00,147,36.05%,24,,04/06/2027,L,24
05,05,3,04,1,,,,,0.00,0.0,,,,,,
05,05,4,01,1,10000405,ULTRA SUSU CAIR UHT STERIL PLAIN TPK 1000L,,,56.00,56,100.00%,12,,01/05/2027,E,12
05,05,4,02,1,10007970,BUAVITA JUICE SLIM (82314) JAMBU TPK 245L,,,90.00,119,75.63%,24,,02/10/2027,S,24
05,05,5,01,1,20102840,RAW MATERIAL CREAMER POWDER  PCK 1000,,,28.00,28,100.00%,12,,09/09/2028,Z,1
05,05,5,02,1,20052311,DIAMOND SUSU UHT FULL CREAM TPK 1000L,,,56.00,56,100.00%,12,,01/08/2027,S,12
05,05,6,01,1,20102840,RAW MATERIAL CREAMER POWDER  PCK 1000,,,28.00,28,100.00%,12,,09/09/2028,Z,1
05,05,6,02,1,20102840,RAW MATERIAL CREAMER POWDER  PCK 1000,,,28.00,28,100.00%,12,,09/09/2028,Z,1
05,05,7,01,1,20014069,FRISIAN FLAG SUSU CAIR UHT FULL CREAM TPK 946L,,,19.00,56,33.93%,12,,04/06/2027,E,12
05,05,7,02,1,10004443,INDOMILK SUSU CAIR UHT CHOCOLATE TPK 190/180L,,,29.00,112,25.89%,30,,10/04/2027,,10
05,05,8,01,1,20080425,RAW MATERIAL CHOCOLATE POWDER (DC)  PCK 1000,,,12.00,80,15.00%,20,CTN,09/09/2027,Z,1
05,05,8,02,1,20135795,TROPICANA SLIM COLLAGEN SHOT DRINK PEACH BLOSSOM TPK 190L,,,2.00,112,1.79%,24,CTN,10/10/2027,,1
05,06,3,01,1,20044334,SOSRO TEH BOTOL (KOTAK)  TPK 330/300L,,,6.00,105,5.71%,24,CTN,30/09/2027,S,8
05,06,3,02,1,20024315,SOSRO TEH BOTOL LESS SUGAR  TPK 250L,,,20.00,105,19.05%,24,,08/08/2027,,2
05,06,3,03,1,10007971,BUAVITA JUICE SLIM (82317) ORANGE TPK 245L,,,16.00,119,13.45%,24,,05/10/2027,,2
05,06,3,04,1,,,,,0.00,0.0,,,,,,
05,06,4,01,1,10019614,ULTRA MIMI SUSU CAIR UHT CHOCOLATE TPK 125L,,,56.00,130,43.08%,40,,04/06/2027,,10
05,06,4,02,1,20085776,RAW MATERIAL COFFEE JELLY  PCK 2,,,39.00,80,48.75%,6,,28/08/2027,Z,1
05,06,5,01,1,20025753,FRISIAN FLAG SUSU CAIR LOW FAT COKELAT TPK 225L,,,39.00,91,42.86%,36,,31/05/2027,,9
05,06,5,02,1,20077501,FRISIAN FLAG SUSU CAIR UHT COCONUT DELIGHT TPK 946L,,,17.00,56,30.36%,12,,02/06/2027,,2
05,06,6,01,1,20102840,RAW MATERIAL CREAMER POWDER  PCK 1000,,,28.00,28,100.00%,12,,09/09/2028,Z,1
05,06,6,02,1,20014069,FRISIAN FLAG SUSU CAIR UHT FULL CREAM TPK 946L,,,56.00,56,100.00%,12,,01/06/2027,E,12
05,06,7,01,1,10004779,INDOMILK SUSU CAIR UHT KIDS COKELAT TPK 115L,,,5.00,130,3.85%,40,CTN,30/04/2027,,5
05,06,7,02,1,20080434,RAW MATERIAL CARAMEL SYRUP (DC)  BTL 750L,,,21.00,80,26.25%,12,,26/02/2028,Z,1
05,06,8,01,1,10004780,INDOMILK SUSU CAIR UHT KIDS STRAWBERRY TPK 115L,,,5.00,117,4.27%,40,CTN,20/06/2027,,8
05,06,8,02,1,20069664,POINT COFFEE CUP COLD  PCK 16 OZ,,,12.00,15,80.00%,1000,,20/09/2029,Z,50
05,07,3,01,1,10007415,SUN KARA SANTAN KELAPA SIAP PAKAI  TPK 200L,,,7.00,299,2.34%,12,CTN,04/09/2027,,2
05,07,3,02,1,20138376,BEBELAC 1 SUSU CAIR UHT  TPK 105L,,,8.00,78,10.26%,40,,03/05/2027,,4
05,07,3,03,1,,,,,0.00,0.0,,,,,,
05,07,3,04,1,,,,,0.00,0.0,,,,,,
05,07,4,01,1,20119876,HYDRO COCO NATURAL HEALTH DRINK VITA-D TPK 330L,,,74.00,150,49.33%,12,,04/08/2027,,12
05,07,4,02,1,10005909,INDOMILK SUSU CAIR UHT PLAIN TPK 950L,,,56.00,56,100.00%,12,,28/05/2027,,2
05,07,5,01,1,20122061,OATSIDE OAT MILK BARISTA BLEND TPK 1L,,,100.00,92,108.70%,6,,31/07/2027,L,2
05,07,5,02,1,20087412,GREENFIELDS UHT MILK STRAWBERRY TPK 105L,,,91.00,130,70.00%,40,,02/07/2027,,20
05,07,6,01,1,,,,,0.00,0.0,,,,,,
05,07,6,02,1,20139295,BROOKFARM ALMOND DRINK ORIGINAL TPK 200L,,,21.00,147,14.29%,24,,20/08/2027,,2
05,07,7,01,1,20014069,FRISIAN FLAG SUSU CAIR UHT FULL CREAM TPK 946L,,,56.00,56,100.00%,12,,04/06/2027,E,12
05,07,7,02,1,20122061,OATSIDE OAT MILK BARISTA BLEND TPK 1L,,,50.00,92,54.35%,6,,23/08/2027,L,2
05,07,8,01,1,20069664,POINT COFFEE CUP COLD  PCK 16 OZ,,,12.00,15,80.00%,1000,CTN,20/09/2028,Z,50
05,07,8,02,1,10007974,BUAVITA JUICE SLIM (82207) LYCHEE TPK 245L,,,5.00,119,4.20%,24,CTN,01/10/2027,,2
05,08,3,01,1,10005128,SOSRO TEH BOTOL (KOTAK)  TPK 250L,,,6.00,75,8.00%,24,,30/09/2027,L,2
05,08,3,02,1,20088875,FRISIAN FLAG SUSU CAIR UHT SWEET DELIGHT TPK 225L,,,13.00,91,14.29%,36,,30/09/2027,,2
05,08,3,03,1,20080425,RAW MATERIAL CHOCOLATE POWDER (DC)  PCK 1000,,,7.00,80,8.75%,20,,09/09/2027,Z,1
05,08,3,04,1,20127001,RAW MATERIAL BISCUIT CRUMB  PCK 1000,,,6.00,60,10.00%,20,,19/09/2027,Z,1
05,08,4,01,1,20134390,CIMORY FRESH MILK UHT BEBAS LAKTOSA FULL CREAM TPK 250/225 L,,,75.00,126,59.52%,24,,02/05/2027,,2
05,08,4,02,1,10005909,INDOMILK SUSU CAIR UHT PLAIN TPK 950L,,,56.00,56,100.00%,12,,28/05/2027,,2
05,08,5,01,1,20122061,OATSIDE OAT MILK BARISTA BLEND TPK 1L,,,100.00,92,108.70%,6,,23/08/2027,L,2
05,08,5,02,1,10007970,BUAVITA JUICE SLIM (82314) JAMBU TPK 245L,,,119.00,119,100.00%,24,,02/10/2027,S,24
05,08,6,01,1,20014071,FRISIAN FLAG SUSU CAIR UHT CHOCOLATE TPK 946L,,,19.00,80,23.75%,12,,01/05/2027,,3
05,08,6,02,1,20140794,CIMORY FRESH MILK UHT NO ADDED SUGAR MARIE REGAL TPK 225L,,,54.00,120,45.00%,24,,01/06/2027,,2
05,08,7,01,1,20102840,RAW MATERIAL CREAMER POWDER  PCK 1000,,,32.00,28,114.29%,12,,11/08/2028,Z,1
05,08,7,02,1,20069664,POINT COFFEE CUP COLD  PCK 16 OZ,,,6.00,15,40.00%,1000,,20/09/2029,Z,50
05,08,8,01,1,20069664,POINT COFFEE CUP COLD  PCK 16 OZ,,,12.00,15,80.00%,1000,,20/09/2029,Z,50
05,08,8,02,1,20069664,POINT COFFEE CUP COLD  PCK 16 OZ,,,12.00,15,80.00%,1000,,20/09/2029,Z,50
05,09,3,01,1,20077454,HEAVENLY BLUSH GREEK YOGURT DRINK CLASSIC TPK 200L,,,1.00,70,1.43%,24,CTN,04/03/2027,,1
05,09,3,02,1,20118377,TROPICANA SLIM OAT DRINK VANILLICIOUS TPK 190L,,,10.00,128,7.81%,24,,20/09/2027,,2
05,09,3,03,1,,,,,0.00,0.0,,,,,,
05,09,3,04,1,20032644,ULTRA SUSU CAIR LOW FAT HI-CALCIUM PLAIN TPK 250L,,,18.00,147,12.24%,24,,30/06/2027,,6
05,09,4,01,1,20120850,SAY BREAD PAPER BAG  PCS,,,26.00,36,72.22%,1000,,01/08/2029,Z,100
05,09,4,02,1,20142757,RAW MATERIAL OAT DRINK  TPK 1L,,,100.00,100,100.00%,6,,10/09/2027,Z,6
05,09,5,01,1,10005909,INDOMILK SUSU CAIR UHT PLAIN TPK 950L,,,56.00,56,100.00%,12,,28/05/2027,,2
05,09,5,02,1,20139148,RAW MATERIAL CASHEW MILK  TPK 200L,,,60.00,90,66.67%,24,,20/08/2027,Z,12
05,09,6,01,1,20115187,CIMORY FRESH MILK UHT HAZELNUT TPK 250/225 L,,,29.00,105,27.62%,24,,30/06/2027,,6
05,09,6,02,1,20104637,CIMORY FRESH MILK UHT CASHEW TPK 250/225 L,,,51.00,126,40.48%,24,,06/06/2027,,3
05,09,7,01,1,20122822,CIMORY FRESH MILK UHT MARIE BISCUITS TPK 250/225 L,,,23.00,126,18.25%,24,,01/06/2027,,12
05,09,7,02,1,20120850,SAY BREAD PAPER BAG  PCS,,,26.00,36,72.22%,1000,,25/09/2029,Z,100
05,09,8,01,1,10005909,INDOMILK SUSU CAIR UHT PLAIN TPK 950L,,,56.00,56,100.00%,12,CTN,28/05/2027,,2
05,09,8,02,1,20040893,RAW MATERIAL BIJI KOPI  PCK 500,,,14.00,36,38.89%,10,CTN,22/03/2027,Z,1
06,01,3,01,1,,,,,0.00,0.0,,,,,,
06,01,3,02,1,,,,,0.00,0.0,,,,,,
06,01,3,03,1,,,,,0.00,0.0,,,,,,
06,01,3,04,1,20101056,RAW MATERIAL PALM SUGAR LIQUID  PCS 1300,,,33.00,40,82.50%,12,,31/08/2027,Z,1
06,01,4,01,1,,,,,0.00,0.0,,,,,,
06,01,4,02,1,,,,,0.00,0.0,,,,,,
06,01,5,01,1,,,,,0.00,0.0,,,,,,
06,01,5,02,1,,,,,0.00,0.0,,,,,,
06,01,6,01,1,,,,,0.00,0.0,,,,,,
06,01,6,02,1,,,,,0.00,0.0,,,,,,
06,01,7,01,1,,,,,0.00,0.0,,,,,,
06,01,7,02,1,,,,,0.00,0.0,,,,,,
06,01,8,01,1,,,,,0.00,0.0,,,,,,
06,01,8,02,1,,,,,0.00,0.0,,,,,,
06,02,3,01,1,20014069,FRISIAN FLAG SUSU CAIR UHT FULL CREAM TPK 946L,,,36.00,56,64.29%,12,,01/06/2027,E,12
06,02,3,02,1,,,,,0.00,0.0,,,,,,
06,02,3,03,1,,,,,0.00,0.0,,,,,,
06,02,3,04,1,20120850,SAY BREAD PAPER BAG  PCS,,,42.00,36,116.67%,1000,,30/08/2029,Z,100
06,02,4,01,1,20068905,FRISIAN FLAG SUSU KENTAL MANIS PUTIH PCH 535,,,50.00,50,100.00%,24,,30/09/2027,E,24
06,02,4,02,1,20080425,RAW MATERIAL CHOCOLATE POWDER (DC)  PCK 1000,,,15.00,80,18.75%,20,,29/08/2027,Z,1
06,02,5,01,1,20014071,FRISIAN FLAG SUSU CAIR UHT CHOCOLATE TPK 946L,,,56.00,80,70.00%,12,,01/06/2027,,3
06,02,5,02,1,20120850,SAY BREAD PAPER BAG  PCS,,,36.00,36,100.00%,1000,,30/08/2029,Z,100
06,02,6,01,1,10007973,BUAVITA JUICE SLIM (82313) MANGGA TPK 245L,,,46.00,102,45.10%,24,,02/10/2027,S,12
06,02,6,02,1,,,,,0.00,0.0,,,,,,
06,02,7,01,1,,,,,0.00,0.0,,,,,,
06,02,7,02,1,20120850,SAY BREAD PAPER BAG  PCS,,,26.00,36,72.22%,1000,,15/07/2029,Z,100
06,02,8,01,1,,,,,0.00,0.0,,,,,,
06,02,8,02,1,20111188,POINT COFFEE CUP PLASTIK  PCS 22 OZ,,,27.00,16,168.75%,500,,01/09/2029,Z,500
06,03,3,01,1,20115187,CIMORY FRESH MILK UHT HAZELNUT TPK 250/225 L,,,30.00,105,28.57%,24,,30/06/2027,,6
06,03,3,02,1,,,,,0.00,0.0,,,,,,
06,03,3,03,1,,,,,0.00,0.0,,,,,,
06,03,3,04,1,20140795,CIMORY FRESH MILK UHT NO ADDED SUGAR CHOCOLATE TPK 225L,,,105.00,120,87.50%,24,,12/06/2027,,3
06,03,4,01,1,20136951,CIMORY FRESH MILK UHT MATCHA TPK 250/225 L,,,65.00,105,61.90%,24,,19/06/2027,S,12
06,03,4,02,1,20052311,DIAMOND SUSU UHT FULL CREAM TPK 1000L,,,56.00,56,100.00%,12,,23/09/2027,S,12
06,03,5,01,1,20052311,DIAMOND SUSU UHT FULL CREAM TPK 1000L,,,56.00,56,100.00%,12,,01/08/2027,S,12
06,03,5,02,1,20025753,FRISIAN FLAG SUSU CAIR LOW FAT COKELAT TPK 225L,,,19.00,91,20.88%,36,,02/05/2027,,9
06,03,6,01,1,20052311,DIAMOND SUSU UHT FULL CREAM TPK 1000L,,,56.00,56,100.00%,12,,23/08/2027,S,12
06,03,6,02,1,20033547,GREENFIELDS UHT MILK LOW FAT TPK 1000/950L,,,19.00,56,33.93%,12,,17/06/2027,,1
06,03,7,01,1,20111188,POINT COFFEE CUP PLASTIK  PCS 22 OZ,,,20.00,16,125.00%,500,,10/09/2029,Z,500
06,03,7,02,1,20142566,POINT COFFEE TUMBLER LOOPLALA PCS 650L,,,20.00,20,100.00%,12,,04/07/2030,V,1
06,03,8,01,1,,,,,0.00,0.0,,,,,,
06,03,8,02,1,20125564,Y/COFFEE GOLD BOTTLE  PCS 250L,,,8.00,12,66.67%,300,,23/09/2029,Z,300
06,04,3,01,1,20134358,RAW MATERIAL TROPICAL JELLY  TPS 1,,,9.00,44,20.45%,12,,11/08/2027,Z,1
06,04,3,02,1,20085776,RAW MATERIAL COFFEE JELLY  PCK 2,,,6.00,80,7.50%,6,,11/09/2027,Z,1
06,04,3,03,1,,,,,0.00,0.0,,,,,,
06,04,3,04,1,20140795,CIMORY FRESH MILK UHT NO ADDED SUGAR CHOCOLATE TPK 225L,,,105.00,120,87.50%,24,,12/06/2027,,3
06,04,4,01,1,10004779,INDOMILK SUSU CAIR UHT KIDS COKELAT TPK 115L,,,64.00,130,49.23%,40,,28/05/2027,,5
06,04,4,02,1,20014069,FRISIAN FLAG SUSU CAIR UHT FULL CREAM TPK 946L,,,56.00,56,100.00%,12,,30/06/2027,E,12
06,04,5,01,1,10005909,INDOMILK SUSU CAIR UHT PLAIN TPK 950L,,,56.00,56,100.00%,12,,28/05/2027,,2
06,04,5,02,1,20014069,FRISIAN FLAG SUSU CAIR UHT FULL CREAM TPK 946L,,,56.00,56,100.00%,12,,01/06/2027,E,12
06,04,6,01,1,20014069,FRISIAN FLAG SUSU CAIR UHT FULL CREAM TPK 946L,,,56.00,56,100.00%,12,,01/06/2027,E,12
06,04,6,02,1,20014069,FRISIAN FLAG SUSU CAIR UHT FULL CREAM TPK 946L,,,56.00,56,100.00%,12,,01/06/2027,E,12
06,04,7,01,1,20139300,BROOKFARM ALMOND DRINK MATCHA TPK 200L,,,17.00,147,11.56%,24,,01/07/2027,,2
06,04,7,02,1,10007970,BUAVITA JUICE SLIM (82314) JAMBU TPK 245L,,,61.00,119,51.26%,24,,01/10/2027,S,24
06,04,8,01,1,,,,,0.00,0.0,,,,,,
06,04,8,02,1,20125564,Y/COFFEE GOLD BOTTLE  PCS 250L,,,8.00,12,66.67%,300,,23/09/2029,Z,300
06,05,3,01,1,,,,,0.00,0.0,,,,,,
06,05,3,02,1,20140324,BUAVITA JUICE SLIM K.STRAWBERRY TPK 245L,,,26.00,119,21.85%,24,,28/08/2027,,2
06,05,3,03,1,10004442,INDOMILK SUSU CAIR UHT STRAWBERRY TPK 180L,,,14.00,112,12.50%,30,,01/05/2027,,6
06,05,3,04,1,,,,,0.00,0.0,,,,,,
06,05,4,01,1,20068905,FRISIAN FLAG SUSU KENTAL MANIS PUTIH PCH 535,,,50.00,50,100.00%,24,,30/09/2027,E,24
06,05,4,02,1,20014069,FRISIAN FLAG SUSU CAIR UHT FULL CREAM TPK 946L,,,56.00,56,100.00%,12,,30/06/2027,E,12
06,05,5,01,1,10005909,INDOMILK SUSU CAIR UHT PLAIN TPK 950L,,,56.00,56,100.00%,12,,28/05/2027,,2
06,05,5,02,1,20140793,CIMORY FRESH MILK UHT NO ADDED SUGAR MATCHA TPK 225L,,,105.00,120,87.50%,24,,30/06/2027,S,3
06,05,6,01,1,20111188,POINT COFFEE CUP PLASTIK  PCS 22 OZ,,,20.00,16,125.00%,500,,10/09/2029,Z,500
06,05,6,02,1,20096561,Y/CHOICE ADDITIONAL TOPPING SAOS BBQ PCS 20,,,25.00,66,37.88%,250,,25/08/2027,,25
06,05,7,01,1,20096560,Y/CHOICE ADDITIONAL TOPPING SAOS CHILLI PCS 20,,,25.00,66,37.88%,250,,12/09/2027,,25
06,05,7,02,1,20083795,FRISIAN FLAG SUSU CAIR UHT MILKY/NUTRIBRAIN CHOCO BDD 6X110L,,,41.00,154,26.62%,6,,31/07/2027,D,6
06,05,8,01,1,20111188,POINT COFFEE CUP PLASTIK  PCS 22 OZ,,,20.00,16,125.00%,500,,10/09/2029,Z,500
06,05,8,02,1,20111188,POINT COFFEE CUP PLASTIK  PCS 22 OZ,,,20.00,16,125.00%,500,,10/09/2029,Z,500
06,06,3,01,1,20140793,CIMORY FRESH MILK UHT NO ADDED SUGAR MATCHA TPK 225L,,,28.00,120,23.33%,24,,30/06/2027,S,3
06,06,3,02,1,,,,,0.00,0.0,,,,,,
06,06,3,03,1,,,,,0.00,0.0,,,,,,
06,06,3,04,1,20099571,CIMORY FRESH MILK UHT CHOCOLATE TPK 250/225 L,,,25.00,105,23.81%,24,,30/06/2027,L,24
06,06,4,01,1,20140793,CIMORY FRESH MILK UHT NO ADDED SUGAR MATCHA TPK 225L,,,105.00,120,87.50%,24,,30/06/2027,S,3
06,06,4,02,1,20140793,CIMORY FRESH MILK UHT NO ADDED SUGAR MATCHA TPK 225L,,,105.00,120,87.50%,24,,30/06/2027,S,3
06,06,5,01,1,20014069,FRISIAN FLAG SUSU CAIR UHT FULL CREAM TPK 946L,,,56.00,56,100.00%,12,,01/06/2027,E,12
06,06,5,02,1,20014069,FRISIAN FLAG SUSU CAIR UHT FULL CREAM TPK 946L,,,56.00,56,100.00%,12,,01/06/2027,E,12
06,06,6,01,1,20014069,FRISIAN FLAG SUSU CAIR UHT FULL CREAM TPK 946L,,,56.00,56,100.00%,12,,01/06/2027,E,12
06,06,6,02,1,20087410,GREENFIELDS UHT MILK FULL CREAM TPK 105L,,,130.00,80,162.50%,40,,29/06/2027,D,40
06,06,7,01,1,20014069,FRISIAN FLAG SUSU CAIR UHT FULL CREAM TPK 946L,,,42.00,56,75.00%,12,,20/06/2027,E,12
06,06,7,02,1,,,,,0.00,0.0,,,,,,
06,06,8,01,1,20111188,POINT COFFEE CUP PLASTIK  PCS 22 OZ,,,20.00,16,125.00%,500,,01/07/2029,Z,500
06,06,8,02,1,20044334,SOSRO TEH BOTOL (KOTAK)  TPK 330/300L,,,48.00,105,45.71%,24,CTN,30/09/2029,S,8
06,07,3,01,1,20123171,LACTASOY DRINK SOY MILK COLLAGEN TPK 250L,,,7.00,66,10.61%,36,CTN,18/07/2027,,1
06,07,3,02,1,10005909,INDOMILK SUSU CAIR UHT PLAIN TPK 950L,,,56.00,56,100.00%,12,CTN,28/05/2027,,2
06,07,3,03,1,,,,,0.00,0.0,,,,,,
06,07,3,04,1,20067200,BUAVITA JUICE (79367) NEW GUAVA TPK 1000L,,,8.00,72,11.11%,12,,05/11/2027,,1
06,07,4,01,1,20052311,DIAMOND SUSU UHT FULL CREAM TPK 1000L,,,56.00,56,100.00%,12,,23/09/2027,S,12
06,07,4,02,1,20014069,FRISIAN FLAG SUSU CAIR UHT FULL CREAM TPK 946L,,,53.00,56,94.64%,12,,02/06/2027,E,12
06,07,5,01,1,20014069,FRISIAN FLAG SUSU CAIR UHT FULL CREAM TPK 946L,,,56.00,56,100.00%,12,,01/06/2027,E,12
06,07,5,02,1,20014069,FRISIAN FLAG SUSU CAIR UHT FULL CREAM TPK 946L,,,56.00,56,100.00%,12,,30/06/2027,E,12
06,07,6,01,1,20101055,RAW MATERIAL GULA CAIR  PCS 5,,,27.00,50,54.00%,4,,16/09/2027,Z,1
06,07,6,02,1,10013027,GREENFIELDS UHT MILK FULL CREAM TPK 1000/950L,,,31.00,56,55.36%,12,,19/05/2027,T,4
06,07,7,01,1,20106981,RAW MATERIAL GULA CAIR  SCT 8L,,,30.00,63,47.62%,400,,08/09/2027,Z,400
06,07,7,02,1,20087410,GREENFIELDS UHT MILK FULL CREAM TPK 105L,,,45.00,80,56.25%,40,,14/06/2027,D,40
06,07,8,01,1,20044334,SOSRO TEH BOTOL (KOTAK)  TPK 330/300L,,,4.00,105,3.81%,24,CTN,30/09/2029,S,8
06,07,8,02,1,20069690,RTD STRAW SLIM (GREEN)  PCS,,,8.00,12,66.67%,10000,,18/09/2029,Z,500
06,08,3,01,1,10007970,BUAVITA JUICE SLIM (82314) JAMBU TPK 245L,,,1.00,119,0.84%,24,CTN,12/10/2027,S,24
06,08,3,02,1,10007970,BUAVITA JUICE SLIM (82314) JAMBU TPK 245L,,,15.00,119,12.61%,24,CTN,12/10/2027,S,24
06,08,3,03,1,,,,,0.00,0.0,,,,,,
06,08,3,04,1,20140795,CIMORY FRESH MILK UHT NO ADDED SUGAR CHOCOLATE TPK 225L,,,51.00,120,42.50%,24,,12/06/2027,,3
06,08,4,01,1,10005909,INDOMILK SUSU CAIR UHT PLAIN TPK 950L,,,56.00,56,100.00%,12,,01/05/2027,,2
06,08,4,02,1,20140793,CIMORY FRESH MILK UHT NO ADDED SUGAR MATCHA TPK 225L,,,105.00,120,87.50%,24,,15/06/2027,S,3
06,08,5,01,1,10005909,INDOMILK SUSU CAIR UHT PLAIN TPK 950L,,,56.00,56,100.00%,12,,28/05/2027,,2
06,08,5,02,1,20130190,GREENFIELDS UHT MILK CHOCOLATE TPK 105L,,,47.00,126,37.30%,40,,20/06/2027,,4
06,08,6,01,1,20014070,FRISIAN FLAG SUSU CAIR UHT LOW FAT TPK 946L,,,56.00,48,116.67%,12,,05/06/2027,,3
06,08,6,02,1,10005909,INDOMILK SUSU CAIR UHT PLAIN TPK 950L,,,56.00,56,100.00%,12,,28/05/2027,,2
06,08,7,01,1,20122435,SAY BREAD PLASTIK ROTI CROISSANT 18X21/26X0.03CM PCS,,,40.00,40,100.00%,6000,,28/02/2028,Z,250
06,08,7,02,1,20014069,FRISIAN FLAG SUSU CAIR UHT FULL CREAM TPK 946L,,,28.00,56,50.00%,12,,04/06/2027,E,12
06,08,8,01,1,20069664,POINT COFFEE CUP COLD  PCK 16 OZ,,,12.00,15,80.00%,1000,,27/09/2028,Z,50
06,08,8,02,1,20040893,RAW MATERIAL BIJI KOPI  PCK 500,,,36.00,36,100.00%,10,CTN,22/03/2027,Z,1
06,09,3,01,1,20091807,DIAMOND SUSU UHT COKLAT TPK 200L,,,13.00,128,10.16%,24,,03/08/2027,,2
06,09,3,02,1,20137977,DIAMOND SUSU UHT BUBBLE GUM TPK 200L,,,13.00,144,9.03%,24,,01/07/2027,,2
06,09,3,03,1,20015250,ULTRA MIMI SUSU CAIR UHT VANILLA TPK 125L,,,42.00,130,32.31%,40,,21/06/2027,,5
06,09,3,04,1,,,,,0.00,0.0,,,,,,
06,09,4,01,1,20140795,CIMORY FRESH MILK UHT NO ADDED SUGAR CHOCOLATE TPK 225L,,,99.00,120,82.50%,24,,27/06/2027,,3
06,09,4,02,1,10005909,INDOMILK SUSU CAIR UHT PLAIN TPK 950L,,,56.00,56,100.00%,12,,28/05/2027,,2
06,09,5,01,1,10008887,ULTRA JUICE (SLIM) KACANG HIJAU TPK 250L,,,102.00,119,85.71%,24,,26/06/2027,L,12
06,09,5,02,1,20027768,NESCAFE COFFEE CREAM  TPK 180L,,,13.00,91,14.29%,36,,01/08/2027,,6
06,09,6,01,1,20115188,CIMORY FRESH MILK UHT ALMOND TPK 250/225 L,,,49.00,105,46.67%,24,,05/06/2027,,12
06,09,6,02,1,20120850,SAY BREAD PAPER BAG  PCS,,,36.00,36,100.00%,1000,,09/03/2028,Z,100
06,09,7,01,1,20095509,Y/COFFEE GOLD CUP COLD  PCS 14 OZ,,,16.00,20,80.00%,500,,23/09/2029,Z,500
06,09,7,02,1,20034079,FRISIAN FLAG SUSU CAIR UHT COKELAT TPK 225L,,,40.00,78,51.28%,36,,31/07/2027,D,36
06,09,8,01,1,20069664,POINT COFFEE CUP COLD  PCK 16 OZ,,,12.00,15,80.00%,1000,,27/09/2028,Z,50
06,09,8,02,1,20040893,RAW MATERIAL BIJI KOPI  PCK 500,,,3.00,36,8.33%,10,CTN,22/03/2027,Z,1
07,01,3,01,1,,,,,0.00,0.0,,,,,,
07,01,3,02,1,,,,,0.00,0.0,,,,,,
07,01,3,03,1,,,,,0.00,0.0,,,,,,
07,01,3,04,1,,,,,0.00,0.0,,,,,,
07,01,4,01,1,,,,,0.00,0.0,,,,,,
07,01,4,02,1,,,,,0.00,0.0,,,,,,
07,01,5,01,1,,,,,0.00,0.0,,,,,,
07,01,5,02,1,,,,,0.00,0.0,,,,,,
07,01,6,01,1,,,,,0.00,0.0,,,,,,
07,01,6,02,1,,,,,0.00,0.0,,,,,,
07,01,7,01,1,,,,,0.00,0.0,,,,,,
07,01,7,02,1,,,,,0.00,0.0,,,,,,
07,01,8,01,1,,,,,0.00,0.0,,,,,,
07,01,8,02,1,20073638,SWEETY BRONZE PANTS 32S  PCK MEDIUM,,,20.00,10,200.00%,8,,01/05/2029,S,2
07,02,3,01,1,,,,,0.00,0.0,,,,,,
07,02,3,02,1,,,,,0.00,0.0,,,,,,
07,02,3,03,1,,,,,0.00,0.0,,,,,,
07,02,3,04,1,,,,,0.00,0.0,,,,,,
07,02,4,01,1,,,,,0.00,0.0,,,,,,
07,02,4,02,1,20056799,LIFREE POPOK PEREKAT 7/6S  BAG EXTRALARGE,,,8.00,8,100.00%,12,,23/09/2029,L,2
07,02,5,01,1,20113913,MY BABY WIPES ANTI BACTERIAL  PCK 250/45S,,,20.00,20,100.00%,24,,01/09/2029,,2
07,02,5,02,1,20113913,MY BABY WIPES ANTI BACTERIAL  PCK 250/45S,,,20.00,20,100.00%,24,,01/09/2029,,2
07,02,6,01,1,,,,,0.00,0.0,,,,,,
07,02,6,02,1,20046548,SO KLIN DETERGENT CAIR SOFTERGENT  PCH 720/700 ,,,26.00,87,29.89%,6,,01/09/2029,,2
07,02,7,01,1,,,,,0.00,0.0,,,,,,
07,02,7,02,1,,,,,0.00,0.0,,,,,,
07,02,8,01,1,,,,,0.00,0.0,,,,,,
07,02,8,02,1,20073639,SWEETY BRONZE PANTS 28S  PCK LARGE,,,15.00,10,150.00%,8,,01/09/2029,S,2
07,03,3,01,1,20027185,WETZ NATURAL WET WIPES 10S GREEN TEA PCK,,,6.00,32,18.75%,120,,08/09/2028,,2
07,03,3,02,1,,,,,0.00,0.0,,,,,,
07,03,3,03,1,,,,,0.00,0.0,,,,,,
07,03,3,04,1,10036356,CASABLANCA DEODORANT ANTI-PERSPIRANT R/O MEN BLACK BTL 50L,,,36.00,50,72.00%,12,,01/09/2030,,2
07,03,4,01,1,,,,,0.00,0.0,,,,,,
07,03,4,02,1,,,,,0.00,0.0,,,,,,
07,03,5,01,1,20112491,SUNLIGHT PENCUCI PIRING (NEW) LIME PCH 1L/910L,,,44.00,44,100.00%,6,,14/09/2028,S,6
07,03,5,02,1,,,,,0.00,0.0,,,,,,
07,03,6,01,1,20048847,INDOMARET FACIAL TISSUE NON PERFUMED BAG 900,,,5.00,6,83.33%,20,,30/09/2031,S,2
07,03,6,02,1,,,,,0.00,0.0,,,,,,
07,03,7,01,1,,,,,0.00,0.0,,,,,,
07,03,7,02,1,,,,,0.00,0.0,,,,,,
07,03,8,01,1,20073639,SWEETY BRONZE PANTS 28S  PCK LARGE,,,15.00,10,150.00%,8,,01/09/2029,S,2
07,03,8,02,1,,,,,0.00,0.0,,,,,,
07,04,3,01,1,,,,,0.00,0.0,,,,,,
07,04,3,02,1,,,,,0.00,0.0,,,,,,
07,04,3,03,1,,,,,0.00,0.0,,,,,,
07,04,3,04,1,20142834,SYSTEMA SIKAT GIGI ACTIVE CLEAN 2S WIDER HEAD PCK SOFT,,,36.00,200,18.00%,12,,11/09/2031,,1
07,04,4,01,1,,,,,0.00,0.0,,,,,,
07,04,4,02,1,,,,,0.00,0.0,,,,,,
07,04,5,01,1,,,,,0.00,0.0,,,,,,
07,04,5,02,1,20027963,INDOMARET PEMBERSIH KACA  PCH 400L,,,80.00,60,133.33%,12,,01/08/2029,,2
07,04,6,01,1,,,,,0.00,0.0,,,,,,
07,04,6,02,1,20140003,RINSO DETERGEN POWDER ANTI NODA ROSE FRESH BAG 1440,,,28.00,28,100.00%,6,,01/01/2030,S,2
07,04,7,01,1,,,,,0.00,0.0,,,,,,
07,04,7,02,1,,,,,0.00,0.0,,,,,,
07,04,8,01,1,,,,,0.00,0.0,,,,,,
07,04,8,02,1,,,,,0.00,0.0,,,,,,
07,05,3,01,1,20134226,ME-O CAT FOOD TUNA IN JELLY KLG 400,,,8.00,72,11.11%,24,,30/06/2029,,1
07,05,3,02,1,20073495,SOSRO FRUIT TEA FREEZE BTL 350L,,,100.00,125,80.00%,12,CTN,20/08/2027,L,12
07,05,3,03,1,,,,,0.00,0.0,,,,,,
07,05,3,04,1,,,,,0.00,0.0,,,,,,
07,05,4,01,1,20141941,MUSTIKA RATU SUNSCREEN SERUM 50  TUB 30,,,1.00,100,1.00%,140,CTN,01/09/2029,,1
07,05,4,02,1,20054750,RINSO DETERJEN LIQUID + MOLTO PERFUME ESSENCE PCH 510,,,55.00,60,91.67%,12,,01/08/2028,,2
07,05,5,01,1,20134303,MAMA LEMON LIQUID PENCUCI PIRING YUZU+JRK NIPIS PCH 690/650 ,,,26.00,60,43.33%,12,,01/09/2029,,2
07,05,5,02,1,20097739,INDOMARET DETERGENT CAIR (NEW)  PCH 800/700L,,,6.00,40,15.00%,12,CTN,01/10/2029,,2
07,05,6,01,1,20140003,RINSO DETERGEN POWDER ANTI NODA ROSE FRESH BAG 1440,,,28.00,28,100.00%,6,,01/01/2030,S,2
07,05,6,02,1,20069549,INDOMARET DIAPERS ADULT 6S LEAK GUARD BAG EXTRALARGE,,,10.00,10,100.00%,12,,09/09/2029,L,2
07,05,7,01,1,20118380,JOYKO OIL PASTEL OP-12S  PCS,,,7.00,180,3.89%,12,BOX,25/09/2026,,1
07,05,7,02,1,20138742,SARI AYU TONE UP SUNSCREEN SERUM SPF 30 PA    BOX 30,,,1.00,110,0.91%,18,CTN,31/08/2029,,1
07,05,8,01,1,20135015,AMARA STARLIGHT MAKE UP KIT  PCS,,,1.00,115,0.87%,12,CTN,01/09/2029,,1
07,05,8,02,1,20133615,BIZARRE EAU DE TOILETTE/PARFUM CHIC HAUTE BTL 50L,,,2.00,36,5.56%,72,CTN,30/09/2030,,1
07,06,3,01,1,20080361,DOWNY SOFTENER PASSION PCH 600/550L,,,29.00,72,40.28%,8,,01/06/2028,,1
07,06,3,02,1,20090167,CHARM PEMBALUT EXTRA COMFORT 23 MAXI WING PCK 18S,,,4.00,24,16.67%,24,CTN,30/09/2029,,1
07,06,3,03,1,,,,,0.00,0.0,,,,,,
07,06,3,04,1,,,,,0.00,0.0,,,,,,
07,06,4,01,1,20128132,BAYGON INSEKTISIDA SPRAY FLOWER GARDEN KLG 450/400L,,,13.00,54,24.07%,12,,01/09/2029,L,2
07,06,4,02,1,20140003,RINSO DETERGEN POWDER ANTI NODA ROSE FRESH BAG 1440,,,28.00,28,100.00%,6,,26/09/2028,S,2
07,06,5,01,1,20140003,RINSO DETERGEN POWDER ANTI NODA ROSE FRESH BAG 1440,,,28.00,28,100.00%,6,,27/09/2028,S,2
07,06,5,02,1,20139603,AZZURA DIAMOND BRIGHT MICELLAR WATER  BTL 125,,,4.00,100,4.00%,24,CTN,04/10/2030,,1
07,06,6,01,1,20136433,PIGEON TEENS SUNSCREEN SPF 35 PA BOX 30L,,,1.00,116,0.86%,24,CTN,01/09/2029,,1
07,06,6,02,1,10003800,INDOMIE MIE GORENG JUMBO SPECIAL PCK 129,,,56.00,56,100.00%,24,CTN,22/05/2027,E,24
07,06,7,01,1,10003163,ENZIM PASTA GIGI FRESH MINT TUB 124,,,3.00,75,4.00%,36,CTN,18/05/2029,,1
07,06,7,02,1,20041257,MAMY POKO BABY DIAPERS STANDAR 24S TIPE PEREKAT PCK SMALL,,,39.00,42,92.86%,6,,16/09/2029,L,2
07,06,8,01,1,20140968,LIFEBUOY SABUN MANDI CAIR REFILL COOL FRESH PCH 800,,,13.00,40,32.50%,12,CTN,31/03/2029,L,1
07,06,8,02,1,20133615,BIZARRE EAU DE TOILETTE/PARFUM CHIC HAUTE BTL 50L,,,1.00,36,2.78%,72,CTN,30/09/2030,,1
07,07,3,01,1,20133795,SCARLETT FRAGRANCE BRIGHT.BODY LOTION JOLLY TUB 180L,,,1.00,84,1.19%,48,CTN,01/09/2029,,1
07,07,3,02,1,20071629,JOHNSONS BABY COLOGNE SLIDE BTL 100 L,,,1.00,100,1.00%,48,CTN,04/09/2029,,1
07,07,3,03,1,,,,,0.00,0.0,,,,,,
07,07,3,04,1,20121018,POSH DEO ROLL ON HIJAB CHIC REFRESHING GRN BTL 50L,,,14.00,105,13.33%,24,,08/07/2029,,2
07,07,4,01,1,20077515,SOFTEX PEMBALUT DAUN SIRIH 29 SLIM WING PCK 16S,,,11.00,18,61.11%,24,,28/09/2029,,2
07,07,4,02,1,10005803,SO KLIN PEWANGI PAKAIAN REFILL RED PCH 800/780L,,,16.00,50,32.00%,12,CTN,04/10/2029,S,6
07,07,5,01,1,20011382,SHINZUI BODY SCRUB SKIN LIGHTENING KIREI POT 200,,,1.00,50,2.00%,48,CTN,01/09/2029,,1
07,07,5,02,1,20137606,EMINA WATER BRIGHT GLOW GEL  PCS 30,,,2.00,48,4.17%,32,CTN,04/09/2029,,1
07,07,6,01,1,20138108,KAO ATTACK DETERGENT POWDER JAZ1 SOFTENER PURPLE BLOSSOM BAG 1.4/1.2,,,26.00,33,78.79%,6,,01/09/2029,S,2
07,07,6,02,1,20139785,CUSSONS BABY SOAP SOFT & SMOOTH BDD 260,,,1.00,42,2.38%,72,CTN,01/09/2029,,1
07,07,7,01,1,20071775,BAYGON INSEKTISIDA SPRAY FLOWER GARDEN KLG 600/675L,,,18.00,54,33.33%,12,,10/09/2029,D,2
07,07,7,02,1,20140002,RINSO DETERGENT POWDER ANTI NODA PURE BAG 1440,,,28.00,28,100.00%,6,,16/08/2028,,1
07,07,8,01,1,20069664,POINT COFFEE CUP COLD  PCK 16 OZ,,,12.00,15,80.00%,1000,,09/09/2029,Z,50
07,07,8,02,1,20069664,POINT COFFEE CUP COLD  PCK 16 OZ,,,12.00,15,80.00%,1000,,09/09/2029,Z,50
07,08,3,01,1,10021010,GULAKU GULA TEBU (PUTIH) PREMIUM PCK 1000,,,32.00,32,100.00%,24,CTN,20/08/2028,,24
07,08,3,02,1,20085988,LE MINERALE AIR MINERAL  BTL 1500L,,,33.00,33,100.00%,12,CTN,01/02/2028,E,24
07,08,3,03,1,,,,,0.00,0.0,,,,,,
07,08,3,04,1,,,,,0.00,0.0,,,,,,
07,08,4,01,1,20008420,CLEAN & CLEAR FOAMING FACIAL WASH  BTL 100L,,,3.00,156,1.92%,24,CTN,04/09/2029,T,1
07,08,4,02,1,20137260,BARBER DAILY ACNE CARE & OIL CONTROL  FACE WASH TUB 100L,,,46.00,65,70.77%,24,,05/09/2029,S,3
07,08,5,01,1,20073639,SWEETY BRONZE PANTS 28S  PCK LARGE,,,2.00,10,20.00%,8,CTN,01/09/2029,S,2
07,08,5,02,1,20139699,OASIS AIR MINERAL PH9  BTL 500L,,,26.00,40,65.00%,24,CTN,30/06/2028,,24
07,08,6,01,1,20139595,MOLTO PELICIN &PEWANGI PAKAIAN TRIKA  BDD 3300L,,,9.00,52,17.31%,8,CTN,31/08/2029,,2
07,08,6,02,1,20085988,LE MINERALE AIR MINERAL  BTL 1500L,,,33.00,33,100.00%,12,CTN,01/02/2028,E,24
07,08,7,01,1,20143791,GELIGA KRIM OTOT EXTRA STRONG  BTL 55,,,12.00,100,12.00%,12,BOX,30/06/2029,,1
07,08,7,02,1,20027167,INDOMARET FACIAL TISSUE NON PERFUMED PCK 400,,,10.00,10,100.00%,32,CTN,30/09/2029,,2
07,08,8,01,1,20069664,POINT COFFEE CUP COLD  PCK 16 OZ,,,12.00,15,80.00%,1000,,18/08/2028,Z,50
07,08,8,02,1,20069664,POINT COFFEE CUP COLD  PCK 16 OZ,,,12.00,15,80.00%,1000,,09/09/2029,Z,50
07,09,3,01,1,20140221,DOWNY SOFTENER PASSION PCH 900/875,,,9.00,40,22.50%,12,,01/07/2029,,1
07,09,3,02,1,20094773,EMINA BRIGHTSTUFF NIACINAMIDE OXY CERAMIDE CLEANS TUB 50L,,,3.00,108,2.78%,50,CTN,04/09/2029,,1
07,09,3,03,1,,,,,0.00,0.0,,,,,,
07,09,3,04,1,,,,,0.00,0.0,,,,,,
07,09,4,01,1,10005246,WINGS PORCELAIN CLEANER BIRU BTL 750/700 L,,,50.00,51,98.04%,6,,30/09/2030,,2
07,09,4,02,1,20144100,CHARM PEMBALUT DAUN SIRIH MAXI 26S NON WING PCK 23,,,15.00,15,100.00%,24,CTN,30/09/2029,,1
07,09,5,01,1,20071630,JOHNSONS KIDS ACTIVE SHAMPOO SHINY DROPS BTL 100L,,,1.00,65,1.54%,48,CTN,04/09/2029,,1
07,09,5,02,1,20075742,PEPSODENT SIKAT GIGI SILVER CHARCOAL  PCS SOFT,,,9.00,88,10.23%,48,CTN,30/09/2034,,1
07,09,6,01,1,20042466,DAIA DETERGENT POWDER+SOFTENER ROMANTIC PINK PCK 470/390 ,,,50.00,50,100.00%,12,CTN,01/09/2029,L,12
07,09,6,02,1,20099414,SO KLIN SOFTERGENT POWDER PURPLE LAVENDER PCK 1.44/1.3,,,48.00,48,100.00%,6,CTN,04/10/2029,L,6
07,09,7,01,1,20143790,GELIGA KRIM OTOT HOT  BTL 55,,,12.00,100,12.00%,12,BOX,30/09/2029,,1
07,09,7,02,1,20027167,INDOMARET FACIAL TISSUE NON PERFUMED PCK 400,,,10.00,10,100.00%,32,CTN,30/09/2029,,2
07,09,8,01,1,20055144,MARINA HAND BODY LOTION UV WHITE EXTRA SPF 30 BTL 200/185L,,,3.00,40,7.50%,48,CTN,31/07/2029,,1
07,09,8,02,1,20132820,YUNIKON ANTIBACTERIAL BABY WIPES DREAMY CLOUDS PCK 240,,,3.00,30,10.00%,18,CTN,01/09/2029,,1
08,01,3,01,1,,,,,0.00,0.0,,,,,,
08,01,3,02,1,,,,,0.00,0.0,,,,,,
08,01,3,03,1,,,,,0.00,0.0,,,,,,
08,01,3,04,1,20141203,RINSO DETERGENT CAIR ROYAL GOLD PCH 700,,,6.00,50,12.00%,12,,09/08/2028,,1
08,01,4,01,1,,,,,0.00,0.0,,,,,,
08,01,4,02,1,20120919,NUVO SABUN KESEHATAN CAIR MILD PROTECT PCH 825/800,,,41.00,50,82.00%,12,,03/09/2029,L,1
08,01,5,01,1,,,,,0.00,0.0,,,,,,
08,01,5,02,1,,,,,0.00,0.0,,,,,,
08,01,6,01,1,,,,,0.00,0.0,,,,,,
08,01,6,02,1,,,,,0.00,0.0,,,,,,
08,01,7,01,1,,,,,0.00,0.0,,,,,,
08,01,7,02,1,,,,,0.00,0.0,,,,,,
08,01,8,01,1,20073638,SWEETY BRONZE PANTS 32S  PCK MEDIUM,,,15.00,10,150.00%,8,,01/09/2029,S,2
08,01,8,02,1,,,,,0.00,0.0,,,,,,
08,02,3,01,1,,,,,0.00,0.0,,,,,,
08,02,3,02,1,,,,,0.00,0.0,,,,,,
08,02,3,03,1,,,,,0.00,0.0,,,,,,
08,02,3,04,1,,,,,0.00,0.0,,,,,,
08,02,4,01,1,20112491,SUNLIGHT PENCUCI PIRING (NEW) LIME PCH 1L/910L,,,15.00,44,34.09%,6,,01/06/2029,S,6
08,02,4,02,1,20128374,LIFEBUOY PENCUCI PIRING REF LIME PCH 680/650L,,,27.00,50,54.00%,12,,05/07/2029,V,4
08,02,5,01,1,,,,,0.00,0.0,,,,,,
08,02,5,02,1,20140804,SO KLIN DETERGENT POWDER EAU DE PARFUM FLEURS BLANCHES PCK 1.3 K,,,40.00,40,100.00%,6,,27/08/2029,,2
08,02,6,01,1,,,,,0.00,0.0,,,,,,
08,02,6,02,1,20140002,RINSO DETERGENT POWDER ANTI NODA PURE BAG 1440,,,20.00,28,71.43%,6,,01/06/2028,,1
08,02,7,01,1,,,,,0.00,0.0,,,,,,
08,02,7,02,1,20143930,POINT COFFEE TUMBLER BRONZE METALIC SERIES  PCS 500 L,,,7.00,100,7.00%,48,,01/01/2029,,1
08,02,8,01,1,,,,,0.00,0.0,,,,,,
08,02,8,02,1,,,,,0.00,0.0,,,,,,
08,03,3,01,1,,,,,0.00,0.0,,,,,,
08,03,3,02,1,20096095,KODOMO SHAMPOO & CONDITIONER STRAWBERRY BTL 200L,,,13.00,96,13.54%,24,,01/07/2028,,1
08,03,3,03,1,20059867,LIFEBUOY SABUN MANDI MULTIPACK (45593) MILD CARE BDD 4110,,,6.00,60,10.00%,24,,10/09/2029,,1
08,03,3,04,1,,,,,0.00,0.0,,,,,,
08,03,4,01,1,20077515,SOFTEX PEMBALUT DAUN SIRIH 29 SLIM WING PCK 16S,,,3.00,18,16.67%,24,,31/08/2029,,2
08,03,4,02,1,20034036,PASEO SMART FACIAL TISSUE SOFT 540/720PLY  PCK,,,10.00,10,100.00%,40,,01/09/2031,,2
08,03,5,01,1,20021392,MAMY POKO PANTS STANDAR 20S  PCK LARGE,,,13.00,20,65.00%,6,,30/09/2029,,1
08,03,5,02,1,20133708,SOFTEX PEMBALUT WANITA COMFORT 29 NIGHT WING PCK 20/18S,,,12.00,70,17.14%,24,,01/09/2029,,2
08,03,6,01,1,20114428,SO KLIN DETERGENT LIQUID KOREAN CAMELIA PCH 525/510 ,,,90.00,90,100.00%,6,,31/08/2029,,2
08,03,6,02,1,20140872,SWEETY DRY X-PERT PANTS 32S  BAG EXTRALARGE,,,9.00,10,90.00%,8,,01/08/2029,L,2
08,03,7,01,1,,,,,0.00,0.0,,,,,,
08,03,7,02,1,20041257,MAMY POKO BABY DIAPERS STANDAR 24S TIPE PEREKAT PCK SMALL,,,39.00,42,92.86%,6,,30/09/2029,L,2
08,03,8,01,1,20133708,SOFTEX PEMBALUT WANITA COMFORT 29 NIGHT WING PCK 20/18S,,,17.00,70,24.29%,24,,01/09/2029,,2
08,03,8,02,1,20130846,SOFTEX PEMBALUT DAUN SIRIH 36 SLIM WING PCK 18S,,,15.00,24,62.50%,20,,01/09/2029,,2
08,04,3,01,1,20033003,REJOICE CONDITIONER 3 IN 1 RICH SMOOTH TUB 150/130 L,,,13.00,70,18.57%,24,CTN,30/09/2029,,1
08,04,3,02,1,20001645,WIPOL KARBOL WANGI LEMON PCH 750L/720,,,17.00,40,42.50%,12,CTN,30/09/2029,,1
08,04,3,03,1,,,,,0.00,0.0,,,,,,
08,04,3,04,1,20140680,ZEN ANTI BACTERIAL BODY SOAP SHISO JUNIPER BERRIES BDD 4X60,,,24.00,100,24.00%,24,,05/07/2029,,2
08,04,4,01,1,20054750,RINSO DETERJEN LIQUID + MOLTO PERFUME ESSENCE PCH 510,,,55.00,60,91.67%,12,,23/08/2028,,2
08,04,4,02,1,20134576,LIFEBUOY PENCUCI PIRING REF LEMON PCH 650L,,,20.00,40,50.00%,12,,14/09/2029,,2
08,04,5,01,1,10004034,VIXAL PEMBERSIH KAMAR MANDI EKTRA KUAT BTL 750L/720,,,51.00,51,100.00%,12,,08/10/2029,L,2
08,04,5,02,1,20133517,KAHF ANTI PERSPIRANT DEODORANT EXTRA DRY BTL 45L,,,8.00,140,5.71%,24,CTN,04/09/2030,,1
08,04,6,01,1,20136409,STELLA AIR FRESHENER ALL IN ONE BALINESE JASMIN PCK 42+13,,,38.00,90,42.22%,18,CTN,28/09/2028,,2
08,04,6,02,1,10008104,SO KLIN PEWANGI PAKAIAN REFILL BLUE PCH 800/780L,,,14.00,50,28.00%,12,CTN,04/10/2030,,6
08,04,7,01,1,20064018,FORMULA PASTA GIGI TWIN PACK STRONG PROTECTOR BOX 2160,,,4.00,40,10.00%,36,CTN,30/09/2029,,1
08,04,7,02,1,20099812,RINSO DETERJEN LIQUID + MOLTO PERFUME ESSENCE PCH 1.5 ,,,14.00,33,42.42%,6,CTN,14/09/2028,,1
08,04,8,01,1,20142682,GARNIER HAIR COLOR NATURALS K GLOW MILK TEA PCK 30L+30,,,2.00,30,6.67%,96,CTN,01/09/2030,,1
08,04,8,02,1,20072923,BABY HAPPY  BABY DIAPERS PANTS 34/32S  BAG MEDIUM,,,24.00,30,80.00%,4,,01/08/2029,E,2
08,05,3,01,1,20136586,HEAD &SHOULDERS SHAMPO + KONDISIONER 2 IN 1 MENTHOL DINGIN BTL 160/145L,,,17.00,90,18.89%,24,,01/09/2029,L,1
08,05,3,02,1,20126525,GLOW & LOVELY ULTIMATE UV DUO VIT C SPF 35 PA+++ TUB 20,,,3.00,80,3.75%,48,CTN,31/08/2028,,1
08,05,3,03,1,,,,,0.00,0.0,,,,,,
08,05,3,04,1,,,,,0.00,0.0,,,,,,
08,05,4,01,1,20077483,MERRIES PANTS GOOD SKIN 26S  BAG EXTRALARGE,,,3.00,24,12.50%,4,CTN,02/09/2029,S,2
08,05,4,02,1,20042466,DAIA DETERGENT POWDER+SOFTENER ROMANTIC PINK PCK 470/390 ,,,10.00,50,20.00%,12,CTN,01/09/2029,L,12
08,05,5,01,1,20138029,GIV BODY WASH SMOOTH & FLAWLESS SAKURA & PEARL PCH 400L,,,70.00,90,77.78%,12,,30/09/2030,,2
08,05,5,02,1,20134763,POSH MEN EAU DE TOILETTE BLUE GRAVITY BTL 100L,,,36.00,155,23.23%,12,,01/09/2029,,1
08,05,6,01,1,20098000,GENKI MOKO MOKO PANTS 30/28S  BAG LARGE,,,17.00,12,141.67%,6,,04/10/2030,,2
08,05,6,02,1,20096136,EMINA SUN BATTLE/BRIGHT GLOW SPF 35 PA+++ TUB 50L,,,5.00,132,3.79%,50,CTN,04/09/2030,,2
08,05,7,01,1,20054750,RINSO DETERJEN LIQUID + MOLTO PERFUME ESSENCE PCH 510,,,36.00,60,60.00%,12,,14/09/2028,,2
08,05,7,02,1,20115976,CIPTADENT SIKAT GIGI PERFECT CARE 3S  PCK SOFT,,,54.00,216,25.00%,6,,04/09/2030,,1
08,05,8,01,1,20103167,MY BABY HAIR & BODY WASH REFILL FRESH & MOIST PCH 375L,,,26.00,144,18.06%,12,CTN,31/07/2028,,1
08,05,8,02,1,20069547,INDOMARET DIAPERS ADULT 7S LEAK GUARD BAG LARGE,,,10.00,10,100.00%,12,,30/09/2029,L,2
08,06,3,01,1,20083937,SWEETY SILVER MAX PROTECION PANTS 24S BAG EXTRALARGE,,,15.00,20,75.00%,8,CTN,01/09/2029,,1
08,06,3,02,1,20085113,RINSO DETERJEN POWDER + MOLTO PERFUME ESSENCE BAG 770/700,,,3.00,40,7.50%,12,CTN,01/07/2029,,2
08,06,3,03,1,20127437,SERASOFT SHAMPOO HAIR FALL TREAT BTL 340L,,,15.00,80,18.75%,12,,04/09/2029,,1
08,06,3,04,1,20103167,MY BABY HAIR & BODY WASH REFILL FRESH & MOIST PCH 375L,,,10.00,144,6.94%,12,,06/09/2028,,1
08,06,4,01,1,20123338,RINSO DETERJEN LIQUID + MOLTO REF ROSE FRESH PCH 1.5/1.45,,,31.00,40,77.50%,6,,20/09/2028,,1
08,06,4,02,1,20134576,LIFEBUOY PENCUCI PIRING REF LEMON PCH 650L,,,20.00,40,50.00%,12,,14/07/2030,,2
08,06,5,01,1,20132849,HAPPY NAPPY SMART PANTS 26/24S  PCK EXTRALARGE,,,12.00,24,50.00%,8,,01/06/2029,,2
08,06,5,02,1,20141204,INDOMARET PENCUCI PIRING JERUK NIPIS PCH 950,,,44.00,52,84.62%,6,,05/09/2029,,2
08,06,6,01,1,20071827,RINSO DETERJEN POWDER + MOLTO ROSE FRESH BAG 770/700,,,30.00,30,100.00%,12,,14/09/2029,,2
08,06,6,02,1,20021394,MAMY POKO PANTS STANDAR 18S  PCK XXL,,,13.00,20,65.00%,6,CTN,27/09/2029,,1
08,06,7,01,1,20072923,BABY HAPPY  BABY DIAPERS PANTS 34/32S  BAG MEDIUM,,,17.00,30,56.67%,4,,01/09/2030,E,2
08,06,7,02,1,20072923,BABY HAPPY  BABY DIAPERS PANTS 34/32S  BAG MEDIUM,,,10.00,30,33.33%,4,,30/09/2030,E,2
08,06,8,01,1,20021392,MAMY POKO PANTS STANDAR 20S  PCK LARGE,,,30.00,20,150.00%,6,,25/09/2029,,1
08,06,8,02,1,20121205,CHARM PEMBALUT SAFE NIGHT 35 WING PCK 18S,,,10.00,10,100.00%,24,PCK,30/09/2029,L,2
08,07,3,01,1,20067210,PONDS PEMBERSIH WAJAH BRIGHT BEAUTY/ NIASORCINOL TUB 100,,,16.00,123,13.01%,24,,01/07/2029,S,6
08,07,3,02,1,20085987,EKONOMI SABUN CREAM (EV-900K) VIOLET PCK 400/380,,,10.00,120,8.33%,12,CTN,04/10/2030,,2
08,07,3,03,1,20062307,REXONA DEODORANT ROLL ON MEN INVISIBLE DRY BTL 45L,,,27.00,140,19.29%,24,,31/08/2030,,2
08,07,3,04,1,,,,,0.00,0.0,,,,,,
08,07,4,01,1,20062311,REXONA DEODORANT ROLL ON WOMEN FREE SPIRIT BTL 45L,,,20.00,140,14.29%,24,,01/08/2029,L,2
08,07,4,02,1,20029237,INDOMARET PISAU CUKUR RAZOR 2 MATA SILET  PCS,,,1.00,24,4.17%,288,CTN,30/09/2026,,2
08,07,5,01,1,20141204,INDOMARET PENCUCI PIRING JERUK NIPIS PCH 950,,,44.00,52,84.62%,6,,05/09/2029,,2
08,07,5,02,1,20073425,INDOMARET PENCUCI PIRING (NEW) JERUK NIPIS PCH 800/650L,,,44.00,44,100.00%,12,,31/08/2030,,3
08,07,6,01,1,20096590,SEDAAP MIE MIE INSTANT SOTO PCK 5X76,,,45.00,52,86.54%,8,CTN,01/05/2027,D,8
08,07,6,02,1,20054747,SO KLIN DETERGENT LIQUID VIOLET BLOSSOM PCH 720/700 ,,,43.00,88,48.86%,6,,01/09/2029,,2
08,07,7,01,1,20124826,FAVOUR CHARACTER FACIAL TISSUE 2PLY GENTLE TOUCH PCK 120,,,8.00,18,44.44%,96,CTN,25/09/2029,,2
08,07,7,02,1,20062311,REXONA DEODORANT ROLL ON WOMEN FREE SPIRIT BTL 45L,,,11.00,140,7.86%,24,CTN,21/08/2028,L,2
08,07,8,01,1,20133615,BIZARRE EAU DE TOILETTE/PARFUM CHIC HAUTE BTL 50L,,,1.00,36,2.78%,72,CTN,30/09/2030,,1
08,07,8,02,1,20139070,VIVA MILK CLEANSER LEMON BTL 200L,,,1.00,15,6.67%,36,CTN,31/07/2029,,1
08,08,3,01,1,20140120,SOFTEX PEMBALUT BEARY COOL 36  PCK 8S,,,10.00,32,31.25%,24,,31/08/2029,,1
08,08,3,02,1,20085988,LE MINERALE AIR MINERAL  BTL 1500L,,,33.00,33,100.00%,12,CTN,01/02/2028,E,24
08,08,3,03,1,,,,,0.00,0.0,,,,,,
08,08,3,04,1,20105576,STELLA AIR FRESHENER WITH NATURAL OIL JAPANESE SAKURA KLG 400/350L,,,18.00,54,33.33%,12,,01/08/2029,,1
08,08,4,01,1,20113303,ZEN ANTI BACTERIAL BODY SOAP SHISO&SANDALWOD BDD 470/60,,,20.00,40,50.00%,24,,05/07/2029,,2
08,08,4,02,1,20137969,INDOMARET UNDERPAD 10S  BAG,,,12.00,12,100.00%,12,CTN,30/09/2029,,2
08,08,5,01,1,20138108,KAO ATTACK DETERGENT POWDER JAZ1 SOFTENER PURPLE BLOSSOM BAG 1.4/1.2,,,33.00,33,100.00%,6,,01/09/2029,S,2
08,08,5,02,1,20135144,SUNLIGHT PENCUCI PIRING REF BIOCARE NATURE PCH 600L/600,,,41.00,50,82.00%,12,,14/08/2028,,2
08,08,6,01,1,20069546,INDOMARET DIAPERS ADULT 8S LEAK GUARD BAG MEDIUM,,,10.00,10,100.00%,12,,30/08/2029,L,1
08,08,6,02,1,20066454,SOSRO FRUIT TEA BLACKCURRANT BTL 350L,,,96.00,100,96.00%,12,CTN,20/09/2027,S,12
08,08,7,01,1,20072925,BABY HAPPY  BABY DIAPERS PANTS 30/28S  BAG LARGE,,,24.00,24,100.00%,4,,11/09/2030,E,4
08,08,7,02,1,20121205,CHARM PEMBALUT SAFE NIGHT 35 WING PCK 18S,,,8.00,10,80.00%,24,PCK,30/09/2029,L,2
08,08,8,01,1,20126742,SWEETY DIAPER SILVER COMFORT 40S  BAG NB-S,,,15.00,20,75.00%,8,,10/09/2029,L,1
08,08,8,02,1,20095509,Y/COFFEE GOLD CUP COLD  PCS 14 OZ,,,24.00,20,120.00%,500,,23/09/2029,Z,500
08,09,3,01,1,20137969,INDOMARET UNDERPAD 10S  BAG,,,6.00,12,50.00%,12,CTN,30/09/2029,,2
08,09,3,02,1,20072923,BABY HAPPY  BABY DIAPERS PANTS 34/32S  BAG MEDIUM,,,24.00,30,80.00%,4,CTN,04/10/2029,E,2
08,09,3,03,1,,,,,0.00,0.0,,,,,,
08,09,3,04,1,20141672,NORTHLAND GIRLS LAYNIER PRINCESS  PCS,,,180.00,1000,18.00%,1,,01/08/2029,,1
08,09,4,01,1,20041483,SO KLIN SOFTERGENT POWDER PEONY ROSE PCK 1.44/1.3,,,27.00,48,56.25%,6,CTN,01/09/2029,,6
08,09,4,02,1,20139947,SUNLIGHT PENCUCI PIRING BIOCARE NATURE BLUEBERRIES BTL 675,,,60.00,60,100.00%,12,,01/08/2028,,1
08,09,5,01,1,20130078,BABY HAPPY  BABY DIAPERS PANTS 30+2/28S PINKFONG BAG LARGE,,,12.00,24,50.00%,4,,30/09/2029,L,1
08,09,5,02,1,20139786,CUSSONS BABY SOAP MILD & GENTLE BDD 260,,,1.00,42,2.38%,72,CTN,01/09/2029,,1
08,09,6,01,1,20139595,MOLTO PELICIN &PEWANGI PAKAIAN TRIKA  BDD 3300L,,,52.00,52,100.00%,8,,01/08/2029,,2
08,09,6,02,1,20091352,DAIA DETERGENT POWDER+SOFTENER VIOLET PASSION PCK 1.5/1.4 ,,,34.00,48,70.83%,6,CTN,01/09/2029,D,6
08,09,7,01,1,20072925,BABY HAPPY  BABY DIAPERS PANTS 30/28S  BAG LARGE,,,24.00,24,100.00%,4,,01/09/2029,E,4
08,09,7,02,1,20140018,INDOMARET BABY WIPES RICE MILK BDD 250,,,24.00,24,100.00%,24,CTN,01/10/2029,,1
08,09,8,01,1,20131625,LARISST FACIAL TISSUE 250S  PCK,,,5.00,10,50.00%,48,CTN,04/09/2030,S,12
08,09,8,02,1,10008104,SO KLIN PEWANGI PAKAIAN REFILL BLUE PCH 800/780L,,,50.00,50,100.00%,12,CTN,04/10/2030,,6
09,01,3,01,1,,,,,0.00,0.0,,,,,,
09,01,3,02,1,,,,,0.00,0.0,,,,,,
09,01,3,03,1,,,,,0.00,0.0,,,,,,
09,01,3,04,1,20096153,PEPSODENT TRAVEL KIT  PCS,,,14.00,45,31.11%,48,,01/07/2029,L,2
09,01,4,01,1,,,,,0.00,0.0,,,,,,
09,01,4,02,1,,,,,0.00,0.0,,,,,,
09,01,5,01,1,,,,,0.00,0.0,,,,,,
09,01,5,02,1,,,,,0.00,0.0,,,,,,
09,01,6,01,1,,,,,0.00,0.0,,,,,,
09,01,6,02,1,,,,,0.00,0.0,,,,,,
09,01,7,01,1,,,,,0.00,0.0,,,,,,
09,01,7,02,1,,,,,0.00,0.0,,,,,,
09,01,8,01,1,20073638,SWEETY BRONZE PANTS 32S  PCK MEDIUM,,,15.00,10,150.00%,8,,01/09/2029,S,2
09,01,8,02,1,,,,,0.00,0.0,,,,,,
09,02,3,01,1,20129160,MOLTO PELEMBUT&PWANGI PAKAIAN PAFRUM ELGNT FREN.RASB PCH 650L,,,17.00,50,34.00%,12,,27/10/2027,,1
09,02,3,02,1,20140269,LOREAL PARIS ELSEVE HYALURON PURE SHAMPOO BTL 200,,,9.00,100,9.00%,24,,01/08/2029,,1
09,02,3,03,1,,,,,0.00,0.0,,,,,,
09,02,3,04,1,,,,,0.00,0.0,,,,,,
09,02,4,01,1,20136124,EKONOMI PENCUCI PIRING LIQUID NATURAL NANAS&JERUK NPS PCH 650L/675,,,50.00,50,100.00%,12,,04/08/2029,S,12
09,02,4,02,1,20105968,RINSO DETERGEN POWDER A/NODA + MOLTO JAPANESE PEACH BAG 770/700,,,40.00,40,100.00%,12,CTN,01/05/2028,,1
09,02,5,01,1,,,,,0.00,0.0,,,,,,
09,02,5,02,1,20060386,GIV BODY WASH GLOWING WHITE MULBERY&COLAGEN PCH 450/400L,,,74.00,96,77.08%,12,,04/09/2030,L,2
09,02,6,01,1,10005482,SUNLIGHT PENCUCI PIRING NEW REF LIME PCH 650L/660,,,60.00,50,120.00%,12,,14/10/2029,D,12
09,02,6,02,1,20123338,RINSO DETERJEN LIQUID + MOLTO REF ROSE FRESH PCH 1.5/1.45,,,18.00,40,45.00%,6,,27/08/2028,,1
09,02,7,01,1,20021391,MAMY POKO PANTS STANDAR 20S  PCK MEDIUM,,,20.00,20,100.00%,6,,26/09/2029,,1
09,02,7,02,1,,,,,0.00,0.0,,,,,,
09,02,8,01,1,,,,,0.00,0.0,,,,,,
09,02,8,02,1,,,,,0.00,0.0,,,,,,
09,03,3,01,1,20085122,LUX SABUN MANDI BATANG WHITE VELVET TOUCH BDD 3110,,,6.00,50,12.00%,32,,01/09/2029,,1
09,03,3,02,1,,,,,0.00,0.0,,,,,,
09,03,3,03,1,,,,,0.00,0.0,,,,,,
09,03,3,04,1,20135845,EKONOMI PENCUCI PIRING LIQUID NATURAL JERUK NPS&LEMON BTL 650L,,,23.00,56,41.07%,12,,24/09/2029,,6
09,03,4,01,1,20119096,PEPSODENT SIKAT GIGI BRILIAN 3S  PCK SOFT,,,28.00,60,46.67%,24,,01/08/2030,,2
09,03,4,02,1,20054750,RINSO DETERJEN LIQUID + MOLTO PERFUME ESSENCE PCH 510,,,41.00,60,68.33%,12,,06/09/2028,,2
09,03,5,01,1,20134576,LIFEBUOY PENCUCI PIRING REF LEMON PCH 650L,,,50.00,40,125.00%,12,,20/09/2028,,2
09,03,5,02,1,20132849,HAPPY NAPPY SMART PANTS 26/24S  PCK EXTRALARGE,,,15.00,24,62.50%,8,,04/09/2029,,2
09,03,6,01,1,10003359,WIPOL KARBOL WANGI CEMARA  BTL 750L/730,,,31.00,42,73.81%,12,,02/08/2028,,1
09,03,6,02,1,20098001,GENKI MOKO MOKO PANTS 28/26S  BAG EXTRALARGE,,,18.00,12,150.00%,6,,04/09/2030,L,2
09,03,7,01,1,20134576,LIFEBUOY PENCUCI PIRING REF LEMON PCH 650L,,,21.00,40,52.50%,12,,14/09/2028,,2
09,03,7,02,1,,,,,0.00,0.0,,,,,,
09,03,8,01,1,20072923,BABY HAPPY  BABY DIAPERS PANTS 34/32S  BAG MEDIUM,,,22.00,30,73.33%,4,,04/09/2029,E,2
09,03,8,02,1,20132849,HAPPY NAPPY SMART PANTS 26/24S  PCK EXTRALARGE,,,15.00,24,62.50%,8,,01/06/2029,,2
09,04,3,01,1,20136930,CITRA BODY LOTION PERFECT BRIGHT BENGKOANG BTL 110L,,,8.00,150,5.33%,36,CTN,31/08/2028,,1
09,04,3,02,1,20054747,SO KLIN DETERGENT LIQUID VIOLET BLOSSOM PCH 720/700 ,,,8.00,88,9.09%,6,CTN,01/09/2029,,2
09,04,3,03,1,,,,,0.00,0.0,,,,,,
09,04,3,04,1,20142834,SYSTEMA SIKAT GIGI ACTIVE CLEAN 2S WIDER HEAD PCK SOFT,,,17.00,200,8.50%,12,,01/09/2031,,1
09,04,4,01,1,20134576,LIFEBUOY PENCUCI PIRING REF LEMON PCH 650L,,,49.00,40,122.50%,12,,22/08/2028,,2
09,04,4,02,1,,,,,0.00,0.0,,,,,,
09,04,5,01,1,20134576,LIFEBUOY PENCUCI PIRING REF LEMON PCH 650L,,,29.00,40,72.50%,12,,14/07/2030,,2
09,04,5,02,1,20098000,GENKI MOKO MOKO PANTS 30/28S  BAG LARGE,,,18.00,12,150.00%,6,,01/03/2029,,2
09,04,6,01,1,20140001,RINSO DETERGENT CAIR ANTI NODA PURE PCH 510,,,28.00,55,50.91%,12,CTN,02/08/2028,,2
09,04,6,02,1,20108875,LIFREE PANTS LIGHT 10S  BAG MEDIUM,,,15.00,18,83.33%,8,,23/09/2029,,1
09,04,7,01,1,20139877,STATIONARY HAPPY SEAL STAMP 2S  PCS,,,1080.00,500,216.00%,1,,01/11/2028,I,1
09,04,7,02,1,20130846,SOFTEX PEMBALUT DAUN SIRIH 36 SLIM WING PCK 18S,,,15.00,24,62.50%,20,CTN,05/09/2029,,2
09,04,8,01,1,20130846,SOFTEX PEMBALUT DAUN SIRIH 36 SLIM WING PCK 18S,,,24.00,24,100.00%,20,,01/09/2029,,2
09,04,8,02,1,20121205,CHARM PEMBALUT SAFE NIGHT 35 WING PCK 18S,,,6.00,10,60.00%,24,PCK,30/09/2029,L,2
09,05,3,01,1,20138059,MUSTIKA RATU MINYAK ZAITUN SKIN FIRMING BTL 75L,,,2.00,25,8.00%,32,BOX,01/09/2029,,1
09,05,3,02,1,20137173,SCARLETT EXTRAIT DE PARFUM VELVET ROUGE BTL 30L,,,11.00,112,9.82%,24,,04/09/2030,L,1
09,05,3,03,1,,,,,0.00,0.0,,,,,,
09,05,3,04,1,10005803,SO KLIN PEWANGI PAKAIAN REFILL RED PCH 800/780L,,,20.00,50,40.00%,12,,24/09/2029,S,6
09,05,4,01,1,20134576,LIFEBUOY PENCUCI PIRING REF LEMON PCH 650L,,,40.00,40,100.00%,12,,27/06/2028,,2
09,05,4,02,1,20073425,INDOMARET PENCUCI PIRING (NEW) JERUK NIPIS PCH 800/650L,,,44.00,44,100.00%,12,,01/09/2029,,3
09,05,5,01,1,20134576,LIFEBUOY PENCUCI PIRING REF LEMON PCH 650L,,,30.00,40,75.00%,12,,20/09/2028,,2
09,05,5,02,1,20141373,RINSO DETERGENT CAIR QUICK WASH POWER CLEAN BTL 650,,,31.00,72,43.06%,12,,30/09/2028,,2
09,05,6,01,1,20128974,MONTISS FACIAL TISSUE 2PLY/200S 2 IN 1 PCK,,,10.00,10,100.00%,30,,29/09/2031,S,10
09,05,6,02,1,20054750,RINSO DETERJEN LIQUID + MOLTO PERFUME ESSENCE PCH 510,,,42.00,60,70.00%,12,,26/09/2028,,2
09,05,7,01,1,20072923,BABY HAPPY  BABY DIAPERS PANTS 34/32S  BAG MEDIUM,,,24.00,30,80.00%,4,,01/09/2029,E,2
09,05,7,02,1,20113402,KAHF SKIN FACE WASH ENERGZNG&BRIGHT TUB 100L,,,150.00,138,108.70%,15,,31/08/2029,D,5
09,05,8,01,1,10033930,CUSSONS BABY CREAM SOFT & SMOOTH POT 50,,,2.00,577,0.35%,72,CTN,01/09/2029,,1
09,05,8,02,1,20073639,SWEETY BRONZE PANTS 28S  PCK LARGE,,,15.00,10,150.00%,8,,01/09/2029,S,2
09,06,3,01,1,20142126,POSH DEO ROLL ON POWDER FRESH BTL 50,,,2.00,100,2.00%,24,CTN,04/10/2029,,1
09,06,3,02,1,20068183,SHINZUI SABUN MANDI SKIN LIGHTENING KIREI BDD 3110/100,,,1.00,24,4.17%,48,CTN,01/09/2029,,2
09,06,3,03,1,,,,,0.00,0.0,,,,,,
09,06,3,04,1,20108418,SO KLIN PEWANGI PAKAIAN HIJAB REFILL GREEN PCH 800/780L,,,17.00,50,34.00%,12,,11/09/2029,,6
09,06,4,01,1,20134576,LIFEBUOY PENCUCI PIRING REF LEMON PCH 650L,,,33.00,40,82.50%,12,,28/07/2028,,2
09,06,4,02,1,20054750,RINSO DETERJEN LIQUID + MOLTO PERFUME ESSENCE PCH 510,,,32.00,60,53.33%,12,,20/09/2028,,2
09,06,5,01,1,,,,,0.00,0.0,,,,,,
09,06,5,02,1,20099414,SO KLIN SOFTERGENT POWDER PURPLE LAVENDER PCK 1.44/1.3,,,40.00,48,83.33%,6,,01/09/2029,L,6
09,06,6,01,1,20134006,KODOMO SHAMPOO & CONDITIONER CHERRY BTL 200L,,,5.00,64,7.81%,24,CTN,01/09/2029,,1
09,06,6,02,1,20067449,GLOW & LOVELY MLTVTMN FCL FOAM/DRM GLW 39484  TUB 100,,,52.00,110,47.27%,24,,01/08/2029,S,6
09,06,7,01,1,20095150,DETTOL BODY WASH ANTI BAKTERI COOL PCH 800/720,,,7.00,30,23.33%,12,,01/09/2029,,1
09,06,7,02,1,10014263,WIPOL KARBOL WANGI CEMARA PCH 750L/720,,,40.00,40,100.00%,12,,01/06/2029,S,2
09,06,8,01,1,20072923,BABY HAPPY  BABY DIAPERS PANTS 34/32S  BAG MEDIUM,,,24.00,30,80.00%,4,,30/09/2030,E,2
09,06,8,02,1,20072923,BABY HAPPY  BABY DIAPERS PANTS 34/32S  BAG MEDIUM,,,24.00,30,80.00%,4,,01/09/2030,E,2
09,07,3,01,1,20091352,DAIA DETERGENT POWDER+SOFTENER VIOLET PASSION PCK 1.5/1.4 ,,,24.00,48,50.00%,6,CTN,01/09/2029,D,6
09,07,3,02,1,20085988,LE MINERALE AIR MINERAL  BTL 1500L,,,33.00,33,100.00%,12,CTN,01/02/2028,E,24
09,07,3,03,1,,,,,0.00,0.0,,,,,,
09,07,3,04,1,,,,,0.00,0.0,,,,,,
09,07,4,01,1,20134576,LIFEBUOY PENCUCI PIRING REF LEMON PCH 650L,,,21.00,40,52.50%,12,,01/08/2029,,2
09,07,4,02,1,20020226,MOLTO PEWANGI PAKAIAN HIJAB SOFT & FRESH PINK PCH 780/765L,,,46.00,50,92.00%,12,,01/09/2029,,6
09,07,5,01,1,20136932,CITRA BODY LOTION PERFECT BRIGHT BENGKOANG BTL 210L,,,9.00,60,15.00%,24,CTN,31/08/2028,L,1
09,07,5,02,1,20091430,CLEAR SHAMPOO A/K PERAWATAN KOMPLIT  BTL 300L,,,4.00,60,6.67%,18,CTN,31/03/2029,,1
09,07,6,01,1,20098000,GENKI MOKO MOKO PANTS 30/28S  BAG LARGE,,,18.00,12,150.00%,6,,01/09/2029,,2
09,07,6,02,1,20135144,SUNLIGHT PENCUCI PIRING REF BIOCARE NATURE PCH 600L/600,,,48.00,50,96.00%,12,,23/08/2029,,2
09,07,7,01,1,20121205,CHARM PEMBALUT SAFE NIGHT 35 WING PCK 18S,,,12.00,10,120.00%,24,,30/09/2029,L,2
09,07,7,02,1,20121205,CHARM PEMBALUT SAFE NIGHT 35 WING PCK 18S,,,12.00,10,120.00%,24,,30/09/2029,L,2
09,07,8,01,1,20114112,NUVO SABUN KESEHATAN CAIR FRESH PRO.LEMON PCH 450/400L,,,46.00,112,41.07%,12,CTN,01/09/2029,L,2
09,07,8,02,1,20072925,BABY HAPPY  BABY DIAPERS PANTS 30/28S  BAG LARGE,,,22.00,24,91.67%,4,,09/09/2029,E,4
09,08,3,01,1,,,,,0.00,0.0,,,,,,
09,08,3,02,1,20085988,LE MINERALE AIR MINERAL  BTL 1500L,,,33.00,33,100.00%,12,CTN,01/02/2028,E,24
09,08,3,03,1,,,,,0.00,0.0,,,,,,
09,08,3,04,1,,,,,0.00,0.0,,,,,,
09,08,4,01,1,20091432,CLEAR SHAMPOO ANTI DANDRUFF MENTHOL SEGAR BTL 300L,,,10.00,70,14.29%,18,CTN,28/02/2029,,1
09,08,4,02,1,20054750,RINSO DETERJEN LIQUID + MOLTO PERFUME ESSENCE PCH 510,,,41.00,60,68.33%,12,,20/09/2028,,2
09,08,5,01,1,20099735,NUVO SABUN KESEHATAN FAMILY BIRU BDD 3+1100,,,15.00,85,17.65%,18,,04/08/2029,,2
09,08,5,02,1,20085988,LE MINERALE AIR MINERAL  BTL 1500L,,,33.00,33,100.00%,12,CTN,01/02/2028,E,24
09,08,6,01,1,20085121,LUX SABUN MANDI BATANG PINK SOFT TOUCH BDD 3110,,,16.00,50,32.00%,32,,04/09/2029,,1
09,08,6,02,1,20085988,LE MINERALE AIR MINERAL  BTL 1500L,,,33.00,33,100.00%,12,CTN,01/02/2028,E,24
09,08,7,01,1,20072923,BABY HAPPY  BABY DIAPERS PANTS 34/32S  BAG MEDIUM,,,24.00,30,80.00%,4,,01/09/2029,E,2
09,08,7,02,1,20106050,CHARM PANTY LINERS 32S COOLING FRESH PCK,,,18.00,42,42.86%,36,CTN,30/09/2029,,2
09,08,8,01,1,20118380,JOYKO OIL PASTEL OP-12S  PCS,,,9.00,180,5.00%,12,BOX,29/09/2026,,1
09,08,8,02,1,20134319,ENERGIZER BATTERY LITHIUM 3V 2016 2S  PCK,,,1.00,480,0.21%,216,CTN,04/09/2034,,1
09,09,3,01,1,20137021,INDOMARET PISAU CUKUR 2 MATA PISAU (3+1)  PCK,,,1.00,15,6.67%,180,CTN,30/09/2026,,1
09,09,3,02,1,,,,,0.00,0.0,,,,,,
09,09,3,03,1,,,,,0.00,0.0,,,,,,
09,09,3,04,1,,,,,0.00,0.0,,,,,,
09,09,4,01,1,20085988,LE MINERALE AIR MINERAL  BTL 1500L,,,33.00,33,100.00%,12,CTN,01/02/2028,E,24
09,09,4,02,1,20140872,SWEETY DRY X-PERT PANTS 32S  BAG EXTRALARGE,,,10.00,10,100.00%,8,,14/09/2029,L,2
09,09,5,01,1,20077499,PRISTINE 8.6+ AIR MINERAL  BTL 600L,,,40.00,40,100.00%,24,CTN,10/09/2028,S,24
09,09,5,02,1,20136213,SHINZUI BODY CLEANSER SKIN LIGHTENING SAKURA PCH 725 L,,,5.00,64,7.81%,12,CTN,01/09/2029,,1
09,09,6,01,1,20085988,LE MINERALE AIR MINERAL  BTL 1500L,,,33.00,33,100.00%,12,CTN,01/02/2028,E,24
09,09,6,02,1,20134576,LIFEBUOY PENCUCI PIRING REF LEMON PCH 650L,,,50.00,40,125.00%,12,,06/09/2028,,2
09,09,7,01,1,20096153,PEPSODENT TRAVEL KIT  PCS,,,25.00,45,55.56%,48,,30/09/2030,L,2
09,09,7,02,1,20045419,MAMY POKO PANTS STANDAR 32S  PCK MEDIUM,,,3.00,24,12.50%,4,CTN,04/09/2029,D,2
09,09,8,01,1,20045419,MAMY POKO PANTS STANDAR 32S  PCK MEDIUM,,,20.00,24,83.33%,4,CTN,04/09/2029,D,2
09,09,8,02,1,20113228,SOFTEX PEMBALUT DAUN SIRIH 3IN1 16S  BOX,,,20.00,16,125.00%,24,,09/09/2029,L,2
10,01,3,01,1,,,,,0.00,0.0,,,,,,
10,01,3,02,1,,,,,0.00,0.0,,,,,,
10,01,3,03,1,,,,,0.00,0.0,,,,,,
10,01,3,04,1,,,,,0.00,0.0,,,,,,
10,01,4,01,1,,,,,0.00,0.0,,,,,,
10,01,4,02,1,,,,,0.00,0.0,,,,,,
10,01,5,01,1,,,,,0.00,0.0,,,,,,
10,01,5,02,1,,,,,0.00,0.0,,,,,,
10,01,6,01,1,,,,,0.00,0.0,,,,,,
10,01,6,02,1,,,,,0.00,0.0,,,,,,
10,01,7,01,1,,,,,0.00,0.0,,,,,,
10,01,7,02,1,,,,,0.00,0.0,,,,,,
10,01,8,01,1,,,,,0.00,0.0,,,,,,
10,01,8,02,1,,,,,0.00,0.0,,,,,,
10,02,3,01,1,,,,,0.00,0.0,,,,,,
10,02,3,02,1,20079788,PROCLIN PENGHILANG NODA BAJU PUTIH DAN BERWARNA PCH 400L,,,16.00,60,26.67%,12,,31/07/2028,,1
10,02,3,03,1,,,,,0.00,0.0,,,,,,
10,02,3,04,1,,,,,0.00,0.0,,,,,,
10,02,4,01,1,20054750,RINSO DETERJEN LIQUID + MOLTO PERFUME ESSENCE PCH 510,,,66.00,60,110.00%,12,,01/07/2029,,2
10,02,4,02,1,20130709,LUX SABUN MANDI CAIR REFILL MAGICAL ORCHID PCH 825L,,,12.00,50,24.00%,12,,01/09/2029,L,1
10,02,5,01,1,,,,,0.00,0.0,,,,,,
10,02,5,02,1,20136134,VAPE OBAT NYAMUK SPRAY FUMAKILLA CANDY FLOWER KLG 600L,,,27.00,108,25.00%,12,,30/09/2029,,1
10,02,6,01,1,20037446,RINSO DETERJEN LIQUID + MOLTO REF ROSE FRESH PCH 750L700,,,41.00,50,82.00%,12,,11/09/2028,L,2
10,02,6,02,1,20138902,SUNSILK SHAMPOO SILKY SMOOTH BTL 320L,,,25.00,51,49.02%,18,,22/01/2029,,1
10,02,7,01,1,,,,,0.00,0.0,,,,,,
10,02,7,02,1,,,,,0.00,0.0,,,,,,
10,02,8,01,1,,,,,0.00,0.0,,,,,,
10,02,8,02,1,,,,,0.00,0.0,,,,,,
10,03,3,01,1,20127694,LARISST DIAPERS PANTS ADULT 10S  BAG MEDIUM,,,4.00,12,33.33%,12,,26/09/2029,,1
10,03,3,02,1,,,,,0.00,0.0,,,,,,
10,03,3,03,1,,,,,0.00,0.0,,,,,,
10,03,3,04,1,,,,,0.00,0.0,,,,,,
10,03,4,01,1,20139791,LARISST SIKAT GIGI ULTRA SHINE 3S SOFT PCK,,,15.00,96,15.63%,36,,02/09/2027,,2
10,03,4,02,1,20140806,SO KLIN DETERGENT POWDER EAU DE PARFUM FLEURS DE LIS PCK 1.3 ,,,40.00,40,100.00%,6,,09/07/2029,,2
10,03,5,01,1,,,,,0.00,0.0,,,,,,
10,03,5,02,1,20134576,LIFEBUOY PENCUCI PIRING REF LEMON PCH 650L,,,50.00,40,125.00%,12,,14/07/2030,,2
10,03,6,01,1,,,,,0.00,0.0,,,,,,
10,03,6,02,1,20108875,LIFREE PANTS LIGHT 10S  BAG MEDIUM,,,6.00,18,33.33%,8,,23/09/2029,,1
10,03,7,01,1,,,,,0.00,0.0,,,,,,
10,03,7,02,1,20087464,INDOMARET PEWANGI PAKAIAN PINK PASSION PCH 720L,,,38.00,40,95.00%,12,,31/08/2028,,2
10,03,8,01,1,20133708,SOFTEX PEMBALUT WANITA COMFORT 29 NIGHT WING PCK 20/18S,,,18.00,70,25.71%,24,,01/09/2029,,2
10,03,8,02,1,20126742,SWEETY DIAPER SILVER COMFORT 40S  BAG NB-S,,,15.00,20,75.00%,8,,25/09/2029,L,1
10,04,3,01,1,20137969,INDOMARET UNDERPAD 10S  BAG,,,1.00,12,8.33%,12,CTN,30/09/2029,,2
10,04,3,02,1,10026612,PEPSODENT SIKAT GIGI SENSITIVE SOFT PCS,,,8.00,192,4.17%,48,,01/09/2034,,2
10,04,3,03,1,,,,,0.00,0.0,,,,,,
10,04,3,04,1,20071775,BAYGON INSEKTISIDA SPRAY FLOWER GARDEN KLG 600/675L,,,6.00,54,11.11%,12,,01/09/2029,D,2
10,04,4,01,1,10008104,SO KLIN PEWANGI PAKAIAN REFILL BLUE PCH 800/780L,,,12.00,50,24.00%,12,,04/09/2029,,6
10,04,4,02,1,20142219,MOLTO PEWANGI PAKAIAN GENTLE FRESH PCH 765,,,24.00,50,48.00%,12,,01/08/2028,,1
10,04,5,01,1,20125494,SOFTEX PEMBALUT WANITA COMFORT 36 NIGHT WING PCK 12S,,,15.00,24,62.50%,24,,15/09/2029,,2
10,04,5,02,1,20080361,DOWNY SOFTENER PASSION PCH 600/550L,,,35.00,72,48.61%,8,,01/07/2028,,1
10,04,6,01,1,20134039,CLOSE UP TRAVEL KIT  PCS,,,26.00,40,65.00%,48,,04/09/2030,,2
10,04,6,02,1,20139699,OASIS AIR MINERAL PH9  BTL 500L,,,40.00,40,100.00%,24,CTN,16/06/2028,,24
10,04,7,01,1,20072925,BABY HAPPY  BABY DIAPERS PANTS 30/28S  BAG LARGE,,,20.00,24,83.33%,4,,01/09/2029,E,4
10,04,7,02,1,20138272,LARISST BABY WIPES SWEET BLOSSOM BDD 250,,,26.00,40,65.00%,18,,25/09/2029,,2
10,04,8,01,1,20072923,BABY HAPPY  BABY DIAPERS PANTS 34/32S  BAG MEDIUM,,,20.00,30,66.67%,4,CTN,01/09/2029,E,2
10,04,8,02,1,20134007,BABY HAPPY  BABY DIAPERS PANTS 38+2S  BAG SMALL,,,22.00,24,91.67%,4,,01/09/2029,,1
10,05,3,01,1,20043877,FLORIDINA JUICE PULP ORANGE BTL 350L,,,38.00,125,30.40%,12,CTN,04/06/2027,L,12
10,05,3,02,1,20141203,RINSO DETERGENT CAIR ROYAL GOLD PCH 700,,,6.00,50,12.00%,12,,14/09/2029,,1
10,05,3,03,1,20123082,GARNIER HAIR COLOR NATURALS 3.1 MIDNIGHT BLUE PCK,,,3.00,25,12.00%,96,,01/09/2028,,1
10,05,3,04,1,20031238,WHISKAS JUNIOR CAT FOOD MACKEREL PCK 85/80,,,7.00,300,2.33%,28,,01/09/2028,,2
10,05,4,01,1,20114112,NUVO SABUN KESEHATAN CAIR FRESH PRO.LEMON PCH 450/400L,,,46.00,112,41.07%,12,,01/09/2029,L,2
10,05,4,02,1,20027963,INDOMARET PEMBERSIH KACA  PCH 400L,,,31.00,60,51.67%,12,,02/09/2029,,2
10,05,5,01,1,20127481,NAEEM MOISTURIZING BODY WASH TAIFI ROSE PCH 400L,,,25.00,52,48.08%,24,,05/07/2029,,2
10,05,5,02,1,20138108,KAO ATTACK DETERGENT POWDER JAZ1 SOFTENER PURPLE BLOSSOM BAG 1.4/1.2,,,16.00,33,48.48%,6,,17/09/2029,S,2
10,05,6,01,1,20128374,LIFEBUOY PENCUCI PIRING REF LIME PCH 680/650L,,,50.00,50,100.00%,12,,06/07/2028,V,4
10,05,6,02,1,20112491,SUNLIGHT PENCUCI PIRING (NEW) LIME PCH 1L/910L,,,44.00,44,100.00%,6,,14/09/2028,S,6
10,05,7,01,1,20099812,RINSO DETERJEN LIQUID + MOLTO PERFUME ESSENCE PCH 1.5 ,,,14.00,33,42.42%,6,CTN,30/09/2028,,1
10,05,7,02,1,20140221,DOWNY SOFTENER PASSION PCH 900/875,,,15.00,40,37.50%,12,,01/03/2028,,1
10,05,8,01,1,20124726,INDOMARET FACIAL TISSUE 2 PLY (2+1)  BDD 3180,,,15.00,10,150.00%,20,,01/09/2028,E,20
10,05,8,02,1,20065464,CONFIDENCE ADULT DIAPERS CLASIC NIGHT 8S  BAG MEDIUM,,,15.00,10,150.00%,12,,01/09/2029,,1
10,06,3,01,1,20134238,POISE FACIAL FOAM OIL CONTROL/  CGLOW TUB 100 ,,,18.00,80,22.50%,24,,31/07/2029,,1
10,06,3,02,1,20127065,POISE FACIAL FOAM ANTI ACNE/ CLEAR GLOW TUB 100 ,,,11.00,50,22.00%,24,,31/08/2029,,1
10,06,3,03,1,20141071,CITRA HAND & BODY LOTION SERUM BOUNCY GLOW TUB 180,,,9.00,116,7.76%,12,,01/07/2029,,1
10,06,3,04,1,20140427,REXONA WHOLE BODY DEO MEN ARCTIC SEA TUB 50,,,20.00,100,20.00%,24,,01/04/2029,,1
10,06,4,01,1,20085988,LE MINERALE AIR MINERAL  BTL 1500L,,,33.00,33,100.00%,12,CTN,01/02/2028,E,24
10,06,4,02,1,10005803,SO KLIN PEWANGI PAKAIAN REFILL RED PCH 800/780L,,,50.00,50,100.00%,12,,24/09/2029,S,6
10,06,5,01,1,20099812,RINSO DETERJEN LIQUID + MOLTO PERFUME ESSENCE PCH 1.5 ,,,17.00,33,51.52%,6,,26/09/2028,,1
10,06,5,02,1,10026626,CASABLANCA BODY MIST COLOGNE AQUA BTL 100L,,,15.00,96,15.63%,72,,31/08/2030,,2
10,06,6,01,1,10003646,SO KLIN PEMBERSIH LANTAI REFILL APPLE & PEONY PCH 770L/760,,,24.00,40,60.00%,12,,01/09/2029,,2
10,06,6,02,1,20085988,LE MINERALE AIR MINERAL  BTL 1500L,,,31.00,33,93.94%,12,CTN,01/02/2028,E,24
10,06,7,01,1,20091786,CHARM PEMBALUT COOLING FRESH 23 NON WING PCK 16/17S,,,20.00,20,100.00%,24,CTN,30/09/2029,,2
10,06,7,02,1,10034732,HIT MAT ELEKTRIK ANTI NYAMUK 48S CLASSIC BOX,,,2.00,216,0.93%,72,CTN,18/09/2029,,2
10,06,8,01,1,20085988,LE MINERALE AIR MINERAL  BTL 1500L,,,33.00,33,100.00%,12,CTN,01/02/2028,E,24
10,06,8,02,1,20111362,REXONA DEO ROLL ON MEN MOTIONSENSE LIME COOL BTL 45L,,,12.00,160,7.50%,24,CTN,31/08/2028,,1
10,07,3,01,1,,,,,0.00,0.0,,,,,,
10,07,3,02,1,,,,,0.00,0.0,,,,,,
10,07,3,03,1,20135857,FRES & NATURAL EAU DE TOILETTE SONG OF SPRING BTL 100L,,,35.00,116,30.17%,12,,12/05/2029,,1
10,07,3,04,1,,,,,0.00,0.0,,,,,,
10,07,4,01,1,20067449,GLOW & LOVELY MLTVTMN FCL FOAM/DRM GLW 39484  TUB 100,,,36.00,110,32.73%,24,,30/09/2029,S,6
10,07,4,02,1,10005803,SO KLIN PEWANGI PAKAIAN REFILL RED PCH 800/780L,,,50.00,50,100.00%,12,,24/09/2029,S,6
10,07,5,01,1,20072925,BABY HAPPY  BABY DIAPERS PANTS 30/28S  BAG LARGE,,,24.00,24,100.00%,4,,01/09/2029,E,4
10,07,5,02,1,,,,,0.00,0.0,,,,,,
10,07,6,01,1,20031232,WHISKAS CAT FOOD TUNA PCK 85/80,,,39.00,180,21.67%,28,,30/06/2028,,4
10,07,6,02,1,20125992,INDOMARET TAS RAMAH LINGKUNGAN KARAKTER MICE PCS 383010.5,,,150.00,150,100.00%,10,,15/09/2029,,5
10,07,7,01,1,20091786,CHARM PEMBALUT COOLING FRESH 23 NON WING PCK 16/17S,,,7.00,20,35.00%,24,CTN,30/09/2029,,2
10,07,7,02,1,20093919,INDOMARET MULTI PURPOSE CLEANER  BTL 400L,,,25.00,64,39.06%,12,,01/07/2029,,1
10,07,8,01,1,20076572,CHARM PEMBALUT EXTRA COMFORT 26 MAXI WING PCK 16S,,,8.00,20,40.00%,24,CTN,30/09/2029,,2
10,07,8,02,1,20073638,SWEETY BRONZE PANTS 32S  PCK MEDIUM,,,1.00,10,10.00%,8,CTN,01/09/2029,S,2
10,08,3,01,1,20133332,ZINC SHAMPOO A/K REFRESHING COOL  BTL 450L,,,26.00,72,36.11%,12,,31/08/2029,,1
10,08,3,02,1,20140325,SO SOFT DETERJEN CAIR FLORAL LILY BTL 700 ,,,34.00,54,62.96%,6,CTN,01/10/2028,L,2
10,08,3,03,1,,,,,0.00,0.0,,,,,,
10,08,3,04,1,,,,,0.00,0.0,,,,,,
10,08,4,01,1,20136124,EKONOMI PENCUCI PIRING LIQUID NATURAL NANAS&JERUK NPS PCH 650L/675,,,14.00,50,28.00%,12,,01/09/2030,S,12
10,08,4,02,1,10036356,CASABLANCA DEODORANT ANTI-PERSPIRANT R/O MEN BLACK BTL 50L,,,72.00,50,144.00%,12,CTN,01/06/2030,,2
10,08,5,01,1,20141369,RINSO DETERGENT CAIR QUICK WASH PERFUME BREEZE BTL 650,,,30.00,72,41.67%,12,,18/09/2028,,2
10,08,5,02,1,20113228,SOFTEX PEMBALUT DAUN SIRIH 3IN1 16S  BOX,,,17.00,16,106.25%,24,,25/09/2029,L,2
10,08,6,01,1,20140802,INDOMARET TISSUE DAPUR 1+1  BAG,,,6.00,8,75.00%,20,,01/09/2029,,1
10,08,6,02,1,20143930,POINT COFFEE TUMBLER BRONZE METALIC SERIES  PCS 500 L,,,8.00,100,8.00%,48,,01/09/2028,,1
10,08,7,01,1,20090066,WIPOL KARBOL SEREH+JERUK PCH 750L/720,,,27.00,50,54.00%,12,,02/08/2028,,1
10,08,7,02,1,10033930,CUSSONS BABY CREAM SOFT & SMOOTH POT 50,,,1.00,577,0.17%,72,CTN,01/09/2029,,1
10,08,8,01,1,20113354,SWEETY BRONZE COMFORT DIAPERS 44S  BAG NEW BORN,,,15.00,24,62.50%,8,,25/09/2029,L,2
10,08,8,02,1,10018962,YURI PEMBERSIH PORSELIN PORSTEX OCEAN BLUE BTL 700L,,,10.00,70,14.29%,12,CTN,01/09/2030,,1
10,09,3,01,1,20141669,NORTHLAND KITCHEN PLAY HOUSE  PCS,,,60.00,1000,6.00%,1,,01/08/2029,,1
10,09,3,02,1,20134590,PANTENE SHAMPOO PRO-V ANTI DANDRUFF BTL 110L,,,6.00,75,8.00%,36,,01/08/2029,,1
10,09,3,03,1,,,,,0.00,0.0,,,,,,
10,09,3,04,1,20130709,LUX SABUN MANDI CAIR REFILL MAGICAL ORCHID PCH 825L,,,14.00,50,28.00%,12,,01/01/2029,L,1
10,09,4,01,1,20086172,SUNLIGHT PENCUCI PIRING REF HIGIENIS HBTSDA/MND.ORGE PCH 650L/600,,,44.00,50,88.00%,12,,01/05/2029,T,1
10,09,4,02,1,20087464,INDOMARET PEWANGI PAKAIAN PINK PASSION PCH 720L,,,11.00,40,27.50%,12,,01/04/2029,,2
10,09,5,01,1,20139326,KODOMO KIDS 2IN1 HAIR & BODY WASH BELLO BERRIES BTL 300L,,,1.00,90,1.11%,12,CTN,04/10/2029,,1
10,09,5,02,1,10008104,SO KLIN PEWANGI PAKAIAN REFILL BLUE PCH 800/780L,,,50.00,50,100.00%,12,,30/09/2029,,6
10,09,6,01,1,10006957,SELECTION KAPAS KECANTIKAN  PCK 75,,,5.00,6,83.33%,72,,05/09/2029,L,2
10,09,6,02,1,20138272,LARISST BABY WIPES SWEET BLOSSOM BDD 250,,,27.00,40,67.50%,18,,01/09/2029,,2
10,09,7,01,1,20065464,CONFIDENCE ADULT DIAPERS CLASIC NIGHT 8S  BAG MEDIUM,,,10.00,10,100.00%,12,CTN,01/09/2029,,1
10,09,7,02,1,20021324,LAURIER PEMBALUT 35 RELAX NIGHT BAG 12S,,,9.00,18,50.00%,24,,18/09/2029,L,2
10,09,8,01,1,20091786,CHARM PEMBALUT COOLING FRESH 23 NON WING PCK 16/17S,,,27.00,20,135.00%,24,,30/09/2029,,2
10,09,8,02,1,10005974,CHARM PEMBALUT SAFE NIGHT 29 WING PCK 10/9S,,,9.00,12,75.00%,48,CTN,27/09/2029,,2
11,01,3,01,1,,,,,0.00,0.0,,,,,,
11,01,3,02,1,,,,,0.00,0.0,,,,,,
11,01,3,03,1,,,,,0.00,0.0,,,,,,
11,01,3,04,1,,,,,0.00,0.0,,,,,,
11,01,4,01,1,,,,,0.00,0.0,,,,,,
11,01,4,02,1,,,,,0.00,0.0,,,,,,
11,01,5,01,1,,,,,0.00,0.0,,,,,,
11,01,5,02,1,,,,,0.00,0.0,,,,,,
11,01,6,01,1,,,,,0.00,0.0,,,,,,
11,01,6,02,1,,,,,0.00,0.0,,,,,,
11,01,7,01,1,,,,,0.00,0.0,,,,,,
11,01,7,02,1,,,,,0.00,0.0,,,,,,
11,01,8,01,1,,,,,0.00,0.0,,,,,,
11,01,8,02,1,,,,,0.00,0.0,,,,,,
11,02,3,01,1,,,,,0.00,0.0,,,,,,
11,02,3,02,1,,,,,0.00,0.0,,,,,,
11,02,3,03,1,,,,,0.00,0.0,,,,,,
11,02,3,04,1,20092192,POSH DEO ROLL ON WHITENING BTL 50L,,,46.00,20,230.00%,24,,31/07/2029,,2
11,02,4,01,1,20134303,MAMA LEMON LIQUID PENCUCI PIRING YUZU+JRK NIPIS PCH 690/650 ,,,26.00,60,43.33%,12,,01/09/2029,,2
11,02,4,02,1,20091352,DAIA DETERGENT POWDER+SOFTENER VIOLET PASSION PCK 1.5/1.4 ,,,48.00,48,100.00%,6,,24/09/2030,D,6
11,02,5,01,1,20130709,LUX SABUN MANDI CAIR REFILL MAGICAL ORCHID PCH 825L,,,13.00,50,26.00%,12,,01/09/2029,L,1
11,02,5,02,1,,,,,0.00,0.0,,,,,,
11,02,6,01,1,,,,,0.00,0.0,,,,,,
11,02,6,02,1,20135747,MAKUKU DIAPERS COMFORT FIT PANTS 24S  BAG EXTRALARGE,,,5.00,16,31.25%,8,,03/08/2029,,1
11,02,7,01,1,,,,,0.00,0.0,,,,,,
11,02,7,02,1,,,,,0.00,0.0,,,,,,
11,02,8,01,1,,,,,0.00,0.0,,,,,,
11,02,8,02,1,20134007,BABY HAPPY  BABY DIAPERS PANTS 38+2S  BAG SMALL,,,20.00,24,83.33%,4,,01/09/2029,,1
11,03,3,01,1,20133708,SOFTEX PEMBALUT WANITA COMFORT 29 NIGHT WING PCK 20/18S,,,6.00,70,8.57%,24,,01/09/2029,,2
11,03,3,02,1,,,,,0.00,0.0,,,,,,
11,03,3,03,1,,,,,0.00,0.0,,,,,,
11,03,3,04,1,,,,,0.00,0.0,,,,,,
11,03,4,01,1,20067585,SO KLIN DETERGENT LIQUID SCARLET BLOSSOM PCH 720/700 ,,,32.00,88,36.36%,6,,30/09/2028,,2
11,03,4,02,1,20135845,EKONOMI PENCUCI PIRING LIQUID NATURAL JERUK NPS&LEMON BTL 650L,,,60.00,56,107.14%,12,,01/09/2029,,6
11,03,5,01,1,20140806,SO KLIN DETERGENT POWDER EAU DE PARFUM FLEURS DE LIS PCK 1.3 ,,,19.00,40,47.50%,6,,09/07/2029,,2
11,03,5,02,1,10005803,SO KLIN PEWANGI PAKAIAN REFILL RED PCH 800/780L,,,45.00,50,90.00%,12,,30/09/2029,S,6
11,03,6,01,1,20134576,LIFEBUOY PENCUCI PIRING REF LEMON PCH 650L,,,50.00,40,125.00%,12,,19/07/2028,,2
11,03,6,02,1,20073640,SWEETY BRONZE DAY ACTIVE PANTS 26/24S  BAG EXTRALARGE,,,7.00,10,70.00%,8,,01/05/2029,S,4
11,03,7,01,1,20134007,BABY HAPPY  BABY DIAPERS PANTS 38+2S  BAG SMALL,,,22.00,24,91.67%,4,,04/09/2030,,1
11,03,7,02,1,20091786,CHARM PEMBALUT COOLING FRESH 23 NON WING PCK 16/17S,,,16.00,20,80.00%,24,,27/09/2029,,2
11,03,8,01,1,,,,,0.00,0.0,,,,,,
11,03,8,02,1,,,,,0.00,0.0,,,,,,
11,04,3,01,1,20134526,SO KLIN PEWANGI PAKAIAN REFILL COTTON FANTASY PCH 800/780L,,,11.00,50,22.00%,12,,30/09/2029,,6
11,04,3,02,1,20091352,DAIA DETERGENT POWDER+SOFTENER VIOLET PASSION PCK 1.5/1.4 ,,,48.00,48,100.00%,6,CTN,04/09/2030,D,6
11,04,3,03,1,20134763,POSH MEN EAU DE TOILETTE BLUE GRAVITY BTL 100L,,,20.00,155,12.90%,12,,01/09/2029,,1
11,04,3,04,1,20140427,REXONA WHOLE BODY DEO MEN ARCTIC SEA TUB 50,,,22.00,100,22.00%,24,,01/04/2029,,1
11,04,4,01,1,20134576,LIFEBUOY PENCUCI PIRING REF LEMON PCH 650L,,,49.00,40,122.50%,12,,20/09/2028,,2
11,04,4,02,1,10008104,SO KLIN PEWANGI PAKAIAN REFILL BLUE PCH 800/780L,,,50.00,50,100.00%,12,,04/09/2029,,6
11,04,5,01,1,20128374,LIFEBUOY PENCUCI PIRING REF LIME PCH 680/650L,,,30.00,50,60.00%,12,,12/07/2028,V,4
11,04,5,02,1,20101378,KODOMO BABY WIPES RICE MILK PINK PCK 250S,,,27.00,20,135.00%,24,,01/09/2029,S,2
11,04,6,01,1,20059867,LIFEBUOY SABUN MANDI MULTIPACK (45593) MILD CARE BDD 4110,,,27.00,60,45.00%,24,,10/09/2027,,1
11,04,6,02,1,20134576,LIFEBUOY PENCUCI PIRING REF LEMON PCH 650L,,,50.00,40,125.00%,12,,27/09/2028,,2
11,04,7,01,1,20121205,CHARM PEMBALUT SAFE NIGHT 35 WING PCK 18S,,,9.00,10,90.00%,24,,28/09/2029,L,2
11,04,7,02,1,20069549,INDOMARET DIAPERS ADULT 6S LEAK GUARD BAG EXTRALARGE,,,10.00,10,100.00%,12,,01/09/2029,L,2
11,04,8,01,1,20072923,BABY HAPPY  BABY DIAPERS PANTS 34/32S  BAG MEDIUM,,,24.00,30,80.00%,4,,04/09/2029,E,2
11,04,8,02,1,20133708,SOFTEX PEMBALUT WANITA COMFORT 29 NIGHT WING PCK 20/18S,,,24.00,70,34.29%,24,,01/07/2029,,2
11,05,3,01,1,20123404,ZWITSAL BABY BATH HAIR & BODY ANTIBACTERIAL BTL 200L,,,18.00,85,21.18%,24,,04/09/2029,,1
11,05,3,02,1,10026612,PEPSODENT SIKAT GIGI SENSITIVE SOFT PCS,,,20.00,192,10.42%,48,,04/09/2034,,2
11,05,3,03,1,,,,,0.00,0.0,,,,,,
11,05,3,04,1,,,,,0.00,0.0,,,,,,
11,05,4,01,1,20134576,LIFEBUOY PENCUCI PIRING REF LEMON PCH 650L,,,50.00,40,125.00%,12,,14/09/2028,,2
11,05,4,02,1,20020245,MOLTO PEWANGI PAKAIAN ACTIVE FRESH BLUE PCH 780/765L,,,50.00,50,100.00%,12,,14/10/2029,L,6
11,05,5,01,1,,,,,0.00,0.0,,,,,,
11,05,5,02,1,10005803,SO KLIN PEWANGI PAKAIAN REFILL RED PCH 800/780L,,,50.00,50,100.00%,12,,22/09/2029,S,6
11,05,6,01,1,20137793,RINSO DETERJEN LIQUID   MOLTO ROSE FRESH PCH 510,,,38.00,60,63.33%,12,,01/09/2029,,2
11,05,6,02,1,20077483,MERRIES PANTS GOOD SKIN 26S  BAG EXTRALARGE,,,14.00,24,58.33%,4,,30/09/2029,S,2
11,05,7,01,1,20140120,SOFTEX PEMBALUT BEARY COOL 36  PCK 8S,,,13.00,32,40.63%,24,,28/09/2029,,1
11,05,7,02,1,20029237,INDOMARET PISAU CUKUR RAZOR 2 MATA SILET  PCS,,,1.00,24,4.17%,288,CTN,28/09/2026,,2
11,05,8,01,1,20072923,BABY HAPPY  BABY DIAPERS PANTS 34/32S  BAG MEDIUM,,,24.00,30,80.00%,4,,30/09/2030,E,2
11,05,8,02,1,20077515,SOFTEX PEMBALUT DAUN SIRIH 29 SLIM WING PCK 16S,,,24.00,18,133.33%,24,,25/09/2029,,2
11,06,3,01,1,20134791,AXE BODY SPRAY DEODORANT BLUE LAVENDER KLG 135L,,,18.00,145,12.41%,12,,30/09/2030,,1
11,06,3,02,1,20111362,REXONA DEO ROLL ON MEN MOTIONSENSE LIME COOL BTL 45L,,,10.00,160,6.25%,24,,30/09/2030,,1
11,06,3,03,1,,,,,0.00,0.0,,,,,,
11,06,3,04,1,,,,,0.00,0.0,,,,,,
11,06,4,01,1,20087464,INDOMARET PEWANGI PAKAIAN PINK PASSION PCH 720L,,,18.00,40,45.00%,12,,10/09/2028,,2
11,06,4,02,1,20128374,LIFEBUOY PENCUCI PIRING REF LIME PCH 680/650L,,,40.00,50,80.00%,12,,11/07/2033,V,4
11,06,5,01,1,20134576,LIFEBUOY PENCUCI PIRING REF LEMON PCH 650L,,,50.00,40,125.00%,12,,14/09/2029,,2
11,06,5,02,1,20134526,SO KLIN PEWANGI PAKAIAN REFILL COTTON FANTASY PCH 800/780L,,,50.00,50,100.00%,12,,01/09/2028,,6
11,06,6,01,1,,,,,0.00,0.0,,,,,,
11,06,6,02,1,20047217,PEPSODENT PASTA GIGI WHITE  TUB 225/220 ,,,49.00,60,81.67%,36,,01/09/2029,D,18
11,06,7,01,1,20093101,ZEN ANTI BACTERIAL BODY WASH SHISO&SANDALWOD PCH 400/380L,,,40.00,52,76.92%,24,,01/09/2029,L,3
11,06,7,02,1,20100033,ANTIS PEMBERSIH TANGAN A/SPTIK SPRAY JASMINE TEA BTL 55L,,,3.00,44,6.82%,144,CTN,01/09/2028,,2
11,06,8,01,1,20065464,CONFIDENCE ADULT DIAPERS CLASIC NIGHT 8S  BAG MEDIUM,,,15.00,10,150.00%,12,,01/09/2029,,1
11,06,8,02,1,20095509,Y/COFFEE GOLD CUP COLD  PCS 14 OZ,,,24.00,20,120.00%,500,,23/09/2029,Z,500
11,07,3,01,1,20128132,BAYGON INSEKTISIDA SPRAY FLOWER GARDEN KLG 450/400L,,,8.00,54,14.81%,12,,01/09/2029,L,2
11,07,3,02,1,20093183,GIV SABUN MANDI WHITE BENGKOANG & YOGHURT BDD 3100,,,6.00,40,15.00%,24,,31/10/2029,,3
11,07,3,03,1,,,,,0.00,0.0,,,,,,
11,07,3,04,1,20080361,DOWNY SOFTENER PASSION PCH 600/550L,,,13.00,72,18.06%,8,,21/06/2030,,1
11,07,4,01,1,20020245,MOLTO PEWANGI PAKAIAN ACTIVE FRESH BLUE PCH 780/765L,,,48.00,50,96.00%,12,,14/10/2029,L,6
11,07,4,02,1,20054750,RINSO DETERJEN LIQUID + MOLTO PERFUME ESSENCE PCH 510,,,55.00,60,91.67%,12,,01/09/2028,,2
11,07,5,01,1,20140325,SO SOFT DETERJEN CAIR FLORAL LILY BTL 700 ,,,62.00,54,114.81%,6,CTN,29/09/2029,L,2
11,07,5,02,1,20024306,MAMY POKO PANTS ROYAL SOFT BOYS 24S  BAG EXTRALARGE,,,19.00,16,118.75%,4,,25/09/2029,,1
11,07,6,01,1,20142124,POSH DEO ROLL ON FRESH COOL BTL 50,,,2.00,100,2.00%,24,CTN,04/10/2029,,1
11,07,6,02,1,20030179,NIVEA BODY LOTION INTENSIVE MOISTURE 5IN1 COMPL.CARE BTL 200/190L,,,1.00,100,1.00%,24,CTN,04/09/2029,,1
11,07,7,01,1,20069227,GLOW & LOVELY MLTVTMN FCL FOAM/DRM GLW 39482  TUB 50,,,16.00,108,14.81%,24,CTN,31/08/2029,,2
11,07,7,02,1,20136586,HEAD &SHOULDERS SHAMPO + KONDISIONER 2 IN 1 MENTHOL DINGIN BTL 160/145L,,,42.00,90,46.67%,24,CTN,30/09/2029,L,1
11,07,8,01,1,20095509,Y/COFFEE GOLD CUP COLD  PCS 14 OZ,,,24.00,20,120.00%,500,,23/09/2029,Z,500
11,07,8,02,1,20095509,Y/COFFEE GOLD CUP COLD  PCS 14 OZ,,,24.00,20,120.00%,500,,23/09/2029,Z,500
11,08,3,01,1,20138848,EMERON SHAMPOO NUTRITIVE BT21 ANTI HAIR FALL BTL 340L,,,19.00,90,21.11%,12,,07/09/2029,,1
11,08,3,02,1,10014567,LAURIER PANTY LINERS 40S CLEANFRESH NON PARFUMED PCK,,,4.00,40,10.00%,42,CTN,30/09/2029,,2
11,08,3,03,1,,,,,0.00,0.0,,,,,,
11,08,3,04,1,20139791,LARISST SIKAT GIGI ULTRA SHINE 3S SOFT PCK,,,8.00,96,8.33%,36,,21/09/2027,,2
11,08,4,01,1,20134576,LIFEBUOY PENCUCI PIRING REF LEMON PCH 650L,,,50.00,40,125.00%,12,,01/01/2029,,2
11,08,4,02,1,,,,,0.00,0.0,,,,,,
11,08,5,01,1,20027963,INDOMARET PEMBERSIH KACA  PCH 400L,,,70.00,60,116.67%,12,,10/09/2029,,2
11,08,5,02,1,10005802,SO KLIN PEWANGI PAKAIAN REFILL VIOLET PCH 800/780L,,,50.00,40,125.00%,12,,04/09/2030,,12
11,08,6,01,1,20054750,RINSO DETERJEN LIQUID + MOLTO PERFUME ESSENCE PCH 510,,,26.00,60,43.33%,12,,27/07/2028,,2
11,08,6,02,1,20063288,PASEO FACIAL TISSUE PURE SOFT 3PLY  PCK 130S,,,10.00,10,100.00%,40,CTN,30/09/2031,,2
11,08,7,01,1,20141251,MAMY POKO PANTS EXTRA KERING 20+2S  PCK XXXL,,,32.00,100,32.00%,4,CTN,30/09/2029,,2
11,08,7,02,1,20144244,HI SUN BODY SERUM GLOWING BOOSTER NIACINAMIDE&VIT BTL 200,,,44.00,100,44.00%,12,,01/08/2029,,1
11,08,8,01,1,20095509,Y/COFFEE GOLD CUP COLD  PCS 14 OZ,,,24.00,20,120.00%,500,,23/09/2029,Z,500
11,08,8,02,1,20113354,SWEETY BRONZE COMFORT DIAPERS 44S  BAG NEW BORN,,,15.00,24,62.50%,8,,11/09/2029,L,2
11,09,3,01,1,20063288,PASEO FACIAL TISSUE PURE SOFT 3PLY  PCK 130S,,,4.00,10,40.00%,40,CTN,30/09/2031,,2
11,09,3,02,1,20115360,EVANGELINE EAU DE PARFUM WHITE MUSK BTL 100L,,,7.00,50,14.00%,36,,01/01/2031,V,1
11,09,3,03,1,10025484,SHINZUI SABUN MANDI SKIN LIGHTENING KIREI BAR 85/80,,,6.00,24,25.00%,144,,05/02/2029,,4
11,09,3,04,1,,,,,0.00,0.0,,,,,,
11,09,4,01,1,20090066,WIPOL KARBOL SEREH+JERUK PCH 750L/720,,,9.00,50,18.00%,12,,01/06/2029,,1
11,09,4,02,1,20049716,MITU BABY ANTISEPTIC WIPES 3X10S REFRESHING LIME BDD,,,3.00,12,25.00%,48,CTN,30/07/2028,,2
11,09,5,01,1,20087464,INDOMARET PEWANGI PAKAIAN PINK PASSION PCH 720L,,,28.00,40,70.00%,12,,01/08/2029,,2
11,09,5,02,1,20134526,SO KLIN PEWANGI PAKAIAN REFILL COTTON FANTASY PCH 800/780L,,,50.00,50,100.00%,12,,01/08/2029,,6
11,09,6,01,1,20023765,FORMULA SIKAT GIGI FLIP MOBILE ORAL CARE PCK,,,5.00,98,5.10%,24,CTN,01/09/2029,,2
11,09,6,02,1,20049387,INDOMARET HAND SOAP PUMP CAMOMILE EXTRAC BTL 500L,,,6.00,55,10.91%,12,CTN,30/06/2028,,1
11,09,7,01,1,20141203,RINSO DETERGENT CAIR ROYAL GOLD PCH 700,,,6.00,50,12.00%,12,CTN,30/09/2028,,1
11,09,7,02,1,10005427,STELLA AIR FRESHENER ALL IN ONE LEMON / LEMON FRESH PCK 70/42,,,24.00,84,28.57%,18,CTN,06/09/2030,,2
11,09,8,01,1,20113354,SWEETY BRONZE COMFORT DIAPERS 44S  BAG NEW BORN,,,15.00,24,62.50%,8,,25/09/2029,L,2
11,09,8,02,1,20142219,MOLTO PEWANGI PAKAIAN GENTLE FRESH PCH 765,,,24.00,50,48.00%,12,CTN,31/08/2028,,1
12,01,3,01,1,,,,,0.00,0.0,,,,,,
12,01,3,02,1,,,,,0.00,0.0,,,,,,
12,01,3,03,1,,,,,0.00,0.0,,,,,,
12,01,3,04,1,,,,,0.00,0.0,,,,,,
12,01,4,01,1,,,,,0.00,0.0,,,,,,
12,01,4,02,1,,,,,0.00,0.0,,,,,,
12,01,5,01,1,,,,,0.00,0.0,,,,,,
12,01,5,02,1,,,,,0.00,0.0,,,,,,
12,01,6,01,1,,,,,0.00,0.0,,,,,,
12,01,6,02,1,,,,,0.00,0.0,,,,,,
12,01,7,01,1,,,,,0.00,0.0,,,,,,
12,01,7,02,1,,,,,0.00,0.0,,,,,,
12,01,8,01,1,,,,,0.00,0.0,,,,,,
12,01,8,02,1,,,,,0.00,0.0,,,,,,
12,02,3,01,1,20110117,GLOW & LOVELY BRIGHT C GLOW FACIAL FOAM VITAMIN C TUB 100,,,17.00,100,17.00%,24,,02/09/2029,L,2
12,02,3,02,1,20040702,PEPSODENT PASTA GIGI FRESH COOL MINT  TUB 190,,,8.00,52,15.38%,48,,13/08/2029,,2
12,02,3,03,1,20105968,RINSO DETERGEN POWDER A/NODA + MOLTO JAPANESE PEACH BAG 770/700,,,9.00,40,22.50%,12,CTN,20/05/2028,,1
12,02,3,04,1,,,,,0.00,0.0,,,,,,
12,02,4,01,1,,,,,0.00,0.0,,,,,,
12,02,4,02,1,20137024,SWEETY DRY X-PERT PANTS 44S  BAG MEDIUM,,,10.00,10,100.00%,8,CTN,01/09/2029,D,8
12,02,5,01,1,20121205,CHARM PEMBALUT SAFE NIGHT 35 WING PCK 18S,,,9.00,10,90.00%,24,PCK,28/09/2029,L,2
12,02,5,02,1,20075951,MAKARIZO HAIR ENERGY SCENTSATIONS MORNING DEW BTL 100L,,,7.00,130,5.38%,24,CTN,01/09/2029,,2
12,02,6,01,1,20073639,SWEETY BRONZE PANTS 28S  PCK LARGE,,,4.00,10,40.00%,8,CTN,01/09/2029,S,2
12,02,6,02,1,20073638,SWEETY BRONZE PANTS 32S  PCK MEDIUM,,,7.00,10,70.00%,8,CTN,01/09/2029,S,2
12,02,7,01,1,20004868,JOHNSONS BABY LOTION REGULER BTL 100 L,,,1.00,70,1.43%,48,CTN,18/09/2029,,1
12,02,7,02,1,20045419,MAMY POKO PANTS STANDAR 32S  PCK MEDIUM,,,15.00,24,62.50%,4,,04/09/2030,D,2
12,02,8,01,1,20071630,JOHNSONS KIDS ACTIVE SHAMPOO SHINY DROPS BTL 100L,,,1.00,65,1.54%,48,CTN,11/09/2029,,1
12,02,8,02,1,10029632,STELLA AIR FRESHENER ALAT MATIC  PCS,,,2.00,50,4.00%,12,CTN,18/09/2028,,1
12,03,3,01,1,,,,,0.00,0.0,,,,,,
12,03,3,02,1,,,,,0.00,0.0,,,,,,
12,03,3,03,1,,,,,0.00,0.0,,,,,,
12,03,3,04,1,,,,,0.00,0.0,,,,,,
12,03,4,01,1,,,,,0.00,0.0,,,,,,
12,03,4,02,1,10005974,CHARM PEMBALUT SAFE NIGHT 29 WING PCK 10/9S,,,9.00,12,75.00%,48,,27/09/2029,,2
12,03,5,01,1,,,,,0.00,0.0,,,,,,
12,03,5,02,1,20134576,LIFEBUOY PENCUCI PIRING REF LEMON PCH 650L,,,21.00,40,52.50%,12,,27/09/2028,,2
12,03,6,01,1,,,,,0.00,0.0,,,,,,
12,03,6,02,1,,,,,0.00,0.0,,,,,,
12,03,7,01,1,,,,,0.00,0.0,,,,,,
12,03,7,02,1,,,,,0.00,0.0,,,,,,
12,03,8,01,1,,,,,0.00,0.0,,,,,,
12,03,8,02,1,,,,,0.00,0.0,,,,,,
12,04,3,01,1,20099164,PONDS VITAMIN MICELLAR WATER BRGHTENING ROSE BTL 100L,,,3.00,260,1.15%,12,CTN,19/08/2029,,1
12,04,3,02,1,20099164,PONDS VITAMIN MICELLAR WATER BRGHTENING ROSE BTL 100L,,,2.00,260,0.77%,12,CTN,01/09/2029,,1
12,04,3,03,1,,,,,0.00,0.0,,,,,,
12,04,3,04,1,,,,,0.00,0.0,,,,,,
12,04,4,01,1,20085988,LE MINERALE AIR MINERAL  BTL 1500L,,,33.00,33,100.00%,12,CTN,01/02/2028,E,24
12,04,4,02,1,,,,,0.00,0.0,,,,,,
12,04,5,01,1,20085988,LE MINERALE AIR MINERAL  BTL 1500L,,,33.00,33,100.00%,12,CTN,01/02/2028,E,24
12,04,5,02,1,20129160,MOLTO PELEMBUT&PWANGI PAKAIAN PAFRUM ELGNT FREN.RASB PCH 650L,,,16.00,50,32.00%,12,,05/10/2030,,1
12,04,6,01,1,20085988,LE MINERALE AIR MINERAL  BTL 1500L,,,33.00,33,100.00%,12,CTN,01/02/2028,E,24
12,04,6,02,1,,,,,0.00,0.0,,,,,,
12,04,7,01,1,20064018,FORMULA PASTA GIGI TWIN PACK STRONG PROTECTOR BOX 2160,,,2.00,40,5.00%,36,CTN,30/09/2029,,1
12,04,7,02,1,20064018,FORMULA PASTA GIGI TWIN PACK STRONG PROTECTOR BOX 2160,,,1.00,40,2.50%,36,CTN,26/08/2029,,1
12,04,8,01,1,20031238,WHISKAS JUNIOR CAT FOOD MACKEREL PCK 85/80,,,12.00,300,4.00%,28,CTN,01/09/2028,,2
12,04,8,02,1,20027167,INDOMARET FACIAL TISSUE NON PERFUMED PCK 400,,,8.00,10,80.00%,32,CTN,30/09/2029,,2
12,05,3,01,1,20140874,GLAD2GLOW NIACINAMIDE BRIGHT BODY SERUM  TUB 180,,,4.00,30,13.33%,48,,30/09/2030,,1
12,05,3,02,1,20085988,LE MINERALE AIR MINERAL  BTL 1500L,,,33.00,33,100.00%,12,CTN,01/02/2028,E,24
12,05,3,03,1,,,,,0.00,0.0,,,,,,
12,05,3,04,1,,,,,0.00,0.0,,,,,,
12,05,4,01,1,,,,,0.00,0.0,,,,,,
12,05,4,02,1,20105576,STELLA AIR FRESHENER WITH NATURAL OIL JAPANESE SAKURA KLG 400/350L,,,6.00,54,11.11%,12,CTN,01/09/2030,,1
12,05,5,01,1,20139457,AQUVIVA AIR MINERAL  CTN 12X250L,,,150.00,174,86.21%,1,CTN,03/03/2028,,2
12,05,5,02,1,20098000,GENKI MOKO MOKO PANTS 30/28S  BAG LARGE,,,12.00,12,100.00%,6,CTN,04/09/2030,,2
12,05,6,01,1,,,,,0.00,0.0,,,,,,
12,05,6,02,1,20098000,GENKI MOKO MOKO PANTS 30/28S  BAG LARGE,,,6.00,12,50.00%,6,CTN,04/09/2030,,2
12,05,7,01,1,20013680,JOHNSONS HAIR & BODY WASH TOP TO TOE BTL 200 L,,,1.00,39,2.56%,48,CTN,04/09/2030,,1
12,05,7,02,1,20054610,RINSO DETERJEN LIQUID FRONT LOAD PCH 1.6/1.45L,,,8.00,33,24.24%,6,CTN,16/09/2028,,1
12,05,8,01,1,20073499,SO KLIN SOFTERGENT POWDER MAGNOLIA&BERIES PCK 700/650 ,,,30.00,40,75.00%,12,CTN,30/09/2029,,2
12,05,8,02,1,20067449,GLOW & LOVELY MLTVTMN FCL FOAM/DRM GLW 39484  TUB 100,,,52.00,110,47.27%,24,CTN,02/08/2029,S,6
12,06,3,01,1,20085988,LE MINERALE AIR MINERAL  BTL 1500L,,,33.00,33,100.00%,12,CTN,01/02/2028,E,24
12,06,3,02,1,20062307,REXONA DEODORANT ROLL ON MEN INVISIBLE DRY BTL 45L,,,14.00,140,10.00%,24,,01/09/2030,,2
12,06,3,03,1,20031238,WHISKAS JUNIOR CAT FOOD MACKEREL PCK 85/80,,,5.00,300,1.67%,28,,23/09/2028,,2
12,06,3,04,1,,,,,0.00,0.0,,,,,,
12,06,4,01,1,20004027,INDOMARET HAND SOAP CAMOMILE PCH 375L,,,9.00,50,18.00%,24,CTN,01/09/2028,,2
12,06,4,02,1,20021323,LAURIER PEMBALUT 35 RELAX NIGHT BAG 6S,,,9.00,12,75.00%,48,CTN,30/09/2029,,2
12,06,5,01,1,20139603,AZZURA DIAMOND BRIGHT MICELLAR WATER  BTL 125,,,1.00,100,1.00%,24,CTN,01/09/2029,,1
12,06,5,02,1,20000778,DETTOL BODY WASH ANTI BAKTERI COOL PCH 410/370,,,6.00,55,10.91%,24,CTN,04/09/2029,,1
12,06,6,01,1,10005746,DETTOL ANTISEPTIC GERMICIDE LIQUID BTL 95L,,,1.00,77,1.30%,48,CTN,04/09/2029,,1
12,06,6,02,1,20021323,LAURIER PEMBALUT 35 RELAX NIGHT BAG 6S,,,6.00,12,50.00%,48,CTN,30/09/2029,,2
12,06,7,01,1,20085987,EKONOMI SABUN CREAM (EV-900K) VIOLET PCK 400/380,,,4.00,120,3.33%,12,CTN,01/09/2029,,2
12,06,7,02,1,20131625,LARISST FACIAL TISSUE 250S  PCK,,,10.00,10,100.00%,48,CTN,04/09/2030,S,12
12,06,8,01,1,20071630,JOHNSONS KIDS ACTIVE SHAMPOO SHINY DROPS BTL 100L,,,1.00,65,1.54%,48,CTN,11/09/2029,,1
12,06,8,02,1,20114112,NUVO SABUN KESEHATAN CAIR FRESH PRO.LEMON PCH 450/400L,,,10.00,112,8.93%,12,CTN,04/09/2029,L,2
12,07,3,01,1,20122478,WIPOL PEMBERSIH LANTAI CITRUS FRESH PCH 450L/390,,,10.00,40,25.00%,12,CTN,30/09/2028,,1
12,07,3,02,1,,,,,0.00,0.0,,,,,,
12,07,3,03,1,,,,,0.00,0.0,,,,,,
12,07,3,04,1,20140086,SUNSILK CONDITIONER SILKY SMOOTH TUB 160,,,43.00,100,43.00%,12,,01/06/2029,,1
12,07,4,01,1,20138658,NUVO SABUN KESEHATAN CAIR HYGIENIC PROTEC PCH 400L/400,,,8.00,96,8.33%,12,CTN,01/09/2029,,2
12,07,4,02,1,20120378,EMERON HAND & BODY LOTION LOVELY JEJU ORANGE BTL 500L,,,51.00,51,100.00%,12,,01/01/2030,,1
12,07,5,01,1,20017976,JOHNSONS BABY BEDTIME HAIR & BODY BATH  BTL 200 L,,,1.00,42,2.38%,48,CTN,04/09/2030,,1
12,07,5,02,1,,,,,0.00,0.0,,,,,,
12,07,6,01,1,20137023,SWEETY DRY X-PERT PANTS 38S  BAG LARGE,,,10.00,10,100.00%,8,,09/09/2029,D,2
12,07,6,02,1,10010189,CHARM PEMBALUT SAFE NIGHT 29 WING PCK 18S,,,16.00,16,100.00%,24,CTN,30/09/2029,,2
12,07,7,01,1,20131625,LARISST FACIAL TISSUE 250S  PCK,,,3.00,10,30.00%,48,CTN,04/09/2030,S,12
12,07,7,02,1,20051842,NIVEA DEO ROLL ON INVISIBLE FOR MEN BLACK & WHITE BTL 50L,,,14.00,161,8.70%,24,CTN,23/09/2029,,2
12,07,8,01,1,20138470,SO KLIN PEWANGI PAKAIAN REFILL ENERGETIC RED PCH 1700L,,,2.00,49,4.08%,6,CTN,04/09/2029,,2
12,07,8,02,1,20027167,INDOMARET FACIAL TISSUE NON PERFUMED PCK 400,,,2.00,10,20.00%,32,CTN,30/09/2029,,2
12,08,3,01,1,20082864,GARNIER HAIR COLOR NATURALS EXPRESS 1 HITAM PCK,,,12.00,50,24.00%,96,,31/07/2029,,6
12,08,3,02,1,10000279,SWALLOW TOILET COLOUR BALL S-109 (5S)  PCK,,,11.00,232,4.74%,12,LSN,01/09/2030,L,2
12,08,3,03,1,,,,,0.00,0.0,,,,,,
12,08,3,04,1,20132372,CHARM PANTYLINERS 32S DAUN SIRIH+HRBL PCK,,,11.00,68,16.18%,36,,31/08/2029,,1
12,08,4,01,1,20142275,MAMA LIME CAIRAN PENCUCI PIRING REFILL CHARCOAL PCH 950/920 ,,,50.00,55,90.91%,6,CTN,04/10/2030,,2
12,08,4,02,1,10014263,WIPOL KARBOL WANGI CEMARA PCH 750L/720,,,40.00,40,100.00%,12,,14/09/2029,S,2
12,08,5,01,1,20099547,CRYSTALIN AIR MINERAL  BTL 1500L,,,30.00,30,100.00%,12,CTN,18/03/2028,,12
12,08,5,02,1,20129702,LERVIA SABUN SUSU CAIR HONEY / JOJOBA PCH 400L/400,,,60.00,60,100.00%,24,CTN,19/09/2029,,2
12,08,6,01,1,20142275,MAMA LIME CAIRAN PENCUCI PIRING REFILL CHARCOAL PCH 950/920 ,,,5.00,55,9.09%,6,CTN,04/10/2030,,2
12,08,6,02,1,20083934,KOJIESAN SKIN LIGHTENING SOAP  BAR 65,,,7.00,54,12.96%,96,CTN,11/06/2028,L,2
12,08,7,01,1,20138108,KAO ATTACK DETERGENT POWDER JAZ1 SOFTENER PURPLE BLOSSOM BAG 1.4/1.2,,,20.00,33,60.61%,6,,09/09/2029,S,2
12,08,7,02,1,20140802,INDOMARET TISSUE DAPUR 1+1  BAG,,,1.00,8,12.50%,20,CTN,30/09/2026,,1
12,08,8,01,1,20138470,SO KLIN PEWANGI PAKAIAN REFILL ENERGETIC RED PCH 1700L,,,4.00,49,8.16%,6,CTN,04/09/2029,,2
12,08,8,02,1,20073638,SWEETY BRONZE PANTS 32S  PCK MEDIUM,,,8.00,10,80.00%,8,CTN,01/09/2029,S,2
12,09,3,01,1,20133332,ZINC SHAMPOO A/K REFRESHING COOL  BTL 450L,,,14.00,72,19.44%,12,,04/09/2029,,1
12,09,3,02,1,20085121,LUX SABUN MANDI BATANG PINK SOFT TOUCH BDD 3110,,,12.00,50,24.00%,32,,04/09/2029,,1
12,09,3,03,1,20137791,SO KLIN DETERGENT CAIR HIJAB COOL PCH 700 L,,,14.00,112,12.50%,6,,30/09/2029,,2
12,09,3,04,1,,,,,0.00,0.0,,,,,,
12,09,4,01,1,,,,,0.00,0.0,,,,,,
12,09,4,02,1,20131886,INDOMARET KAMPER DEODORIZER 5S SWEET SAKURA PCK 200,,,4.00,24,16.67%,96,,09/09/2031,,1
12,09,5,01,1,,,,,0.00,0.0,,,,,,
12,09,5,02,1,20111612,GARNIER MEN SHAMPOO COLOR 1.0 HITAM ALAMI PCK,,,3.00,35,8.57%,96,CTN,04/09/2029,,2
12,09,6,01,1,,,,,0.00,0.0,,,,,,
12,09,6,02,1,,,,,0.00,0.0,,,,,,
12,09,7,01,1,20071775,BAYGON INSEKTISIDA SPRAY FLOWER GARDEN KLG 600/675L,,,6.00,54,11.11%,12,CTN,10/09/2030,D,2
12,09,7,02,1,20085122,LUX SABUN MANDI BATANG WHITE VELVET TOUCH BDD 3110,,,5.00,50,10.00%,32,CTN,03/03/2029,,1
12,09,8,01,1,20031238,WHISKAS JUNIOR CAT FOOD MACKEREL PCK 85/80,,,9.00,300,3.00%,28,CTN,31/07/2028,,2
12,09,8,02,1,20027167,INDOMARET FACIAL TISSUE NON PERFUMED PCK 400,,,4.00,10,40.00%,32,CTN,30/09/2029,,2
13,01,3,01,1,,,,,0.00,0.0,,,,,,
13,01,3,02,1,,,,,0.00,0.0,,,,,,
13,01,3,03,1,,,,,0.00,0.0,,,,,,
13,01,3,04,1,,,,,0.00,0.0,,,,,,
13,01,4,01,1,,,,,0.00,0.0,,,,,,
13,01,4,02,1,,,,,0.00,0.0,,,,,,
13,01,5,01,1,,,,,0.00,0.0,,,,,,
13,01,5,02,1,,,,,0.00,0.0,,,,,,
13,01,6,01,1,,,,,0.00,0.0,,,,,,
13,01,6,02,1,,,,,0.00,0.0,,,,,,
13,01,7,01,1,,,,,0.00,0.0,,,,,,
13,01,7,02,1,,,,,0.00,0.0,,,,,,
13,01,8,01,1,,,,,0.00,0.0,,,,,,
13,01,8,02,1,,,,,0.00,0.0,,,,,,
13,02,3,01,1,20036191,HEAD &SHOULDERS SHAMPOO A/D MENTHOL DINGIN BTL 70L,,,6.00,70,8.57%,48,,31/08/2028,,2
13,02,3,02,1,,,,,0.00,0.0,,,,,,
13,02,3,03,1,20084568,VAPE LIQUID ANTI NYAMUK 45MALAM REF SAKURA BLOSSOM BTL 45L,,,5.00,36,13.89%,72,,30/09/2029,,2
13,02,3,04,1,20075951,MAKARIZO HAIR ENERGY SCENTSATIONS MORNING DEW BTL 100L,,,7.00,130,5.38%,24,,01/09/2029,,2
13,02,4,01,1,,,,,0.00,0.0,,,,,,
13,02,4,02,1,,,,,0.00,0.0,,,,,,
13,02,5,01,1,,,,,0.00,0.0,,,,,,
13,02,5,02,1,,,,,0.00,0.0,,,,,,
13,02,6,01,1,,,,,0.00,0.0,,,,,,
13,02,6,02,1,,,,,0.00,0.0,,,,,,
13,02,7,01,1,,,,,0.00,0.0,,,,,,
13,02,7,02,1,,,,,0.00,0.0,,,,,,
13,02,8,01,1,,,,,0.00,0.0,,,,,,
13,02,8,02,1,,,,,0.00,0.0,,,,,,
13,03,3,01,1,20067449,GLOW & LOVELY MLTVTMN FCL FOAM/DRM GLW 39484  TUB 100,,,11.00,110,10.00%,24,,30/09/2030,S,6
13,03,3,02,1,,,,,0.00,0.0,,,,,,
13,03,3,03,1,20069227,GLOW & LOVELY MLTVTMN FCL FOAM/DRM GLW 39482  TUB 50,,,11.00,108,10.19%,24,,04/07/2029,,2
13,03,3,04,1,20141643,NEXT PRIME FACE WASH MEN DEEP CLEAN TUB 100,,,8.00,100,8.00%,24,,31/07/2030,,1
13,03,4,01,1,,,,,0.00,0.0,,,,,,
13,03,4,02,1,,,,,0.00,0.0,,,,,,
13,03,5,01,1,,,,,0.00,0.0,,,,,,
13,03,5,02,1,,,,,0.00,0.0,,,,,,
13,03,6,01,1,,,,,0.00,0.0,,,,,,
13,03,6,02,1,,,,,0.00,0.0,,,,,,
13,03,7,01,1,,,,,0.00,0.0,,,,,,
13,03,7,02,1,,,,,0.00,0.0,,,,,,
13,03,8,01,1,,,,,0.00,0.0,,,,,,
13,03,8,02,1,20045419,MAMY POKO PANTS STANDAR 32S  PCK MEDIUM,,,24.00,24,100.00%,4,,04/09/2030,D,2
13,04,3,01,1,20139711,INDOMARET CELANA DALAM MEN BRIEF CH-25  BOX XXL,,,1.00,52,1.92%,20,CTN,29/09/2026,,1
13,04,3,02,1,20040702,PEPSODENT PASTA GIGI FRESH COOL MINT  TUB 190,,,5.00,52,9.62%,48,,01/09/2029,,2
13,04,3,03,1,20135284,CBD KERATIN PRO DIALY HAIR MASK  SCT 30+5,,,9.00,100,9.00%,72,,01/07/2029,,2
13,04,3,04,1,,,,,0.00,0.0,,,,,,
13,04,4,01,1,20114112,NUVO SABUN KESEHATAN CAIR FRESH PRO.LEMON PCH 450/400L,,,22.00,112,19.64%,12,,31/08/2028,L,2
13,04,4,02,1,20093193,RAPIKA PELICIN PAKAIAN REFILL SAKURA STRWBERY PCH 400/300L,,,105.00,108,97.22%,12,,01/09/2029,,4
13,04,5,01,1,20038765,PANTENE SHAMPOO PRO-V (NEW I) ANTI DANDRUFF BTL 70L,,,8.00,85,9.41%,48,CTN,30/09/2029,,1
13,04,5,02,1,20101378,KODOMO BABY WIPES RICE MILK PINK PCK 250S,,,24.00,20,120.00%,24,,01/09/2029,S,2
13,04,6,01,1,20138592,HANASUI MICELLAR WATER BRIGHT BTL 300L,,,14.00,40,35.00%,24,CTN,05/06/2029,,1
13,04,6,02,1,10004032,VIXAL PEMBERSIH KAMAR MANDI KUAT HARUM BTL 720/700 ,,,20.00,51,39.22%,12,,02/09/2029,,2
13,04,7,01,1,20099396,CHARM PEMBALUT COOLING FRESH 35 NIGHT WING PCK 8S,,,24.00,24,100.00%,24,CTN,30/09/2029,,2
13,04,7,02,1,20052031,MAMA LIME LIQUID PENCUCI PIRING GREEN TEA PCH 690/650 ,,,23.00,40,57.50%,12,CTN,04/09/2029,,6
13,04,8,01,1,20099396,CHARM PEMBALUT COOLING FRESH 35 NIGHT WING PCK 8S,,,8.00,24,33.33%,24,CTN,30/09/2029,,2
13,04,8,02,1,20098616,CHARM PEMBALUT COOLING FRESH 29 NIGHT WING PCK 10S,,,24.00,30,80.00%,24,CTN,30/09/2029,,2
13,05,3,01,1,10026612,PEPSODENT SIKAT GIGI SENSITIVE SOFT PCS,,,22.00,192,11.46%,48,,18/09/2034,,2
13,05,3,02,1,20137410,CLOSE UP SIKAT GIGI PRECISION CLEAN 2S  PCK ULTRASOFT,,,22.00,60,36.67%,36,,05/09/2029,,1
13,05,3,03,1,20040609,ZINC SHAMPOO A/K RE-FRESHING COOL  BTL 170L,,,34.00,90,37.78%,24,,04/09/2029,L,2
13,05,3,04,1,,,,,0.00,0.0,,,,,,
13,05,4,01,1,20022902,HIT INSEKTISIDA SPRAY ORANGE KLG 180/180+30,,,33.00,90,36.67%,12,,01/01/2028,,2
13,05,4,02,1,20138875,GIV BODY WASH GOATS MILK & ALMOND OIL PCH 400,,,86.00,91,94.51%,12,,01/09/2029,,2
13,05,5,01,1,20064414,KAO ATTACK DETERGENT POWDER JAZ 1 PESONA SEGAR BAG 1.4/1.3 ,,,14.00,33,42.42%,6,,17/09/2029,,2
13,05,5,02,1,20001407,INDOMARET PEMBERSIH LANTAI LAVENDER PCH 800L,,,50.00,50,100.00%,12,,01/09/2028,,2
13,05,6,01,1,20038184,SOFTEX PEMBALUT DAUN SIRIH 23 FLOW WING PCK 20S,,,13.00,20,65.00%,24,CTN,25/09/2029,,2
13,05,6,02,1,20020226,MOLTO PEWANGI PAKAIAN HIJAB SOFT & FRESH PINK PCH 780/765L,,,47.00,50,94.00%,12,,01/09/2029,,6
13,05,7,01,1,20096659,INDOMARET PISAU CUKUR RAZOR 3 MATA SILET (NEW) PCS,,,1.00,24,4.17%,288,CTN,30/09/2026,,2
13,05,7,02,1,20083615,HERBORIST MINYAK ZAITUN  BTL 150L,,,11.00,80,13.75%,24,CTN,04/09/2029,L,1
13,05,8,01,1,20069664,POINT COFFEE CUP COLD  PCK 16 OZ,,,12.00,15,80.00%,1000,,20/09/2029,Z,50
13,05,8,02,1,20069664,POINT COFFEE CUP COLD  PCK 16 OZ,,,12.00,15,80.00%,1000,,20/09/2029,Z,50
13,06,3,01,1,10005428,STELLA AIR FRESHENER ALL IN ONE ORANGE PCK 42,,,12.00,87,13.79%,18,,30/09/2028,,2
13,06,3,02,1,20118252,PANTENE MIRACLES SUPLEMENT CONDITIONER COLLAGEN REPAIR TUB 70L,,,10.00,20,50.00%,24,,04/08/2029,,1
13,06,3,03,1,,,,,0.00,0.0,,,,,,
13,06,3,04,1,,,,,0.00,0.0,,,,,,
13,06,4,01,1,20130526,HILO SUSU BUBUK HI-CALCIUM PLATINUM VANILLA BOX 336,,,15.00,0.0,,12,,25/09/2029,,1
13,06,4,02,1,20001402,INDOMARET PEMBERSIH LANTAI GREEN APPLE PCH 800L,,,30.00,50,60.00%,12,,01/08/2028,,1
13,06,5,01,1,10004032,VIXAL PEMBERSIH KAMAR MANDI KUAT HARUM BTL 720/700 ,,,20.00,51,39.22%,12,,16/10/2029,,2
13,06,5,02,1,20075740,FORMULA SIKAT GIGI FLIP GO  PCK,,,1.00,90,1.11%,24,CTN,01/09/2029,,1
13,06,6,01,1,20130653,SHINZUI BODY CLEANSER SKIN LIGHTENING SAKURA PCH 400/380L,,,1.00,52,1.92%,24,CTN,01/09/2029,S,8
13,06,6,02,1,20142237,BARBER DAILY ANTIPERSPIRANT DEO COMFORT POWER SHIELD BTL 50,,,4.00,65,6.15%,24,CTN,01/09/2029,,1
13,06,7,01,1,20131161,HIT ANTI NYAMUK REFILL XPRESS APPLE BOX 35L,,,1.00,24,4.17%,144,CTN,31/08/2029,L,2
13,06,7,02,1,20098616,CHARM PEMBALUT COOLING FRESH 29 NIGHT WING PCK 10S,,,13.00,30,43.33%,24,CTN,30/09/2029,,2
13,06,8,01,1,20069664,POINT COFFEE CUP COLD  PCK 16 OZ,,,12.00,15,80.00%,1000,,20/09/2029,Z,50
13,06,8,02,1,20069664,POINT COFFEE CUP COLD  PCK 16 OZ,,,12.00,15,80.00%,1000,,20/09/2029,Z,50
13,07,3,01,1,20031233,WHISKAS CAT FOOD MACKEREL&SALMON PCK 80,,,8.00,60,13.33%,28,,27/06/2028,,1
13,07,3,02,1,20139455,NIVEA BODY SERUM EXTRA BRIGHT C&AHA TUB 170L,,,10.00,40,25.00%,24,,01/05/2028,,1
13,07,3,03,1,20028001,LIFEBUOY SHAMPOO STRONG & SHINY BTL 170L,,,5.00,78,6.41%,36,,01/09/2029,,1
13,07,3,04,1,20041400,LIFEBUOY BODY WASH (48091) LEMON FRESH BTL 100L,,,9.00,108,8.33%,36,,30/09/2029,,2
13,07,4,01,1,20054610,RINSO DETERJEN LIQUID FRONT LOAD PCH 1.6/1.45L,,,21.00,33,63.64%,6,,16/08/2028,,1
13,07,4,02,1,20137791,SO KLIN DETERGENT CAIR HIJAB COOL PCH 700 L,,,19.00,112,16.96%,6,,30/09/2030,,2
13,07,5,01,1,10012742,LISTERINE MOUTHWASH ANTISEPTIC COOL MINT BTL 250L,,,8.00,70,11.43%,24,CTN,04/09/2029,L,2
13,07,5,02,1,20123803,FORMULA SIKAT GIGI GENIO 3S  PCK SOFT,,,2.00,40,5.00%,72,CTN,01/09/2029,,2
13,07,6,01,1,20078833,WARDAH CREAMY WASH C-DEFENSE  TUB 100L,,,3.00,115,2.61%,30,CTN,04/09/2029,,1
13,07,6,02,1,20085988,LE MINERALE AIR MINERAL  BTL 1500L,,,33.00,33,100.00%,12,CTN,01/02/2028,E,24
13,07,7,01,1,20099396,CHARM PEMBALUT COOLING FRESH 35 NIGHT WING PCK 8S,,,7.00,24,29.17%,24,CTN,30/09/2029,,2
13,07,7,02,1,10016079,SHINZUI SABUN MANDI SKIN WHITENING MATSU BAR 85/80,,,6.00,25,24.00%,144,,08/01/2029,,2
13,07,8,01,1,20069664,POINT COFFEE CUP COLD  PCK 16 OZ,,,12.00,15,80.00%,1000,,20/09/2029,Z,50
13,07,8,02,1,20069664,POINT COFFEE CUP COLD  PCK 16 OZ,,,12.00,15,80.00%,1000,,20/09/2029,Z,50
13,08,3,01,1,20134769,POSH MEN EAU DE TOILETTE BLACK SUIT BTL 100L,,,11.00,155,7.10%,12,,14/09/2029,,1
13,08,3,02,1,20140325,SO SOFT DETERJEN CAIR FLORAL LILY BTL 700 ,,,46.00,54,85.19%,6,CTN,01/10/2028,L,2
13,08,3,03,1,20140221,DOWNY SOFTENER PASSION PCH 900/875,,,4.00,40,10.00%,12,,01/07/2029,,1
13,08,3,04,1,20123796,CIPTADENT SIKAT GIGI DIAMOND CLEAN 3S  PCK SOFT,,,72.00,216,33.33%,6,,30/09/2029,,2
13,08,4,01,1,20093188,RINSO DETERGENT CAIR + MOLTO GOLD ROYAL PCH 510,,,55.00,50,110.00%,12,,01/09/2028,,2
13,08,4,02,1,20072320,INDOMARET SANDAL PRIA (NEW)  PSG 39-40,,,6.00,12,50.00%,24,CTN,30/09/2026,,1
13,08,5,01,1,20140325,SO SOFT DETERJEN CAIR FLORAL LILY BTL 700 ,,,54.00,54,100.00%,6,CTN,01/10/2028,L,2
13,08,5,02,1,20139699,OASIS AIR MINERAL PH9  BTL 500L,,,4.00,40,10.00%,24,CTN,30/06/2028,,24
13,08,6,01,1,20045615,LIFREE POPOK PEREKAT 9/8S  BAG MEDIUM,,,8.00,8,100.00%,12,CTN,30/09/2029,L,1
13,08,6,02,1,10003800,INDOMIE MIE GORENG JUMBO SPECIAL PCK 129,,,56.00,56,100.00%,24,CTN,22/05/2027,E,24
13,08,7,01,1,20052031,MAMA LIME LIQUID PENCUCI PIRING GREEN TEA PCH 690/650 ,,,40.00,40,100.00%,12,CTN,04/09/2030,,6
13,08,7,02,1,10005803,SO KLIN PEWANGI PAKAIAN REFILL RED PCH 800/780L,,,50.00,50,100.00%,12,CTN,04/10/2029,S,6
13,08,8,01,1,20069664,POINT COFFEE CUP COLD  PCK 16 OZ,,,12.00,15,80.00%,1000,,20/09/2029,Z,50
13,08,8,02,1,20084438,LIFREE POPOK CELANA EXTRA 8S  BAG LARGE,,,6.00,15,40.00%,8,CTN,04/09/2029,S,2
13,09,3,01,1,20045615,LIFREE POPOK PEREKAT 9/8S  BAG MEDIUM,,,1.00,8,12.50%,12,CTN,30/09/2029,L,1
13,09,3,02,1,20113402,KAHF SKIN FACE WASH ENERGZNG&BRIGHT TUB 100L,,,9.00,138,6.52%,15,CTN,04/09/2029,D,5
13,09,3,03,1,20010379,LIFEBUOY SHAMPOO ANTI DANDRUFF BTL 70L,,,5.00,90,5.56%,48,,02/03/2029,,1
13,09,3,04,1,20057868,DETTOL SABUN MANDI ANTI BAKTERI LASTING FRESH BAR 105/100,,,6.00,40,15.00%,144,,01/09/2029,,2
13,09,4,01,1,20074434,LIFEBUOY SABUN MANDI TS (34270) LEMON FRESH BDD 4110,,,23.00,65,35.38%,24,,04/09/2029,,1
13,09,4,02,1,20039156,INDOMARET/LARIS JAS HUJAN DISPOSABLE DEWASA PCK,,,18.00,1000,1.80%,240,,20/04/2029,S,12
13,09,5,01,1,20067449,GLOW & LOVELY MLTVTMN FCL FOAM/DRM GLW 39484  TUB 100,,,44.00,110,40.00%,24,,30/09/2030,S,6
13,09,5,02,1,20054610,RINSO DETERJEN LIQUID FRONT LOAD PCH 1.6/1.45L,,,11.00,33,33.33%,6,,29/07/2028,,1
13,09,6,01,1,20095874,MAMY POKO PANTS STANDAR 30S TIDAK GEMBUNG PCK MEDIUM,,,18.00,18,100.00%,6,CTN,23/09/2029,,1
13,09,6,02,1,20142010,ROYALE SOFTENER MATCHA BLOSSOM PCH 600,,,10.00,50,20.00%,12,,04/09/2029,,1
13,09,7,01,1,20121399,MAMY POKO BABY PANTS SKIN COMFORT 28S  BAG LARGE,,,18.00,21,85.71%,4,,10/09/2029,,1
13,09,7,02,1,20052031,MAMA LIME LIQUID PENCUCI PIRING GREEN TEA PCH 690/650 ,,,18.00,40,45.00%,12,CTN,04/10/2030,,6
13,09,8,01,1,20020128,NICE FACIAL TISSUE 250S NON PERFUMED BAG,,,10.00,10,100.00%,36,CTN,29/09/2031,L,3
13,09,8,02,1,20142276,DAIA DETERGENT POWDER LILY & JASMINE PCK 1.5/1.4 ,,,8.00,40,20.00%,6,CTN,04/10/2029,,1
14,01,3,01,1,,,,,0.00,0.0,,,,,,
14,01,3,02,1,,,,,0.00,0.0,,,,,,
14,01,3,03,1,,,,,0.00,0.0,,,,,,
14,01,3,04,1,,,,,0.00,0.0,,,,,,
14,01,4,01,1,,,,,0.00,0.0,,,,,,
14,01,4,02,1,20119165,CAT CHOIZE PLUS KITTEN CAT FOOD TUNA & SALMON PCK 450,,,15.00,24,62.50%,18,,19/02/2028,,2
14,01,5,01,1,,,,,0.00,0.0,,,,,,
14,01,5,02,1,,,,,0.00,0.0,,,,,,
14,01,6,01,1,,,,,0.00,0.0,,,,,,
14,01,6,02,1,,,,,0.00,0.0,,,,,,
14,01,7,01,1,,,,,0.00,0.0,,,,,,
14,01,7,02,1,,,,,0.00,0.0,,,,,,
14,01,8,01,1,,,,,0.00,0.0,,,,,,
14,01,8,02,1,,,,,0.00,0.0,,,,,,
14,02,3,01,1,20137791,SO KLIN DETERGENT CAIR HIJAB COOL PCH 700 L,,,15.00,112,13.39%,6,,30/09/2029,,2
14,02,3,02,1,,,,,0.00,0.0,,,,,,
14,02,3,03,1,20063269,NUVO SABUN KESEHATAN CAIR NATURE PCH 450/400L,,,19.00,90,21.11%,12,,08/08/2029,,2
14,02,3,04,1,,,,,0.00,0.0,,,,,,
14,02,4,01,1,,,,,0.00,0.0,,,,,,
14,02,4,02,1,20135246,SO SOFT DETERJEN CAIR  SWEET PEONY BTL 700 ,,,94.00,54,174.07%,6,,01/01/2028,S,6
14,02,5,01,1,,,,,0.00,0.0,,,,,,
14,02,5,02,1,,,,,0.00,0.0,,,,,,
14,02,6,01,1,,,,,0.00,0.0,,,,,,
14,02,6,02,1,,,,,0.00,0.0,,,,,,
14,02,7,01,1,20106051,SOFTEX PEMBALUT DAUN SIRIH 23 WING PCK 30S,,,18.00,18,100.00%,20,,01/08/2029,,2
14,02,7,02,1,,,,,0.00,0.0,,,,,,
14,02,8,01,1,20065463,CONFIDENCE ADULT DIAPERS CLASIC NIGHT 7S  BAG LARGE,,,20.00,10,200.00%,12,,01/08/2029,L,2
14,02,8,02,1,,,,,0.00,0.0,,,,,,
14,03,3,01,1,20122091,KAHF FACE SCRUB GENTLE EXFOLTNG TUB 100L,,,14.00,138,10.14%,15,,05/09/2029,,2
14,03,3,02,1,20135485,STELLA AIR FRESHENER MATIC REFILL BALINESE JASMNE KLG 160L,,,20.00,108,18.52%,12,,04/09/2029,,1
14,03,3,03,1,20123796,CIPTADENT SIKAT GIGI DIAMOND CLEAN 3S  PCK SOFT,,,36.00,216,16.67%,6,,30/09/2029,,2
14,03,3,04,1,10040188,DETTOL SABUN MANDI ANTI BAKTERI COOL BAR 105/100,,,9.00,50,18.00%,144,,01/09/2029,,2
14,03,4,01,1,20001404,INDOMARET HAND SOAP STRAWBERRY PCH 400L,,,55.00,50,110.00%,12,,02/09/2029,,2
14,03,4,02,1,,,,,0.00,0.0,,,,,,
14,03,5,01,1,20133798,SO KLIN DETERGENT LIQUID NATURE ENGLISH ROSE BTL 720/700L,,,100.00,96,104.17%,6,,04/09/2029,,2
14,03,5,02,1,10005245,DAIA DETERGENT BUBUK SENSASI BUNGA/FLORAL BL BAG 800/725 ,,,32.00,40,80.00%,12,,01/09/2029,,12
14,03,6,01,1,,,,,0.00,0.0,,,,,,
14,03,6,02,1,20001645,WIPOL KARBOL WANGI LEMON PCH 750L/720,,,15.00,40,37.50%,12,,21/06/2029,,1
14,03,7,01,1,,,,,0.00,0.0,,,,,,
14,03,7,02,1,,,,,0.00,0.0,,,,,,
14,03,8,01,1,20126742,SWEETY DIAPER SILVER COMFORT 40S  BAG NB-S,,,15.00,20,75.00%,8,,14/09/2029,L,1
14,03,8,02,1,20143927,INDOMARET ADULT DIAPERS HAPPY PANTS 3IN1 M PCK 8,,,18.00,18,100.00%,8,,01/09/2029,,1
14,04,3,01,1,20135858,FRES & NATURAL EAU DE TOILETTE OCEAN SECRET BTL 100L,,,15.00,116,12.93%,12,,31/08/2029,,1
14,04,3,02,1,20141643,NEXT PRIME FACE WASH MEN DEEP CLEAN TUB 100,,,4.00,100,4.00%,24,,30/09/2030,,1
14,04,3,03,1,,,,,0.00,0.0,,,,,,
14,04,3,04,1,,,,,0.00,0.0,,,,,,
14,04,4,01,1,20071827,RINSO DETERJEN POWDER + MOLTO ROSE FRESH BAG 770/700,,,32.00,30,106.67%,12,,27/09/2028,,2
14,04,4,02,1,20139728,SUNLIGHT PENCUCI PIRING BIOCARE NATURE BLUEBERRIES PCH 870,,,44.00,44,100.00%,6,,26/09/2029,,2
14,04,5,01,1,20139728,SUNLIGHT PENCUCI PIRING BIOCARE NATURE BLUEBERRIES PCH 870,,,33.00,44,75.00%,6,,20/09/2028,,2
14,04,5,02,1,20120180,SO SOFT DETERJEN CAIR NATURE FRESH/ ROSE&WATERLILY BTL 700 ,,,51.00,120,42.50%,6,CTN,30/09/2029,L,6
14,04,6,01,1,20034450,MAMA LEMON LIQUID PENCUCI PIRING JERUK NIPIS PCH 690/650 ,,,21.00,60,35.00%,12,CTN,01/10/2029,E,12
14,04,6,02,1,20041266,PEPSODENT PASTA GIGI ACTION 123 COMPLETE  TUB 190,,,5.00,52,9.62%,48,CTN,30/09/2029,,1
14,04,7,01,1,20041400,LIFEBUOY BODY WASH (48091) LEMON FRESH BTL 100L,,,21.00,108,19.44%,36,CTN,31/03/2029,,2
14,04,7,02,1,20072925,BABY HAPPY  BABY DIAPERS PANTS 30/28S  BAG LARGE,,,12.00,24,50.00%,4,,01/09/2029,E,4
14,04,8,01,1,20053295,JOHNSONS BABY COLOGNE HAPPY BERRIES BTL 100 L,,,1.00,147,0.68%,48,CTN,18/09/2029,,1
14,04,8,02,1,20096659,INDOMARET PISAU CUKUR RAZOR 3 MATA SILET (NEW) PCS,,,1.00,24,4.17%,288,CTN,30/09/2026,,2
14,05,3,01,1,20021810,ACNES CREAMY WASH  TUB 100,,,20.00,200,10.00%,12,,30/09/2030,,1
14,05,3,02,1,20137969,INDOMARET UNDERPAD 10S  BAG,,,6.00,12,50.00%,12,CTN,30/09/2029,,2
14,05,3,03,1,,,,,0.00,0.0,,,,,,
14,05,3,04,1,20128963,KOJIESAN SKIN LIGHTENING SOAP WITH HYDROMOIST BAR 65,,,4.00,60,6.67%,96,,30/09/2030,,1
14,05,4,01,1,20133704,INDOMARET BAMBOO FACIAL TISSUE 2PLY  PCK 70,,,11.00,16,68.75%,60,,10/06/2029,,2
14,05,4,02,1,20029372,CHARM PEMBALUT BODY FIT 23 EXT.MAXI WING PCK 30/28S,,,15.00,20,75.00%,24,,30/09/2029,L,2
14,05,5,01,1,20096590,SEDAAP MIE MIE INSTANT SOTO PCK 5X76,,,52.00,52,100.00%,8,CTN,01/05/2027,D,8
14,05,5,02,1,20130527,KAO ATTACK DETERGENT POWDER JAZ1+SOFTENER ROSE BERRY BAG 1.4/1.2 ,,,33.00,33,100.00%,6,,26/09/2029,L,2
14,05,6,01,1,20133704,INDOMARET BAMBOO FACIAL TISSUE 2PLY  PCK 70,,,10.00,16,62.50%,60,,10/06/2028,,2
14,05,6,02,1,20112491,SUNLIGHT PENCUCI PIRING (NEW) LIME PCH 1L/910L,,,44.00,44,100.00%,6,,27/09/2028,S,6
14,05,7,01,1,20131363,HERS PROTEX COMFORT NIGHT 35 WING PCK 12S,,,40.00,50,80.00%,12,,04/09/2029,,2
14,05,7,02,1,20143926,INDOMARET ADULT DIAPERS HAPPY PANTS 3IN1 L PCK 7,,,18.00,18,100.00%,8,,01/09/2029,,1
14,05,8,01,1,20111564,MATCHBOX MOVING PARTS FWD 28  PCS,,,8.00,196,4.08%,8,CTN,26/09/2026,,1
14,05,8,02,1,20131644,REXONA DEO LOTION WOMEN FREE SPIRIT TUB 45,,,18.00,156,11.54%,24,CTN,31/08/2028,,1
14,06,3,01,1,20110117,GLOW & LOVELY BRIGHT C GLOW FACIAL FOAM VITAMIN C TUB 100,,,17.00,100,17.00%,24,,02/09/2029,L,2
14,06,3,02,1,20040702,PEPSODENT PASTA GIGI FRESH COOL MINT  TUB 190,,,8.00,52,15.38%,48,,13/08/2029,,2
14,06,3,03,1,20105341,AXE BODY SPRAY DEODORANT ICE CHILL KLG 150/135L,,,16.00,144,11.11%,12,,30/09/2030,,1
14,06,3,04,1,,,,,0.00,0.0,,,,,,
14,06,4,01,1,20139455,NIVEA BODY SERUM EXTRA BRIGHT C&AHA TUB 170L,,,8.00,40,20.00%,24,,01/08/2029,,1
14,06,4,02,1,20112622,K NATURAL WHITE BRIGHTENING BODY WASH COTTON  FLOWERS PCH 420/400L,,,36.00,119,30.25%,12,,01/09/2029,,1
14,06,5,01,1,20045423,MAMY POKO PANTS STANDAR 26S  PCK EXTRALARGE,,,24.00,24,100.00%,4,CTN,30/09/2029,E,4
14,06,5,02,1,10023789,SEDAAP MIE MIE INSTANT GORENG PCK 91,,,3.00,52,5.77%,40,CTN,01/05/2027,S,40
14,06,6,01,1,10013107,WINGS SUPERSOL KARBOL WANGI PINE PCH 750L/720,,,15.00,50,30.00%,12,,01/08/2029,,1
14,06,6,02,1,20045423,MAMY POKO PANTS STANDAR 26S  PCK EXTRALARGE,,,2.00,24,8.33%,4,CTN,30/09/2029,E,4
14,06,7,01,1,20139653,LARISST FACIAL TISSUE  PCK 2200,,,10.00,10,100.00%,24,,01/08/2028,S,4
14,06,7,02,1,20143927,INDOMARET ADULT DIAPERS HAPPY PANTS 3IN1 M PCK 8,,,18.00,18,100.00%,8,,01/09/2029,,1
14,06,8,01,1,20029372,CHARM PEMBALUT BODY FIT 23 EXT.MAXI WING PCK 30/28S,,,13.00,20,65.00%,24,CTN,30/09/2029,L,2
14,06,8,02,1,20123700,GILLETTE RAZOR BLUE II FLEXI HRDC  PCK,,,24.00,144,16.67%,48,CTN,29/09/2026,,2
14,07,3,01,1,10023789,SEDAAP MIE MIE INSTANT GORENG PCK 91,,,16.00,52,30.77%,40,CTN,01/05/2027,S,40
14,07,3,02,1,20137253,BRAVEN EAU DE PARFUM FOR MEN COOL WATER BTL 100L,,,9.00,150,6.00%,12,,01/09/2030,,2
14,07,3,03,1,20025002,GARNIER BRIGHT COMPLETE VIT C FACIAL WASH TUB 100L,,,9.00,56,16.07%,12,,01/06/2029,L,2
14,07,3,04,1,,,,,0.00,0.0,,,,,,
14,07,4,01,1,10004034,VIXAL PEMBERSIH KAMAR MANDI EKTRA KUAT BTL 750L/720,,,51.00,51,100.00%,12,,26/10/2029,L,2
14,07,4,02,1,20139595,MOLTO PELICIN &PEWANGI PAKAIAN TRIKA  BDD 3300L,,,52.00,52,100.00%,8,,01/08/2029,,2
14,07,5,01,1,20099414,SO KLIN SOFTERGENT POWDER PURPLE LAVENDER PCK 1.44/1.3,,,36.00,48,75.00%,6,,28/09/2029,L,6
14,07,5,02,1,10005245,DAIA DETERGENT BUBUK SENSASI BUNGA/FLORAL BL BAG 800/725 ,,,32.00,40,80.00%,12,CTN,01/09/2029,,12
14,07,6,01,1,20099414,SO KLIN SOFTERGENT POWDER PURPLE LAVENDER PCK 1.44/1.3,,,40.00,48,83.33%,6,,01/09/2029,L,6
14,07,6,02,1,20135246,SO SOFT DETERJEN CAIR  SWEET PEONY BTL 700 ,,,52.00,54,96.30%,6,CTN,01/09/2029,S,6
14,07,7,01,1,20036892,INDOMARET SIKAT GIGI ULTRA SENSITIVE 1S SOFT PCS,,,30.00,68,44.12%,72,CTN,30/09/2030,,2
14,07,7,02,1,20106135,EMINA BRIGHT STUFF PREBIOTIC TRANEXA ACID CLEANSER   TUB 50L,,,1.00,126,0.79%,50,CTN,04/09/2029,,1
14,07,8,01,1,20126742,SWEETY DIAPER SILVER COMFORT 40S  BAG NB-S,,,15.00,20,75.00%,8,,04/07/2029,L,1
14,07,8,02,1,20090022,WARDAH BRIGHT NOW GLUTATHIONE BIO  ENZYM SMOTH GLW TUB 100L,,,1.00,95,1.05%,30,CTN,04/09/2029,,1
14,08,3,01,1,20139728,SUNLIGHT PENCUCI PIRING BIOCARE NATURE BLUEBERRIES PCH 870,,,8.00,44,18.18%,6,,06/09/2028,,2
14,08,3,02,1,20044874,DETTOL ANTISEPTIC WET WIPES 10S  PCK,,,5.00,65,7.69%,40,,01/09/2029,,2
14,08,3,03,1,20129838,K NATURAL WHITE BRIGHTENING+ANTIBACT BODY WASH JEJU LEMON PCH 400L,,,18.00,96,18.75%,12,,31/05/2028,,1
14,08,3,04,1,20089486,INDOMARET KARBOL SEREH CITRONELLA OIL PCH 800/650L,,,8.00,40,20.00%,12,,30/09/2029,,1
14,08,4,01,1,20143926,INDOMARET ADULT DIAPERS HAPPY PANTS 3IN1 L PCK 7,,,15.00,18,83.33%,8,,01/09/2029,,1
14,08,4,02,1,20103647,GARNIER HAIR COLOR NATURALS 7.32 GOLDEN BROWN PCK,,,9.00,25,36.00%,96,,31/07/2030,,2
14,08,5,01,1,20138272,LARISST BABY WIPES SWEET BLOSSOM BDD 250,,,27.00,40,67.50%,18,,01/09/2030,,2
14,08,5,02,1,10004034,VIXAL PEMBERSIH KAMAR MANDI EKTRA KUAT BTL 750L/720,,,25.00,51,49.02%,12,,20/10/2029,L,2
14,08,6,01,1,20106045,CAT CHOIZE PLUS ADULT CAT FOOD TUNA & SALMON PCK 500,,,16.00,50,32.00%,18,,07/11/2027,L,2
14,08,6,02,1,20037446,RINSO DETERJEN LIQUID + MOLTO REF ROSE FRESH PCH 750L700,,,32.00,50,64.00%,12,,25/09/2028,L,2
14,08,7,01,1,20143926,INDOMARET ADULT DIAPERS HAPPY PANTS 3IN1 L PCK 7,,,18.00,18,100.00%,8,,01/09/2029,,1
14,08,7,02,1,20118829,CHARM PANTYLINER LONG & WIDE 28S COOLING FRESH PCK,,,10.00,24,41.67%,36,CTN,04/09/2030,,2
14,08,8,01,1,20083615,HERBORIST MINYAK ZAITUN  BTL 150L,,,4.00,80,5.00%,24,CTN,04/09/2029,L,1
14,08,8,02,1,20072923,BABY HAPPY  BABY DIAPERS PANTS 34/32S  BAG MEDIUM,,,24.00,30,80.00%,4,CTN,04/10/2029,E,2
14,09,3,01,1,20134002,POISE LUMINOUS BRIGHT MICELLAR WATER  BTL 125L,,,8.00,100,8.00%,24,,12/08/2029,,1
14,09,3,02,1,20118290,PANTENE MIRACLES SUPLEMENT CONDITIONER BIOTIN STRENGTH TUB 70L,,,12.00,115,10.43%,24,,31/07/2029,,1
14,09,3,03,1,,,,,0.00,0.0,,,,,,
14,09,3,04,1,20122854,GARNIER ULTRA COLOR ASH BLONDE PCK 30L,,,4.00,20,20.00%,96,,01/09/2029,L,2
14,09,4,01,1,20133672,HANASUI COLLAGEN WATER SUNSCREEN SPF50PA++++ TUB 30L,,,1.00,75,1.33%,48,CTN,31/07/2029,,1
14,09,4,02,1,20112492,SUNLIGHT PENCUCI PIRING JERUK NIPIS PCH 420L/400,,,65.00,50,130.00%,12,,26/09/2028,,6
14,09,5,01,1,10004034,VIXAL PEMBERSIH KAMAR MANDI EKTRA KUAT BTL 750L/720,,,51.00,51,100.00%,12,,20/10/2029,L,2
14,09,5,02,1,20028779,INDOMARET KARBOL WANGI (BR)  PCH 800/650L,,,36.00,40,90.00%,12,,30/09/2029,,1
14,09,6,01,1,20143926,INDOMARET ADULT DIAPERS HAPPY PANTS 3IN1 L PCK 7,,,18.00,18,100.00%,8,,01/09/2029,,1
14,09,6,02,1,20099414,SO KLIN SOFTERGENT POWDER PURPLE LAVENDER PCK 1.44/1.3,,,40.00,48,83.33%,6,,01/09/2029,L,6
14,09,7,01,1,20029372,CHARM PEMBALUT BODY FIT 23 EXT.MAXI WING PCK 30/28S,,,7.00,20,35.00%,24,,27/09/2026,L,2
14,09,7,02,1,20029372,CHARM PEMBALUT BODY FIT 23 EXT.MAXI WING PCK 30/28S,,,15.00,20,75.00%,24,CTN,27/09/2029,L,2
14,09,8,01,1,20103647,GARNIER HAIR COLOR NATURALS 7.32 GOLDEN BROWN PCK,,,10.00,25,40.00%,96,CTN,30/06/2029,,2
14,09,8,02,1,20052031,MAMA LIME LIQUID PENCUCI PIRING GREEN TEA PCH 690/650 ,,,10.00,40,25.00%,12,CTN,04/09/2030,,6
15,01,3,01,1,,,,,0.00,0.0,,,,,,
15,01,3,02,1,,,,,0.00,0.0,,,,,,
15,01,3,03,1,,,,,0.00,0.0,,,,,,
15,01,3,04,1,20009500,KAO BIORE BODY FOAM RELAXING AROMATIC  PCH 450/400L,,,11.00,96,11.46%,12,,01/09/2029,,2
15,01,4,01,1,,,,,0.00,0.0,,,,,,
15,01,4,02,1,,,,,0.00,0.0,,,,,,
15,01,5,01,1,,,,,0.00,0.0,,,,,,
15,01,5,02,1,,,,,0.00,0.0,,,,,,
15,01,6,01,1,,,,,0.00,0.0,,,,,,
15,01,6,02,1,,,,,0.00,0.0,,,,,,
15,01,7,01,1,,,,,0.00,0.0,,,,,,
15,01,7,02,1,,,,,0.00,0.0,,,,,,
15,01,8,01,1,,,,,0.00,0.0,,,,,,
15,01,8,02,1,,,,,0.00,0.0,,,,,,
15,02,3,01,1,20141727,CLOSE UP PASTA GIGI WHITE NOW PURPLE TUB 95,,,6.00,50,12.00%,36,,11/09/2029,,1
15,02,3,02,1,20062308,REXONA DEODORANT ROLL ON MEN SPORT DEFENCE BTL 45L,,,17.00,140,12.14%,24,,31/08/2030,,2
15,02,3,03,1,,,,,0.00,0.0,,,,,,
15,02,3,04,1,,,,,0.00,0.0,,,,,,
15,02,4,01,1,,,,,0.00,0.0,,,,,,
15,02,4,02,1,10036357,CASABLANCA DEODORANT ANTI-PERSPIRANT R/O MEN BLUE BTL 50L,,,72.00,300,24.00%,12,,01/06/2030,,2
15,02,5,01,1,,,,,0.00,0.0,,,,,,
15,02,5,02,1,20065462,CONFIDENCE ADULT DIAPERS CLASIC NIGHT 6S  BAG EXTRALARGE,,,15.00,10,150.00%,12,,05/06/2029,L,2
15,02,6,01,1,20038184,SOFTEX PEMBALUT DAUN SIRIH 23 FLOW WING PCK 20S,,,18.00,20,90.00%,24,,01/08/2029,,2
15,02,6,02,1,,,,,0.00,0.0,,,,,,
15,02,7,01,1,,,,,0.00,0.0,,,,,,
15,02,7,02,1,,,,,0.00,0.0,,,,,,
15,02,8,01,1,,,,,0.00,0.0,,,,,,
15,02,8,02,1,,,,,0.00,0.0,,,,,,
15,03,3,01,1,,,,,0.00,0.0,,,,,,
15,03,3,02,1,20083615,HERBORIST MINYAK ZAITUN  BTL 150L,,,13.00,80,16.25%,24,,04/09/2029,L,1
15,03,3,03,1,,,,,0.00,0.0,,,,,,
15,03,3,04,1,,,,,0.00,0.0,,,,,,
15,03,4,01,1,20124418,VAPE OBAT NYAMUK SPRAY FUMAKILLA SWEET POWDER KLG 240/200L,,,20.00,90,22.22%,12,,01/12/2027,,2
15,03,4,02,1,20098616,CHARM PEMBALUT COOLING FRESH 29 NIGHT WING PCK 10S,,,24.00,30,80.00%,24,,30/09/2029,,2
15,03,5,01,1,20020226,MOLTO PEWANGI PAKAIAN HIJAB SOFT & FRESH PINK PCH 780/765L,,,50.00,50,100.00%,12,CTN,21/07/2029,,6
15,03,5,02,1,20065462,CONFIDENCE ADULT DIAPERS CLASIC NIGHT 6S  BAG EXTRALARGE,,,7.00,10,70.00%,12,,05/06/2029,L,2
15,03,6,01,1,20139728,SUNLIGHT PENCUCI PIRING BIOCARE NATURE BLUEBERRIES PCH 870,,,19.00,44,43.18%,6,,14/09/2028,,2
15,03,6,02,1,20099414,SO KLIN SOFTERGENT POWDER PURPLE LAVENDER PCK 1.44/1.3,,,40.00,48,83.33%,6,,01/09/2029,L,6
15,03,7,01,1,20136041,CHARM PEMBALUT SAFE NIGHT 42 WING PCK 14S,,,15.00,24,62.50%,15,,30/09/2029,,1
15,03,7,02,1,,,,,0.00,0.0,,,,,,
15,03,8,01,1,20143927,INDOMARET ADULT DIAPERS HAPPY PANTS 3IN1 M PCK 8,,,18.00,18,100.00%,8,,01/09/2029,,1
15,03,8,02,1,,,,,0.00,0.0,,,,,,
15,04,3,01,1,20107245,PEPSODENT KIDS PATRICK PASTA+SIKAT GIGI STRAWBERRY PCK 50/45,,,5.00,55,9.09%,36,,06/09/2029,,1
15,04,3,02,1,20084780,RAPIKA PELICIN PAKAIAN BIANG 5 IN 1 GOLD PCH 250L,,,13.00,68,19.12%,24,CYN,04/10/2029,,2
15,04,3,03,1,20103647,GARNIER HAIR COLOR NATURALS 7.32 GOLDEN BROWN PCK,,,8.00,25,32.00%,96,,30/06/2029,,2
15,04,3,04,1,20111612,GARNIER MEN SHAMPOO COLOR 1.0 HITAM ALAMI PCK,,,5.00,35,14.29%,96,,30/04/2029,,2
15,04,4,01,1,20112491,SUNLIGHT PENCUCI PIRING (NEW) LIME PCH 1L/910L,,,44.00,44,100.00%,6,,27/09/2028,S,6
15,04,4,02,1,10004051,CIPTADENT PASTA GIGI COOL MINT TUB 190,,,10.00,72,13.89%,24,,31/12/2028,,2
15,04,5,01,1,20092331,EKONOMI PENCUCI PIRING POWER LIQUID JERUK NIPIS PCH 650/675 ,,,50.00,60,83.33%,12,,04/09/2030,S,12
15,04,5,02,1,20141931,SUNSILK SHAMPOO SILKY SMOOTH BTL 110,,,6.00,100,6.00%,36,CTN,31/12/2028,,1
15,04,6,01,1,20029372,CHARM PEMBALUT BODY FIT 23 EXT.MAXI WING PCK 30/28S,,,13.00,20,65.00%,24,,30/09/2029,L,2
15,04,6,02,1,20099414,SO KLIN SOFTERGENT POWDER PURPLE LAVENDER PCK 1.44/1.3,,,40.00,48,83.33%,6,,01/09/2029,L,6
15,04,7,01,1,20114105,CHARM PEMBALUT COOLING FRESH 42  PCK 6S,,,22.00,27,81.48%,24,CTN,30/09/2029,,2
15,04,7,02,1,20091792,CHARM PEMBALUT COOLING FRESH 23 WING PCK 16/15S,,,20.00,24,83.33%,24,,30/09/2029,,2
15,04,8,01,1,20143927,INDOMARET ADULT DIAPERS HAPPY PANTS 3IN1 M PCK 8,,,18.00,18,100.00%,8,CTN,01/09/2029,,1
15,04,8,02,1,20021391,MAMY POKO PANTS STANDAR 20S  PCK MEDIUM,,,30.00,20,150.00%,6,,25/09/2029,,1
15,05,3,01,1,20139610,NUVO FAMILY WET WIPES NATURE PROTECT PCK 225,,,9.00,36,25.00%,24,,13/08/2028,,2
15,05,3,02,1,20062314,REXONA DEODORANT ROLL ON WOMEN SHOWER CLEAN BTL 45L,,,12.00,91,13.19%,24,,28/07/2028,,1
15,05,3,03,1,,,,,0.00,0.0,,,,,,
15,05,3,04,1,20138023,HEAD &SHOULDERS SHAMPO + KONDISIONER 2 IN 1 SELEMBUT SUTERA BTL 160/145L,,,10.00,90,11.11%,24,,30/09/2030,,1
15,05,4,01,1,20104951,ROYALE HIJAB SOFTENER BLACK VELVET PCH 650/600L,,,8.00,50,16.00%,12,,20/07/2028,,1
15,05,4,02,1,20131365,HIT INSEKTISIDA SPRAY JAPANESE SAKURA KLG 600/600+50,,,27.00,54,50.00%,12,,30/09/2030,,1
15,05,5,01,1,20039156,INDOMARET/LARIS JAS HUJAN DISPOSABLE DEWASA PCK,,,6.00,1000,0.60%,240,,01/07/2030,S,12
15,05,5,02,1,20099414,SO KLIN SOFTERGENT POWDER PURPLE LAVENDER PCK 1.44/1.3,,,40.00,48,83.33%,6,,01/09/2029,L,6
15,05,6,01,1,20099414,SO KLIN SOFTERGENT POWDER PURPLE LAVENDER PCK 1.44/1.3,,,40.00,48,83.33%,6,,01/09/2029,L,6
15,05,6,02,1,20021326,LAURIER PEMBALUT 30 RELAX NIGHT PCK 16S,,,9.00,18,50.00%,18,,29/09/2029,,2
15,05,7,01,1,20120379,EMERON HAND & BODY LOTION LOVELY BENGKOANG BTL 500L,,,20.00,80,25.00%,12,,30/09/2030,,1
15,05,7,02,1,20072923,BABY HAPPY  BABY DIAPERS PANTS 34/32S  BAG MEDIUM,,,18.00,30,60.00%,4,,01/09/2029,E,2
15,05,8,01,1,20099396,CHARM PEMBALUT COOLING FRESH 35 NIGHT WING PCK 8S,,,32.00,24,133.33%,24,,30/09/2029,,2
15,05,8,02,1,20124418,VAPE OBAT NYAMUK SPRAY FUMAKILLA SWEET POWDER KLG 240/200L,,,31.00,90,34.44%,12,CTN,04/09/2029,,2
15,06,3,01,1,20135211,ZEN ANTI BACTERIAL BODY WASH SHISO JUNIPR BR PCH 400/380L,,,6.00,120,5.00%,24,,31/07/2029,,1
15,06,3,02,1,20038958,GLOW & LOVELY MLTVTMN CREAM/DRM GLW (95385)  TUB 25/23,,,20.00,147,13.61%,48,,01/09/2028,,1
15,06,3,03,1,10027167,DOVE DEODORANT ROLL ON COMPLETE CR/ ORIGINAL BTL 40L,,,12.00,140,8.57%,24,,30/09/2030,,1
15,06,3,04,1,20110117,GLOW & LOVELY BRIGHT C GLOW FACIAL FOAM VITAMIN C TUB 100,,,8.00,100,8.00%,24,,01/09/2029,L,2
15,06,4,01,1,20074434,LIFEBUOY SABUN MANDI TS (34270) LEMON FRESH BDD 4110,,,19.00,65,29.23%,24,,11/09/2029,,1
15,06,4,02,1,20143785,INDOMARET DETERGENT CAIR AUTUMN SONATA BTL 700L,,,59.00,80,73.75%,6,,27/08/2029,,1
15,06,5,01,1,20143927,INDOMARET ADULT DIAPERS HAPPY PANTS 3IN1 M PCK 8,,,18.00,18,100.00%,8,,01/09/2029,,1
15,06,5,02,1,20139863,STATIONARY PANCAKE BOOK  PCS,,,288.00,500,57.60%,1,,08/10/2028,I,1
15,06,6,01,1,20137610,PONDS PEMBERSIH WAJAH ULTRA LIGHT HYDRA MIRACLE TUB 90,,,1.00,105,0.95%,24,CTN,31/03/2029,,1
15,06,6,02,1,20001221,PASEO TRAVEL PACK TISSUES KARAKTER PCK,,,29.00,30,96.67%,48,,30/09/2031,,3
15,06,7,01,1,20035278,CHARM PEMBALUT BODY FIT 23 EXTRA MAXI PCK 30S,,,14.00,15,93.33%,24,,30/09/2029,,2
15,06,7,02,1,20001645,WIPOL KARBOL WANGI LEMON PCH 750L/720,,,19.00,40,47.50%,12,,20/09/2029,,1
15,06,8,01,1,20029372,CHARM PEMBALUT BODY FIT 23 EXT.MAXI WING PCK 30/28S,,,7.00,20,35.00%,24,CTN,27/09/2029,L,2
15,06,8,02,1,20143019,PROBABY LIQUID CLEANSER  PCH 450L,,,1.00,44,2.27%,12,CTN,31/03/2028,,1
15,07,3,01,1,20142127,POSH BODY SPRAY PERFUMED KUROMI PURPLE POP BTL 150,,,6.00,100,6.00%,12,,31/08/2030,,1
15,07,3,02,1,20129966,NIPIS MADU MINUMAN BERKARBONASI LIME SODA BTL 330L,,,89.00,100,89.00%,12,CTN,01/05/2027,D,12
15,07,3,03,1,20116823,CIPTADENT PASTA GIGI MAXI 12 PLUS JUMBO FRESHMINT TUB 225,,,10.00,80,12.50%,24,,31/08/2029,,2
15,07,3,04,1,20139706,HEAD &SHOULDERS SHAMPO + KONDISIONER 2 IN 1 MENTHOL DINGIN BTL 300,,,10.00,100,10.00%,12,,01/09/2029,,1
15,07,4,01,1,20023011,HEAD &SHOULDERS SHAMPOO A/D MENTHOL DINGIN BTL 300L,,,40.00,92,43.48%,12,,01/09/2029,,1
15,07,4,02,1,20143803,GLOWSOPHY BRIGHTENING MOISTURIZER WATERMELON BTL 100L,,,5.00,21,23.81%,96,,05/08/2029,,1
15,07,5,01,1,10004107,KODOMO PASTA GIGI ANAK-ANAK STRAWBERRY TUB 45,,,5.00,85,5.88%,36,CTN,01/09/2029,,1
15,07,5,02,1,20073514,GIV BODY WASH FLOWER & BERRY PCH 450/400L,,,39.00,90,43.33%,12,,01/09/2028,,2
15,07,6,01,1,20143927,INDOMARET ADULT DIAPERS HAPPY PANTS 3IN1 M PCK 8,,,18.00,18,100.00%,8,,01/09/2029,,1
15,07,6,02,1,20099414,SO KLIN SOFTERGENT POWDER PURPLE LAVENDER PCK 1.44/1.3,,,40.00,48,83.33%,6,,01/09/2029,L,6
15,07,7,01,1,20123700,GILLETTE RAZOR BLUE II FLEXI HRDC  PCK,,,4.00,144,2.78%,48,CTN,29/09/2026,,2
15,07,7,02,1,20021810,ACNES CREAMY WASH  TUB 100,,,39.00,200,19.50%,12,BOX,30/06/2029,,1
15,07,8,01,1,20072919,BABY HAPPY  BABY DIAPERS PANTS 20S  BAG LARGE,,,30.00,16,187.50%,6,,30/09/2029,,1
15,07,8,02,1,20099414,SO KLIN SOFTERGENT POWDER PURPLE LAVENDER PCK 1.44/1.3,,,48.00,48,100.00%,6,CTN,04/10/2029,L,6
15,08,3,01,1,20057868,DETTOL SABUN MANDI ANTI BAKTERI LASTING FRESH BAR 105/100,,,4.00,40,10.00%,144,,01/09/2029,,2
15,08,3,02,1,20018697,DETTOL SABUN MANDI ANTI BAKTERI ORIGINAL BAR 105/100,,,2.00,40,5.00%,144,,01/09/2029,,2
15,08,3,03,1,20064216,HIT INSEKTISIDA SPRAY LILY BLOSSOM KLG 180/180+30,,,18.00,64,28.13%,12,,04/09/2029,,2
15,08,3,04,1,,,,,0.00,0.0,,,,,,
15,08,4,01,1,20072925,BABY HAPPY  BABY DIAPERS PANTS 30/28S  BAG LARGE,,,8.00,24,33.33%,4,CTN,04/10/2030,E,4
15,08,4,02,1,20128374,LIFEBUOY PENCUCI PIRING REF LIME PCH 680/650L,,,50.00,50,100.00%,12,,01/07/2028,V,4
15,08,5,01,1,20134576,LIFEBUOY PENCUCI PIRING REF LEMON PCH 650L,,,50.00,40,125.00%,12,,06/09/2028,,2
15,08,5,02,1,20130008,LARISST TOKAI GAS  KLG 235,,,24.00,24,100.00%,35,,01/09/2029,,5
15,08,6,01,1,20140325,SO SOFT DETERJEN CAIR FLORAL LILY BTL 700 ,,,54.00,54,100.00%,6,CTN,29/09/2028,L,2
15,08,6,02,1,20143927,INDOMARET ADULT DIAPERS HAPPY PANTS 3IN1 M PCK 8,,,18.00,18,100.00%,8,,01/09/2029,,1
15,08,7,01,1,20036892,INDOMARET SIKAT GIGI ULTRA SENSITIVE 1S SOFT PCS,,,3.00,68,4.41%,72,CTN,30/09/2030,,2
15,08,7,02,1,20135246,SO SOFT DETERJEN CAIR  SWEET PEONY BTL 700 ,,,54.00,54,100.00%,6,CTN,30/09/2029,S,6
15,08,8,01,1,20140082,VIVA BRIGHT FACIAL FOAM ACNE CARE TUB 100L,,,2.00,50,4.00%,48,CTN,01/09/2029,,1
15,08,8,02,1,20139653,LARISST FACIAL TISSUE  PCK 2200,,,10.00,10,100.00%,24,CTN,30/09/2026,S,4
15,09,3,01,1,,,,,0.00,0.0,,,,,,
15,09,3,02,1,20129966,NIPIS MADU MINUMAN BERKARBONASI LIME SODA BTL 330L,,,28.00,100,28.00%,12,CTN,01/05/2027,D,12
15,09,3,03,1,20041266,PEPSODENT PASTA GIGI ACTION 123 COMPLETE  TUB 190,,,10.00,52,19.23%,48,,04/09/2029,,1
15,09,3,04,1,,,,,0.00,0.0,,,,,,
15,09,4,01,1,10003646,SO KLIN PEMBERSIH LANTAI REFILL APPLE & PEONY PCH 770L/760,,,15.00,40,37.50%,12,,30/09/2029,,2
15,09,4,02,1,20140970,SHINZUI BODY SCRUB SKIN LIGHTENING SAKURA POT 200,,,4.00,30,13.33%,48,CTN,05/06/2029,,1
15,09,5,01,1,20112492,SUNLIGHT PENCUCI PIRING JERUK NIPIS PCH 420L/400,,,65.00,50,130.00%,12,,26/09/2028,,6
15,09,5,02,1,20121364,SO SOFT DETERJEN CAIR SWEET BOUQUET/ SAKURA BLOSSOM BTL 700 ,,,75.00,128,58.59%,6,CTN,01/10/2029,,6
15,09,6,01,1,20099414,SO KLIN SOFTERGENT POWDER PURPLE LAVENDER PCK 1.44/1.3,,,40.00,48,83.33%,6,,01/09/2029,L,6
15,09,6,02,1,20099414,SO KLIN SOFTERGENT POWDER PURPLE LAVENDER PCK 1.44/1.3,,,32.00,48,66.67%,6,,01/09/2029,L,6
15,09,7,01,1,20140804,SO KLIN DETERGENT POWDER EAU DE PARFUM FLEURS BLANCHES PCK 1.3 K,,,40.00,40,100.00%,6,CTN,01/10/2029,,2
15,09,7,02,1,20123796,CIPTADENT SIKAT GIGI DIAMOND CLEAN 3S  PCK SOFT,,,66.00,216,30.56%,6,BOX,04/10/2030,,2
15,09,8,01,1,20143927,INDOMARET ADULT DIAPERS HAPPY PANTS 3IN1 M PCK 8,,,18.00,18,100.00%,8,CTN,01/09/2029,,1
15,09,8,02,1,20143927,INDOMARET ADULT DIAPERS HAPPY PANTS 3IN1 M PCK 8,,,18.00,18,100.00%,8,,01/09/2029,,1
16,01,3,01,1,,,,,0.00,0.0,,,,,,
16,01,3,02,1,,,,,0.00,0.0,,,,,,
16,01,3,03,1,,,,,0.00,0.0,,,,,,
16,01,3,04,1,20060393,NUVO SABUN KESEHATAN CAIR CLASSIC PCH 400L/400,,,16.00,60,26.67%,12,,01/08/2029,L,4
16,01,4,01,1,,,,,0.00,0.0,,,,,,
16,01,4,02,1,,,,,0.00,0.0,,,,,,
16,01,5,01,1,,,,,0.00,0.0,,,,,,
16,01,5,02,1,,,,,0.00,0.0,,,,,,
16,01,6,01,1,,,,,0.00,0.0,,,,,,
16,01,6,02,1,,,,,0.00,0.0,,,,,,
16,01,7,01,1,,,,,0.00,0.0,,,,,,
16,01,7,02,1,,,,,0.00,0.0,,,,,,
16,01,8,01,1,,,,,0.00,0.0,,,,,,
16,01,8,02,1,,,,,0.00,0.0,,,,,,
16,02,3,01,1,20135458,KAHF FACE WASH SCRUB ACNE&PORE CLNSE TUB 100L,,,19.00,132,14.39%,15,,02/09/2029,,1
16,02,3,02,1,20081895,SOFTEX PANTY LINERS DAUN SIRIH 18 LONGER & WIDER PCK 30S,,,4.00,65,6.15%,24,,25/09/2029,,2
16,02,3,03,1,20095132,GARNIER HAIR COLOR NATURALS 6.62 CRANBERRY RED PCK,,,2.00,30,6.67%,96,,01/09/2029,,1
16,02,3,04,1,20139843,BELLAGIO HOMME EAU DE PARFUM BLACK SHADOW BTL 50,,,25.00,50,50.00%,24,,01/08/2030,,1
16,02,4,01,1,,,,,0.00,0.0,,,,,,
16,02,4,02,1,20045423,MAMY POKO PANTS STANDAR 26S  PCK EXTRALARGE,,,24.00,24,100.00%,4,,23/09/2029,E,4
16,02,5,01,1,20095874,MAMY POKO PANTS STANDAR 30S TIDAK GEMBUNG PCK MEDIUM,,,7.00,18,38.89%,6,,09/08/2029,,1
16,02,5,02,1,20067253,SOFTEX PEMBALUT DAUN SIRIH 36 SLIM WING PCK 12S,,,12.00,30,40.00%,24,,01/01/2030,,2
16,02,6,01,1,,,,,0.00,0.0,,,,,,
16,02,6,02,1,20092849,SOFTEX CELANA MENSTRUASI 2S  PCK M-L,,,20.00,35,57.14%,24,,28/09/2029,,2
16,02,7,01,1,,,,,0.00,0.0,,,,,,
16,02,7,02,1,20099420,SO KLIN DETERGENT LIQUID VIOLET BLOSSOM PCH 1650/1450,,,50.00,55,90.91%,6,,01/10/2029,,1
16,02,8,01,1,,,,,0.00,0.0,,,,,,
16,02,8,02,1,10014168,NICE FACIAL TISSUE LIVING (2X200S)  BDD 400+100,,,15.00,15,100.00%,20,,30/07/2031,L,5
16,03,3,01,1,20110117,GLOW & LOVELY BRIGHT C GLOW FACIAL FOAM VITAMIN C TUB 100,,,16.00,100,16.00%,24,,01/09/2029,L,2
16,03,3,02,1,20118537,PEPSODENT PASTA GIGI WHITE  TUB 120+30,,,24.00,65,36.92%,48,,01/09/2029,L,2
16,03,3,03,1,,,,,0.00,0.0,,,,,,
16,03,3,04,1,10013107,WINGS SUPERSOL KARBOL WANGI PINE PCH 750L/720,,,8.00,50,16.00%,12,,30/09/2030,,1
16,03,4,01,1,20097385,HAPPY NAPPY SMART PANTS 34/32S  PCK MEDIUM,,,9.00,20,45.00%,8,,01/07/2029,,2
16,03,4,02,1,20108881,GENKI MOKO MOKO PANTS 34/32S  BAG MEDIUM,,,18.00,12,150.00%,6,,01/08/2029,,1
16,03,5,01,1,20113354,SWEETY BRONZE COMFORT DIAPERS 44S  BAG NEW BORN,,,10.00,24,41.67%,8,,01/09/2029,L,2
16,03,5,02,1,20099396,CHARM PEMBALUT COOLING FRESH 35 NIGHT WING PCK 8S,,,23.00,24,95.83%,24,,27/09/2029,,2
16,03,6,01,1,20069547,INDOMARET DIAPERS ADULT 7S LEAK GUARD BAG LARGE,,,10.00,10,100.00%,12,,30/09/2029,L,2
16,03,6,02,1,,,,,0.00,0.0,,,,,,
16,03,7,01,1,10010189,CHARM PEMBALUT SAFE NIGHT 29 WING PCK 18S,,,10.00,16,62.50%,24,,27/09/2029,,2
16,03,7,02,1,20063288,PASEO FACIAL TISSUE PURE SOFT 3PLY  PCK 130S,,,9.00,10,90.00%,40,,29/09/2031,,2
16,03,8,01,1,10014168,NICE FACIAL TISSUE LIVING (2X200S)  BDD 400+100,,,15.00,15,100.00%,20,,30/07/2031,L,5
16,03,8,02,1,10014168,NICE FACIAL TISSUE LIVING (2X200S)  BDD 400+100,,,15.00,15,100.00%,20,,31/07/2030,L,5
16,04,3,01,1,20117628,WHISKAS TASTY MIX CAT FOOD 1+ TUNA KANIKAMA PCH 70,,,8.00,180,4.44%,28,,16/05/2028,,1
16,04,3,02,1,20092190,POSH BODY SPRAY PERFUMED RED EXTREME KLG 150L,,,25.00,142,17.61%,12,,01/09/2029,,1
16,04,3,03,1,10013360,KAO BIORE BODY FOAM REFILL PURE MILD PCH 450/400L,,,6.00,78,7.69%,12,,04/09/2029,,1
16,04,3,04,1,20126940,KITTIE BITTIE CAT FOOD SALMON PCK 120,,,2.00,32,6.25%,64,,07/02/2028,,1
16,04,4,01,1,20123338,RINSO DETERJEN LIQUID + MOLTO REF ROSE FRESH PCH 1.5/1.45,,,30.00,40,75.00%,6,,14/09/2028,,1
16,04,4,02,1,10004048,PEPSODENT PASTA GIGI WHITE  TUB 72/70 ,,,21.00,42,50.00%,144,,04/09/2029,L,12
16,04,5,01,1,20071827,RINSO DETERJEN POWDER + MOLTO ROSE FRESH BAG 770/700,,,14.00,30,46.67%,12,,14/09/2028,,2
16,04,5,02,1,20067585,SO KLIN DETERGENT LIQUID SCARLET BLOSSOM PCH 720/700 ,,,81.00,88,92.05%,6,,01/09/2028,,2
16,04,6,01,1,20073514,GIV BODY WASH FLOWER & BERRY PCH 450/400L,,,93.00,90,103.33%,12,,30/09/2030,,2
16,04,6,02,1,20134576,LIFEBUOY PENCUCI PIRING REF LEMON PCH 650L,,,20.00,40,50.00%,12,,07/09/2028,,2
16,04,7,01,1,20094874,BELLAGIO HOMME SPRAY COLOGNE/EAU DE TOILETTE SPORT BLU BTL 100L,,,4.00,96,4.17%,24,CTN,01/09/2029,,1
16,04,7,02,1,20122043,INDOMARET TAS RAMAH LINGKUNGAN BESAR PCS 45X37X15,,,30.00,168,17.86%,12,PCK,29/09/2026,,12
16,04,8,01,1,20140804,SO KLIN DETERGENT POWDER EAU DE PARFUM FLEURS BLANCHES PCK 1.3 K,,,8.00,40,20.00%,6,CTN,01/10/2029,,2
16,04,8,02,1,20113354,SWEETY BRONZE COMFORT DIAPERS 44S  BAG NEW BORN,,,15.00,24,62.50%,8,,11/09/2029,L,2
16,05,3,01,1,20085988,LE MINERALE AIR MINERAL  BTL 1500L,,,33.00,33,100.00%,12,CTN,01/02/2028,E,24
16,05,3,02,1,20085988,LE MINERALE AIR MINERAL  BTL 1500L,,,33.00,33,100.00%,12,CTN,01/02/2028,E,24
16,05,3,03,1,20131224,BARAKAT PASTA GIGI HALAL SIWAK&GREEN TEA TUB 190,,,41.00,92,44.57%,24,,08/09/2029,,1
16,05,3,04,1,,,,,0.00,0.0,,,,,,
16,05,4,01,1,20108418,SO KLIN PEWANGI PAKAIAN HIJAB REFILL GREEN PCH 800/780L,,,15.00,50,30.00%,12,SLP,01/09/2029,,6
16,05,4,02,1,20052031,MAMA LIME LIQUID PENCUCI PIRING GREEN TEA PCH 690/650 ,,,62.00,40,155.00%,12,,04/09/2029,,6
16,05,5,01,1,20137791,SO KLIN DETERGENT CAIR HIJAB COOL PCH 700 L,,,88.00,112,78.57%,6,,30/09/2029,,2
16,05,5,02,1,10010189,CHARM PEMBALUT SAFE NIGHT 29 WING PCK 18S,,,17.00,16,106.25%,24,,30/09/2029,,2
16,05,6,01,1,20073425,INDOMARET PENCUCI PIRING (NEW) JERUK NIPIS PCH 800/650L,,,44.00,44,100.00%,12,,31/08/2030,,3
16,05,6,02,1,20099414,SO KLIN SOFTERGENT POWDER PURPLE LAVENDER PCK 1.44/1.3,,,40.00,48,83.33%,6,CTN,01/09/2029,L,6
16,05,7,01,1,20035278,CHARM PEMBALUT BODY FIT 23 EXTRA MAXI PCK 30S,,,14.00,15,93.33%,24,CTN,30/09/2029,,2
16,05,7,02,1,20029372,CHARM PEMBALUT BODY FIT 23 EXT.MAXI WING PCK 30/28S,,,11.00,20,55.00%,24,,28/09/2029,L,2
16,05,8,01,1,20018697,DETTOL SABUN MANDI ANTI BAKTERI ORIGINAL BAR 105/100,,,2.00,40,5.00%,144,CTN,01/09/2029,,2
16,05,8,02,1,20113354,SWEETY BRONZE COMFORT DIAPERS 44S  BAG NEW BORN,,,15.00,24,62.50%,8,,11/09/2029,L,2
16,06,3,01,1,20062314,REXONA DEODORANT ROLL ON WOMEN SHOWER CLEAN BTL 45L,,,10.00,91,10.99%,24,,01/09/2029,,1
16,06,3,02,1,20034716,SHINZUI SABUN MANDI SKIN LIGHTENING KENSHO BAR 85/80,,,6.00,24,25.00%,144,,05/02/2029,,2
16,06,3,03,1,20132102,VASELINE HIJAB PROTECT GLUTA VITAMIN SPF 20 SERUM TUB 180L,,,10.00,145,6.90%,12,,22/08/2030,V,1
16,06,3,04,1,,,,,0.00,0.0,,,,,,
16,06,4,01,1,20140806,SO KLIN DETERGENT POWDER EAU DE PARFUM FLEURS DE LIS PCK 1.3 ,,,40.00,40,100.00%,6,,01/08/2029,,2
16,06,4,02,1,20031235,WHISKAS JUNIOR CAT FOOD KITTEN TUNA PCK 85/80,,,39.00,180,21.67%,28,,04/07/2029,,4
16,06,5,01,1,20038185,SOFTEX PANTY LINERS EKSTRA DAUN SIRIH NON PERFUME PCK 44,,,24.00,48,50.00%,24,,16/09/2029,,1
16,06,5,02,1,20137605,KAHF ANTI PERSPIRANT DEODORANT CLEAN FRESH BTL 45L,,,3.00,64,4.69%,24,CTN,04/09/2029,,1
16,06,6,01,1,20112492,SUNLIGHT PENCUCI PIRING JERUK NIPIS PCH 420L/400,,,63.00,50,126.00%,12,,14/09/2028,,6
16,06,6,02,1,10003706,MR.MUSCLE PEMBERSIH KACA SERBAGUNA REF. ORIGINAL PCH 440/400L,,,40.00,50,80.00%,24,,28/09/2029,,2
16,06,7,01,1,20045423,MAMY POKO PANTS STANDAR 26S  PCK EXTRALARGE,,,24.00,24,100.00%,4,,01/07/2029,E,4
16,06,7,02,1,20045423,MAMY POKO PANTS STANDAR 26S  PCK EXTRALARGE,,,12.00,24,50.00%,4,CTN,22/09/2029,E,4
16,06,8,01,1,20135211,ZEN ANTI BACTERIAL BODY WASH SHISO JUNIPR BR PCH 400/380L,,,6.00,120,5.00%,24,CTN,31/07/2029,,1
16,06,8,02,1,20052031,MAMA LIME LIQUID PENCUCI PIRING GREEN TEA PCH 690/650 ,,,9.00,40,22.50%,12,CTN,04/09/2029,,6
16,07,3,01,1,20122879,RINSO DETERJEN LIQUID + MOLTO KOREAN STRAWBERRY PCH 510,,,15.00,50,30.00%,12,,01/09/2028,,2
16,07,3,02,1,10004032,VIXAL PEMBERSIH KAMAR MANDI KUAT HARUM BTL 720/700 ,,,18.00,51,35.29%,12,,01/08/2028,,2
16,07,3,03,1,,,,,0.00,0.0,,,,,,
16,07,3,04,1,,,,,0.00,0.0,,,,,,
16,07,4,01,1,10004068,MAMA LIME LIQUID PENCUCI PIRING LIME&MNRAL SALT PCH 690/650 ,,,46.00,60,76.67%,12,,04/09/2029,,6
16,07,4,02,1,20118829,CHARM PANTYLINER LONG & WIDE 28S COOLING FRESH PCK,,,10.00,24,41.67%,36,,01/09/2029,,2
16,07,5,01,1,20140325,SO SOFT DETERJEN CAIR FLORAL LILY BTL 700 ,,,8.00,54,14.81%,6,CTN,29/09/2028,L,2
16,07,5,02,1,20123338,RINSO DETERJEN LIQUID + MOLTO REF ROSE FRESH PCH 1.5/1.45,,,23.00,40,57.50%,6,,09/08/2028,,1
16,07,6,01,1,20122879,RINSO DETERJEN LIQUID + MOLTO KOREAN STRAWBERRY PCH 510,,,42.00,50,84.00%,12,,23/08/2028,,2
16,07,6,02,1,20141345,LARISST SABUN PENCUCI PIRING JERUK NIPIS PCH 650L,,,16.00,40,40.00%,12,,30/09/2029,,1
16,07,7,01,1,20045423,MAMY POKO PANTS STANDAR 26S  PCK EXTRALARGE,,,10.00,24,41.67%,4,,23/09/2029,E,4
16,07,7,02,1,20144230,CHARM PEMBALUT DAUN SIRIH MAXI 24S  PCK 23,,,1.00,24,4.17%,24,CTN,27/09/2029,,1
16,07,8,01,1,20138658,NUVO SABUN KESEHATAN CAIR HYGIENIC PROTEC PCH 400L/400,,,16.00,96,16.67%,12,CTN,01/09/2029,,2
16,07,8,02,1,20052031,MAMA LIME LIQUID PENCUCI PIRING GREEN TEA PCH 690/650 ,,,40.00,40,100.00%,12,CTN,04/09/2029,,6
16,08,3,01,1,20046176,KAO BIORE BODY FOAM REFILL ENERGETIC COOL PCH 450/400L,,,1.00,91,1.10%,12,CTN,05/05/2029,,1
16,08,3,02,1,20129838,K NATURAL WHITE BRIGHTENING+ANTIBACT BODY WASH JEJU LEMON PCH 400L,,,10.00,96,10.42%,12,,30/09/2030,,1
16,08,3,03,1,10013107,WINGS SUPERSOL KARBOL WANGI PINE PCH 750L/720,,,8.00,50,16.00%,12,,30/09/2029,,1
16,08,3,04,1,20009500,KAO BIORE BODY FOAM RELAXING AROMATIC  PCH 450/400L,,,23.00,96,23.96%,12,,01/09/2029,,2
16,08,4,01,1,20143425,LUX BODY WASH HIJAB SERIES LVENDR CHAMOMIE PCH 350,,,34.00,78,43.59%,24,,01/08/2029,,1
16,08,4,02,1,20059866,LIFEBUOY SABUN MANDI MULTIPACK (45592) TOTAL 10 BDD 4110,,,22.00,55,40.00%,24,,04/09/2029,,2
16,08,5,01,1,20135246,SO SOFT DETERJEN CAIR  SWEET PEONY BTL 700 ,,,100.00,54,185.19%,6,,30/09/2029,S,6
16,08,5,02,1,20045423,MAMY POKO PANTS STANDAR 26S  PCK EXTRALARGE,,,24.00,24,100.00%,4,,08/09/2029,E,4
16,08,6,01,1,20064414,KAO ATTACK DETERGENT POWDER JAZ 1 PESONA SEGAR BAG 1.4/1.3 ,,,33.00,33,100.00%,6,,26/09/2029,,2
16,08,6,02,1,20139609,RINSO DETERJEN POWDER ANTI NODA JAPANESE PEACH BAG 1440,,,35.00,29,120.69%,6,,01/06/2029,,1
16,08,7,01,1,20112492,SUNLIGHT PENCUCI PIRING JERUK NIPIS PCH 420L/400,,,33.00,50,66.00%,12,,01/09/2029,,6
16,08,7,02,1,20091792,CHARM PEMBALUT COOLING FRESH 23 WING PCK 16/15S,,,20.00,24,83.33%,24,CTN,30/09/2029,,2
16,08,8,01,1,20031233,WHISKAS CAT FOOD MACKEREL&SALMON PCK 80,,,9.00,60,15.00%,28,CTN,01/09/2028,,1
16,08,8,02,1,20029372,CHARM PEMBALUT BODY FIT 23 EXT.MAXI WING PCK 30/28S,,,12.00,20,60.00%,24,,17/09/2029,L,2
16,09,3,01,1,20018697,DETTOL SABUN MANDI ANTI BAKTERI ORIGINAL BAR 105/100,,,5.00,40,12.50%,144,,01/09/2030,,2
16,09,3,02,1,20111611,GARNIER HAIR COLOR NATURALS 6.64 MERAH BERRY PCK,,,2.00,35,5.71%,96,,01/09/2028,,1
16,09,3,03,1,20023011,HEAD &SHOULDERS SHAMPOO A/D MENTHOL DINGIN BTL 300L,,,24.00,92,26.09%,12,,04/08/2030,,1
16,09,3,04,1,20059788,POSH BODY SPRAY PERFUMED BLAZE PINK KLG 150L,,,30.00,203,14.78%,12,,14/08/2029,,1
16,09,4,01,1,20141935,PANTENE SHAMPOO MIRACLE BIOTIN STRENGTH BTL 145,,,37.00,64,57.81%,24,,19/04/2029,,1
16,09,4,02,1,,,,,0.00,0.0,,,,,,
16,09,5,01,1,,,,,0.00,0.0,,,,,,
16,09,5,02,1,20139609,RINSO DETERJEN POWDER ANTI NODA JAPANESE PEACH BAG 1440,,,35.00,29,120.69%,6,,01/06/2029,,1
16,09,6,01,1,20122879,RINSO DETERJEN LIQUID + MOLTO KOREAN STRAWBERRY PCH 510,,,55.00,50,110.00%,12,,23/08/2028,,2
16,09,6,02,1,20135144,SUNLIGHT PENCUCI PIRING REF BIOCARE NATURE PCH 600L/600,,,49.00,50,98.00%,12,,26/09/2028,,2
16,09,7,01,1,20092849,SOFTEX CELANA MENSTRUASI 2S  PCK M-L,,,15.00,35,42.86%,24,,06/08/2029,,2
16,09,7,02,1,20045423,MAMY POKO PANTS STANDAR 26S  PCK EXTRALARGE,,,24.00,24,100.00%,4,,16/09/2029,E,4
16,09,8,01,1,20052031,MAMA LIME LIQUID PENCUCI PIRING GREEN TEA PCH 690/650 ,,,40.00,40,100.00%,12,CTN,04/10/2030,,6
16,09,8,02,1,20139610,NUVO FAMILY WET WIPES NATURE PROTECT PCK 225,,,13.00,36,36.11%,24,CTN,04/10/2029,,2
17,01,3,01,1,,,,,0.00,0.0,,,,,,
17,01,3,02,1,,,,,0.00,0.0,,,,,,
17,01,3,03,1,,,,,0.00,0.0,,,,,,
17,01,3,04,1,,,,,0.00,0.0,,,,,,
17,01,4,01,1,,,,,0.00,0.0,,,,,,
17,01,4,02,1,,,,,0.00,0.0,,,,,,
17,01,5,01,1,,,,,0.00,0.0,,,,,,
17,01,5,02,1,,,,,0.00,0.0,,,,,,
17,01,6,01,1,,,,,0.00,0.0,,,,,,
17,01,6,02,1,,,,,0.00,0.0,,,,,,
17,01,7,01,1,,,,,0.00,0.0,,,,,,
17,01,7,02,1,,,,,0.00,0.0,,,,,,
17,01,8,01,1,,,,,0.00,0.0,,,,,,
17,01,8,02,1,,,,,0.00,0.0,,,,,,
17,02,3,01,1,20096787,CITRA FRESH GLOW MULTIFUNCTION GEL ALOE VERA TUB 180L,,,20.00,108,18.52%,12,,08/08/2028,,1
17,02,3,02,1,20073377,GARNIER MICELLAR CLEANSING WATER PINK BTL 125L,,,24.00,140,17.14%,24,,05/07/2029,S,2
17,02,3,03,1,,,,,0.00,0.0,,,,,,
17,02,3,04,1,20034274,GARNIER MEN TURBO LIGHT OIL CONTROL ICY SCRUB TUB 100L,,,11.00,170,6.47%,12,,31/07/2028,,1
17,02,4,01,1,20001407,INDOMARET PEMBERSIH LANTAI LAVENDER PCH 800L,,,24.00,50,48.00%,12,,30/09/2028,,2
17,02,4,02,1,20084438,LIFREE POPOK CELANA EXTRA 8S  BAG LARGE,,,15.00,15,100.00%,8,,30/09/2029,S,2
17,02,5,01,1,,,,,0.00,0.0,,,,,,
17,02,5,02,1,,,,,0.00,0.0,,,,,,
17,02,6,01,1,,,,,0.00,0.0,,,,,,
17,02,6,02,1,,,,,0.00,0.0,,,,,,
17,02,7,01,1,,,,,0.00,0.0,,,,,,
17,02,7,02,1,,,,,0.00,0.0,,,,,,
17,02,8,01,1,,,,,0.00,0.0,,,,,,
17,02,8,02,1,20124726,INDOMARET FACIAL TISSUE 2 PLY (2+1)  BDD 3180,,,15.00,10,150.00%,20,,30/09/2029,E,20
17,03,3,01,1,10003336,EMERON SHAMPOO NUTRITIVE BLACK & SHINE BTL 170L,,,4.00,140,2.86%,12,,03/09/2029,,2
17,03,3,02,1,,,,,0.00,0.0,,,,,,
17,03,3,03,1,20076987,BAYGON INSEKTISIDA SPRAY FLOWER GARDEN KLG 225/200L,,,3.00,90,3.33%,12,,01/09/2029,,2
17,03,3,04,1,20093143,PANTENE CONDITIONER TANPA BILAS PERFECT ON PCS 40L,,,16.00,90,17.78%,24,,31/07/2029,,1
17,03,4,01,1,20090918,SOFTEX PANTY LINERS DAUN SIRIH 20S NON PERFUME PCK,,,30.00,50,60.00%,60,,28/09/2029,,2
17,03,4,02,1,20135845,EKONOMI PENCUCI PIRING LIQUID NATURAL JERUK NPS&LEMON BTL 650L,,,60.00,56,107.14%,12,,04/09/2029,,6
17,03,5,01,1,20120180,SO SOFT DETERJEN CAIR NATURE FRESH/ ROSE&WATERLILY BTL 700 ,,,100.00,120,83.33%,6,,30/09/2029,L,6
17,03,5,02,1,,,,,0.00,0.0,,,,,,
17,03,6,01,1,20116712,HERS PROTEX DAILY COMFORT 23.5 CINNAMOROLL PCK 20S,,,45.00,40,112.50%,12,,01/09/2030,,2
17,03,6,02,1,20098001,GENKI MOKO MOKO PANTS 28/26S  BAG EXTRALARGE,,,18.00,12,150.00%,6,,04/09/2030,L,2
17,03,7,01,1,,,,,0.00,0.0,,,,,,
17,03,7,02,1,20133798,SO KLIN DETERGENT LIQUID NATURE ENGLISH ROSE BTL 720/700L,,,100.00,96,104.17%,6,,04/09/2029,,2
17,03,8,01,1,20077515,SOFTEX PEMBALUT DAUN SIRIH 29 SLIM WING PCK 16S,,,18.00,18,100.00%,24,,11/09/2029,,2
17,03,8,02,1,20027166,INDOMARET FACIAL TISSUE 220S NON PERFUMED PCK,,,24.00,24,100.00%,30,,29/09/2029,L,3
17,04,3,01,1,20091437,CLEAR SHAMPOO ANTI DANDRUFF MENTHOL SEGAR BTL 70L,,,5.00,90,5.56%,48,,01/09/2029,,1
17,04,3,02,1,20075742,PEPSODENT SIKAT GIGI SILVER CHARCOAL  PCS SOFT,,,8.00,88,9.09%,48,,01/08/2029,,1
17,04,3,03,1,,,,,0.00,0.0,,,,,,
17,04,3,04,1,20140807,BRAVEN EXTRAIT DE PARFUM AQUA BTL 100,,,21.00,110,19.09%,12,,01/06/2031,,1
17,04,4,01,1,20089486,INDOMARET KARBOL SEREH CITRONELLA OIL PCH 800/650L,,,18.00,40,45.00%,12,,01/07/2029,,1
17,04,4,02,1,10003569,CLOSE UP PASTA GIGI GEL GREEN EVER FRESH TUB 160,,,23.00,52,44.23%,48,,01/09/2029,S,12
17,04,5,01,1,,,,,0.00,0.0,,,,,,
17,04,5,02,1,20081895,SOFTEX PANTY LINERS DAUN SIRIH 18 LONGER & WIDER PCK 30S,,,10.00,65,15.38%,24,,31/08/2029,,2
17,04,6,01,1,20124726,INDOMARET FACIAL TISSUE 2 PLY (2+1)  BDD 3180,,,10.00,10,100.00%,20,,30/09/2029,E,20
17,04,6,02,1,20120379,EMERON HAND & BODY LOTION LOVELY BENGKOANG BTL 500L,,,60.00,80,75.00%,12,,30/09/2030,,1
17,04,7,01,1,20114105,CHARM PEMBALUT COOLING FRESH 42  PCK 6S,,,22.00,27,81.48%,24,CTN,30/09/2029,,2
17,04,7,02,1,20091792,CHARM PEMBALUT COOLING FRESH 23 WING PCK 16/15S,,,28.17,24,117.38%,24,,23/09/2029,,2
17,04,8,01,1,20027166,INDOMARET FACIAL TISSUE 220S NON PERFUMED PCK,,,24.00,24,100.00%,30,,29/09/2029,L,3
17,04,8,02,1,20027166,INDOMARET FACIAL TISSUE 220S NON PERFUMED PCK,,,24.00,24,100.00%,30,,29/09/2029,L,3
17,05,3,01,1,20113403,KAHF FACE WASH OIL & ACNE CARE TUB 100L,,,30.00,138,21.74%,15,,31/07/2029,S,3
17,05,3,02,1,20022015,FORMULA SIKAT GIGI DISCOVERY 3S EXTREME CLEAN PCK,,,3.00,60,5.00%,72,,01/09/2030,,1
17,05,3,03,1,,,,,0.00,0.0,,,,,,
17,05,3,04,1,,,,,0.00,0.0,,,,,,
17,05,4,01,1,20036892,INDOMARET SIKAT GIGI ULTRA SENSITIVE 1S SOFT PCS,,,35.00,68,51.47%,72,,30/09/2030,,2
17,05,4,02,1,10003359,WIPOL KARBOL WANGI CEMARA  BTL 750L/730,,,26.00,42,61.90%,12,,14/09/2028,,1
17,05,5,01,1,20001221,PASEO TRAVEL PACK TISSUES KARAKTER PCK,,,30.00,30,100.00%,48,,29/09/2031,,3
17,05,5,02,1,20001645,WIPOL KARBOL WANGI LEMON PCH 750L/720,,,24.00,40,60.00%,12,,01/09/2029,,1
17,05,6,01,1,20112492,SUNLIGHT PENCUCI PIRING JERUK NIPIS PCH 420L/400,,,65.00,50,130.00%,12,,01/08/2029,,6
17,05,6,02,1,20104951,ROYALE HIJAB SOFTENER BLACK VELVET PCH 650/600L,,,50.00,50,100.00%,12,,04/09/2029,,1
17,05,7,01,1,10004034,VIXAL PEMBERSIH KAMAR MANDI EKTRA KUAT BTL 750L/720,,,32.00,51,62.75%,12,,27/10/2029,L,2
17,05,7,02,1,20090918,SOFTEX PANTY LINERS DAUN SIRIH 20S NON PERFUME PCK,,,17.00,50,34.00%,60,,28/09/2029,,2
17,05,8,01,1,10017886,ORAL B SIKAT GIGI MICKEY FOR KIDS SOFT PCS,,,1.00,30,3.33%,96,CTN,01/09/2029,,1
17,05,8,02,1,20027166,INDOMARET FACIAL TISSUE 220S NON PERFUMED PCK,,,24.00,24,100.00%,30,,29/09/2029,L,3
17,06,3,01,1,20090918,SOFTEX PANTY LINERS DAUN SIRIH 20S NON PERFUME PCK,,,8.00,50,16.00%,60,,18/08/2029,,2
17,06,3,02,1,20070183,CIPTADENT PASTA GIGI HERBAL ANTI BAKTERI TUB 190,,,13.00,52,25.00%,24,,31/07/2029,,1
17,06,3,03,1,20120180,SO SOFT DETERJEN CAIR NATURE FRESH/ ROSE&WATERLILY BTL 700 ,,,9.00,120,7.50%,6,,02/09/2029,L,6
17,06,3,04,1,20139069,SUNSILK SHAMPOO GLOSSY BLACK BTL 70L,,,26.00,88,29.55%,48,,02/09/2028,,1
17,06,4,01,1,20007307,LAURIER PEMBALUT 22 X-TRA MAXI PCK 10S,,,7.00,32,21.88%,48,,30/09/2029,,2
17,06,4,02,1,20134496,NIVEA DEO ROLL ON MEN DEEP ESPRESSO BTL 50L,,,1.00,100,1.00%,24,CTN,04/09/2029,,1
17,06,5,01,1,20112492,SUNLIGHT PENCUCI PIRING JERUK NIPIS PCH 420L/400,,,65.00,50,130.00%,12,,14/09/2028,,6
17,06,5,02,1,20081449,ROYALE SOFTENER PURPLE DAWN PCH 650/600L,,,27.00,50,54.00%,12,,30/09/2028,,2
17,06,6,01,1,20138108,KAO ATTACK DETERGENT POWDER JAZ1 SOFTENER PURPLE BLOSSOM BAG 1.4/1.2,,,33.00,33,100.00%,6,,17/09/2029,S,2
17,06,6,02,1,20059866,LIFEBUOY SABUN MANDI MULTIPACK (45592) TOTAL 10 BDD 4110,,,21.00,55,38.18%,24,,04/09/2029,,2
17,06,7,01,1,20130527,KAO ATTACK DETERGENT POWDER JAZ1+SOFTENER ROSE BERRY BAG 1.4/1.2 ,,,25.00,33,75.76%,6,,26/09/2029,L,2
17,06,7,02,1,20045423,MAMY POKO PANTS STANDAR 26S  PCK EXTRALARGE,,,24.00,24,100.00%,4,,01/09/2029,E,4
17,06,8,01,1,20142127,POSH BODY SPRAY PERFUMED KUROMI PURPLE POP BTL 150,,,4.00,100,4.00%,12,CTN,04/10/2030,,1
17,06,8,02,1,20073639,SWEETY BRONZE PANTS 28S  PCK LARGE,,,6.00,10,60.00%,8,CTN,01/09/2029,S,2
17,07,3,01,1,20141928,MAKARIZO HAIR & SCALP CREAMBATH FIBER/T ROYAL JELLY TUB 100,,,18.00,100,18.00%,24,CTN,01/10/2029,,1
17,07,3,02,1,20140970,SHINZUI BODY SCRUB SKIN LIGHTENING SAKURA POT 200,,,7.00,30,23.33%,48,,31/08/2029,,1
17,07,3,03,1,20060393,NUVO SABUN KESEHATAN CAIR CLASSIC PCH 400L/400,,,9.00,60,15.00%,12,,01/09/2029,L,4
17,07,3,04,1,20064216,HIT INSEKTISIDA SPRAY LILY BLOSSOM KLG 180/180+30,,,23.00,64,35.94%,12,,04/09/2030,,2
17,07,4,01,1,20122879,RINSO DETERJEN LIQUID + MOLTO KOREAN STRAWBERRY PCH 510,,,55.00,50,110.00%,12,,14/09/2028,,2
17,07,4,02,1,20108418,SO KLIN PEWANGI PAKAIAN HIJAB REFILL GREEN PCH 800/780L,,,39.00,50,78.00%,12,,01/09/2029,,6
17,07,5,01,1,20124418,VAPE OBAT NYAMUK SPRAY FUMAKILLA SWEET POWDER KLG 240/200L,,,32.00,90,35.56%,12,CTN,01/09/2029,,2
17,07,5,02,1,20121229,NUVO WET TISSUE ORIGINAL MERAH PCK 50,,,16.00,20,80.00%,24,,30/09/2030,,2
17,07,6,01,1,20073499,SO KLIN SOFTERGENT POWDER MAGNOLIA&BERIES PCK 700/650 ,,,30.00,40,75.00%,12,,30/09/2029,,2
17,07,6,02,1,20113403,KAHF FACE WASH OIL & ACNE CARE TUB 100L,,,47.00,138,34.06%,15,,05/08/2029,S,3
17,07,7,01,1,20039156,INDOMARET/LARIS JAS HUJAN DISPOSABLE DEWASA PCK,,,13.00,1000,1.30%,240,,20/04/2029,S,12
17,07,7,02,1,20120180,SO SOFT DETERJEN CAIR NATURE FRESH/ ROSE&WATERLILY BTL 700 ,,,95.00,120,79.17%,6,CTN,01/10/2029,L,6
17,07,8,01,1,20128706,ROYALE SOFTENER LAVENDER VANILA/MUSK PCH 680/600L,,,4.00,50,8.00%,12,CTN,04/10/2029,,1
17,07,8,02,1,20095874,MAMY POKO PANTS STANDAR 30S TIDAK GEMBUNG PCK MEDIUM,,,6.00,18,33.33%,6,CTN,23/09/2029,,1
17,08,3,01,1,20009499,KAO BIORE BODY FOAM REFFIL WHITENING SCRUB PCH 400/380 L,,,13.00,147,8.84%,12,,30/09/2030,,1
17,08,3,02,1,20031235,WHISKAS JUNIOR CAT FOOD KITTEN TUNA PCK 85/80,,,17.00,180,9.44%,28,,10/07/2028,,4
17,08,3,03,1,20010383,LIFEBUOY SHAMPOO ANTI DANDRUFF BTL 340L,,,11.00,56,19.64%,18,,01/08/2029,,1
17,08,3,04,1,,,,,0.00,0.0,,,,,,
17,08,4,01,1,20112492,SUNLIGHT PENCUCI PIRING JERUK NIPIS PCH 420L/400,,,65.00,50,130.00%,12,,14/09/2028,,6
17,08,4,02,1,20069547,INDOMARET DIAPERS ADULT 7S LEAK GUARD BAG LARGE,,,6.00,10,60.00%,12,,30/09/2029,L,2
17,08,5,01,1,20069547,INDOMARET DIAPERS ADULT 7S LEAK GUARD BAG LARGE,,,6.00,10,60.00%,12,,30/09/2030,L,2
17,08,5,02,1,20139778,SYSTEMA SIKAT GIGI NINE DEGREE 3S SENSITIVE PCK SOFT,,,38.00,39,97.44%,24,,11/09/2030,,1
17,08,6,01,1,20064414,KAO ATTACK DETERGENT POWDER JAZ 1 PESONA SEGAR BAG 1.4/1.3 ,,,33.00,33,100.00%,6,,01/09/2029,,2
17,08,6,02,1,,,,,0.00,0.0,,,,,,
17,08,7,01,1,10004068,MAMA LIME LIQUID PENCUCI PIRING LIME&MNRAL SALT PCH 690/650 ,,,57.00,60,95.00%,12,CTN,04/10/2029,,6
17,08,7,02,1,20106051,SOFTEX PEMBALUT DAUN SIRIH 23 WING PCK 30S,,,18.00,18,100.00%,20,,28/09/2029,,2
17,08,8,01,1,20135246,SO SOFT DETERJEN CAIR  SWEET PEONY BTL 700 ,,,54.00,54,100.00%,6,CTN,01/10/2029,S,6
17,08,8,02,1,20144230,CHARM PEMBALUT DAUN SIRIH MAXI 24S  PCK 23,,,24.00,24,100.00%,24,,01/09/2029,,1
17,09,3,01,1,20138904,KAHF AMINOGEL FACE WASH BRIGHT REVITLZG TUB 100L,,,23.00,110,20.91%,15,,31/08/2029,L,2
17,09,3,02,1,20138684,SCORA D-PANTHENOL BARRIER SHIELD MOISTURIZER POT 40L,,,1.00,100,1.00%,48,CTN,09/06/2029,,1
17,09,3,03,1,20100662,POSH BODY SPRAY PERFUMED HIJAB CHIC PURPLE WISH KLG 150L,,,16.00,80,20.00%,12,,30/09/2030,,2
17,09,3,04,1,20031233,WHISKAS CAT FOOD MACKEREL&SALMON PCK 80,,,12.00,60,20.00%,28,,16/08/2028,,1
17,09,4,01,1,20036892,INDOMARET SIKAT GIGI ULTRA SENSITIVE 1S SOFT PCS,,,16.00,68,23.53%,72,,30/09/2030,,2
17,09,4,02,1,20135246,SO SOFT DETERJEN CAIR  SWEET PEONY BTL 700 ,,,100.00,54,185.19%,6,,30/09/2029,S,6
17,09,5,01,1,20142344,WHITE INC ALPHA GLOWHITE BODY LOTION  TUB 180L,,,5.00,32,15.63%,48,,01/09/2029,,1
17,09,5,02,1,,,,,0.00,0.0,,,,,,
17,09,6,01,1,20048563,LAURIER PEMBALUT WANITA RLX NIGHT 40 WITH GATHERS WG PCK 8S,,,10.00,15,66.67%,18,,31/08/2029,,1
17,09,6,02,1,10006957,SELECTION KAPAS KECANTIKAN  PCK 75,,,5.00,6,83.33%,72,CTN,05/09/2029,L,2
17,09,7,01,1,20036892,INDOMARET SIKAT GIGI ULTRA SENSITIVE 1S SOFT PCS,,,6.00,68,8.82%,72,CTN,30/09/2030,,2
17,09,7,02,1,10004048,PEPSODENT PASTA GIGI WHITE  TUB 72/70 ,,,21.00,42,50.00%,144,,04/09/2029,L,12
17,09,8,01,1,20143926,INDOMARET ADULT DIAPERS HAPPY PANTS 3IN1 L PCK 7,,,18.00,18,100.00%,8,,01/09/2029,,1
17,09,8,02,1,20135246,SO SOFT DETERJEN CAIR  SWEET PEONY BTL 700 ,,,46.00,54,85.19%,6,CTN,01/10/2029,S,6
18,01,3,01,1,20132102,VASELINE HIJAB PROTECT GLUTA VITAMIN SPF 20 SERUM TUB 180L,,,12.00,145,8.28%,12,,01/07/2028,V,1
18,01,3,02,1,,,,,0.00,0.0,,,,,,
18,01,3,03,1,,,,,0.00,0.0,,,,,,
18,01,3,04,1,,,,,0.00,0.0,,,,,,
18,01,4,01,1,,,,,0.00,0.0,,,,,,
18,01,4,02,1,,,,,0.00,0.0,,,,,,
18,01,5,01,1,,,,,0.00,0.0,,,,,,
18,01,5,02,1,,,,,0.00,0.0,,,,,,
18,01,6,01,1,,,,,0.00,0.0,,,,,,
18,01,6,02,1,,,,,0.00,0.0,,,,,,
18,01,7,01,1,,,,,0.00,0.0,,,,,,
18,01,7,02,1,,,,,0.00,0.0,,,,,,
18,01,8,01,1,,,,,0.00,0.0,,,,,,
18,01,8,02,1,,,,,0.00,0.0,,,,,,
18,02,3,01,1,20080927,KAO BIORE BODY FOAM REFILL CHERRY SAKURA PCH 450/400L,,,8.00,91,8.79%,12,,01/06/2029,,1
18,02,3,02,1,,,,,0.00,0.0,,,,,,
18,02,3,03,1,20113111,KAO BIORE FACIAL FOAM MENS BRIGHT OIL CLEAR TUB 100,,,11.00,55,20.00%,24,,04/09/2029,,1
18,02,3,04,1,20124418,VAPE OBAT NYAMUK SPRAY FUMAKILLA SWEET POWDER KLG 240/200L,,,3.00,90,3.33%,12,,04/09/2029,,2
18,02,4,01,1,20010383,LIFEBUOY SHAMPOO ANTI DANDRUFF BTL 340L,,,10.00,56,17.86%,18,,01/09/2029,,1
18,02,4,02,1,10004034,VIXAL PEMBERSIH KAMAR MANDI EKTRA KUAT BTL 750L/720,,,51.00,51,100.00%,12,,17/08/2029,L,2
18,02,5,01,1,,,,,0.00,0.0,,,,,,
18,02,5,02,1,,,,,0.00,0.0,,,,,,
18,02,6,01,1,,,,,0.00,0.0,,,,,,
18,02,6,02,1,,,,,0.00,0.0,,,,,,
18,02,7,01,1,,,,,0.00,0.0,,,,,,
18,02,7,02,1,,,,,0.00,0.0,,,,,,
18,02,8,01,1,,,,,0.00,0.0,,,,,,
18,02,8,02,1,,,,,0.00,0.0,,,,,,
18,03,3,01,1,,,,,0.00,0.0,,,,,,
18,03,3,02,1,20110117,GLOW & LOVELY BRIGHT C GLOW FACIAL FOAM VITAMIN C TUB 100,,,22.00,100,22.00%,24,,01/01/2029,L,2
18,03,3,03,1,10003336,EMERON SHAMPOO NUTRITIVE BLACK & SHINE BTL 170L,,,42.00,140,30.00%,12,,30/09/2029,,2
18,03,3,04,1,20116823,CIPTADENT PASTA GIGI MAXI 12 PLUS JUMBO FRESHMINT TUB 225,,,10.00,80,12.50%,24,,31/08/2029,,2
18,03,4,01,1,,,,,0.00,0.0,,,,,,
18,03,4,02,1,20144230,CHARM PEMBALUT DAUN SIRIH MAXI 24S  PCK 23,,,8.00,24,33.33%,24,,01/09/2029,,1
18,03,5,01,1,,,,,0.00,0.0,,,,,,
18,03,5,02,1,,,,,0.00,0.0,,,,,,
18,03,6,01,1,,,,,0.00,0.0,,,,,,
18,03,6,02,1,,,,,0.00,0.0,,,,,,
18,03,7,01,1,,,,,0.00,0.0,,,,,,
18,03,7,02,1,,,,,0.00,0.0,,,,,,
18,03,8,01,1,20144230,CHARM PEMBALUT DAUN SIRIH MAXI 24S  PCK 23,,,18.00,24,75.00%,24,,01/09/2029,,1
18,03,8,02,1,20144230,CHARM PEMBALUT DAUN SIRIH MAXI 24S  PCK 23,,,18.00,24,75.00%,24,,01/09/2029,,1
18,04,3,01,1,20026410,INDOMARET LAP MOBIL TABUNG TRANSPARANT  PCS,,,7.00,20,35.00%,50,,01/01/2029,,1
18,04,3,02,1,20085988,LE MINERALE AIR MINERAL  BTL 1500L,,,33.00,33,100.00%,12,CTN,01/02/2028,E,24
18,04,3,03,1,20139083,HEAD &SHOULDERS SHAMPOO A/D MENTHOL DINGIN BTL 110L,,,7.00,90,7.78%,36,,01/04/2029,,1
18,04,3,04,1,,,,,0.00,0.0,,,,,,
18,04,4,01,1,20123812,EKONOMI PENCUCI PIRING POWER LIQUID SEREH PCH 650L/675,,,44.00,60,73.33%,12,,04/09/2029,L,6
18,04,4,02,1,20121430,SLEEK PENCUCI BOTOLDOT&PERLENGKAPAN BAYI BTL 150L,,,2.00,50,4.00%,36,CTN,31/07/2029,,1
18,04,5,01,1,20039156,INDOMARET/LARIS JAS HUJAN DISPOSABLE DEWASA PCK,,,6.00,1000,0.60%,240,,30/06/2027,S,12
18,04,5,02,1,20054151,HIT INSEKTISIDA SPRAY LILY BLOSSOM KLG 600/600+50,,,46.00,54,85.19%,12,,30/09/2029,L,2
18,04,6,01,1,,,,,0.00,0.0,,,,,,
18,04,6,02,1,20107240,EKONOMI PENCUCI PIRING POWER LIQUID SIWAK&JRK LIMAU PCH 650L/675,,,15.00,50,30.00%,12,,04/09/2030,,12
18,04,7,01,1,20137791,SO KLIN DETERGENT CAIR HIJAB COOL PCH 700 L,,,88.00,112,78.57%,6,CTN,30/09/2029,,2
18,04,7,02,1,20099414,SO KLIN SOFTERGENT POWDER PURPLE LAVENDER PCK 1.44/1.3,,,32.00,48,66.67%,6,CTN,04/10/2029,L,6
18,04,8,01,1,20111612,GARNIER MEN SHAMPOO COLOR 1.0 HITAM ALAMI PCK,,,13.00,35,37.14%,96,CTN,30/04/2029,,2
18,04,8,02,1,20142344,WHITE INC ALPHA GLOWHITE BODY LOTION  TUB 180L,,,3.00,32,9.38%,48,CTN,01/09/2030,,1
18,05,3,01,1,,,,,0.00,0.0,,,,,,
18,05,3,02,1,20123803,FORMULA SIKAT GIGI GENIO 3S  PCK SOFT,,,4.00,40,10.00%,72,,31/01/2029,,2
18,05,3,03,1,20095746,HARPIC PEMBERSIH KLOSET PENGHANCUR KERAK CITRUS BTL 450/405L,,,6.00,80,7.50%,12,,29/05/2029,,1
18,05,3,04,1,,,,,0.00,0.0,,,,,,
18,05,4,01,1,20091792,CHARM PEMBALUT COOLING FRESH 23 WING PCK 16/15S,,,9.00,24,37.50%,24,,28/09/2029,,2
18,05,4,02,1,20120180,SO SOFT DETERJEN CAIR NATURE FRESH/ ROSE&WATERLILY BTL 700 ,,,46.00,120,38.33%,6,,30/09/2028,L,6
18,05,5,01,1,20139457,AQUVIVA AIR MINERAL  CTN 12X250L,,,150.00,174,86.21%,1,CTN,03/03/2028,,2
18,05,5,02,1,,,,,0.00,0.0,,,,,,
18,05,6,01,1,,,,,0.00,0.0,,,,,,
18,05,6,02,1,,,,,0.00,0.0,,,,,,
18,05,7,01,1,20111611,GARNIER HAIR COLOR NATURALS 6.64 MERAH BERRY PCK,,,2.00,35,5.71%,96,CTN,01/09/2028,,1
18,05,7,02,1,20095874,MAMY POKO PANTS STANDAR 30S TIDAK GEMBUNG PCK MEDIUM,,,3.00,18,16.67%,6,CTN,23/09/2029,,1
18,05,8,01,1,20144230,CHARM PEMBALUT DAUN SIRIH MAXI 24S  PCK 23,,,24.00,24,100.00%,24,CTN,27/09/2029,,1
18,05,8,02,1,20034716,SHINZUI SABUN MANDI SKIN LIGHTENING KENSHO BAR 85/80,,,1.00,24,4.17%,144,CTN,01/09/2029,,2
18,06,3,01,1,,,,,0.00,0.0,,,,,,
18,06,3,02,1,10031156,PURBASARI LULUR MANDI BRIGHTENING BENGKOANG POT 235/200,,,18.00,60,30.00%,24,,04/09/2029,,1
18,06,3,03,1,,,,,0.00,0.0,,,,,,
18,06,3,04,1,20129838,K NATURAL WHITE BRIGHTENING+ANTIBACT BODY WASH JEJU LEMON PCH 400L,,,21.00,96,21.88%,12,,31/05/2028,,1
18,06,4,01,1,10007389,SO KLIN PEWANGI PAKAIAN REFILL PINK PCH 800/780L,,,50.00,50,100.00%,12,,04/09/2029,L,12
18,06,4,02,1,,,,,0.00,0.0,,,,,,
18,06,5,01,1,20080868,HIT INSEKTISIDA SPRAY FRESH CITRUS KLG 600/600+50,,,33.00,54,61.11%,12,,30/09/2029,,1
18,06,5,02,1,20106051,SOFTEX PEMBALUT DAUN SIRIH 23 WING PCK 30S,,,13.00,18,72.22%,20,,16/09/2029,,2
18,06,6,01,1,20130527,KAO ATTACK DETERGENT POWDER JAZ1+SOFTENER ROSE BERRY BAG 1.4/1.2 ,,,33.00,33,100.00%,6,,01/09/2029,L,2
18,06,6,02,1,10008104,SO KLIN PEWANGI PAKAIAN REFILL BLUE PCH 800/780L,,,19.00,50,38.00%,12,,04/09/2030,,6
18,06,7,01,1,20142118,BARBER DAILY STRONG COMPOUND POMADE  POT 75,,,6.00,36,16.67%,24,CTN,01/06/2029,,1
18,06,7,02,1,20099420,SO KLIN DETERGENT LIQUID VIOLET BLOSSOM PCH 1650/1450,,,16.00,55,29.09%,6,CTN,04/09/2029,,1
18,06,8,01,1,20144230,CHARM PEMBALUT DAUN SIRIH MAXI 24S  PCK 23,,,24.00,24,100.00%,24,CTN,27/09/2029,,1
18,06,8,02,1,20038203,ENZIM PASTA GIGI 40 PLUS  TUB 124,,,4.00,75,5.33%,36,CTN,30/06/2029,,1
18,07,3,01,1,,,,,0.00,0.0,,,,,,
18,07,3,02,1,10011852,HEAD &SHOULDERS SHAMPOO A/D ANTI BACTERIAL BERSIH & HARUM BTL 160/145L,,,11.00,100,11.00%,24,,01/07/2029,,1
18,07,3,03,1,,,,,0.00,0.0,,,,,,
18,07,3,04,1,20115501,KODOMO PASTA GIGI ANAK-ANAK MIXED BERRY TUB 45,,,9.00,90,10.00%,36,,01/08/2029,,2
18,07,4,01,1,20092849,SOFTEX CELANA MENSTRUASI 2S  PCK M-L,,,14.00,35,40.00%,24,,01/09/2029,,2
18,07,4,02,1,,,,,0.00,0.0,,,,,,
18,07,5,01,1,20123812,EKONOMI PENCUCI PIRING POWER LIQUID SEREH PCH 650L/675,,,50.00,60,83.33%,12,,04/09/2029,L,6
18,07,5,02,1,10036357,CASABLANCA DEODORANT ANTI-PERSPIRANT R/O MEN BLUE BTL 50L,,,24.00,300,8.00%,12,,01/09/2029,,2
18,07,6,01,1,20138108,KAO ATTACK DETERGENT POWDER JAZ1 SOFTENER PURPLE BLOSSOM BAG 1.4/1.2,,,33.00,33,100.00%,6,,17/09/2029,S,2
18,07,6,02,1,20088715,HIT INSEKTISIDA SPRAY LILY BLOSSOM KLG 400/400+40,,,54.00,54,100.00%,12,,30/09/2029,,2
18,07,7,01,1,10030924,SO KLIN DETERGENT BIO-MATIC + SOFTENER FRONT LOAD BAG 800/900,,,3.00,60,5.00%,12,CTN,01/10/2029,,1
18,07,7,02,1,20072924,BABY HAPPY  BABY DIAPERS PANTS 26S  BAG EXTRALARGE,,,24.00,32,75.00%,4,,04/09/2030,D,4
18,07,8,01,1,20135246,SO SOFT DETERJEN CAIR  SWEET PEONY BTL 700 ,,,40.00,54,74.07%,6,CTN,30/09/2029,S,6
18,07,8,02,1,20115744,PUCELLE AUDACITY LE PARFUM VALOROUS BTL 50L,,,1.00,65,1.54%,48,CTN,18/09/2029,,1
18,08,3,01,1,20121430,SLEEK PENCUCI BOTOLDOT&PERLENGKAPAN BAYI BTL 150L,,,5.00,50,10.00%,36,,01/07/2029,,1
18,08,3,02,1,20080927,KAO BIORE BODY FOAM REFILL CHERRY SAKURA PCH 450/400L,,,6.00,91,6.59%,12,,01/07/2029,,1
18,08,3,03,1,20137410,CLOSE UP SIKAT GIGI PRECISION CLEAN 2S  PCK ULTRASOFT,,,21.00,60,35.00%,36,,04/09/2029,,1
18,08,3,04,1,,,,,0.00,0.0,,,,,,
18,08,4,01,1,20123812,EKONOMI PENCUCI PIRING POWER LIQUID SEREH PCH 650L/675,,,50.00,60,83.33%,12,,04/09/2029,L,6
18,08,4,02,1,20135211,ZEN ANTI BACTERIAL BODY WASH SHISO JUNIPR BR PCH 400/380L,,,10.00,120,8.33%,24,,04/07/2030,,1
18,08,5,01,1,20134576,LIFEBUOY PENCUCI PIRING REF LEMON PCH 650L,,,20.00,40,50.00%,12,,06/09/2028,,2
18,08,5,02,1,20134769,POSH MEN EAU DE TOILETTE BLACK SUIT BTL 100L,,,77.00,155,49.68%,12,,04/09/2030,,1
18,08,6,01,1,10000482,SWALLOW KAMPER DEODORIZER BALL S-105  PCK,,,2.00,40,5.00%,12,LSN,01/09/2030,,1
18,08,6,02,1,20137023,SWEETY DRY X-PERT PANTS 38S  BAG LARGE,,,10.00,10,100.00%,8,,01/09/2029,D,2
18,08,7,01,1,20144230,CHARM PEMBALUT DAUN SIRIH MAXI 24S  PCK 23,,,8.00,24,33.33%,24,CTN,27/09/2029,,1
18,08,7,02,1,20135246,SO SOFT DETERJEN CAIR  SWEET PEONY BTL 700 ,,,19.00,54,35.19%,6,CTN,01/10/2029,S,6
18,08,8,01,1,20114021,INDOMARET FACIAL TISSUE PREMIUM 100S  PCK,,,12.00,6,200.00%,60,,18/09/2029,,6
18,08,8,02,1,20144230,CHARM PEMBALUT DAUN SIRIH MAXI 24S  PCK 23,,,5.00,24,20.83%,24,CTN,27/09/2029,,1
18,09,3,01,1,,,,,0.00,0.0,,,,,,
18,09,3,02,1,,,,,0.00,0.0,,,,,,
18,09,3,03,1,20023011,HEAD &SHOULDERS SHAMPOO A/D MENTHOL DINGIN BTL 300L,,,19.00,92,20.65%,12,,01/07/2030,,1
18,09,3,04,1,,,,,0.00,0.0,,,,,,
18,09,4,01,1,20085113,RINSO DETERJEN POWDER + MOLTO PERFUME ESSENCE BAG 770/700,,,30.00,40,75.00%,12,CTN,27/09/2028,,2
18,09,4,02,1,20135144,SUNLIGHT PENCUCI PIRING REF BIOCARE NATURE PCH 600L/600,,,48.00,50,96.00%,12,,20/09/2028,,2
18,09,5,01,1,20019342,LAURIER PEMBALUT 22.5 SLIM GUARD PCK 10S,,,6.00,80,7.50%,24,,20/08/2029,,2
18,09,5,02,1,20107240,EKONOMI PENCUCI PIRING POWER LIQUID SIWAK&JRK LIMAU PCH 650L/675,,,60.00,50,120.00%,12,,04/09/2030,,12
18,09,6,01,1,20120239,SHINZUI BODY CLEANSER SKIN LIGHTENING KIREI PCH 800/725L,,,9.00,48,18.75%,12,CTN,01/09/2029,L,1
18,09,6,02,1,20063288,PASEO FACIAL TISSUE PURE SOFT 3PLY  PCK 130S,,,9.00,10,90.00%,40,CTN,29/09/2031,,2
18,09,7,01,1,20099414,SO KLIN SOFTERGENT POWDER PURPLE LAVENDER PCK 1.44/1.3,,,1.00,48,2.08%,6,CTN,04/10/2029,L,6
18,09,7,02,1,20140804,SO KLIN DETERGENT POWDER EAU DE PARFUM FLEURS BLANCHES PCK 1.3 K,,,7.00,40,17.50%,6,CTN,01/10/2029,,2
18,09,8,01,1,20091792,CHARM PEMBALUT COOLING FRESH 23 WING PCK 16/15S,,,3.00,24,12.50%,24,CTN,27/09/2029,,2
18,09,8,02,1,20114021,INDOMARET FACIAL TISSUE PREMIUM 100S  PCK,,,12.00,6,200.00%,60,,01/09/2029,,6
19,01,3,01,1,20110967,MUJIGAE SUSU CAIR CHOCO BANANA BTL 250L,,,20.00,175,11.43%,12,CTN,04/12/2027,L,3
19,01,3,02,1,20137013,MILNA CRUNCH CHEESE  BOX 20,,,10.00,30,33.33%,24,CTN,26/05/2027,,2
19,01,3,03,0,20135311,HYDROPLUS ISOTONIC DRINK  BTL 350L,,,7.00,125,5.60%,12,CTN,13/08/2027,,2
19,01,3,04,0,20065780,FANTA SOFT DRINK STRAWBERRY PET 390L,,,99.00,104,95.19%,12,CTN,31/03/2027,,6
19,01,4,01,1,20110967,MUJIGAE SUSU CAIR CHOCO BANANA BTL 250L,,,89.00,175,50.86%,12,CTN,04/12/2027,L,3
19,01,4,02,1,20128821,COCA COLA SOFT DRINK ZERO SUGAR PET 390L,,,10.00,104,9.62%,12,CTN,31/03/2027,,12
19,01,5,01,1,20090512,KIN YOGURT DRINK BLUEBERRY BTL 200L,,,4.00,78,5.13%,24,CTN,31/07/2027,,1
19,01,5,02,1,20052629,INDOMARET AIR MINUM DENGAN OKSIGEN SPORTY BTL 600L,,,25.00,40,62.50%,24,CTN,09/09/2028,,24
19,01,6,01,1,20142467,FIT ME UP MINUMAN BERKARBONASI RELAX  BTL 160L,,,35.00,78,44.87%,24,CTN,01/08/2027,,2
19,01,6,02,1,20060207,ICHI OCHA MINUMAN TEH MELATI BTL 350L,,,29.00,65,44.62%,24,CTN,16/07/2027,,2
19,01,7,01,1,20117684,KALPA WAFER SHARE IT COKELAT KELAPA PCK 90,,,40.00,48,83.33%,16,CTN,01/08/2027,,1
19,01,7,02,1,20073380,MORINAGA SCHOOL SUSU PERTUMBUHAN 4 MADU BOX 780,,,1.00,70,1.43%,12,CTN,05/01/2028,,1
19,01,8,01,1,20141124,REGEN MINUMAN VITAMIN ORANGE BTL 300L,,,3.00,135,2.22%,12,CTN,04/10/2027,,2
19,01,8,02,1,20056219,ETERNALPLUS MINERAL WATER PH8+  BTL 500L,,,40.00,44,90.91%,20,CTN,04/09/2028,,5
19,02,3,01,1,,,,,0.00,0.0,,,,,,
19,02,3,02,1,,,,,0.00,0.0,,,,,,
19,02,3,03,0,10036891,NITTO CRACKERS PEANUT PCK 475,,,8.00,45,17.78%,12,,07/07/2027,,1
19,02,3,04,0,,,,,0.00,0.0,,,,,,
19,02,4,01,1,10038704,MEIJI BISCUIT HELLO PANDA CHOCOLATE BOX 42,,,18.00,18,100.00%,80,,01/07/2027,L,10
19,02,4,02,1,20040296,SGM EKSPLOR 3+ PRO-GRESSMAXX SUSU PERTUMBUHAN MADU BOX 900,,,32.00,32,100.00%,10,,01/07/2028,D,2
19,02,5,01,1,20084429,KIN YOGURT DRINK ORIGINAL BTL 200L,,,20.00,78,25.64%,24,CTN,31/08/2027,,1
19,02,5,02,1,20040293,SGM EKSPLOR 1+ PRO-GRESSMAXX SUSU PERTUMBUHAN VANILA BOX 900,,,32.00,32,100.00%,10,,01/07/2028,E,10
19,02,6,01,1,20084429,KIN YOGURT DRINK ORIGINAL BTL 200L,,,5.00,78,6.41%,24,CTN,31/08/2027,,1
19,02,6,02,1,20040295,SGM EKSPLOR 3+ PRO-GRESSMAXX SUSU PERTUMBUHAN VANILA BOX 900,,,31.00,32,96.88%,10,,01/07/2028,D,5
19,02,7,01,1,20084429,KIN YOGURT DRINK ORIGINAL BTL 200L,,,8.00,78,10.26%,24,CTN,31/08/2027,,1
19,02,7,02,1,20090512,KIN YOGURT DRINK BLUEBERRY BTL 200L,,,2.00,78,2.56%,24,CTN,31/07/2027,,1
19,02,8,01,1,20133220,KIN BULGARIAN YOGURT MANG-GO BTL 200,,,12.00,96,12.50%,24,CTN,31/07/2027,,1
19,02,8,02,1,20090512,KIN YOGURT DRINK BLUEBERRY BTL 200L,,,22.00,78,28.21%,24,CTN,31/07/2027,,1
19,03,3,01,1,,,,,0.00,0.0,,,,,,
19,03,3,02,1,,,,,0.00,0.0,,,,,,
19,03,3,03,0,20142903,CHOCOLATOS COATED WAFER ROLL RICH DUBAI PISTACHIO PCK 54,,,9.00,100,9.00%,24,,08/08/2027,,1
19,03,3,04,0,,,,,0.00,0.0,,,,,,
19,03,4,01,1,20055312,NABATI RICHOCO WAFER CHOCOLATE PCK 110/100,,,10.00,54,18.52%,24,,23/06/2027,,4
19,03,4,02,1,20035678,S-26 PROCAL SUSU BUBUK PERTUMBUHAN 3 VANILLA BOX 700,,,9.00,24,37.50%,12,,01/04/2028,,1
19,03,5,01,1,20134454,AQUA AIR MINERAL CUBE  CTN 24X220L,,,10.00,99,10.10%,1,CTN,10/02/2028,,1
19,03,5,02,1,20117940,KIN BULGARIAN YOGURT BLACK  BTL 200,,,26.00,78,33.33%,24,CTN,31/08/2027,,1
19,03,6,01,1,20084430,KIN YOGURT DRINK STRAWBERRY BTL 200L,,,23.00,78,29.49%,24,CTN,31/07/2027,,1
19,03,6,02,1,20094164,MIZONE ACTIVE MINUMAN ISOTONIK LYCHEE BTL 500L,,,31.00,80,38.75%,12,CTN,20/08/2027,L,12
19,03,7,01,1,20117940,KIN BULGARIAN YOGURT BLACK  BTL 200,,,2.00,78,2.56%,24,CTN,31/08/2027,,1
19,03,7,02,1,20040296,SGM EKSPLOR 3+ PRO-GRESSMAXX SUSU PERTUMBUHAN MADU BOX 900,,,32.00,32,100.00%,10,,30/06/2028,D,2
19,03,8,01,1,20047247,AQUA AIR MINERAL CLICK N GO  BTL 750L,,,26.00,40,65.00%,18,CTN,11/08/2028,L,18
19,03,8,02,1,20138837,MIZONE MINUMAN ISOTONIK COCO BOOST BTL 500L,,,51.00,72,70.83%,12,CTN,30/08/2027,L,4
19,04,3,01,1,20138655,MILNA NATURE PUFFS ORGANIC SEAWEED PCH 13,,,5.00,50,10.00%,24,,21/07/2027,,2
19,04,3,02,1,20001701,MILNA BISCUIT BAYI 6+ ORIGINAL BOX 110,,,3.00,20,15.00%,48,,05/12/2027,,1
19,04,3,03,0,10023214,FIESTA KONDOM 3S STRAWBERRY BOX,,,4.00,60,6.67%,24,BOX,28/02/2031,,1
19,04,3,04,0,10003653,MORINAGA BMT 1 LACTOFERIN  BOX 390,,,2.00,24,8.33%,24,,04/12/2027,D,1
19,04,4,01,1,20003910,NISSIN WALENS CHOCO SOES  PCK 100,,,9.00,33,27.27%,30,CTN,30/09/2027,S,5
19,04,4,02,1,10004656,SUTRA KONDOM 3S  PCK 0.02,,,10.00,2400,0.42%,24,BOX,30/11/2030,,2
19,04,5,01,1,20003910,NISSIN WALENS CHOCO SOES  PCK 100,,,10.00,33,30.30%,30,CTN,30/09/2027,S,5
19,04,5,02,1,20056930,SGM EKSPLOR 3+ PRO-GRESSMAXX SUSU PERTUMBUHAN MADU BOX 150,,,12.00,30,40.00%,48,,01/07/2028,L,3
19,04,6,01,1,20003910,NISSIN WALENS CHOCO SOES  PCK 100,,,4.00,33,12.12%,30,CTN,30/09/2027,S,5
19,04,6,02,1,10004656,SUTRA KONDOM 3S  PCK 0.02,,,18.00,2400,0.75%,24,BOX,30/11/2030,,2
19,04,7,01,1,20003910,NISSIN WALENS CHOCO SOES  PCK 100,,,7.00,33,21.21%,30,CTN,30/09/2027,S,5
19,04,7,02,1,20117684,KALPA WAFER SHARE IT COKELAT KELAPA PCK 90,,,2.00,48,4.17%,16,CTN,01/08/2027,,1
19,04,8,01,1,20117684,KALPA WAFER SHARE IT COKELAT KELAPA PCK 90,,,40.00,48,83.33%,16,CTN,01/08/2027,,1
19,04,8,02,1,10026038,SGM EKSPLOR 1+ PRO-GRESSMAXX SUSU PERTUMBUHAN MADU BOX 150,,,30.00,30,100.00%,48,,01/07/2028,S,6
19,05,3,01,1,20091579,SUTRA KONDOM FIESTA 3S GERIGI PCK,,,12.00,1000,1.20%,24,BOX,28/02/2031,,2
19,05,3,02,1,20037144,KAKI TIGA LARUTAN PENYEGAR LECI KLG 320L,,,15.00,63,23.81%,24,CTN,30/09/2029,S,4
19,05,3,03,0,20037153,KAKI TIGA LARUTAN PENYEGAR PUTIH BTL 500L,,,10.00,40,25.00%,24,CTN,30/09/2029,D,6
19,05,3,04,0,10010350,FRISIAN FLAG 1+ SUSU BUBUK PERTUMBUHAN VANILA BOX 750/700,,,3.00,20,15.00%,18,,18/02/2028,,1
19,05,4,01,1,20141328,KIN DEZZERT MILKY CHOCO MILK PCH 80,,,1.00,150,0.67%,24,CTN,30/04/2027,,1
19,05,4,02,1,20037144,KAKI TIGA LARUTAN PENYEGAR LECI KLG 320L,,,10.00,63,15.87%,24,CTN,30/09/2029,S,4
19,05,5,01,1,20022011,SUTRA KONDOM OK 3S  PCK,,,7.00,60,11.67%,24,BOX,31/10/2030,,2
19,05,5,02,1,10000206,NISSIN CRACKERS CRISPY PCK 250/225,,,30.00,30,100.00%,30,,11/09/2027,L,6
19,05,6,01,1,20022011,SUTRA KONDOM OK 3S  PCK,,,9.00,60,15.00%,24,BOX,31/10/2030,,2
19,05,6,02,1,20037147,KAKI TIGA LARUTAN PENYEGAR STROBERI KLG 320L,,,11.00,63,17.46%,24,CTN,31/08/2029,,2
19,05,7,01,1,20071686,SGM SOYA 1+ EKSPLOR PRO-GRESSMAXX MADU BOX 700,,,32.00,32,100.00%,10,CTN,25/08/2028,L,1
19,05,7,02,1,20071686,SGM SOYA 1+ EKSPLOR PRO-GRESSMAXX MADU BOX 700,,,7.00,32,21.88%,10,CTN,25/08/2028,L,1
19,05,8,01,1,20065379,SGM SOYA 1+ EKSPLOR PRO-GRESSMAXX VANILA BOX 700,,,24.00,32,75.00%,10,CTN,27/08/2028,S,1
19,05,8,02,1,20069696,OISHI SNACK POPCORN KARAMEL PCH 100,,,32.00,32,100.00%,20,CTN,04/09/2027,S,10
19,06,3,01,1,20052628,LOTTE CHOCO PIE MARSMALLOW (2S)  BOX 52,,,6.00,40,15.00%,48,,04/06/2027,,2
19,06,3,02,1,20037150,KAKI TIGA LARUTAN PENYEGAR JAMBU BIJI KLG 320L,,,6.00,63,9.52%,24,CTN,30/09/2029,,6
19,06,3,03,0,20120929,PANDA GRASS JELLY DRINK BASIL SEED KLG 310L,,,10.00,63,15.87%,24,CTN,31/08/2029,,2
19,06,3,04,0,20120929,PANDA GRASS JELLY DRINK BASIL SEED KLG 310L,,,6.00,63,9.52%,24,CTN,31/08/2029,,2
19,06,4,01,1,20037153,KAKI TIGA LARUTAN PENYEGAR PUTIH BTL 500L,,,1.00,40,2.50%,24,CTN,30/09/2029,D,6
19,06,4,02,1,20046319,PANDA GRASS JELLY DRINK  KLG 310L,,,7.00,63,11.11%,24,CTN,31/08/2029,S,6
19,06,5,01,1,20037153,KAKI TIGA LARUTAN PENYEGAR PUTIH BTL 500L,,,9.00,40,22.50%,24,CTN,30/09/2029,D,6
19,06,5,02,1,20046319,PANDA GRASS JELLY DRINK  KLG 310L,,,5.00,63,7.94%,24,CTN,30/09/2029,S,6
19,06,6,01,1,20037150,KAKI TIGA LARUTAN PENYEGAR JAMBU BIJI KLG 320L,,,18.00,63,28.57%,24,CTN,31/08/2029,,6
19,06,6,02,1,20069199,KAKI TIGA LARUTAN PENYEGAR COOLTOPIA LEMON LIME KLG 320L,,,5.00,72,6.94%,24,CTN,30/09/2029,,2
19,06,7,01,1,20069844,OISHI SNACK POPCORN COKLAT PCH 100,,,32.00,60,53.33%,20,CTN,04/09/2027,,4
19,06,7,02,1,20097781,KEBON AGUNG GULA KRISTAL PUTIH  PCK 1,,,28.00,28,100.00%,24,CTN,01/09/2028,,24
19,06,8,01,1,20040301,SGM EKSPLOR 3+ PRO-GRESSMAXX SUSU PERTUMBUHAN VANILA BOX 400/350,,,22.00,32,68.75%,21,CTN,15/09/2028,,1
19,06,8,02,1,20097781,KEBON AGUNG GULA KRISTAL PUTIH  PCK 1,,,28.00,28,100.00%,24,CTN,01/09/2028,,24
19,07,3,01,1,20120929,PANDA GRASS JELLY DRINK BASIL SEED KLG 310L,,,6.00,63,9.52%,24,CTN,31/08/2029,,2
19,07,3,02,1,20135619,TEBS ZERO SPARKLING LYCHEE BTL 300L,,,7.00,110,6.36%,12,CTN,30/09/2028,,3
19,07,3,03,0,20045995,KAKI TIGA LARUTAN PENYEGAR ANAK STROBERI KLG 250/238L,,,5.00,90,5.56%,24,CTN,30/09/2029,,2
19,07,3,04,0,20045995,KAKI TIGA LARUTAN PENYEGAR ANAK STROBERI KLG 250/238L,,,22.00,90,24.44%,24,CTN,30/09/2029,,2
19,07,4,01,1,20140126,NEXTAR CHEESECAKE PIE STRW CHEES CAKE BOX 6X24,,,15.00,42,35.71%,10,,29/08/2027,,1
19,07,4,02,1,20133324,PROMINA SNACK RICE CRACKERS BEEF BROCCOLI  BOX 20,,,15.00,30,50.00%,24,,01/07/2027,,1
19,07,5,01,1,20071686,SGM SOYA 1+ EKSPLOR PRO-GRESSMAXX MADU BOX 700,,,10.00,32,31.25%,10,,08/08/2028,L,1
19,07,5,02,1,20066455,SOSRO FRUIT TEA APPLE BTL 350L,,,41.00,125,32.80%,12,CTN,30/09/2027,L,12
19,07,6,01,1,20003698,SOSRO FRUIT TEA X-TREME APEL-BLACKCRRNT BTL 500L,,,9.00,40,22.50%,24,CTN,31/08/2027,,3
19,07,6,02,1,20036157,SOSRO TEH BOTOL JASMINE TEA BTL 450L,,,22.00,40,55.00%,24,CTN,30/06/2027,S,8
19,07,7,01,1,20135619,TEBS ZERO SPARKLING LYCHEE BTL 300L,,,20.00,110,18.18%,12,CTN,11/06/2027,,3
19,07,7,02,1,20134246,KAKI TIGA LARUTAN PENYEGAR PUTIH BTL 350L,,,6.00,40,15.00%,24,CTN,31/08/2029,,2
19,07,8,01,1,20135619,TEBS ZERO SPARKLING LYCHEE BTL 300L,,,1.00,110,0.91%,12,CTN,11/06/2027,,3
19,07,8,02,1,20134246,KAKI TIGA LARUTAN PENYEGAR PUTIH BTL 350L,,,9.00,40,22.50%,24,CTN,30/09/2029,,2
19,08,3,01,1,20001701,MILNA BISCUIT BAYI 6+ ORIGINAL BOX 110,,,3.00,20,15.00%,48,,02/01/2028,,1
19,08,3,02,1,10000175,NISSIN WAFER CHOCOLATE PCK 110,,,4.00,39,10.26%,30,,15/08/2027,,2
19,08,3,03,0,10036842,COLATTA DARK COMPOUND CHOCOLATE PCK 250,,,12.00,80,15.00%,24,,04/07/2028,,1
19,08,3,04,0,20139700,PRISTINE 8.6+ AIR MINERAL  BTL 1500L,,,33.00,33,100.00%,12,CTN,01/09/2028,L,12
19,08,4,01,1,20139700,PRISTINE 8.6+ AIR MINERAL  BTL 1500L,,,33.00,33,100.00%,12,CTN,01/09/2028,L,12
19,08,4,02,1,20139700,PRISTINE 8.6+ AIR MINERAL  BTL 1500L,,,33.00,33,100.00%,12,CTN,01/09/2028,L,12
19,08,5,01,1,20139700,PRISTINE 8.6+ AIR MINERAL  BTL 1500L,,,33.00,33,100.00%,12,CTN,01/09/2028,L,12
19,08,5,02,1,20139700,PRISTINE 8.6+ AIR MINERAL  BTL 1500L,,,33.00,33,100.00%,12,CTN,01/09/2028,L,12
19,08,6,01,1,20139700,PRISTINE 8.6+ AIR MINERAL  BTL 1500L,,,33.00,33,100.00%,12,CTN,01/09/2028,L,12
19,08,6,02,1,20139700,PRISTINE 8.6+ AIR MINERAL  BTL 1500L,,,33.00,33,100.00%,12,CTN,01/09/2028,L,12
19,08,7,01,1,20139700,PRISTINE 8.6+ AIR MINERAL  BTL 1500L,,,33.00,33,100.00%,12,CTN,01/09/2028,L,12
19,08,7,02,1,20139700,PRISTINE 8.6+ AIR MINERAL  BTL 1500L,,,33.00,33,100.00%,12,CTN,01/09/2028,L,12
19,08,8,01,1,20139700,PRISTINE 8.6+ AIR MINERAL  BTL 1500L,,,33.00,33,100.00%,12,CTN,01/09/2028,L,12
19,08,8,02,1,20139700,PRISTINE 8.6+ AIR MINERAL  BTL 1500L,,,33.00,33,100.00%,12,CTN,01/09/2028,L,12
19,09,3,01,1,20139700,PRISTINE 8.6+ AIR MINERAL  BTL 1500L,,,33.00,33,100.00%,12,CTN,01/09/2028,L,12
19,09,3,02,1,10036942,MONDE BISCUIT SOFT PIE STRAWBERI PCK 85,,,6.00,65,9.23%,24,,10/07/2027,,1
19,09,3,03,0,20002205,SOSRO FRUIT TEA BLACKCURRANT BTL 500L,,,25.00,40,62.50%,24,CTN,30/09/2029,L,2
19,09,3,04,0,20142024,KAKI TIGA LARUTAN PENYEGAR COOLTOPIA MELON ORANGE KLG 320L,,,4.00,63,6.35%,24,CTN,30/09/2029,,2
19,09,4,01,1,10021949,PROMINA BUBUR BAYI TIM DAGING&BROKOLI BOX 100,,,5.00,32,15.63%,24,,06/02/2028,,2
19,09,4,02,1,20139700,PRISTINE 8.6+ AIR MINERAL  BTL 1500L,,,22.00,33,66.67%,12,CTN,01/09/2028,L,12
19,09,5,01,1,20040298,SGM ANANDA 2 FORMULA BAYI BUBUK 6 -12 BULAN BOX 1000,,,12.00,32,37.50%,10,,09/09/2028,E,2
19,09,5,02,1,20069696,OISHI SNACK POPCORN KARAMEL PCH 100,,,32.00,32,100.00%,20,CTN,04/09/2027,S,10
19,09,6,01,1,20139700,PRISTINE 8.6+ AIR MINERAL  BTL 1500L,,,33.00,33,100.00%,12,CTN,01/09/2028,L,12
19,09,6,02,1,20040298,SGM ANANDA 2 FORMULA BAYI BUBUK 6 -12 BULAN BOX 1000,,,17.00,32,53.13%,10,,09/09/2028,E,2
19,09,7,01,1,20139700,PRISTINE 8.6+ AIR MINERAL  BTL 1500L,,,33.00,33,100.00%,12,CTN,01/09/2028,L,12
19,09,7,02,1,20136285,BEBELOVE 2 SUSU FORMULA LANJUTAN 6-12 BLN  BOX 600,,,19.00,32,59.38%,12,,28/12/2027,S,1
19,09,8,01,1,20139700,PRISTINE 8.6+ AIR MINERAL  BTL 1500L,,,33.00,33,100.00%,12,CTN,01/09/2028,L,12
19,09,8,02,1,20139700,PRISTINE 8.6+ AIR MINERAL  BTL 1500L,,,17.00,33,51.52%,12,CTN,01/09/2028,L,12
20,01,3,01,1,,,,,0.00,0.0,,,,,,
20,01,3,02,1,,,,,0.00,0.0,,,,,,
20,01,3,03,0,,,,,0.00,0.0,,,,,,
20,01,3,04,0,,,,,0.00,0.0,,,,,,
20,01,4,01,1,,,,,0.00,0.0,,,,,,
20,01,4,02,1,,,,,0.00,0.0,,,,,,
20,01,5,01,1,,,,,0.00,0.0,,,,,,
20,01,5,02,1,,,,,0.00,0.0,,,,,,
20,01,6,01,1,,,,,0.00,0.0,,,,,,
20,01,6,02,1,,,,,0.00,0.0,,,,,,
20,01,7,01,1,,,,,0.00,0.0,,,,,,
20,01,7,02,1,,,,,0.00,0.0,,,,,,
20,01,8,01,1,,,,,0.00,0.0,,,,,,
20,01,8,02,1,,,,,0.00,0.0,,,,,,
20,02,3,01,1,20076573,NEXTAR CHOCO BROWNIES  BOX 8X9,,,4.00,54,7.41%,30,,07/07/2027,,2
20,02,3,02,1,20138461,NABATI RICHEESE WAFER STICK ROLLS STRAWBERRY BOX 55,,,8.00,50,16.00%,30,,30/05/2027,,2
20,02,3,03,0,,,,,0.00,0.0,,,,,,
20,02,3,04,0,,,,,0.00,0.0,,,,,,
20,02,4,01,1,,,,,0.00,0.0,,,,,,
20,02,4,02,1,10031256,SUN BUBUR SEREAL SUSU AYAM KAMP&BAYAM BOX 120,,,25.00,50,50.00%,24,,28/07/2028,,6
20,02,5,01,1,20090042,VIDORAN XMART1+ SUSU PERTUMBUHAN VANILA BOX 700,,,24.00,24,100.00%,12,,31/01/2028,L,1
20,02,5,02,1,20140126,NEXTAR CHEESECAKE PIE STRW CHEES CAKE BOX 6X24,,,16.00,42,38.10%,10,,30/06/2027,,1
20,02,6,01,1,20140126,NEXTAR CHEESECAKE PIE STRW CHEES CAKE BOX 6X24,,,29.00,42,69.05%,10,,04/11/2027,,1
20,02,6,02,1,20055312,NABATI RICHOCO WAFER CHOCOLATE PCK 110/100,,,80.00,54,148.15%,24,,23/06/2027,,4
20,02,7,01,1,,,,,0.00,0.0,,,,,,
20,02,7,02,1,10025848,NUTRICIA NUTRILON ROYAL 3 VANILLA BOX 400,,,12.00,20,60.00%,24,,04/02/2028,S,1
20,02,8,01,1,,,,,0.00,0.0,,,,,,
20,02,8,02,1,,,,,0.00,0.0,,,,,,
20,03,3,01,1,20138461,NABATI RICHEESE WAFER STICK ROLLS STRAWBERRY BOX 55,,,13.00,50,26.00%,30,,31/05/2027,,2
20,03,3,02,1,,,,,0.00,0.0,,,,,,
20,03,3,03,0,20019815,TROPICANA SLIM SWEETENER NO CALORI DIABETICS BOX 50X1.8,,,4.00,39,10.26%,24,,01/06/2029,L,1
20,03,3,04,0,,,,,0.00,0.0,,,,,,
20,03,4,01,1,20117985,VIDORAN XMART5+ SUSU PERTUMBUHAN MADU BOX 700,,,12.00,18,66.67%,12,,20/09/2027,,1
20,03,4,02,1,20040296,SGM EKSPLOR 3+ PRO-GRESSMAXX SUSU PERTUMBUHAN MADU BOX 900,,,16.00,32,50.00%,10,,30/06/2028,D,2
20,03,5,01,1,10009495,DANCOW FORTIGRO SUSU BUBUK FULL CREAM BOX 390,,,16.00,30,53.33%,24,,05/03/2028,,1
20,03,5,02,1,20140181,KAPAL API KOPI BUBUK SPECIAL MERAH  PCK 250,,,34.00,50,68.00%,9,,03/09/2027,,1
20,03,6,01,1,20136934,LOTTE CHOCO PIE MARSMALLOW (6S) STRAWBERRY BOX 156,,,25.00,40,62.50%,16,,27/07/2027,,1
20,03,6,02,1,20129863,ARNOTTS NYAM NYAM SMILEY COKELAT BOX 45,,,21.00,60,35.00%,36,,30/09/2027,,2
20,03,7,01,1,20139391,NEXTAR CHOCOLATE PIE  BOX 6X24,,,36.00,36,100.00%,10,,11/07/2027,,2
20,03,7,02,1,20090042,VIDORAN XMART1+ SUSU PERTUMBUHAN VANILA BOX 700,,,10.00,24,41.67%,12,,31/01/2028,L,1
20,03,8,01,1,,,,,0.00,0.0,,,,,,
20,03,8,02,1,20137013,MILNA CRUNCH CHEESE  BOX 20,,,10.00,30,33.33%,24,,18/04/2027,,2
20,04,3,01,1,20071797,NEXTAR NASTAR COOKIES PINEAPPLE BOX 8X9,,,26.00,40,65.00%,30,,01/07/2028,,2
20,04,3,02,1,20096589,SEDAAP MIE MIE INSTANT GORENG PCK 5X91,,,50.00,52,96.15%,8,CTN,01/05/2027,E,8
20,04,3,03,0,20065096,GERY CRACKERS MALKIST SALUUT KEJU PCK 110/100,,,8.00,60,13.33%,30,,31/08/2027,,6
20,04,3,04,0,20002988,KUSUKA KERIPIK SINGKONG AYAM LADA HITAM PCK 60,,,12.00,18,66.67%,30,CTN,21/09/2027,,2
20,04,4,01,1,20132986,SEDAAP MIE TASTY BAKMI AYAM CHCKEN TERIYAKI BOX 120,,,33.00,55,60.00%,12,,01/04/2027,,2
20,04,4,02,1,20102392,SARIWANGI TEH CELUP ASLI BOX 30X1.85,,,20.00,40,50.00%,48,,28/07/2028,,2
20,04,5,01,1,20139391,NEXTAR CHOCOLATE PIE  BOX 6X24,,,36.00,36,100.00%,10,,10/08/2027,,2
20,04,5,02,1,10013569,FRISIAN FLAG 3+ SUSU BUBUK PERTUMBUHAN VANILA BOX 750/700,,,6.00,25,24.00%,18,,29/02/2028,,1
20,04,6,01,1,20040312,SGM ANANDA 2 FORMULA BAYI BUBUK 6 -12 BULAN BOX 400,,,20.00,24,83.33%,24,,31/08/2028,S,2
20,04,6,02,1,20040293,SGM EKSPLOR 1+ PRO-GRESSMAXX SUSU PERTUMBUHAN VANILA BOX 900,,,16.00,32,50.00%,10,,19/09/2028,E,10
20,04,7,01,1,20068906,FRISIAN FLAG SUSU KENTAL MANIS COKELAT PCH 535,,,50.00,50,100.00%,24,CTN,01/05/2027,D,12
20,04,7,02,1,10015651,DANCOW 3+ SUSU BUBUK PRTCTS PROBIO VANILA BOX 350,,,18.00,24,75.00%,24,,01/01/2028,,1
20,04,8,01,1,20069696,OISHI SNACK POPCORN KARAMEL PCH 100,,,2.00,32,6.25%,20,CTN,04/09/2027,S,10
20,04,8,02,1,20002988,KUSUKA KERIPIK SINGKONG AYAM LADA HITAM PCK 60,,,18.00,18,100.00%,30,CTN,21/09/2027,,2
20,05,3,01,1,20113345,LACTOGROW PRO1+ SUSU PERTUMBUHAN VANILA BOX 350,,,5.00,24,20.83%,24,,04/03/2028,,2
20,05,3,02,1,20122278,SOSRO TEH BOTOL LESS SUGAR JASMINE TEA BTL 350L,,,1.00,110,0.91%,12,CTN,30/09/2029,L,12
20,05,3,03,0,20136516,INDOMARET SNACK KACANG ATOM CABE HIJAU PCK 120,,,5.00,27,18.52%,35,CTN,07/09/2027,,1
20,05,3,04,0,20091350,ROMA MARIE GOLD  PCK 220+22,,,6.00,24,25.00%,24,CTN,15/09/2027,,1
20,05,4,01,1,20088416,INDOMARET SNACK SUMPIA UDANG  PCK 125,,,10.00,27,37.04%,30,CTN,05/09/2027,,1
20,05,4,02,1,20027848,ZEE SUSU BUBUK KRUNCHZEE SWIZZ CHOCOLATE BOX 340,,,31.00,40,77.50%,12,,04/09/2028,S,2
20,05,5,01,1,20066494,SGM EKSPLOR 5+ PRO-GRESSMAXX SUSU PERTUMBUHAN MADU BOX 900,,,15.00,32,46.88%,10,,14/09/2028,S,5
20,05,5,02,1,20040298,SGM ANANDA 2 FORMULA BAYI BUBUK 6 -12 BULAN BOX 1000,,,20.00,32,62.50%,10,,09/09/2028,E,2
20,05,6,01,1,20040296,SGM EKSPLOR 3+ PRO-GRESSMAXX SUSU PERTUMBUHAN MADU BOX 900,,,32.00,32,100.00%,10,,31/08/2028,D,2
20,05,6,02,1,20040297,SGM ANANDA 1 FORMULA BAYI BUBUK 0-6 BULAN BOX 1000,,,32.00,32,100.00%,10,,09/09/2028,E,2
20,05,7,01,1,20040293,SGM EKSPLOR 1+ PRO-GRESSMAXX SUSU PERTUMBUHAN VANILA BOX 900,,,13.00,32,40.63%,10,,06/09/2028,E,10
20,05,7,02,1,20027850,ZEE SUSU BUBUK KRUNCHZEE VANILLA TWIST BOX 340,,,42.00,40,105.00%,12,,04/12/2027,,2
20,05,8,01,1,10033018,ROMA CRACKERS MALKIST  BAG 168,,,26.00,44,59.09%,12,CTN,01/08/2027,,1
20,05,8,02,1,20117985,VIDORAN XMART5+ SUSU PERTUMBUHAN MADU BOX 700,,,15.00,18,83.33%,12,,31/01/2028,,1
20,06,3,01,1,20134695,PROMINA SNACK RICE CRACKERS MIXED BERRIES BOX 20,,,21.00,112,18.75%,24,,01/07/2027,,2
20,06,3,02,1,20131788,MAMA LEMON CAIRAN PENCUCI PIRING JERUK NIPIS PCH 950/920 ,,,55.00,55,100.00%,6,CTN,01/10/2029,S,6
20,06,3,03,0,20131788,MAMA LEMON CAIRAN PENCUCI PIRING JERUK NIPIS PCH 950/920 ,,,55.00,55,100.00%,6,CTN,01/10/2029,S,6
20,06,3,04,0,10004490,MEIJI BISCUIT HELLO PANDA STRAWBERRY BOX 42,,,6.00,18,33.33%,80,,20/07/2027,L,10
20,06,4,01,1,20052907,MILO HEALTY DRINK ENERGY ACTIGEN-E PCK 790,,,14.00,28,50.00%,12,,04/11/2027,,1
20,06,4,02,1,20082394,VIDORAN XMART3+ SUSU PERTUMBUHAN MADU BOX 700,,,24.00,18,133.33%,12,,01/01/2028,,1
20,06,5,01,1,20082394,VIDORAN XMART3+ SUSU PERTUMBUHAN MADU BOX 700,,,14.00,18,77.78%,12,,01/01/2028,,1
20,06,5,02,1,20027850,ZEE SUSU BUBUK KRUNCHZEE VANILLA TWIST BOX 340,,,36.00,40,90.00%,12,,01/11/2027,,2
20,06,6,01,1,20098370,VIDORAN XMART1+ SUSU PERTUMBUHAN MADU BOX 350/325,,,20.00,20,100.00%,24,,01/12/2027,L,2
20,06,6,02,1,20117985,VIDORAN XMART5+ SUSU PERTUMBUHAN MADU BOX 700,,,24.00,18,133.33%,12,,01/03/2028,,1
20,06,7,01,1,20040298,SGM ANANDA 2 FORMULA BAYI BUBUK 6 -12 BULAN BOX 1000,,,32.00,32,100.00%,10,,09/02/2028,E,2
20,06,7,02,1,20040301,SGM EKSPLOR 3+ PRO-GRESSMAXX SUSU PERTUMBUHAN VANILA BOX 400/350,,,22.00,32,68.75%,21,,15/09/2028,,1
20,06,8,01,1,10033018,ROMA CRACKERS MALKIST  BAG 168,,,36.00,44,81.82%,12,CTN,01/08/2027,,1
20,06,8,02,1,10026038,SGM EKSPLOR 1+ PRO-GRESSMAXX SUSU PERTUMBUHAN MADU BOX 150,,,30.00,30,100.00%,48,,11/09/2028,S,6
20,07,3,01,1,20042444,PRENAGEN MOMMY EMESIS SUSU BUBUK IBU HAMIL COKLAT BOX 360,,,2.00,40,5.00%,12,,04/01/2028,,1
20,07,3,02,1,20138171,PROMINA MELTY BUNS STRAWBERRY BOX 42,,,5.00,36,13.89%,24,,30/05/2027,,2
20,07,3,03,0,20138462,NABATI RICHEESE WAFER STRAWBERY BOX 122,,,39.00,65,60.00%,24,,18/06/2027,,2
20,07,3,04,0,20143270,GOLDA COFFEE DRINK AREN LATTE BTL 200L,,,65.00,186,34.95%,12,CTN,15/06/2027,,12
20,07,4,01,1,20090437,VIDORAN XMART3+ SUSU PERTUMBUHAN VANILA BOX 700,,,24.00,24,100.00%,12,,01/01/2028,,1
20,07,4,02,1,20143270,GOLDA COFFEE DRINK AREN LATTE BTL 200L,,,65.00,186,34.95%,12,CTN,15/06/2027,,12
20,07,5,01,1,20082394,VIDORAN XMART3+ SUSU PERTUMBUHAN MADU BOX 700,,,24.00,18,133.33%,12,,01/01/2028,,1
20,07,5,02,1,20040296,SGM EKSPLOR 3+ PRO-GRESSMAXX SUSU PERTUMBUHAN MADU BOX 900,,,18.00,32,56.25%,10,,31/08/2028,D,2
20,07,6,01,1,20098227,KAPAL API KOPI BUBUK SPECIAL MERAH PCK 350,,,25.00,50,50.00%,9,,10/09/2027,L,3
20,07,6,02,1,20047323,SGM ANANDA 1 FORMULA BAYI BUBUK 0-6 BULAN BOX 600/550,,,32.00,32,100.00%,12,,03/09/2028,D,2
20,07,7,01,1,20098370,VIDORAN XMART1+ SUSU PERTUMBUHAN MADU BOX 350/325,,,10.00,20,50.00%,24,,01/12/2027,L,2
20,07,7,02,1,20143270,GOLDA COFFEE DRINK AREN LATTE BTL 200L,,,56.00,186,30.11%,12,CTN,15/06/2027,,12
20,07,8,01,1,20033353,HILO SCHOOL SUSU BUBUK HI-CALCIUM CHOCOLATE BOX 250,,,8.00,70,11.43%,12,CTN,28/08/2028,L,1
20,07,8,02,1,20143270,GOLDA COFFEE DRINK AREN LATTE BTL 200L,,,65.00,186,34.95%,12,CTN,15/06/2027,,12
20,08,3,01,1,10008484,ANCHOR BONEETO SUSU BUBUK HI-CALCIUM CHOCO BOX 685,,,4.00,24,16.67%,12,,03/12/2027,,1
20,08,3,02,1,20143270,GOLDA COFFEE DRINK AREN LATTE BTL 200L,,,65.00,186,34.95%,12,CTN,15/06/2027,,12
20,08,3,03,0,20021935,MAX TEA INSTANT DRINK TARIKK  BOX 5X25,,,8.00,45,17.78%,24,,31/01/2028,,1
20,08,3,04,0,20098371,VIDORAN XMART3+ SUSU PERTUMBUHAN MADU BOX 350/325,,,6.00,20,30.00%,24,,01/03/2028,,1
20,08,4,01,1,20076573,NEXTAR CHOCO BROWNIES  BOX 8X9,,,50.00,54,92.59%,30,,04/09/2027,,2
20,08,4,02,1,20070110,VIDORAN XMART1+ SUSU PERTUMBUHAN MADU BOX 700,,,24.00,18,133.33%,12,,27/02/2028,L,1
20,08,5,01,1,10022197,SUN BUBUR SUSU (EKONOMIS) PISANG PCK 120,,,24.00,91,26.37%,24,,10/08/2028,,2
20,08,5,02,1,20047323,SGM ANANDA 1 FORMULA BAYI BUBUK 0-6 BULAN BOX 600/550,,,16.00,32,50.00%,12,,01/04/2028,D,2
20,08,6,01,1,20101825,VIDORAN XMART1+ SUSU PERTUMBUHAN MADU BOX 925/900,,,24.00,24,100.00%,12,,29/03/2028,D,2
20,08,6,02,1,20143270,GOLDA COFFEE DRINK AREN LATTE BTL 200L,,,44.00,186,23.66%,12,CTN,15/06/2027,,12
20,08,7,01,1,20073380,MORINAGA SCHOOL SUSU PERTUMBUHAN 4 MADU BOX 780,,,17.00,70,24.29%,12,,01/12/2027,,1
20,08,7,02,1,20090437,VIDORAN XMART3+ SUSU PERTUMBUHAN VANILA BOX 700,,,13.00,24,54.17%,12,CTN,01/01/2028,,1
20,08,8,01,1,10006262,DANCOW 1+ SUSU BUBUK PRTCTS PROBIO MADU BOX 750,,,32.00,32,100.00%,12,,04/03/2028,S,2
20,08,8,02,1,20143270,GOLDA COFFEE DRINK AREN LATTE BTL 200L,,,65.00,186,34.95%,12,CTN,15/06/2027,,12
20,09,3,01,1,20062839,GLICO BISCUIT POCKY MATCHA BOX 33/35,,,3.00,24,12.50%,120,,01/10/2027,,10
20,09,3,02,1,20057865,GLICO BISCUIT POCKY DOUBLE CHOCO BOX 47/39,,,9.00,18,50.00%,120,,01/10/2027,,10
20,09,3,03,0,20101825,VIDORAN XMART1+ SUSU PERTUMBUHAN MADU BOX 925/900,,,10.00,24,41.67%,12,,31/03/2028,D,2
20,09,3,04,0,20052311,DIAMOND SUSU UHT FULL CREAM TPK 1000L,,,38.00,56,67.86%,12,CTN,20/09/2027,S,12
20,09,4,01,1,20052630,LOTTE CHOCO PIE MARSMALLOW (6S)  BOX 156,,,30.00,40,75.00%,16,,20/08/2027,L,2
20,09,4,02,1,20019815,TROPICANA SLIM SWEETENER NO CALORI DIABETICS BOX 50X1.8,,,8.00,39,20.51%,24,,01/06/2029,L,1
20,09,5,01,1,20014071,FRISIAN FLAG SUSU CAIR UHT CHOCOLATE TPK 946L,,,56.00,80,70.00%,12,CTN,01/05/2027,,3
20,09,5,02,1,20108987,V-SOY SOYA BEAN MILK MULTI-GRAIN  TPK 200L,,,13.00,54,24.07%,48,CTN,01/06/2027,,4
20,09,6,01,1,20014071,FRISIAN FLAG SUSU CAIR UHT CHOCOLATE TPK 946L,,,37.00,80,46.25%,12,CTN,01/05/2027,,3
20,09,6,02,1,20137977,DIAMOND SUSU UHT BUBBLE GUM TPK 200L,,,3.00,144,2.08%,24,CTN,25/07/2027,,2
20,09,7,01,1,20087024,SGM EKSPLOR 3+ PRO-GRESSMAXX SUSU PERTUMBUHAN MADU BOX 600,,,18.00,32,56.25%,12,,11/07/2028,,1
20,09,7,02,1,20106381,VIDORAN XMART3+ SUSU PERTUMBUHAN MADU BOX 925/900,,,9.00,18,50.00%,12,,01/02/2028,D,2
20,09,8,01,1,20048096,V-SOY SOYA BEAN MILK MULTI GRAIN  BTL 300L,,,40.00,720,5.56%,24,CTN,01/09/2027,S,6
20,09,8,02,1,10036685,NUTELLA JAM SPREAD KECIL HAZELNUT BTL 200,,,9.00,108,8.33%,12,CTN,18/04/2027,L,1
21,01,3,01,1,,,,,0.00,0.0,,,,,,
21,01,3,02,1,,,,,0.00,0.0,,,,,,
21,01,3,03,0,,,,,0.00,0.0,,,,,,
21,01,3,04,0,,,,,0.00,0.0,,,,,,
21,01,4,01,1,,,,,0.00,0.0,,,,,,
21,01,4,02,1,,,,,0.00,0.0,,,,,,
21,01,5,01,1,,,,,0.00,0.0,,,,,,
21,01,5,02,1,,,,,0.00,0.0,,,,,,
21,01,6,01,1,,,,,0.00,0.0,,,,,,
21,01,6,02,1,,,,,0.00,0.0,,,,,,
21,01,7,01,1,,,,,0.00,0.0,,,,,,
21,01,7,02,1,,,,,0.00,0.0,,,,,,
21,01,8,01,1,,,,,0.00,0.0,,,,,,
21,01,8,02,1,,,,,0.00,0.0,,,,,,
21,02,3,01,1,10036931,MONDE BUTTER COOKIES  PCK 150,,,8.00,50,16.00%,20,,27/07/2027,,1
21,02,3,02,1,,,,,0.00,0.0,,,,,,
21,02,3,03,0,,,,,0.00,0.0,,,,,,
21,02,3,04,0,,,,,0.00,0.0,,,,,,
21,02,4,01,1,,,,,0.00,0.0,,,,,,
21,02,4,02,1,,,,,0.00,0.0,,,,,,
21,02,5,01,1,20040293,SGM EKSPLOR 1+ PRO-GRESSMAXX SUSU PERTUMBUHAN VANILA BOX 900,,,18.00,32,56.25%,10,,01/05/2028,E,10
21,02,5,02,1,20065379,SGM SOYA 1+ EKSPLOR PRO-GRESSMAXX VANILA BOX 700,,,24.00,32,75.00%,10,,27/08/2028,S,1
21,02,6,01,1,20106381,VIDORAN XMART3+ SUSU PERTUMBUHAN MADU BOX 925/900,,,24.00,18,133.33%,12,,01/02/2028,D,2
21,02,6,02,1,20117985,VIDORAN XMART5+ SUSU PERTUMBUHAN MADU BOX 700,,,8.00,18,44.44%,12,,11/11/2027,,1
21,02,7,01,1,20140126,NEXTAR CHEESECAKE PIE STRW CHEES CAKE BOX 6X24,,,36.00,42,85.71%,10,,28/08/2027,,1
21,02,7,02,1,,,,,0.00,0.0,,,,,,
21,02,8,01,1,,,,,0.00,0.0,,,,,,
21,02,8,02,1,,,,,0.00,0.0,,,,,,
21,03,3,01,1,,,,,0.00,0.0,,,,,,
21,03,3,02,1,,,,,0.00,0.0,,,,,,
21,03,3,03,0,,,,,0.00,0.0,,,,,,
21,03,3,04,0,,,,,0.00,0.0,,,,,,
21,03,4,01,1,20090042,VIDORAN XMART1+ SUSU PERTUMBUHAN VANILA BOX 700,,,17.00,24,70.83%,12,,31/01/2028,L,1
21,03,4,02,1,20102392,SARIWANGI TEH CELUP ASLI BOX 30X1.85,,,10.00,40,25.00%,48,,04/04/2028,,2
21,03,5,01,1,20094693,SEDAAP MIE TASTY BAKMI AYAM RP 5.500-  BOX 129,,,44.00,55,80.00%,12,,30/06/2027,,2
21,03,5,02,1,20052628,LOTTE CHOCO PIE MARSMALLOW (2S)  BOX 52,,,40.00,40,100.00%,48,,24/07/2027,,2
21,03,6,01,1,10011507,ANCHOR BONEETO SUSU BUBUK HI-CALCIUM VANILLA BOX 685,,,14.00,24,58.33%,12,,20/01/2028,,1
21,03,6,02,1,20087024,SGM EKSPLOR 3+ PRO-GRESSMAXX SUSU PERTUMBUHAN MADU BOX 600,,,27.00,32,84.38%,12,,05/09/2028,,1
21,03,7,01,1,20094693,SEDAAP MIE TASTY BAKMI AYAM RP 5.500-  BOX 129,,,55.00,55,100.00%,12,,04/06/2027,,2
21,03,7,02,1,20077508,SGM EKSPLOR 1+ PRO-GRESSMAXX SUSU PERTUMBUHAN VANILA BOX 600,,,30.00,32,93.75%,12,,09/09/2028,D,6
21,03,8,01,1,20139391,NEXTAR CHOCOLATE PIE  BOX 6X24,,,40.00,36,111.11%,10,,04/08/2027,,2
21,03,8,02,1,20139391,NEXTAR CHOCOLATE PIE  BOX 6X24,,,36.00,36,100.00%,10,,04/08/2027,,2
21,04,3,01,1,20129961,MISTER POTATO SNACK CRISPS ORIGINAL KLG 35,,,7.00,68,10.29%,24,CTN,14/07/2027,L,4
21,04,3,02,1,,,,,0.00,0.0,,,,,,
21,04,3,03,0,20130543,CHOCOLITO MINI COOKIES CHOCOCHIPS ORIGINAL BOX 38,,,4.00,24,16.67%,48,,04/10/2027,,2
21,04,3,04,0,,,,,0.00,0.0,,,,,,
21,04,4,01,1,20139391,NEXTAR CHOCOLATE PIE  BOX 6X24,,,36.00,36,100.00%,10,,11/07/2027,,2
21,04,4,02,1,,,,,0.00,0.0,,,,,,
21,04,5,01,1,20103453,AJINOMOTO SAUS LADA HITAM SAORI  BTL 133L,,,1.00,126,0.79%,24,CTN,01/09/2027,,1
21,04,5,02,1,20128384,ANLENE GOLD 5X SUSU BUBUK HI-CALCIUM VANILA BOX 850/825,,,19.00,24,79.17%,12,,16/01/2028,,1
21,04,6,01,1,20040297,SGM ANANDA 1 FORMULA BAYI BUBUK 0-6 BULAN BOX 1000,,,22.00,32,68.75%,10,,09/09/2028,E,2
21,04,6,02,1,20071686,SGM SOYA 1+ EKSPLOR PRO-GRESSMAXX MADU BOX 700,,,32.00,32,100.00%,10,,25/08/2028,L,1
21,04,7,01,1,20090042,VIDORAN XMART1+ SUSU PERTUMBUHAN VANILA BOX 700,,,12.00,24,50.00%,12,,11/12/2027,L,1
21,04,7,02,1,20040293,SGM EKSPLOR 1+ PRO-GRESSMAXX SUSU PERTUMBUHAN VANILA BOX 900,,,22.00,32,68.75%,10,,19/09/2028,E,10
21,04,8,01,1,20055312,NABATI RICHOCO WAFER CHOCOLATE PCK 110/100,,,36.00,54,66.67%,24,,15/08/2027,,4
21,04,8,02,1,20141772,TROPICANA SLIM SUSU BUBUK DIABTX MILK W/WHEY VANILLA MALT BOX 150,,,1.00,80,1.25%,12,CTN,12/12/2027,,1
21,05,3,01,1,20001701,MILNA BISCUIT BAYI 6+ ORIGINAL BOX 110,,,3.00,20,15.00%,48,,31/12/2027,,1
21,05,3,02,1,20137013,MILNA CRUNCH CHEESE  BOX 20,,,4.00,30,13.33%,24,,28/05/2027,,2
21,05,3,03,0,10023780,DANCOW 5+ SUSU BUBUK INST CALCI-N MADU BOX 750,,,11.00,32,34.38%,12,,01/02/2028,,1
21,05,3,04,0,,,,,0.00,0.0,,,,,,
21,05,4,01,1,20040298,SGM ANANDA 2 FORMULA BAYI BUBUK 6 -12 BULAN BOX 1000,,,32.00,32,100.00%,10,,09/09/2028,E,2
21,05,4,02,1,20040293,SGM EKSPLOR 1+ PRO-GRESSMAXX SUSU PERTUMBUHAN VANILA BOX 900,,,32.00,32,100.00%,10,,18/09/2028,E,10
21,05,5,01,1,20052630,LOTTE CHOCO PIE MARSMALLOW (6S)  BOX 156,,,48.00,40,120.00%,16,,04/07/2027,L,2
21,05,5,02,1,20055311,NABATI RICHEESE WAFER KRIM KEJU PCK 110/100,,,80.00,80,100.00%,24,,18/09/2027,L,8
21,05,6,01,1,,,,,0.00,0.0,,,,,,
21,05,6,02,1,20139391,NEXTAR CHOCOLATE PIE  BOX 6X24,,,28.00,36,77.78%,10,,04/08/2027,,2
21,05,7,01,1,20037096,SGMANANDA SOYA1 FORMULA BAYI BUBUK 0-6 BULAN BOX 200,,,15.00,30,50.00%,24,,10/08/2028,,2
21,05,7,02,1,20087025,SGM EKSPLOR 3+ PRO-GRESSMAXX SUSU PERTUMBUHAN VANILA BOX 600,,,22.00,32,68.75%,12,,06/09/2028,,1
21,05,8,01,1,20040340,SGM ANANDA 1 FORMULA BAYI BUBUK 0-6 BULAN BOX 400,,,21.00,32,65.63%,24,,20/09/2028,S,6
21,05,8,02,1,,,,,0.00,0.0,,,,,,
21,06,3,01,1,,,,,0.00,0.0,,,,,,
21,06,3,02,1,,,,,0.00,0.0,,,,,,
21,06,3,03,0,20052907,MILO HEALTY DRINK ENERGY ACTIGEN-E PCK 790,,,6.00,28,21.43%,12,,01/12/2027,,1
21,06,3,04,0,,,,,0.00,0.0,,,,,,
21,06,4,01,1,20040294,SGM EKSPLOR 1+ PRO-GRESSMAXX SUSU PERTUMBUHAN MADU BOX 900,,,32.00,32,100.00%,10,,18/09/2028,E,10
21,06,4,02,1,,,,,0.00,0.0,,,,,,
21,06,5,01,1,20087024,SGM EKSPLOR 3+ PRO-GRESSMAXX SUSU PERTUMBUHAN MADU BOX 600,,,15.00,32,46.88%,12,,11/07/2028,,1
21,06,5,02,1,,,,,0.00,0.0,,,,,,
21,06,6,01,1,,,,,0.00,0.0,,,,,,
21,06,6,02,1,20040295,SGM EKSPLOR 3+ PRO-GRESSMAXX SUSU PERTUMBUHAN VANILA BOX 900,,,32.00,32,100.00%,10,,07/09/2028,D,5
21,06,7,01,1,20066494,SGM EKSPLOR 5+ PRO-GRESSMAXX SUSU PERTUMBUHAN MADU BOX 900,,,32.00,32,100.00%,10,,14/09/2028,S,5
21,06,7,02,1,20082594,BEBELAC GOLD 3 SUSU BUBUK VANILLA BOX 700,,,18.00,32,56.25%,10,,20/11/2027,,2
21,06,8,01,1,,,,,0.00,0.0,,,,,,
21,06,8,02,1,,,,,0.00,0.0,,,,,,
21,07,3,01,1,,,,,0.00,0.0,,,,,,
21,07,3,02,1,20133058,NESCAFE COFFEE DRINK OAT LATTE KLG 220L,,,16.00,96,16.67%,24,CTN,08/09/2027,,8
21,07,3,03,0,20099141,EXCELSO KOPI BUBUK ROBUSTA GOLD PCK 200,,,5.00,24,20.83%,20,CTN,11/09/2027,,1
21,07,3,04,0,10000638,INDOCAFE COFFEE MIX  BOX 5X20,,,5.00,40,12.50%,60,,01/02/2028,,1
21,07,4,01,1,20040302,SGM EKSPLOR 3+ PRO-GRESSMAXX SUSU PERTUMBUHAN MADU BOX 400/350,,,25.00,32,78.13%,21,,13/09/2028,,1
21,07,4,02,1,20142910,MILKOW ACTIGROW SUSU PERTUMBUHAN 1-3 TAHUN MADU BOX 900,,,7.00,12,58.33%,10,,01/02/2028,,1
21,07,5,01,1,20104894,BEBELAC GOLD 3 SUSU BUBUK SOYA VANILLA BOX 700,,,19.00,32,59.38%,10,,01/04/2028,,1
21,07,5,02,1,,,,,0.00,0.0,,,,,,
21,07,6,01,1,,,,,0.00,0.0,,,,,,
21,07,6,02,1,,,,,0.00,0.0,,,,,,
21,07,7,01,1,,,,,0.00,0.0,,,,,,
21,07,7,02,1,,,,,0.00,0.0,,,,,,
21,07,8,01,1,10005279,SGM ANANDA 2 FORMULA BAYI BUBUK 6 -12 BULAN BOX 150,,,31.00,30,103.33%,48,,04/08/2028,S,3
21,07,8,02,1,,,,,0.00,0.0,,,,,,
21,08,3,01,1,,,,,0.00,0.0,,,,,,
21,08,3,02,1,10015651,DANCOW 3+ SUSU BUBUK PRTCTS PROBIO VANILA BOX 350,,,6.00,24,25.00%,24,,01/05/2028,,1
21,08,3,03,0,,,,,0.00,0.0,,,,,,
21,08,3,04,0,10020147,ANLENE GOLD 5X SUSU BUBUK HI-CALCIUM COKLAT BOX 230,,,5.00,30,16.67%,24,,09/11/2027,,1
21,08,4,01,1,20040302,SGM EKSPLOR 3+ PRO-GRESSMAXX SUSU PERTUMBUHAN MADU BOX 400/350,,,25.00,32,78.13%,21,,13/09/2028,,1
21,08,4,02,1,10000213,GLICO BISCUIT POCKY CHOCOLATE BOX 47/40 ,,,9.00,24,37.50%,120,,01/10/2027,S,10
21,08,5,01,1,,,,,0.00,0.0,,,,,,
21,08,5,02,1,20019814,HILO TEEN SUSU BUBUK HI-CALCIUM VANILA CARAMEL BOX 250,,,38.00,52,73.08%,12,,23/07/2028,,2
21,08,6,01,1,20058306,PRO CHIZ KEJU GOLD  BOX 170/160,,,36.00,91,39.56%,48,,04/07/2027,,6
21,08,6,02,1,,,,,0.00,0.0,,,,,,
21,08,7,01,1,,,,,0.00,0.0,,,,,,
21,08,7,02,1,10008064,ANLENE GOLD 5X SUSU BUBUK HI-CALCIUM ORIGINAL BOX 240,,,20.00,30,66.67%,24,,04/02/2028,,1
21,08,8,01,1,,,,,0.00,0.0,,,,,,
21,08,8,02,1,,,,,0.00,0.0,,,,,,
21,09,3,01,1,,,,,0.00,0.0,,,,,,
21,09,3,02,1,,,,,0.00,0.0,,,,,,
21,09,3,03,0,20087580,ENTRASOL GOLD SUSU BUBUK VANILA BOX 2X280,,,3.00,32,9.38%,12,,04/09/2027,S,1
21,09,3,04,0,,,,,0.00,0.0,,,,,,
21,09,4,01,1,,,,,0.00,0.0,,,,,,
21,09,4,02,1,10010350,FRISIAN FLAG 1+ SUSU BUBUK PERTUMBUHAN VANILA BOX 750/700,,,8.00,20,40.00%,18,,02/02/2028,,1
21,09,5,01,1,10003453,MAX CREAMER KRIMER NABATI  BOX 500,,,13.00,24,54.17%,24,,29/02/2028,,1
21,09,5,02,1,20140126,NEXTAR CHEESECAKE PIE STRW CHEES CAKE BOX 6X24,,,36.00,42,85.71%,10,,24/06/2027,,1
21,09,6,01,1,10012172,ANLENE GOLD 5X SUSU BUBUK HI-CALCIUM VANILA BOX 230,,,24.00,30,80.00%,24,,04/01/2028,,1
21,09,6,02,1,20140126,NEXTAR CHEESECAKE PIE STRW CHEES CAKE BOX 6X24,,,32.00,42,76.19%,10,,24/06/2027,,1
21,09,7,01,1,,,,,0.00,0.0,,,,,,
21,09,7,02,1,,,,,0.00,0.0,,,,,,
21,09,8,01,1,10004490,MEIJI BISCUIT HELLO PANDA STRAWBERRY BOX 42,,,14.00,18,77.78%,80,CTN,31/07/2027,L,10
21,09,8,02,1,20040312,SGM ANANDA 2 FORMULA BAYI BUBUK 6 -12 BULAN BOX 400,,,20.00,24,83.33%,24,,29/08/2028,S,2
22,01,3,01,1,,,,,0.00,0.0,,,,,,
22,01,3,02,1,,,,,0.00,0.0,,,,,,
22,01,3,03,0,,,,,0.00,0.0,,,,,,
22,01,3,04,0,,,,,0.00,0.0,,,,,,
22,01,4,01,1,,,,,0.00,0.0,,,,,,
22,01,4,02,1,,,,,0.00,0.0,,,,,,
22,01,5,01,1,,,,,0.00,0.0,,,,,,
22,01,5,02,1,,,,,0.00,0.0,,,,,,
22,01,6,01,1,,,,,0.00,0.0,,,,,,
22,01,6,02,1,,,,,0.00,0.0,,,,,,
22,01,7,01,1,,,,,0.00,0.0,,,,,,
22,01,7,02,1,,,,,0.00,0.0,,,,,,
22,01,8,01,1,,,,,0.00,0.0,,,,,,
22,01,8,02,1,,,,,0.00,0.0,,,,,,
22,02,3,01,1,10010825,MILNA BUBUR BAYI PNAMBAH BERAT BDN AYM+SYRN/KC.PLG BOX 120,,,10.00,104,9.62%,24,,19/12/2027,,1
22,02,3,02,1,10013569,FRISIAN FLAG 3+ SUSU BUBUK PERTUMBUHAN VANILA BOX 750/700,,,6.00,25,24.00%,18,,02/02/2028,,1
22,02,3,03,0,,,,,0.00,0.0,,,,,,
22,02,3,04,0,,,,,0.00,0.0,,,,,,
22,02,4,01,1,,,,,0.00,0.0,,,,,,
22,02,4,02,1,,,,,0.00,0.0,,,,,,
22,02,5,01,1,,,,,0.00,0.0,,,,,,
22,02,5,02,1,,,,,0.00,0.0,,,,,,
22,02,6,01,1,,,,,0.00,0.0,,,,,,
22,02,6,02,1,,,,,0.00,0.0,,,,,,
22,02,7,01,1,,,,,0.00,0.0,,,,,,
22,02,7,02,1,,,,,0.00,0.0,,,,,,
22,02,8,01,1,,,,,0.00,0.0,,,,,,
22,02,8,02,1,,,,,0.00,0.0,,,,,,
22,03,3,01,1,20137760,BRIO BISCUIT CRACKER GO POTATO ORIGINAL BOX 104,,,6.00,32,18.75%,36,,15/09/2027,,2
22,03,3,02,1,10040193,ANLENE ACTIFIT 3X SUSU BUBUK HI-CALCIUM COKLAT BOX 570/560,,,5.00,24,20.83%,12,,29/12/2027,,1
22,03,3,03,0,20086168,GLICO BISCUIT POCKY COOKIES & CREAM BOX 40,,,4.00,24,16.67%,120,,21/10/2027,L,10
22,03,3,04,0,,,,,0.00,0.0,,,,,,
22,03,4,01,1,,,,,0.00,0.0,,,,,,
22,03,4,02,1,20137013,MILNA CRUNCH CHEESE  BOX 20,,,10.00,30,33.33%,24,,26/05/2027,,2
22,03,5,01,1,20040296,SGM EKSPLOR 3+ PRO-GRESSMAXX SUSU PERTUMBUHAN MADU BOX 900,,,8.00,32,25.00%,10,,08/07/2028,D,2
22,03,5,02,1,,,,,0.00,0.0,,,,,,
22,03,6,01,1,,,,,0.00,0.0,,,,,,
22,03,6,02,1,,,,,0.00,0.0,,,,,,
22,03,7,01,1,20142908,MILKOW ACTIGROW SUSU PERTUMBUHAN 1-3 TAHUN VANILA BOX 900,,,9.00,9,100.00%,10,,31/01/2028,,1
22,03,7,02,1,,,,,0.00,0.0,,,,,,
22,03,8,01,1,,,,,0.00,0.0,,,,,,
22,03,8,02,1,,,,,0.00,0.0,,,,,,
22,04,3,01,1,10032077,NISSIN LONGER STICK BISCUIT  BOX 90,,,3.00,55,5.45%,24,CTN,05/08/2027,,2
22,04,3,02,1,,,,,0.00,0.0,,,,,,
22,04,3,03,0,,,,,0.00,0.0,,,,,,
22,04,3,04,0,,,,,0.00,0.0,,,,,,
22,04,4,01,1,10032077,NISSIN LONGER STICK BISCUIT  BOX 90,,,1.00,55,1.82%,24,CTN,05/08/2027,,2
22,04,4,02,1,10033417,NUTRICIA NUTRILON ROYAL 4 VANILA BOX 400,,,10.00,25,40.00%,24,,01/12/2028,,1
22,04,5,01,1,,,,,0.00,0.0,,,,,,
22,04,5,02,1,,,,,0.00,0.0,,,,,,
22,04,6,01,1,,,,,0.00,0.0,,,,,,
22,04,6,02,1,,,,,0.00,0.0,,,,,,
22,04,7,01,1,20141582,ZEE SUSU BUBUK INSTANT SWIZZ CHOCOLATE BOX 600,,,9.00,52,17.31%,6,CTN,04/01/2028,,1
22,04,7,02,1,,,,,0.00,0.0,,,,,,
22,04,8,01,1,,,,,0.00,0.0,,,,,,
22,04,8,02,1,20113346,VIDORAN XMART1+ SUSU PERTUMBUHAN VANILLA BOX 925/900,,,16.00,30,53.33%,12,CTN,27/02/2028,D,6
22,05,3,01,1,20001701,MILNA BISCUIT BAYI 6+ ORIGINAL BOX 110,,,3.00,20,15.00%,48,CTN,07/01/2028,,1
22,05,3,02,1,,,,,0.00,0.0,,,,,,
22,05,3,03,0,,,,,0.00,0.0,,,,,,
22,05,3,04,0,,,,,0.00,0.0,,,,,,
22,05,4,01,1,,,,,0.00,0.0,,,,,,
22,05,4,02,1,,,,,0.00,0.0,,,,,,
22,05,5,01,1,,,,,0.00,0.0,,,,,,
22,05,5,02,1,,,,,0.00,0.0,,,,,,
22,05,6,01,1,,,,,0.00,0.0,,,,,,
22,05,6,02,1,,,,,0.00,0.0,,,,,,
22,05,7,01,1,,,,,0.00,0.0,,,,,,
22,05,7,02,1,10000720,PROMINA BUBUR BAYI TIM 6+ SAPI & WORTEL BOX 120,,,2.00,50,4.00%,24,CTN,31/08/2028,,1
22,05,8,01,1,10033560,PROMINA SWEET CEREAL 9+ CHOCO.AVOCADO BOX 100,,,2.00,30,6.67%,24,CTN,31/03/2028,,1
22,05,8,02,1,,,,,0.00,0.0,,,,,,
22,06,3,01,1,,,,,0.00,0.0,,,,,,
22,06,3,02,1,20067680,PROMINA SILKY PUDING 8+ STRAWBERRY BOX 100,,,21.00,28,75.00%,24,,20/06/2027,,2
22,06,3,03,0,,,,,0.00,0.0,,,,,,
22,06,3,04,0,,,,,0.00,0.0,,,,,,
22,06,4,01,1,,,,,0.00,0.0,,,,,,
22,06,4,02,1,20055312,NABATI RICHOCO WAFER CHOCOLATE PCK 110/100,,,80.00,54,148.15%,24,,15/08/2027,,4
22,06,5,01,1,20067680,PROMINA SILKY PUDING 8+ STRAWBERRY BOX 100,,,21.00,28,75.00%,24,,20/06/2027,,2
22,06,5,02,1,,,,,0.00,0.0,,,,,,
22,06,6,01,1,,,,,0.00,0.0,,,,,,
22,06,6,02,1,20090042,VIDORAN XMART1+ SUSU PERTUMBUHAN VANILA BOX 700,,,24.00,24,100.00%,12,,31/01/2028,L,1
22,06,7,01,1,20139959,PROMINA BUBUR BAYI 6+ SALMON LB MADU BOX 120,,,2.00,40,5.00%,24,CTN,31/08/2028,,1
22,06,7,02,1,,,,,0.00,0.0,,,,,,
22,06,8,01,1,,,,,0.00,0.0,,,,,,
22,06,8,02,1,20082394,VIDORAN XMART3+ SUSU PERTUMBUHAN MADU BOX 700,,,1.00,18,5.56%,12,CTN,27/01/2028,,1
22,07,3,01,1,20117985,VIDORAN XMART5+ SUSU PERTUMBUHAN MADU BOX 700,,,6.00,18,33.33%,12,,04/12/2027,,1
22,07,3,02,1,10011507,ANCHOR BONEETO SUSU BUBUK HI-CALCIUM VANILLA BOX 685,,,7.00,24,29.17%,12,CTN,04/02/2028,,1
22,07,3,03,0,10013353,ANLENE GOLD 5X SUSU BUBUK HI-CALCIUM ORIGINAL BOX 570/560,,,5.00,24,20.83%,12,,04/01/2028,,1
22,07,3,04,0,20027865,MILNA BUBUR BAYI 8+ SUP AYAM JAGUNG PCH 100,,,5.00,30,16.67%,24,,04/01/2028,,1
22,07,4,01,1,20040293,SGM EKSPLOR 1+ PRO-GRESSMAXX SUSU PERTUMBUHAN VANILA BOX 900,,,9.00,32,28.13%,10,,01/07/2028,E,10
22,07,4,02,1,,,,,0.00,0.0,,,,,,
22,07,5,01,1,10009288,FRISIAN FLAG SUSU BUBUK INSTANT KOMPLETA CHOCOLATE BOX 800/750,,,7.00,20,35.00%,18,,31/07/2028,,1
22,07,5,02,1,,,,,0.00,0.0,,,,,,
22,07,6,01,1,20035627,BEBELOVE 2 SUSU FORMULA LANJUTAN 6-12 BLN  BOX 350,,,14.00,30,46.67%,24,CTN,04/02/2028,S,2
22,07,6,02,1,,,,,0.00,0.0,,,,,,
22,07,7,01,1,,,,,0.00,0.0,,,,,,
22,07,7,02,1,20113346,VIDORAN XMART1+ SUSU PERTUMBUHAN VANILLA BOX 925/900,,,4.00,30,13.33%,12,CTN,27/02/2028,D,6
22,07,8,01,1,,,,,0.00,0.0,,,,,,
22,07,8,02,1,20113346,VIDORAN XMART1+ SUSU PERTUMBUHAN VANILLA BOX 925/900,,,8.00,30,26.67%,12,CTN,31/03/2028,D,6
22,08,3,01,1,10010350,FRISIAN FLAG 1+ SUSU BUBUK PERTUMBUHAN VANILA BOX 750/700,,,1.00,20,5.00%,18,,18/02/2028,,1
22,08,3,02,1,,,,,0.00,0.0,,,,,,
22,08,3,03,0,20040295,SGM EKSPLOR 3+ PRO-GRESSMAXX SUSU PERTUMBUHAN VANILA BOX 900,,,6.00,32,18.75%,10,,11/08/2028,D,5
22,08,3,04,0,,,,,0.00,0.0,,,,,,
22,08,4,01,1,20138169,SGM EKSPLOR 5+ PRO-GRESSMAXX SUSU PERTUMBUHAN MADU BOX 575,,,21.00,36,58.33%,12,,06/09/2028,,1
22,08,4,02,1,,,,,0.00,0.0,,,,,,
22,08,5,01,1,20140675,WINCHEEZ KEJU CHEDDAR OLAHAN SPREADABLE BOX 150,,,2.00,100,2.00%,48,CTN,05/06/2027,,2
22,08,5,02,1,20035976,CAP BOTOL TEH CELUP HIJAU MELATI BOX 25X2,,,1.00,33,3.03%,50,CTN,01/09/2028,,1
22,08,6,01,1,20040458,HILO TEEN SUSU BUBUK HI-CALCIUM COKLAT BOX 500,,,3.00,32,9.38%,12,CTN,31/08/2028,,1
22,08,6,02,1,20098368,VIDORAN XMART1+ SUSU PERTUMBUHAN VANILA BOX 350/325,,,9.00,24,37.50%,24,CTN,07/02/2028,,1
22,08,7,01,1,,,,,0.00,0.0,,,,,,
22,08,7,02,1,20082394,VIDORAN XMART3+ SUSU PERTUMBUHAN MADU BOX 700,,,18.00,18,100.00%,12,CTN,27/02/2028,,1
22,08,8,01,1,20139959,PROMINA BUBUR BAYI 6+ SALMON LB MADU BOX 120,,,5.00,40,12.50%,24,CTN,31/08/2028,,1
22,08,8,02,1,20082394,VIDORAN XMART3+ SUSU PERTUMBUHAN MADU BOX 700,,,18.00,18,100.00%,12,CTN,27/02/2028,,1
22,09,3,01,1,20126003,PROMINA MI BATITA AYAM KAMPUNG BOX 75,,,9.00,24,37.50%,24,,01/08/2027,,2
22,09,3,02,1,20138100,FORVITA MARGARINE  TUB 200,,,6.00,20,30.00%,48,,28/02/2028,,2
22,09,3,03,0,10000213,GLICO BISCUIT POCKY CHOCOLATE BOX 47/40 ,,,10.00,24,41.67%,120,,01/10/2027,S,10
22,09,3,04,0,10036916,GLICO BISCUIT POCKY STRAWBERRY BOX 45/39,,,10.00,24,41.67%,120,,01/11/2027,L,10
22,09,4,01,1,,,,,0.00,0.0,,,,,,
22,09,4,02,1,,,,,0.00,0.0,,,,,,
22,09,5,01,1,10005315,SGM ANANDA 1 FORMULA BAYI BUBUK 0-6 BULAN BOX 150,,,14.00,30,46.67%,48,,01/08/2028,S,12
22,09,5,02,1,,,,,0.00,0.0,,,,,,
22,09,6,01,1,,,,,0.00,0.0,,,,,,
22,09,6,02,1,,,,,0.00,0.0,,,,,,
22,09,7,01,1,20082394,VIDORAN XMART3+ SUSU PERTUMBUHAN MADU BOX 700,,,18.00,18,100.00%,12,CTN,27/02/2028,,1
22,09,7,02,1,10000720,PROMINA BUBUR BAYI TIM 6+ SAPI & WORTEL BOX 120,,,1.00,50,2.00%,24,CTN,01/09/2028,,1
22,09,8,01,1,20082394,VIDORAN XMART3+ SUSU PERTUMBUHAN MADU BOX 700,,,9.00,18,50.00%,12,CTN,27/02/2028,,1
22,09,8,02,1,20113346,VIDORAN XMART1+ SUSU PERTUMBUHAN VANILLA BOX 925/900,,,30.00,30,100.00%,12,CTN,27/02/2028,D,6
23,01,3,01,1,,,,,0.00,0.0,,,,,,
23,01,3,02,1,,,,,0.00,0.0,,,,,,
23,01,3,03,0,,,,,0.00,0.0,,,,,,
23,01,3,04,0,,,,,0.00,0.0,,,,,,
23,01,4,01,1,,,,,0.00,0.0,,,,,,
23,01,4,02,1,,,,,0.00,0.0,,,,,,
23,01,5,01,1,,,,,0.00,0.0,,,,,,
23,01,5,02,1,,,,,0.00,0.0,,,,,,
23,01,6,01,1,,,,,0.00,0.0,,,,,,
23,01,6,02,1,,,,,0.00,0.0,,,,,,
23,01,7,01,1,,,,,0.00,0.0,,,,,,
23,01,7,02,1,,,,,0.00,0.0,,,,,,
23,01,8,01,1,,,,,0.00,0.0,,,,,,
23,01,8,02,1,,,,,0.00,0.0,,,,,,
23,02,3,01,1,,,,,0.00,0.0,,,,,,
23,02,3,02,1,,,,,0.00,0.0,,,,,,
23,02,3,03,0,,,,,0.00,0.0,,,,,,
23,02,3,04,0,,,,,0.00,0.0,,,,,,
23,02,4,01,1,,,,,0.00,0.0,,,,,,
23,02,4,02,1,,,,,0.00,0.0,,,,,,
23,02,5,01,1,,,,,0.00,0.0,,,,,,
23,02,5,02,1,,,,,0.00,0.0,,,,,,
23,02,6,01,1,20040295,SGM EKSPLOR 3+ PRO-GRESSMAXX SUSU PERTUMBUHAN VANILA BOX 900,,,32.00,32,100.00%,10,,18/06/2028,D,5
23,02,6,02,1,,,,,0.00,0.0,,,,,,
23,02,7,01,1,,,,,0.00,0.0,,,,,,
23,02,7,02,1,,,,,0.00,0.0,,,,,,
23,02,8,01,1,,,,,0.00,0.0,,,,,,
23,02,8,02,1,,,,,0.00,0.0,,,,,,
23,03,3,01,1,10003707,PROMINA BUBUR BAYI CHEEZY CHIKEN BROCCOLI BOX 120,,,8.00,40,20.00%,24,,04/08/2028,,1
23,03,3,02,1,,,,,0.00,0.0,,,,,,
23,03,3,03,0,20052628,LOTTE CHOCO PIE MARSMALLOW (2S)  BOX 52,,,8.00,40,20.00%,48,,24/07/2027,,2
23,03,3,04,0,20027867,MILNA BUBUR BAYI 6+ TIM ATI AYM BYM PCH 120,,,15.00,50,30.00%,24,,07/01/2028,,1
23,03,4,01,1,20067680,PROMINA SILKY PUDING 8+ STRAWBERRY BOX 100,,,18.00,28,64.29%,24,,01/07/2027,,2
23,03,4,02,1,20067680,PROMINA SILKY PUDING 8+ STRAWBERRY BOX 100,,,36.00,28,128.57%,24,,01/07/2027,,2
23,03,5,01,1,,,,,0.00,0.0,,,,,,
23,03,5,02,1,20040296,SGM EKSPLOR 3+ PRO-GRESSMAXX SUSU PERTUMBUHAN MADU BOX 900,,,32.00,32,100.00%,10,,01/08/2028,D,2
23,03,6,01,1,,,,,0.00,0.0,,,,,,
23,03,6,02,1,,,,,0.00,0.0,,,,,,
23,03,7,01,1,,,,,0.00,0.0,,,,,,
23,03,7,02,1,,,,,0.00,0.0,,,,,,
23,03,8,01,1,,,,,0.00,0.0,,,,,,
23,03,8,02,1,,,,,0.00,0.0,,,,,,
23,04,3,01,1,,,,,0.00,0.0,,,,,,
23,04,3,02,1,,,,,0.00,0.0,,,,,,
23,04,3,03,0,,,,,0.00,0.0,,,,,,
23,04,3,04,0,,,,,0.00,0.0,,,,,,
23,04,4,01,1,20034046,SUN MARIE BISCUIT BALITA  PCK 80,,,8.00,70,11.43%,40,,01/05/2028,,4
23,04,4,02,1,10002835,LA FONTE SPAGHETTI  BOX 225,,,20.00,40,50.00%,40,,20/07/2028,,1
23,04,5,01,1,,,,,0.00,0.0,,,,,,
23,04,5,02,1,,,,,0.00,0.0,,,,,,
23,04,6,01,1,,,,,0.00,0.0,,,,,,
23,04,6,02,1,,,,,0.00,0.0,,,,,,
23,04,7,01,1,,,,,0.00,0.0,,,,,,
23,04,7,02,1,,,,,0.00,0.0,,,,,,
23,04,8,01,1,,,,,0.00,0.0,,,,,,
23,04,8,02,1,,,,,0.00,0.0,,,,,,
23,05,3,01,1,,,,,0.00,0.0,,,,,,
23,05,3,02,1,20012830,PROMINA BUBUR TIM 8+ AYAM KAMPUNG KACANG POLONG BOX 100,,,12.00,30,40.00%,24,,01/01/2028,,1
23,05,3,03,0,,,,,0.00,0.0,,,,,,
23,05,3,04,0,,,,,0.00,0.0,,,,,,
23,05,4,01,1,,,,,0.00,0.0,,,,,,
23,05,4,02,1,10000146,SUN BUBUR SUSU (EKONOMIS) KACANG HIJAU PCK 120,,,25.00,91,27.47%,24,,01/08/2028,,2
23,05,5,01,1,,,,,0.00,0.0,,,,,,
23,05,5,02,1,10025325,PROMINA SUP MI AYAM & SAYUR BOX 81,,,12.00,30,40.00%,24,,02/06/2027,,1
23,05,6,01,1,,,,,0.00,0.0,,,,,,
23,05,6,02,1,,,,,0.00,0.0,,,,,,
23,05,7,01,1,,,,,0.00,0.0,,,,,,
23,05,7,02,1,,,,,0.00,0.0,,,,,,
23,05,8,01,1,,,,,0.00,0.0,,,,,,
23,05,8,02,1,,,,,0.00,0.0,,,,,,
23,06,3,01,1,20014400,MORINAGACHILKID SUSU PERTUMBUHAN DHA 3 MADU BOX 780,,,6.00,24,25.00%,12,,04/09/2028,S,1
23,06,3,02,1,,,,,0.00,0.0,,,,,,
23,06,3,03,0,,,,,0.00,0.0,,,,,,
23,06,3,04,0,,,,,0.00,0.0,,,,,,
23,06,4,01,1,20142910,MILKOW ACTIGROW SUSU PERTUMBUHAN 1-3 TAHUN MADU BOX 900,,,7.00,12,58.33%,10,,31/01/2028,,1
23,06,4,02,1,20040294,SGM EKSPLOR 1+ PRO-GRESSMAXX SUSU PERTUMBUHAN MADU BOX 900,,,14.00,32,43.75%,10,,18/09/2028,E,10
23,06,5,01,1,20024908,NUTRICIA NUTRILON ROYAL 3 MADU BOX 400,,,11.00,20,55.00%,24,,30/12/2027,,1
23,06,5,02,1,10008484,ANCHOR BONEETO SUSU BUBUK HI-CALCIUM CHOCO BOX 685,,,14.00,24,58.33%,12,,03/12/2027,,1
23,06,6,01,1,,,,,0.00,0.0,,,,,,
23,06,6,02,1,,,,,0.00,0.0,,,,,,
23,06,7,01,1,,,,,0.00,0.0,,,,,,
23,06,7,02,1,,,,,0.00,0.0,,,,,,
23,06,8,01,1,,,,,0.00,0.0,,,,,,
23,06,8,02,1,,,,,0.00,0.0,,,,,,
23,07,3,01,1,20113346,VIDORAN XMART1+ SUSU PERTUMBUHAN VANILLA BOX 925/900,,,4.00,30,13.33%,12,,27/02/2028,D,6
23,07,3,02,1,10000175,NISSIN WAFER CHOCOLATE PCK 110,,,6.00,39,15.38%,30,,15/08/2027,,2
23,07,3,03,0,,,,,0.00,0.0,,,,,,
23,07,3,04,0,,,,,0.00,0.0,,,,,,
23,07,4,01,1,10000206,NISSIN CRACKERS CRISPY PCK 250/225,,,20.00,30,66.67%,30,,30/09/2027,L,6
23,07,4,02,1,,,,,0.00,0.0,,,,,,
23,07,5,01,1,,,,,0.00,0.0,,,,,,
23,07,5,02,1,,,,,0.00,0.0,,,,,,
23,07,6,01,1,,,,,0.00,0.0,,,,,,
23,07,6,02,1,,,,,0.00,0.0,,,,,,
23,07,7,01,1,,,,,0.00,0.0,,,,,,
23,07,7,02,1,,,,,0.00,0.0,,,,,,
23,07,8,01,1,,,,,0.00,0.0,,,,,,
23,07,8,02,1,10000206,NISSIN CRACKERS CRISPY PCK 250/225,,,40.00,30,133.33%,30,,30/09/2027,L,6
23,08,3,01,1,,,,,0.00,0.0,,,,,,
23,08,3,02,1,20102392,SARIWANGI TEH CELUP ASLI BOX 30X1.85,,,8.00,40,20.00%,48,,01/04/2028,,2
23,08,3,03,0,20142903,CHOCOLATOS COATED WAFER ROLL RICH DUBAI PISTACHIO PCK 54,,,17.00,100,17.00%,24,,27/08/2027,,1
23,08,3,04,0,,,,,0.00,0.0,,,,,,
23,08,4,01,1,20101825,VIDORAN XMART1+ SUSU PERTUMBUHAN MADU BOX 925/900,,,12.00,24,50.00%,12,,29/02/2028,D,2
23,08,4,02,1,,,,,0.00,0.0,,,,,,
23,08,5,01,1,,,,,0.00,0.0,,,,,,
23,08,5,02,1,,,,,0.00,0.0,,,,,,
23,08,6,01,1,,,,,0.00,0.0,,,,,,
23,08,6,02,1,,,,,0.00,0.0,,,,,,
23,08,7,01,1,,,,,0.00,0.0,,,,,,
23,08,7,02,1,,,,,0.00,0.0,,,,,,
23,08,8,01,1,20117981,VIDORAN XMART3+ SUSU PERTUMBUHAN VANILA BOX 925/900,,,24.00,18,133.33%,12,,27/02/2028,S,6
23,08,8,02,1,10005279,SGM ANANDA 2 FORMULA BAYI BUBUK 6 -12 BULAN BOX 150,,,26.00,30,86.67%,48,,01/08/2028,S,3
23,09,3,01,1,,,,,0.00,0.0,,,,,,
23,09,3,02,1,,,,,0.00,0.0,,,,,,
23,09,3,03,0,,,,,0.00,0.0,,,,,,
23,09,3,04,0,,,,,0.00,0.0,,,,,,
23,09,4,01,1,,,,,0.00,0.0,,,,,,
23,09,4,02,1,,,,,0.00,0.0,,,,,,
23,09,5,01,1,,,,,0.00,0.0,,,,,,
23,09,5,02,1,,,,,0.00,0.0,,,,,,
23,09,6,01,1,,,,,0.00,0.0,,,,,,
23,09,6,02,1,,,,,0.00,0.0,,,,,,
23,09,7,01,1,,,,,0.00,0.0,,,,,,
23,09,7,02,1,,,,,0.00,0.0,,,,,,
23,09,8,01,1,20040298,SGM ANANDA 2 FORMULA BAYI BUBUK 6 -12 BULAN BOX 1000,,,16.00,32,50.00%,10,CTN,09/09/2028,E,2
23,09,8,02,1,20040298,SGM ANANDA 2 FORMULA BAYI BUBUK 6 -12 BULAN BOX 1000,,,32.00,32,100.00%,10,CTN,09/09/2028,E,2
24,01,3,01,1,,,,,0.00,0.0,,,,,,
24,01,3,02,1,,,,,0.00,0.0,,,,,,
24,01,3,03,0,,,,,0.00,0.0,,,,,,
24,01,3,04,0,10003653,MORINAGA BMT 1 LACTOFERIN  BOX 390,,,4.00,24,16.67%,24,,16/12/2027,D,1
24,01,4,01,1,,,,,0.00,0.0,,,,,,
24,01,4,02,1,,,,,0.00,0.0,,,,,,
24,01,5,01,1,,,,,0.00,0.0,,,,,,
24,01,5,02,1,,,,,0.00,0.0,,,,,,
24,01,6,01,1,,,,,0.00,0.0,,,,,,
24,01,6,02,1,,,,,0.00,0.0,,,,,,
24,01,7,01,1,,,,,0.00,0.0,,,,,,
24,01,7,02,1,,,,,0.00,0.0,,,,,,
24,01,8,01,1,,,,,0.00,0.0,,,,,,
24,01,8,02,1,,,,,0.00,0.0,,,,,,
24,02,3,01,1,,,,,0.00,0.0,,,,,,
24,02,3,02,1,20112515,ANLENE GOLD 5X SUSU BUBUK HI-CALCIUM ORIGINAL BOX 850/825,,,6.00,24,25.00%,12,,25/11/2027,,1
24,02,3,03,0,,,,,0.00,0.0,,,,,,
24,02,3,04,0,,,,,0.00,0.0,,,,,,
24,02,4,01,1,,,,,0.00,0.0,,,,,,
24,02,4,02,1,,,,,0.00,0.0,,,,,,
24,02,5,01,1,,,,,0.00,0.0,,,,,,
24,02,5,02,1,,,,,0.00,0.0,,,,,,
24,02,6,01,1,,,,,0.00,0.0,,,,,,
24,02,6,02,1,,,,,0.00,0.0,,,,,,
24,02,7,01,1,,,,,0.00,0.0,,,,,,
24,02,7,02,1,,,,,0.00,0.0,,,,,,
24,02,8,01,1,,,,,0.00,0.0,,,,,,
24,02,8,02,1,,,,,0.00,0.0,,,,,,
24,03,3,01,1,,,,,0.00,0.0,,,,,,
24,03,3,02,1,,,,,0.00,0.0,,,,,,
24,03,3,03,0,20035678,S-26 PROCAL SUSU BUBUK PERTUMBUHAN 3 VANILLA BOX 700,,,2.00,24,8.33%,12,,31/05/2028,,1
24,03,3,04,0,,,,,0.00,0.0,,,,,,
24,03,4,01,1,,,,,0.00,0.0,,,,,,
24,03,4,02,1,20098370,VIDORAN XMART1+ SUSU PERTUMBUHAN MADU BOX 350/325,,,20.00,20,100.00%,24,,01/02/2028,L,2
24,03,5,01,1,,,,,0.00,0.0,,,,,,
24,03,5,02,1,10015651,DANCOW 3+ SUSU BUBUK PRTCTS PROBIO VANILA BOX 350,,,30.00,24,125.00%,24,,04/03/2028,,1
24,03,6,01,1,,,,,0.00,0.0,,,,,,
24,03,6,02,1,,,,,0.00,0.0,,,,,,
24,03,7,01,1,,,,,0.00,0.0,,,,,,
24,03,7,02,1,,,,,0.00,0.0,,,,,,
24,03,8,01,1,,,,,0.00,0.0,,,,,,
24,03,8,02,1,,,,,0.00,0.0,,,,,,
24,04,3,01,1,20040312,SGM ANANDA 2 FORMULA BAYI BUBUK 6 -12 BULAN BOX 400,,,20.00,24,83.33%,24,CTN,31/08/2028,S,2
24,04,3,02,1,,,,,0.00,0.0,,,,,,
24,04,3,03,0,,,,,0.00,0.0,,,,,,
24,04,3,04,0,20040296,SGM EKSPLOR 3+ PRO-GRESSMAXX SUSU PERTUMBUHAN MADU BOX 900,,,8.00,32,25.00%,10,,10/07/2028,D,2
24,04,4,01,1,20138100,FORVITA MARGARINE  TUB 200,,,13.00,20,65.00%,48,,10/02/2028,,2
24,04,4,02,1,10036931,MONDE BUTTER COOKIES  PCK 150,,,3.00,50,6.00%,20,CTN,05/08/2027,,1
24,04,5,01,1,10005241,MORINAGACHILMIL SUSU LANJUTAN ORIGINAL BOX 190,,,4.00,40,10.00%,24,CTN,04/12/2027,,1
24,04,5,02,1,,,,,0.00,0.0,,,,,,
24,04,6,01,1,10036931,MONDE BUTTER COOKIES  PCK 150,,,4.00,50,8.00%,20,CTN,27/08/2027,,1
24,04,6,02,1,,,,,0.00,0.0,,,,,,
24,04,7,01,1,20116091,CHILGO 3+ SUSU PERTUMBUHAN VANILA BOX 660,,,5.00,24,20.83%,12,CTN,04/02/2028,,1
24,04,7,02,1,20116091,CHILGO 3+ SUSU PERTUMBUHAN VANILA BOX 660,,,1.00,24,4.17%,12,CTN,04/02/2028,,1
24,04,8,01,1,,,,,0.00,0.0,,,,,,
24,04,8,02,1,,,,,0.00,0.0,,,,,,
24,05,3,01,1,,,,,0.00,0.0,,,,,,
24,05,3,02,1,,,,,0.00,0.0,,,,,,
24,05,3,03,0,,,,,0.00,0.0,,,,,,
24,05,3,04,0,20012831,PROMINA BUBUR TIM INSTANT SALMON NORWEGIA BOX 100,,,12.00,30,40.00%,24,,04/01/2028,,1
24,05,4,01,1,10009496,DANCOW 1+ SUSU BUBUK PRTCTS PROBIO MADU BOX 350,,,9.00,30,30.00%,24,,04/03/2028,,2
24,05,4,02,1,20047245,MOGU-MOGU MINUMAN NATA DE COCO COCONUT BTL 320L,,,60.00,60,100.00%,24,,01/12/2027,L,6
24,05,5,01,1,,,,,0.00,0.0,,,,,,
24,05,5,02,1,20138959,IF COCONUT WATER DRINK  BTL 350L,,,50.00,50,100.00%,24,,01/10/2027,,2
24,05,6,01,1,10025846,NUTRICIA NUTRIBABY 2 ROYAL BOX 400,,,8.00,20,40.00%,24,CTN,31/01/2028,,1
24,05,6,02,1,,,,,0.00,0.0,,,,,,
24,05,7,01,1,,,,,0.00,0.0,,,,,,
24,05,7,02,1,20066494,SGM EKSPLOR 5+ PRO-GRESSMAXX SUSU PERTUMBUHAN MADU BOX 900,,,8.00,32,25.00%,10,CTN,14/09/2028,S,5
24,05,8,01,1,,,,,0.00,0.0,,,,,,
24,05,8,02,1,20040293,SGM EKSPLOR 1+ PRO-GRESSMAXX SUSU PERTUMBUHAN VANILA BOX 900,,,32.00,32,100.00%,10,,09/09/2028,E,10
24,06,3,01,1,20021571,ANLENE GOLD 5X SUSU BUBUK HI-CALCIUM VANILA BOX 570/560,,,6.00,24,25.00%,12,CTN,16/02/2028,L,1
24,06,3,02,1,10036998,MENTOS CANDY MINT ROL 37,,,8.00,88,9.09%,192,,11/02/2028,,12
24,06,3,03,0,,,,,0.00,0.0,,,,,,
24,06,3,04,0,,,,,0.00,0.0,,,,,,
24,06,4,01,1,20053733,SIMBA CEREAL CHOCO CHIPS COKLAT BOX 150,,,19.00,20,95.00%,18,,02/10/2027,,1
24,06,4,02,1,20068906,FRISIAN FLAG SUSU KENTAL MANIS COKELAT PCH 535,,,50.00,50,100.00%,24,,05/05/2027,D,12
24,06,5,01,1,20068906,FRISIAN FLAG SUSU KENTAL MANIS COKELAT PCH 535,,,50.00,50,100.00%,24,,05/05/2027,D,12
24,06,5,02,1,20068906,FRISIAN FLAG SUSU KENTAL MANIS COKELAT PCH 535,,,50.00,50,100.00%,24,,05/05/2027,D,12
24,06,6,01,1,10000465,KRAFT CHEESE SINGLE 10S PLAIN PCK 150,,,1.00,150,0.67%,30,CTN,01/06/2027,,1
24,06,6,02,1,,,,,0.00,0.0,,,,,,
24,06,7,01,1,20100805,PROMINA SILKY PUDING 9+ CHOCOLATE BOX 4X25,,,9.00,30,30.00%,24,,04/07/2027,,1
24,06,7,02,1,20087024,SGM EKSPLOR 3+ PRO-GRESSMAXX SUSU PERTUMBUHAN MADU BOX 600,,,19.00,32,59.38%,12,,07/05/2028,,1
24,06,8,01,1,10015650,DANCOW 3+ SUSU BUBUK PRTCTS PROBIO VANILA BOX 750,,,32.00,32,100.00%,12,,04/03/2028,S,2
24,06,8,02,1,20066494,SGM EKSPLOR 5+ PRO-GRESSMAXX SUSU PERTUMBUHAN MADU BOX 900,,,15.00,32,46.88%,10,CTN,14/09/2028,S,5
24,07,3,01,1,20008887,MONDE COOKIES SERENA EGG ROLL  BOX 168,,,4.00,40,10.00%,12,CTN,30/07/2027,,1
24,07,3,02,1,20138977,TANGO WAFER CHEESE PCK 100/98,,,5.00,91,5.49%,24,,05/09/2027,,2
24,07,3,03,0,,,,,0.00,0.0,,,,,,
24,07,3,04,0,10033560,PROMINA SWEET CEREAL 9+ CHOCO.AVOCADO BOX 100,,,8.00,30,26.67%,24,,11/09/2027,,1
24,07,4,01,1,,,,,0.00,0.0,,,,,,
24,07,4,02,1,10009288,FRISIAN FLAG SUSU BUBUK INSTANT KOMPLETA CHOCOLATE BOX 800/750,,,6.00,20,30.00%,18,,04/07/2028,,1
24,07,5,01,1,,,,,0.00,0.0,,,,,,
24,07,5,02,1,,,,,0.00,0.0,,,,,,
24,07,6,01,1,20140126,NEXTAR CHEESECAKE PIE STRW CHEES CAKE BOX 6X24,,,36.00,42,85.71%,10,,24/06/2027,,1
24,07,6,02,1,10038704,MEIJI BISCUIT HELLO PANDA CHOCOLATE BOX 42,,,18.00,18,100.00%,80,,01/07/2027,L,10
24,07,7,01,1,,,,,0.00,0.0,,,,,,
24,07,7,02,1,,,,,0.00,0.0,,,,,,
24,07,8,01,1,20040297,SGM ANANDA 1 FORMULA BAYI BUBUK 0-6 BULAN BOX 1000,,,32.00,32,100.00%,10,,09/09/2028,E,2
24,07,8,02,1,20087024,SGM EKSPLOR 3+ PRO-GRESSMAXX SUSU PERTUMBUHAN MADU BOX 600,,,27.00,32,84.38%,12,CTN,05/09/2028,,1
24,08,3,01,1,10003111,PROMINA BABY BISCUIT MARIE SUSU ROL 150,,,20.00,60,33.33%,24,,01/05/2028,,2
24,08,3,02,1,,,,,0.00,0.0,,,,,,
24,08,3,03,0,10038704,MEIJI BISCUIT HELLO PANDA CHOCOLATE BOX 42,,,6.00,18,33.33%,80,,01/07/2027,L,10
24,08,3,04,0,,,,,0.00,0.0,,,,,,
24,08,4,01,1,10005491,TONG TJI TEH CELUP (TANPA AMPLOP) JASMINE BOX 25S,,,11.00,28,39.29%,50,CTN,04/08/2028,,2
24,08,4,02,1,,,,,0.00,0.0,,,,,,
24,08,5,01,1,10022742,POCI TEH CELUP VANILLA BOX 25X2,,,10.00,27,37.04%,50,CTN,30/09/2028,,2
24,08,5,02,1,,,,,0.00,0.0,,,,,,
24,08,6,01,1,,,,,0.00,0.0,,,,,,
24,08,6,02,1,,,,,0.00,0.0,,,,,,
24,08,7,01,1,,,,,0.00,0.0,,,,,,
24,08,7,02,1,,,,,0.00,0.0,,,,,,
24,08,8,01,1,20066494,SGM EKSPLOR 5+ PRO-GRESSMAXX SUSU PERTUMBUHAN MADU BOX 900,,,32.00,32,100.00%,10,CTN,14/09/2028,S,5
24,08,8,02,1,,,,,0.00,0.0,,,,,,
24,09,3,01,1,20141328,KIN DEZZERT MILKY CHOCO MILK PCH 80,,,12.00,150,8.00%,24,,05/04/2027,,1
24,09,3,02,1,,,,,0.00,0.0,,,,,,
24,09,3,03,0,20122975,CHOCOLITO MINI COOKIES CHOCOCHIPS RICH CHOCO BOX 38,,,3.00,24,12.50%,48,,04/09/2027,,6
24,09,3,04,0,10040192,ANLENE GOLD 5X SUSU BUBUK HI-CALCIUM COKLAT BOX 570/560,,,5.00,24,20.83%,12,,02/01/2028,,1
24,09,4,01,1,10033567,BINTANG ZERO SOFT DRINK  KLG 330L,,,18.00,63,28.57%,24,,23/10/2027,D,24
24,09,4,02,1,,,,,0.00,0.0,,,,,,
24,09,5,01,1,,,,,0.00,0.0,,,,,,
24,09,5,02,1,10004490,MEIJI BISCUIT HELLO PANDA STRAWBERRY BOX 42,,,18.00,18,100.00%,80,,01/07/2027,L,10
24,09,6,01,1,,,,,0.00,0.0,,,,,,
24,09,6,02,1,,,,,0.00,0.0,,,,,,
24,09,7,01,1,,,,,0.00,0.0,,,,,,
24,09,7,02,1,,,,,0.00,0.0,,,,,,
24,09,8,01,1,,,,,0.00,0.0,,,,,,
24,09,8,02,1,,,,,0.00,0.0,,,,,,
25,01,3,01,1,,,,,0.00,0.0,,,,,,
25,01,3,02,1,,,,,0.00,0.0,,,,,,
25,01,3,03,0,,,,,0.00,0.0,,,,,,
25,01,3,04,0,,,,,0.00,0.0,,,,,,
25,01,4,01,1,,,,,0.00,0.0,,,,,,
25,01,4,02,1,,,,,0.00,0.0,,,,,,
25,01,5,01,1,,,,,0.00,0.0,,,,,,
25,01,5,02,1,,,,,0.00,0.0,,,,,,
25,01,6,01,1,,,,,0.00,0.0,,,,,,
25,01,6,02,1,,,,,0.00,0.0,,,,,,
25,01,7,01,1,,,,,0.00,0.0,,,,,,
25,01,7,02,1,,,,,0.00,0.0,,,,,,
25,01,8,01,1,,,,,0.00,0.0,,,,,,
25,01,8,02,1,,,,,0.00,0.0,,,,,,
25,02,3,01,1,,,,,0.00,0.0,,,,,,
25,02,3,02,1,,,,,0.00,0.0,,,,,,
25,02,3,03,0,,,,,0.00,0.0,,,,,,
25,02,3,04,0,20136363,ICHITAN SIGNATURE CHOCO DRINK DARK CHOCOLATE BTL 300L,,,6.00,80,7.50%,24,,02/07/2027,,2
25,02,4,01,1,,,,,0.00,0.0,,,,,,
25,02,4,02,1,,,,,0.00,0.0,,,,,,
25,02,5,01,1,,,,,0.00,0.0,,,,,,
25,02,5,02,1,,,,,0.00,0.0,,,,,,
25,02,6,01,1,,,,,0.00,0.0,,,,,,
25,02,6,02,1,,,,,0.00,0.0,,,,,,
25,02,7,01,1,,,,,0.00,0.0,,,,,,
25,02,7,02,1,,,,,0.00,0.0,,,,,,
25,02,8,01,1,,,,,0.00,0.0,,,,,,
25,02,8,02,1,,,,,0.00,0.0,,,,,,
25,03,3,01,1,20015850,INDOFOOD SAMBAL PEDAS BTL 275L,,,6.00,78,7.69%,24,,20/12/2027,,2
25,03,3,02,1,20015838,POCARI SWEAT MINUMAN ISOTONIK  BTL 350L,,,10.00,60,16.67%,24,CTN,04/08/2027,D,24
25,03,3,03,0,20096589,SEDAAP MIE MIE INSTANT GORENG PCK 5X91,,,52.00,52,100.00%,8,CTN,01/05/2027,E,8
25,03,3,04,0,20115489,INDOFOOD SAMBAL PEDAS DAHSYAT BTL 275L,,,13.00,52,25.00%,24,,05/12/2027,,2
25,03,4,01,1,10027529,DELMONTE CHILLI SAUCE EXTRA HOT BTL 270/265L,,,1.00,52,1.92%,24,CTN,01/12/2027,,2
25,03,4,02,1,20120906,KOPI KENANGAN HANYA UNTUKMU COFFEE DRINK MANTANCINO BTL 220L,,,3.00,78,3.85%,24,CTN,28/08/2027,,8
25,03,5,01,1,20057442,KINDER JOY CHOCOLATE CRISPY BOYS PCS 20,,,21.00,60,35.00%,72,CTN,31/05/2027,D,12
25,03,5,02,1,20015838,POCARI SWEAT MINUMAN ISOTONIK  BTL 350L,,,3.00,60,5.00%,24,CTN,04/08/2027,D,24
25,03,6,01,1,20092857,STT FRENCH FRIES 2000 PREMIUM  PCK 130,,,12.00,12,100.00%,20,CTN,01/04/2027,D,10
25,03,6,02,1,20136451,NESCAFE KOPI INSTANT ICE ROAST AMERICANO PCK 10X2,,,12.00,144,8.33%,30,CTN,01/08/2028,D,5
25,03,7,01,1,10006263,HEMAVITON ENERGI DRINK  BTL 150L,,,4.00,36,11.11%,50,CTN,01/09/2028,,4
25,03,7,02,1,20135619,TEBS ZERO SPARKLING LYCHEE BTL 300L,,,17.00,110,15.45%,12,CTN,07/09/2027,,3
25,03,8,01,1,20014608,NEO HORMOVITON PASAK BUMI  BTL 150L,,,11.00,36,30.56%,50,CTN,01/08/2028,,10
25,03,8,02,1,10039897,YOU C1000 HEALTH DRINK VITAMIN LEMON BTL 140L,,,6.00,77,7.79%,30,CTN,02/09/2027,S,15
25,04,3,01,1,20117687,DELMONTE BOBA MILK TEA MATCHA KLG 240L,,,8.00,96,8.33%,24,,25/02/2028,,2
25,04,3,02,1,20036344,DUA BELIBIS SAUS CABE BTL 135L,,,5.00,65,7.69%,48,,01/01/2028,,1
25,04,3,03,0,20141361,PORORO MINUMAN BERPERISA ZERO SUGAR STRAWBERRY BTL 235L,,,11.00,55,20.00%,24,,15/07/2027,,2
25,04,3,04,0,20056989,RED BULL GOLD ENERGY DRINK  KLG 250L,,,5.00,90,5.56%,24,,29/02/2028,L,6
25,04,4,01,1,20034077,FRISIAN FLAG SUSU CAIR UHT FULL CREAM TPK 225L,,,78.00,91,85.71%,36,CTN,01/08/2027,L,14
25,04,4,02,1,20040719,FRESH CARE MINYAK ANGIN AROMA THERAPY STRONG BTL 10L,,,12.00,480,2.50%,12,BOX,21/09/2029,,2
25,04,5,01,1,10000425,CAP LANG MINYAK KAYU PUTIH  BTL 60L,,,10.00,480,2.08%,12,LSN,30/08/2031,S,4
25,04,5,02,1,20036200,SPRITE SOFT DRINK  PET 1L,,,33.00,33,100.00%,12,CTN,31/03/2027,S,12
25,04,6,01,1,20137228,KIRANTI JUICE SEHAT DATANG BULAN LYCHEE BTL 150L,,,1.00,90,1.11%,24,CTN,04/09/2027,,2
25,04,6,02,1,20141639,SAKATONIK ACTIV CANDY GUMMY VITAMIN  SCT 24,,,18.00,72,25.00%,6,BOX,04/02/2028,,1
25,04,7,01,1,20019673,YOU C1000 ISOTONIC DRINK LEMON WATER BTL 500L,,,9.00,50,18.00%,24,CTN,31/05/2027,L,8
25,04,7,02,1,20019673,YOU C1000 ISOTONIC DRINK LEMON WATER BTL 500L,,,11.00,50,22.00%,24,CTN,31/05/2027,L,8
25,04,8,01,1,20034078,FRISIAN FLAG SUSU CAIR UHT STROBERI TPK 225L,,,39.00,91,42.86%,36,CTN,01/06/2027,S,36
25,04,8,02,1,20079972,SOSRO FRUIT TEA MARKISA BTL 350L,,,86.00,100,86.00%,12,CTN,03/09/2027,,4
25,05,3,01,1,20129570,WONG COCO PUDDING BLUEBERRY CUP 120,,,16.00,108,14.81%,36,,05/09/2027,,2
25,05,3,02,1,20078206,LUWAK WHITE KOFFIE ORIGINAL BTL 220L,,,24.00,150,16.00%,12,,15/10/2027,,4
25,05,3,03,0,20139700,PRISTINE 8.6+ AIR MINERAL  BTL 1500L,,,33.00,33,100.00%,12,CTN,01/09/2028,L,12
25,05,3,04,0,20139437,DELMONTE SPREAD PEANUT BUTTER BTL 170,,,1.00,100,1.00%,12,CTN,02/09/2028,,1
25,05,4,01,1,20053867,TEH GELAS MINUMAN TEH ALAMI  BTL 350L,,,4.00,125,3.20%,24,CTN,31/03/2028,,24
25,05,4,02,1,20124707,GARUDA SNACK OCORN JAGUNG BAKAR PCK 70,,,3.00,12,25.00%,30,CTN,15/06/2027,,2
25,05,5,01,1,10000425,CAP LANG MINYAK KAYU PUTIH  BTL 60L,,,11.00,480,2.29%,12,LSN,31/07/2031,S,4
25,05,5,02,1,20130801,CAP BADAK LARUTAN PENYEGAR PUTIH BTL 350L,,,40.00,50,80.00%,24,CTN,01/07/2031,,4
25,05,6,01,1,20120906,KOPI KENANGAN HANYA UNTUKMU COFFEE DRINK MANTANCINO BTL 220L,,,78.00,78,100.00%,24,CTN,10/09/2027,,8
25,05,6,02,1,20077302,MILKITA CANDY MILK (30S) ASSORTED PCK 105,,,3.00,52,5.77%,20,CTN,01/12/2027,,1
25,05,7,01,1,20138147,CIMORY EAT MILK PUDDING CHOCO HAZELNUT PCH 80,,,8.00,150,5.33%,24,CTN,01/05/2027,,4
25,05,7,02,1,10036619,MARJAN SYRUP LYCHEE BTL 425L,,,3.00,51,5.88%,12,CTN,05/08/2029,,3
25,05,8,01,1,20141327,KIN DEZZERT MILKY CHOCO ALMOND PCH 80,,,27.00,150,18.00%,24,CTN,31/05/2027,,1
25,05,8,02,1,20124289,CHO CHO CHOCOLATE JOY JUMBO PCS 40,,,28.00,924,3.03%,12,CTN,30/07/2027,,2
25,06,3,01,1,20140647,CAP ENAK KENTAL MANIS COKLAT PCH 260,,,1.00,96,1.04%,24,CTN,30/06/2027,,1
25,06,3,02,1,20014069,FRISIAN FLAG SUSU CAIR UHT FULL CREAM TPK 946L,,,56.00,56,100.00%,12,CTN,01/06/2027,E,12
25,06,3,03,0,20140912,SIDO MUNCUL JAMU TOLAK ANGIN CAIR + MADU  SCT 15L,,,1.00,60,1.67%,360,CTN,01/07/2028,,6
25,06,3,04,0,20065248,ION WATER MINUMAN ISOTONIK  BTL 350L,,,9.00,60,15.00%,24,,11/08/2027,,2
25,06,4,01,1,20097781,KEBON AGUNG GULA KRISTAL PUTIH  PCK 1,,,28.00,28,100.00%,24,CTN,01/09/2028,,24
25,06,4,02,1,10000305,BANGO KECAP MANIS (66269)  BTL 385,,,8.00,65,12.31%,24,,01/06/2028,,1
25,06,5,01,1,20132760,CAFFINO COFFEE READY TO DRINK MILKY ESPRESSO BTL 200L,,,10.00,186,5.38%,12,CTN,30/09/2027,,2
25,06,5,02,1,20045673,GOOD DAY COFFEE DRINK TIRAMISU BLISS BTL 250/230L,,,1.00,60,1.67%,24,CTN,20/07/2027,L,4
25,06,6,01,1,20116675,CHITATO LITE SNACK POTATO NORI SEAWEED PCK 115,,,14.00,21,66.67%,18,CTN,19/05/2027,D,9
25,06,6,02,1,10027529,DELMONTE CHILLI SAUCE EXTRA HOT BTL 270/265L,,,2.00,52,3.85%,24,CTN,30/11/2027,,2
25,06,7,01,1,20036194,DELMONTE KETCHUP SAUCE TOMAT  BTL 140/135L,,,6.00,40,15.00%,48,CTN,05/01/2028,,6
25,06,7,02,1,20040276,ADEM SARI CHING KU LEMON KLG 320L,,,40.00,72,55.56%,24,CTN,01/02/2028,D,8
25,06,8,01,1,20116675,CHITATO LITE SNACK POTATO NORI SEAWEED PCK 115,,,14.00,21,66.67%,18,CTN,19/05/2027,D,9
25,06,8,02,1,20040276,ADEM SARI CHING KU LEMON KLG 320L,,,4.00,72,5.56%,24,CTN,01/02/2028,D,8
25,07,3,01,1,10005909,INDOMILK SUSU CAIR UHT PLAIN TPK 950L,,,56.00,56,100.00%,12,CTN,28/05/2027,,2
25,07,3,02,1,20125115,STARBUCKS DOUBLESHOT COFFEE DRINK ESPRESSO LATTE KLG 220L,,,30.00,112,26.79%,24,,04/09/2027,L,4
25,07,3,03,0,20141504,LAYS SNACK POTATO CHIPS RUMPUT LAUT PDS PCK 64,,,10.00,25,40.00%,22,CTN,30/06/2027,,1
25,07,3,04,0,20139700,PRISTINE 8.6+ AIR MINERAL  BTL 1500L,,,33.00,33,100.00%,12,CTN,01/09/2028,L,12
25,07,4,01,1,20120904,KOPI KENANGAN HANYA UNTUKMU COFFEE DRINK BLACK AREN BTL 220L,,,53.00,78,67.95%,24,,19/07/2027,,4
25,07,4,02,1,20052629,INDOMARET AIR MINUM DENGAN OKSIGEN SPORTY BTL 600L,,,40.00,40,100.00%,24,CTN,09/09/2028,,24
25,07,5,01,1,20045673,GOOD DAY COFFEE DRINK TIRAMISU BLISS BTL 250/230L,,,60.00,60,100.00%,24,CTN,20/09/2027,L,4
25,07,5,02,1,20052629,INDOMARET AIR MINUM DENGAN OKSIGEN SPORTY BTL 600L,,,40.00,40,100.00%,24,CTN,09/09/2028,,24
25,07,6,01,1,20128821,COCA COLA SOFT DRINK ZERO SUGAR PET 390L,,,11.00,104,10.58%,12,CTN,31/03/2027,,12
25,07,6,02,1,20052629,INDOMARET AIR MINUM DENGAN OKSIGEN SPORTY BTL 600L,,,40.00,40,100.00%,24,CTN,09/09/2028,,24
25,07,7,01,1,20141581,KIN YOGURT SLURP XL FRUIT SALAD PCH 80,,,17.00,125,13.60%,24,CTN,30/06/2027,,1
25,07,7,02,1,20052629,INDOMARET AIR MINUM DENGAN OKSIGEN SPORTY BTL 600L,,,40.00,40,100.00%,24,CTN,09/09/2028,,24
25,07,8,01,1,20052629,INDOMARET AIR MINUM DENGAN OKSIGEN SPORTY BTL 600L,,,40.00,40,100.00%,24,CTN,09/09/2028,,24
25,07,8,02,1,20052629,INDOMARET AIR MINUM DENGAN OKSIGEN SPORTY BTL 600L,,,9.00,40,22.50%,24,CTN,09/09/2028,,24
25,08,3,01,1,20122090,ADEM SARI CHING KU TEH HIJAU MADU LEMON TEA BTL 350L,,,19.00,65,29.23%,24,,20/08/2027,,8
25,08,3,02,1,20138837,MIZONE MINUMAN ISOTONIK COCO BOOST BTL 500L,,,30.00,72,41.67%,12,CTN,29/08/2027,L,4
25,08,3,03,0,20125856,LUWAK KOPI BUBUK MURNI PREMIUM  PCK 100,,,5.00,40,12.50%,12,CTN,01/03/2028,,4
25,08,3,04,0,20096794,INDOMARET JAM PINEAPPLE BTL 170,,,15.00,72,20.83%,24,,22/08/2027,,1
25,08,4,01,1,20093993,FANTA SOFT DRINK GRAPE PET 390L,,,67.00,104,64.42%,12,CTN,31/03/2027,,6
25,08,4,02,1,20138168,KOPI KENANGAN HANYA UNTUKMU COFFEE DRINK CHEESE LATTE BTL 200L,,,44.00,78,56.41%,24,,11/07/2027,,8
25,08,5,01,1,20041422,CERES CHOCO SPREAD HAZELJOY DOUBLE HAZELNUT BTL 350,,,6.00,98,6.12%,12,CTN,04/09/2027,,1
25,08,5,02,1,10002595,KRATINGDAENG ENERGY DRINK REGULER BTL 150L,,,15.00,36,41.67%,50,,01/03/2028,S,10
25,08,6,01,1,20083837,MORIN JAM HAZELNUT WITH COCOA  BTL 150,,,7.00,220,3.18%,12,CTN,13/02/2028,,1
25,08,6,02,1,20041422,CERES CHOCO SPREAD HAZELJOY DOUBLE HAZELNUT BTL 350,,,5.00,98,5.10%,12,CTN,04/09/2027,,1
25,08,7,01,1,20074990,OREO SANDWICH DARK&WHITE CHO PCK 110.4/105,,,17.00,100,17.00%,24,CTN,15/09/2027,,6
25,08,7,02,1,20040276,ADEM SARI CHING KU LEMON KLG 320L,,,5.00,72,6.94%,24,CTN,01/02/2028,D,8
25,08,8,01,1,10004771,CERES CHOCO SPREAD DUO MILK HAZELNUT BTL 350,,,1.00,84,1.19%,12,CTN,04/09/2027,,1
25,08,8,02,1,20053868,POLARIS SOFT DRINK CAFENERGY COFFEE CREAM KLG 330L,,,2.00,54,3.70%,24,CTN,01/07/2028,,2
25,09,3,01,1,20097781,KEBON AGUNG GULA KRISTAL PUTIH  PCK 1,,,28.00,28,100.00%,24,CTN,01/09/2028,,24
25,09,3,02,1,20069696,OISHI SNACK POPCORN KARAMEL PCH 100,,,8.00,32,25.00%,20,CTN,04/09/2027,S,10
25,09,3,03,0,20129961,MISTER POTATO SNACK CRISPS ORIGINAL KLG 35,,,7.00,68,10.29%,24,CTN,20/07/2027,L,4
25,09,3,04,0,20136951,CIMORY FRESH MILK UHT MATCHA TPK 250/225 L,,,65.00,105,61.90%,24,CTN,19/06/2027,S,12
25,09,4,01,1,20069199,KAKI TIGA LARUTAN PENYEGAR COOLTOPIA LEMON LIME KLG 320L,,,22.00,72,30.56%,24,,01/09/2029,,2
25,09,4,02,1,20038777,POCARI SWEAT MINUMAN ISOTONIK  BTL 900L,,,26.00,40,65.00%,15,CTN,07/08/2027,S,15
25,09,5,01,1,20060290,MORINAGACHILKID SUSU PLATINUM 3 MORICARE VANILA KLG 800,,,1.00,24,4.17%,12,CTN,04/07/2028,,1
25,09,5,02,1,20069696,OISHI SNACK POPCORN KARAMEL PCH 100,,,32.00,32,100.00%,20,CTN,04/09/2027,S,10
25,09,6,01,1,20137602,INDOMILK KIDS YOGURT BLUEBERRY PCS 70,,,25.00,90,27.78%,24,CTN,01/05/2027,,2
25,09,6,02,1,20069696,OISHI SNACK POPCORN KARAMEL PCH 100,,,32.00,32,100.00%,20,CTN,04/09/2027,S,10
25,09,7,01,1,20003698,SOSRO FRUIT TEA X-TREME APEL-BLACKCRRNT BTL 500L,,,19.00,40,47.50%,24,CTN,07/08/2027,,3
25,09,7,02,1,20019673,YOU C1000 ISOTONIC DRINK LEMON WATER BTL 500L,,,9.00,50,18.00%,24,CTN,31/05/2027,L,8
25,09,8,01,1,20041422,CERES CHOCO SPREAD HAZELJOY DOUBLE HAZELNUT BTL 350,,,4.00,98,4.08%,12,CTN,12/07/2027,,1
25,09,8,02,1,20034699,BIHUN JAGUNG BIHUN CAP TANAM JAGUNG  PCK 320,,,23.00,60,38.33%,10,BAL,10/07/2028,,5
26,01,3,01,1,,,,,0.00,0.0,,,,,,
26,01,3,02,1,,,,,0.00,0.0,,,,,,
26,01,3,03,0,,,,,0.00,0.0,,,,,,
26,01,3,04,0,,,,,0.00,0.0,,,,,,
26,01,4,01,1,,,,,0.00,0.0,,,,,,
26,01,4,02,1,,,,,0.00,0.0,,,,,,
26,01,5,01,1,,,,,0.00,0.0,,,,,,
26,01,5,02,1,,,,,0.00,0.0,,,,,,
26,01,6,01,1,,,,,0.00,0.0,,,,,,
26,01,6,02,1,,,,,0.00,0.0,,,,,,
26,01,7,01,1,,,,,0.00,0.0,,,,,,
26,01,7,02,1,,,,,0.00,0.0,,,,,,
26,01,8,01,1,,,,,0.00,0.0,,,,,,
26,01,8,02,1,,,,,0.00,0.0,,,,,,
26,02,3,01,1,,,,,0.00,0.0,,,,,,
26,02,3,02,1,,,,,0.00,0.0,,,,,,
26,02,3,03,0,,,,,0.00,0.0,,,,,,
26,02,3,04,0,,,,,0.00,0.0,,,,,,
26,02,4,01,1,,,,,0.00,0.0,,,,,,
26,02,4,02,1,20065248,ION WATER MINUMAN ISOTONIK  BTL 350L,,,18.00,60,30.00%,24,,09/08/2027,,2
26,02,5,01,1,,,,,0.00,0.0,,,,,,
26,02,5,02,1,,,,,0.00,0.0,,,,,,
26,02,6,01,1,,,,,0.00,0.0,,,,,,
26,02,6,02,1,,,,,0.00,0.0,,,,,,
26,02,7,01,1,,,,,0.00,0.0,,,,,,
26,02,7,02,1,20124898,CHI FOREST SPARKLING WATER WHITE PEACH BTL 480L,,,42.00,65,64.62%,15,,07/10/2027,,5
26,02,8,01,1,,,,,0.00,0.0,,,,,,
26,02,8,02,1,,,,,0.00,0.0,,,,,,
26,03,3,01,1,20131857,BIOKUL TO GO YOGURT LYCHEE PCH 80,,,51.00,200,25.50%,12,,22/08/2027,,2
26,03,3,02,1,20103368,HEMAVITON HEALTH DRINK VITAMIN C1000 LEMON KLG 330L,,,5.00,192,2.60%,24,,01/08/2027,,6
26,03,3,03,0,20136277,SUNPRIDE 100% FRUIT JUICE PINEAPPLE MANGO KLG 220L,,,22.00,189,11.64%,12,,31/10/2027,,1
26,03,3,04,0,20083775,ADEM SARI CHING KU HERBAL TEA KLG 325/320L,,,8.00,91,8.79%,24,,01/02/2028,,6
26,03,4,01,1,20071642,ADEM SARI CHING KU SPARKLING KLG 320L,,,30.00,63,47.62%,24,CTN,01/03/2028,L,2
26,03,4,02,1,20133409,KOPI KENANGAN HANYA UNTUKMU COFFEE DRINK CAFFE LATTE BTL 200L,,,65.00,52,125.00%,24,,15/07/2027,,6
26,03,5,01,1,20138168,KOPI KENANGAN HANYA UNTUKMU COFFEE DRINK CHEESE LATTE BTL 200L,,,46.00,78,58.97%,24,,18/08/2027,,8
26,03,5,02,1,20019673,YOU C1000 ISOTONIC DRINK LEMON WATER BTL 500L,,,21.00,50,42.00%,24,,07/05/2027,L,8
26,03,6,01,1,20071642,ADEM SARI CHING KU SPARKLING KLG 320L,,,4.00,63,6.35%,24,CTN,01/03/2028,L,2
26,03,6,02,1,20138168,KOPI KENANGAN HANYA UNTUKMU COFFEE DRINK CHEESE LATTE BTL 200L,,,7.00,78,8.97%,24,CTN,16/07/2027,,8
26,03,7,01,1,20130801,CAP BADAK LARUTAN PENYEGAR PUTIH BTL 350L,,,15.00,50,30.00%,24,CTN,28/06/2031,,4
26,03,7,02,1,20106309,WONG COCO SARI KELAPA DUGAN COCOPANDAN CUP 220,,,8.00,108,7.41%,24,CTN,05/02/2028,,2
26,03,8,01,1,10035165,OREO SANDWICH ORIGINAL PCK 110.4/105,,,2.00,100,2.00%,24,CTN,04/08/2027,L,8
26,03,8,02,1,20106309,WONG COCO SARI KELAPA DUGAN COCOPANDAN CUP 220,,,13.00,108,12.04%,24,CTN,05/02/2028,,2
26,04,3,01,1,20089805,OLATTE MINUMAN MILKY & FRUITY PEACH KLG 240L,,,5.00,77,6.49%,30,,05/06/2028,L,3
26,04,3,02,1,20019673,YOU C1000 ISOTONIC DRINK LEMON WATER BTL 500L,,,20.00,50,40.00%,24,CTN,07/05/2027,L,8
26,04,3,03,0,20106309,WONG COCO SARI KELAPA DUGAN COCOPANDAN CUP 220,,,6.00,108,5.56%,24,,05/02/2028,,2
26,04,3,04,0,20134353,INDOMARET SARI BUAH NANAS & MARKISA KLG 250/220L,,,28.00,174,16.09%,12,,28/09/2026,,1
26,04,4,01,1,20133409,KOPI KENANGAN HANYA UNTUKMU COFFEE DRINK CAFFE LATTE BTL 200L,,,65.00,52,125.00%,24,,15/07/2027,,6
26,04,4,02,1,20136277,SUNPRIDE 100% FRUIT JUICE PINEAPPLE MANGO KLG 220L,,,35.00,189,18.52%,12,,01/10/2027,,1
26,04,5,01,1,20132761,CAFFINO COFFEE READY TO DRINK OAT CAPPUCCINO BTL 200L,,,54.00,96,56.25%,12,,26/09/2027,,2
26,04,5,02,1,20131858,BIOKUL TO GO YOGURT STRAWBERRY PCH 80,,,88.00,200,44.00%,12,,28/08/2027,,2
26,04,6,01,1,20133409,KOPI KENANGAN HANYA UNTUKMU COFFEE DRINK CAFFE LATTE BTL 200L,,,30.00,52,57.69%,24,,06/07/2027,,6
26,04,6,02,1,20117687,DELMONTE BOBA MILK TEA MATCHA KLG 240L,,,3.00,96,3.13%,24,CTN,25/02/2028,,2
26,04,7,01,1,20136451,NESCAFE KOPI INSTANT ICE ROAST AMERICANO PCK 10X2,,,14.00,144,9.72%,30,CTN,01/08/2028,D,5
26,04,7,02,1,20131858,BIOKUL TO GO YOGURT STRAWBERRY PCH 80,,,84.00,200,42.00%,12,,14/08/2027,,2
26,04,8,01,1,20048348,PUCUK HARUM MINUMAN TEH LESS SUGAR BTL 500L,,,9.00,72,12.50%,12,CTN,01/07/2027,S,2
26,04,8,02,1,20090437,VIDORAN XMART3+ SUSU PERTUMBUHAN VANILA BOX 700,,,17.00,24,70.83%,12,,27/12/2027,,1
26,05,3,01,1,20097390,MAMASUKA RUMPUT LAUT PANGGANG (NORI) BBQ PCK 2X4.5,,,1.00,20,5.00%,40,CTN,13/08/2027,L,2
26,05,3,02,1,20124899,CHI FOREST SPARKLING WATER LYCHEE FIZZY BTL 480L,,,52.00,70,74.29%,15,CTN,04/11/2027,,5
26,05,3,03,0,20138252,EXTRA JOSS ENERGY DRINK ULTIMATE KLG 250L,,,14.00,88,15.91%,24,,20/11/2027,,4
26,05,3,04,0,20055226,NUTRIVE MINUMAN BENECOL STRAWBERRY BTL 100L,,,13.00,90,14.44%,36,,01/08/2027,,2
26,05,4,01,1,20103718,TUJUH KURMA SUSU STERIL KURMA  KLG 189L,,,128.00,144,88.89%,24,,01/09/2027,L,6
26,05,4,02,1,20038726,NARAYA SOYA BOTOL KEDELAI  BTL 320/300L,,,28.00,50,56.00%,24,,11/06/2027,,8
26,05,5,01,1,20141580,KIN YOGURT SLURP XL ORIGINAL PCH 80,,,33.00,130,25.38%,24,,01/08/2027,,2
26,05,5,02,1,20002209,TEBS SPARKLING MIX FRUIT KLG 330L,,,34.00,70,48.57%,20,,04/09/2027,,2
26,05,6,01,1,20056219,ETERNALPLUS MINERAL WATER PH8+  BTL 500L,,,44.00,44,100.00%,20,,16/06/2028,,5
26,05,6,02,1,20019673,YOU C1000 ISOTONIC DRINK LEMON WATER BTL 500L,,,20.00,50,40.00%,24,,31/05/2027,L,8
26,05,7,01,1,20133058,NESCAFE COFFEE DRINK OAT LATTE KLG 220L,,,1.00,96,1.04%,24,CTN,08/09/2027,,8
26,05,7,02,1,20089819,FRISIAN FLAG KENTAL MANIS PUTIH  KLG 490,,,1.00,384,0.26%,48,CTN,02/08/2027,,1
26,05,8,01,1,10035165,OREO SANDWICH ORIGINAL PCK 110.4/105,,,6.00,100,6.00%,24,CTN,04/08/2027,L,8
26,05,8,02,1,20121456,NESCAFE COFFEE DRINK ICE BLACK KLG 220L,,,77.00,112,68.75%,24,CTN,01/07/2027,D,12
26,06,3,01,1,20122090,ADEM SARI CHING KU TEH HIJAU MADU LEMON TEA BTL 350L,,,16.00,65,24.62%,24,,04/08/2027,,8
26,06,3,02,1,10000255,FRISIAN FLAG GOLD SUSU KENTAL MANIS PUTIH KLG 370,,,3.00,42,7.14%,48,CTN,02/09/2027,L,3
26,06,3,03,0,10002894,KOEPOE KOEPOE SODA KUE  BTL 81,,,38.00,102,37.25%,24,,29/07/2028,,2
26,06,3,04,0,20036198,COCA COLA SOFT DRINK ZERO  PET 1L,,,2.00,33,6.06%,12,CTN,31/03/2027,L,12
26,06,4,01,1,10023790,SEDAAP MIE MIE INSTANT AYAM BAWANG PCK 70,,,52.00,52,100.00%,40,CTN,01/05/2027,,40
26,06,4,02,1,20139859,BIOKUL TO GO YOGURT BROWN SUGAR PCH 80,,,122.00,128,95.31%,12,,08/09/2027,,2
26,06,5,01,1,10033567,BINTANG ZERO SOFT DRINK  KLG 330L,,,63.00,63,100.00%,24,,30/06/2027,D,24
26,06,5,02,1,20103718,TUJUH KURMA SUSU STERIL KURMA  KLG 189L,,,128.00,144,88.89%,24,,01/09/2027,L,6
26,06,6,01,1,10000107,GREEN SANDS ORIGINAL LIME & APPLE  KLG 330L,,,36.00,63,57.14%,24,,06/11/2027,,4
26,06,6,02,1,20040276,ADEM SARI CHING KU LEMON KLG 320L,,,68.00,72,94.44%,24,,01/02/2028,D,8
26,06,7,01,1,20121456,NESCAFE COFFEE DRINK ICE BLACK KLG 220L,,,1.00,112,0.89%,24,CTN,01/07/2027,D,12
26,06,7,02,1,20138147,CIMORY EAT MILK PUDDING CHOCO HAZELNUT PCH 80,,,2.00,150,1.33%,24,CTN,02/03/2027,,4
26,06,8,01,1,20141361,PORORO MINUMAN BERPERISA ZERO SUGAR STRAWBERRY BTL 235L,,,3.00,55,5.45%,24,CTN,15/07/2027,,2
26,06,8,02,1,20103453,AJINOMOTO SAUS LADA HITAM SAORI  BTL 133L,,,1.00,126,0.79%,24,CTN,04/09/2027,,1
26,07,3,01,1,20139813,BIOKUL TO GO YOGURT MARSHMALLOW PCH 80,,,74.00,128,57.81%,12,,29/08/2027,,2
26,07,3,02,1,20143270,GOLDA COFFEE DRINK AREN LATTE BTL 200L,,,56.00,186,30.11%,12,CTN,15/06/2027,,12
26,07,3,03,0,20042991,INDOMARET GULA PASIR PREMIUM PUTIH PCK 1,,,25.00,25,100.00%,25,SAK,01/09/2028,L,25
26,07,3,04,0,20036200,SPRITE SOFT DRINK  PET 1L,,,10.00,33,30.30%,12,CTN,31/03/2027,S,12
26,07,4,01,1,10020784,BANGO KECAP MANIS (10012)  BTL 189,,,33.00,55,60.00%,48,,04/09/2028,,2
26,07,4,02,1,20124898,CHI FOREST SPARKLING WATER WHITE PEACH BTL 480L,,,49.00,65,75.38%,15,,04/10/2027,,5
26,07,5,01,1,10033567,BINTANG ZERO SOFT DRINK  KLG 330L,,,42.00,63,66.67%,24,,30/06/2027,D,24
26,07,5,02,1,20000787,NESCAFE ICE COFFEE ORIGINAL KLG 220L,,,61.00,96,63.54%,24,,20/09/2027,S,4
26,07,6,01,1,20083775,ADEM SARI CHING KU HERBAL TEA KLG 325/320L,,,24.00,91,26.37%,24,,01/02/2028,,6
26,07,6,02,1,20040306,S-26 PROMILGOLD SUSU BUBUK LANJUTAN 6-12 (2) VANILA KLG 400,,,2.00,32,6.25%,24,CTN,12/05/2028,,1
26,07,7,01,1,20125115,STARBUCKS DOUBLESHOT COFFEE DRINK ESPRESSO LATTE KLG 220L,,,14.00,112,12.50%,24,CTN,05/09/2027,L,4
26,07,7,02,1,20054589,TIGA SAPI KREMER KENTAL MANIS  KLG 490,,,5.00,28,17.86%,48,CTN,30/04/2027,S,8
26,07,8,01,1,20093993,FANTA SOFT DRINK GRAPE PET 390L,,,21.00,104,20.19%,12,CTN,31/03/2027,,6
26,07,8,02,1,20133058,NESCAFE COFFEE DRINK OAT LATTE KLG 220L,,,21.00,96,21.88%,24,CTN,08/09/2027,,8
26,08,3,01,1,20138168,KOPI KENANGAN HANYA UNTUKMU COFFEE DRINK CHEESE LATTE BTL 200L,,,26.00,78,33.33%,24,,11/07/2027,,8
26,08,3,02,1,20036200,SPRITE SOFT DRINK  PET 1L,,,13.00,33,39.39%,12,CTN,31/03/2027,S,12
26,08,3,03,0,20138057,NESCAFE COFFEE DRINK GULA AREN KLG 220L,,,19.00,112,16.96%,24,CTN,20/09/2027,L,24
26,08,3,04,0,20135975,OLATTE MINUMAN MILKY & FRUITY STRAWBERRY KLG 240L,,,10.00,77,12.99%,30,,18/07/2028,,2
26,08,4,01,1,20141980,DUM DUM MILK TEA ROYAL BTL 330L,,,125.00,125,100.00%,12,,01/09/2027,,2
26,08,4,02,1,20124898,CHI FOREST SPARKLING WATER WHITE PEACH BTL 480L,,,52.00,65,80.00%,15,,01/10/2027,,5
26,08,5,01,1,20124899,CHI FOREST SPARKLING WATER LYCHEE FIZZY BTL 480L,,,51.00,70,72.86%,15,,04/11/2027,,5
26,08,5,02,1,20124899,CHI FOREST SPARKLING WATER LYCHEE FIZZY BTL 480L,,,52.00,70,74.29%,15,,04/11/2027,,5
26,08,6,01,1,20042991,INDOMARET GULA PASIR PREMIUM PUTIH PCK 1,,,25.00,25,100.00%,25,SAK,01/09/2028,L,25
26,08,6,02,1,20089806,OLATTE MINUMAN MILKY & FRUITY PEAR KLG 240L,,,22.00,77,28.57%,30,,01/06/2027,,2
26,08,7,01,1,20068906,FRISIAN FLAG SUSU KENTAL MANIS COKELAT PCH 535,,,13.00,50,26.00%,24,CTN,05/05/2027,D,12
26,08,7,02,1,20019673,YOU C1000 ISOTONIC DRINK LEMON WATER BTL 500L,,,9.00,50,18.00%,24,CTN,07/05/2027,L,8
26,08,8,01,1,20048348,PUCUK HARUM MINUMAN TEH LESS SUGAR BTL 500L,,,18.00,72,25.00%,12,CTN,01/07/2027,S,2
26,08,8,02,1,10015550,PRIMA RASA FRUIT COCKTAIL  CUP 220L,,,100.00,105,95.24%,24,CTN,09/09/2027,,2
26,09,3,01,1,20012574,FRESTEA MINUMAN TEH APEL BTL 500L,,,11.00,88,12.50%,12,CTN,30/06/2027,,2
26,09,3,02,1,20073396,S-TEE MINUMAN TEH MELATI BTL 350/390L,,,42.00,125,33.60%,12,,16/07/2027,,2
26,09,3,03,0,20120421,TARO SNACK NET POTATO BARBEQUE PCK 115,,,3.00,9,33.33%,16,CTN,01/07/2027,,2
26,09,3,04,0,20009269,DELMONTE CHILLI SAUCE EXTRA HOT BTL 140/135L,,,13.00,55,23.64%,48,,01/02/2028,,2
26,09,4,01,1,10003389,KIRANTI SEHAT DATANG BULAN  BTL 150L,,,7.00,90,7.78%,24,CTN,11/08/2027,,2
26,09,4,02,1,20137229,KIRANTI JUICE SEHAT DATANG BULAN BERRY BTL 150L,,,3.00,90,3.33%,24,CTN,07/07/2027,,2
26,09,5,01,1,20044599,AJINOMOTO SAUS TIRAM SAORI  BTL 270L,,,1.00,100,1.00%,12,CTN,09/09/2027,,1
26,09,5,02,1,20135975,OLATTE MINUMAN MILKY & FRUITY STRAWBERRY KLG 240L,,,66.00,77,85.71%,30,,18/06/2028,,2
26,09,6,01,1,10004532,ENSURE GOLD NUTRITION POWDER FOS VANILLA KLG 800,,,1.00,48,2.08%,12,CTN,04/02/2028,,1
26,09,6,02,1,20040276,ADEM SARI CHING KU LEMON KLG 320L,,,27.00,72,37.50%,24,,04/01/2028,D,8
26,09,7,01,1,10000107,GREEN SANDS ORIGINAL LIME & APPLE  KLG 330L,,,6.00,63,9.52%,24,CTN,06/11/2027,,4
26,09,7,02,1,20068906,FRISIAN FLAG SUSU KENTAL MANIS COKELAT PCH 535,,,50.00,50,100.00%,24,CTN,01/05/2027,D,12
26,09,8,01,1,10000107,GREEN SANDS ORIGINAL LIME & APPLE  KLG 330L,,,39.00,63,61.90%,24,CTN,21/11/2027,,4
26,09,8,02,1,20019673,YOU C1000 ISOTONIC DRINK LEMON WATER BTL 500L,,,1.00,50,2.00%,24,CTN,07/05/2027,L,8
27,01,3,01,1,,,,,0.00,0.0,,,,,,
27,01,3,02,1,,,,,0.00,0.0,,,,,,
27,01,3,03,0,,,,,0.00,0.0,,,,,,
27,01,3,04,0,,,,,0.00,0.0,,,,,,
27,01,4,01,1,,,,,0.00,0.0,,,,,,
27,01,4,02,1,,,,,0.00,0.0,,,,,,
27,01,5,01,1,,,,,0.00,0.0,,,,,,
27,01,5,02,1,,,,,0.00,0.0,,,,,,
27,01,6,01,1,,,,,0.00,0.0,,,,,,
27,01,6,02,1,,,,,0.00,0.0,,,,,,
27,01,7,01,1,,,,,0.00,0.0,,,,,,
27,01,7,02,1,,,,,0.00,0.0,,,,,,
27,01,8,01,1,,,,,0.00,0.0,,,,,,
27,01,8,02,1,,,,,0.00,0.0,,,,,,
27,02,3,01,1,,,,,0.00,0.0,,,,,,
27,02,3,02,1,,,,,0.00,0.0,,,,,,
27,02,3,03,0,20044599,AJINOMOTO SAUS TIRAM SAORI  BTL 270L,,,9.00,100,9.00%,12,,28/08/2027,,1
27,02,3,04,0,,,,,0.00,0.0,,,,,,
27,02,4,01,1,20042207,S-26 PROCAL GLD SUSU BUBUK PERTUMBUHAN 3 VANILLA (NEW) KLG 900,,,8.00,60,13.33%,6,,10/03/2028,D,1
27,02,4,02,1,,,,,0.00,0.0,,,,,,
27,02,5,01,1,,,,,0.00,0.0,,,,,,
27,02,5,02,1,,,,,0.00,0.0,,,,,,
27,02,6,01,1,20089805,OLATTE MINUMAN MILKY & FRUITY PEACH KLG 240L,,,44.00,77,57.14%,30,,04/05/2027,L,3
27,02,6,02,1,,,,,0.00,0.0,,,,,,
27,02,7,01,1,,,,,0.00,0.0,,,,,,
27,02,7,02,1,20040298,SGM ANANDA 2 FORMULA BAYI BUBUK 6 -12 BULAN BOX 1000,,,24.00,32,75.00%,10,,28/08/2028,E,2
27,02,8,01,1,,,,,0.00,0.0,,,,,,
27,02,8,02,1,20040293,SGM EKSPLOR 1+ PRO-GRESSMAXX SUSU PERTUMBUHAN VANILA BOX 900,,,29.00,32,90.63%,10,,29/08/2028,E,10
27,03,3,01,1,20048546,HEMAVITON HEALTH DRINK VITAMIN C1000 ORANGE KLG 330L,,,11.00,70,15.71%,24,,30/09/2027,L,2
27,03,3,02,1,20117682,DELMONTE BOBA MILK TEA RED VELVET KLG 240L,,,96.00,96,100.00%,,,,,8
27,03,3,03,0,10036685,NUTELLA JAM SPREAD KECIL HAZELNUT BTL 200,,,7.00,108,6.48%,12,,01/04/2027,L,1
27,03,3,04,0,20129961,MISTER POTATO SNACK CRISPS ORIGINAL KLG 35,,,3.00,68,4.41%,24,CTN,14/07/2027,L,4
27,03,4,01,1,20002205,SOSRO FRUIT TEA BLACKCURRANT BTL 500L,,,43.00,40,107.50%,24,,01/09/2027,L,2
27,03,4,02,1,20056989,RED BULL GOLD ENERGY DRINK  KLG 250L,,,18.00,90,20.00%,24,,27/11/2027,L,6
27,03,5,01,1,20048096,V-SOY SOYA BEAN MILK MULTI GRAIN  BTL 300L,,,5.00,720,0.69%,24,CTN,14/08/2027,S,6
27,03,5,02,1,20121456,NESCAFE COFFEE DRINK ICE BLACK KLG 220L,,,81.00,112,72.32%,24,,01/08/2027,D,12
27,03,6,01,1,20139437,DELMONTE SPREAD PEANUT BUTTER BTL 170,,,5.00,100,5.00%,12,CTN,25/09/2028,,1
27,03,6,02,1,20122090,ADEM SARI CHING KU TEH HIJAU MADU LEMON TEA BTL 350L,,,22.00,65,33.85%,24,,01/08/2027,,8
27,03,7,01,1,20047617,WONG COCO PUDDING GUAVA CUP 120,,,15.00,108,13.89%,36,CTN,05/09/2027,,2
27,03,7,02,1,20071686,SGM SOYA 1+ EKSPLOR PRO-GRESSMAXX MADU BOX 700,,,17.00,32,53.13%,10,,25/08/2028,L,1
27,03,8,01,1,20048096,V-SOY SOYA BEAN MILK MULTI GRAIN  BTL 300L,,,48.00,720,6.67%,24,CTN,14/08/2027,S,6
27,03,8,02,1,20040293,SGM EKSPLOR 1+ PRO-GRESSMAXX SUSU PERTUMBUHAN VANILA BOX 900,,,32.00,32,100.00%,10,,29/08/2028,E,10
27,04,3,01,1,20134354,INDOMARET SARI BUAH NANAS KLG 250/220L,,,43.00,174,24.71%,12,,05/10/2027,,1
27,04,3,02,1,20048348,PUCUK HARUM MINUMAN TEH LESS SUGAR BTL 500L,,,9.00,72,12.50%,12,CTN,01/07/2027,S,2
27,04,3,03,0,10003842,CAP BADAK LARUTAN PENYEGAR JAMBU KLG 320L,,,28.00,63,44.44%,24,CTN,01/09/2028,L,2
27,04,3,04,0,20047617,WONG COCO PUDDING GUAVA CUP 120,,,13.00,108,12.04%,36,,05/09/2027,,2
27,04,4,01,1,10020784,BANGO KECAP MANIS (10012)  BTL 189,,,24.00,55,43.64%,48,,22/06/2028,,2
27,04,4,02,1,20126897,MUJIGAE SUSU CAIR STRWBRRY BANANA BTL 250L,,,153.00,153,100.00%,12,,04/12/2027,,2
27,04,5,01,1,20040276,ADEM SARI CHING KU LEMON KLG 320L,,,63.00,72,87.50%,24,,01/01/2028,D,8
27,04,5,02,1,20133182,URAY 100% NATURAL HONEY  BTL 150,,,1.00,60,1.67%,24,CTN,30/09/2029,,1
27,04,6,01,1,20142359,POWERADE MINUMAN ISOTONIK ACTIVE BLUE BTL 400L,,,47.00,108,43.52%,12,,04/06/2027,,2
27,04,6,02,1,20046314,MINUTE MAID JUICE NUTRIBOOST ORANGE BTL 300L,,,86.00,130,66.15%,12,,31/03/2027,,3
27,04,7,01,1,20015338,MUNCHYS SANDWICH CRACKER LEXUS CHEESE CREAM PCK 190,,,13.00,40,32.50%,15,CTN,01/09/2027,,1
27,04,7,02,1,20141328,KIN DEZZERT MILKY CHOCO MILK PCH 80,,,20.00,150,13.33%,24,CTN,30/04/2027,,1
27,04,8,01,1,20047617,WONG COCO PUDDING GUAVA CUP 120,,,23.00,108,21.30%,36,CTN,05/09/2027,,2
27,04,8,02,1,20101102,ICHITAN THAI MILK GREEN TEA DRINK  BTL 300L,,,11.00,80,13.75%,24,CTN,04/07/2027,S,2
27,05,3,01,1,20125115,STARBUCKS DOUBLESHOT COFFEE DRINK ESPRESSO LATTE KLG 220L,,,20.00,112,17.86%,24,,05/09/2027,L,4
27,05,3,02,1,20129570,WONG COCO PUDDING BLUEBERRY CUP 120,,,7.00,108,6.48%,36,,01/07/2027,,2
27,05,3,03,0,20009722,POCARI SWEAT MINUMAN ISOTONIK  BTL 500L,,,20.00,480,4.17%,24,CTN,20/09/2027,E,24
27,05,3,04,0,20037137,PORORO MINUMAN BERPERISA STROBERI BTL 235L,,,12.00,65,18.46%,24,,20/07/2027,S,2
27,05,4,01,1,20115489,INDOFOOD SAMBAL PEDAS DAHSYAT BTL 275L,,,25.00,52,48.08%,24,,06/01/2028,,2
27,05,4,02,1,20054589,TIGA SAPI KREMER KENTAL MANIS  KLG 490,,,21.00,28,75.00%,48,,30/04/2027,S,8
27,05,5,01,1,20048546,HEMAVITON HEALTH DRINK VITAMIN C1000 ORANGE KLG 330L,,,37.00,70,52.86%,24,,23/09/2027,L,2
27,05,5,02,1,20042848,MOGU-MOGU MINUMAN NATA DE COCO LYCHEE BTL 320L,,,60.00,50,120.00%,24,,01/12/2027,,8
27,05,6,01,1,20015235,ABC SARDINES EXTRA PEDAS KLG 155,,,10.00,77,12.99%,60,CTN,04/09/2029,,4
27,05,6,02,1,20113135,AMUNIZER DRINK VITAMIN C-1000MG  BTL 140L,,,3.00,112,2.68%,24,CTN,01/03/2028,,2
27,05,7,01,1,20056930,SGM EKSPLOR 3+ PRO-GRESSMAXX SUSU PERTUMBUHAN MADU BOX 150,,,21.00,30,70.00%,48,,31/08/2028,L,3
27,05,7,02,1,20131857,BIOKUL TO GO YOGURT LYCHEE PCH 80,,,112.00,200,56.00%,12,,13/08/2027,,2
27,05,8,01,1,20062867,MORINAGA MINUMAN SUSU STERIL CHIL GO STRAWBERRY BTL 140L,,,2.00,60,3.33%,36,CTN,05/05/2027,,2
27,05,8,02,1,10002595,KRATINGDAENG ENERGY DRINK REGULER BTL 150L,,,4.00,36,11.11%,50,CTN,31/03/2028,S,10
27,06,3,01,1,20141581,KIN YOGURT SLURP XL FRUIT SALAD PCH 80,,,15.00,125,12.00%,24,,01/09/2027,,1
27,06,3,02,1,20141327,KIN DEZZERT MILKY CHOCO ALMOND PCH 80,,,8.00,150,5.33%,24,,30/09/2027,,1
27,06,3,03,0,20114495,NESCAFE COFFEE DRINK CAPPUCCINO KLG 220L,,,31.00,112,27.68%,24,CTN,01/09/2027,D,24
27,06,3,04,0,10020784,BANGO KECAP MANIS (10012)  BTL 189,,,7.00,55,12.73%,48,,04/08/2028,,2
27,06,4,01,1,10020784,BANGO KECAP MANIS (10012)  BTL 189,,,13.00,55,23.64%,48,,01/06/2028,,2
27,06,4,02,1,,,,,0.00,0.0,,,,,,
27,06,5,01,1,20037147,KAKI TIGA LARUTAN PENYEGAR STROBERI KLG 320L,,,27.00,63,42.86%,24,,01/08/2029,,2
27,06,5,02,1,20071642,ADEM SARI CHING KU SPARKLING KLG 320L,,,59.00,63,93.65%,24,,01/03/2028,L,2
27,06,6,01,1,,,,,0.00,0.0,,,,,,
27,06,6,02,1,20125126,STARBUCKS DOUBLESHOT COFFEE DRINK CARAMEL LATTE KLG 220L,,,13.00,112,11.61%,24,CTN,20/09/2027,,3
27,06,7,01,1,10002595,KRATINGDAENG ENERGY DRINK REGULER BTL 150L,,,9.00,36,25.00%,50,CTN,31/03/2028,S,10
27,06,7,02,1,10002595,KRATINGDAENG ENERGY DRINK REGULER BTL 150L,,,7.00,36,19.44%,50,CTN,31/03/2028,S,10
27,06,8,01,1,10002595,KRATINGDAENG ENERGY DRINK REGULER BTL 150L,,,7.00,36,19.44%,50,CTN,31/03/2028,S,10
27,06,8,02,1,20027241,MORIN JAM CHOCO PEANUT BTL 150,,,11.00,72,15.28%,12,CTN,13/02/2028,,1
27,07,3,01,1,20140431,NESCAFE COFFEE DRINK KITKAT LATTE  KLG 220,,,23.00,112,20.54%,24,CTN,04/08/2027,S,3
27,07,3,02,1,20075973,DUA IKAN DORANG KECAP MANIS BTL 300L,,,3.00,40,7.50%,24,,18/09/2028,,1
27,07,3,03,0,20127302,BELLA SPREAD CHOCO CASHEW BTL 300,,,3.00,105,2.86%,12,CTN,24/07/2027,,1
27,07,3,04,0,10027529,DELMONTE CHILLI SAUCE EXTRA HOT BTL 270/265L,,,3.00,52,5.77%,24,,01/12/2027,,2
27,07,4,01,1,20054589,TIGA SAPI KREMER KENTAL MANIS  KLG 490,,,28.00,28,100.00%,48,,30/04/2027,S,8
27,07,4,02,1,20076486,MOGU-MOGU MINUMAN NATA DE COCO MELON BTL 320L,,,38.00,60,63.33%,24,,01/09/2027,,3
27,07,5,01,1,20133058,NESCAFE COFFEE DRINK OAT LATTE KLG 220L,,,32.00,96,33.33%,24,,08/09/2027,,8
27,07,5,02,1,,,,,0.00,0.0,,,,,,
27,07,6,01,1,20138837,MIZONE MINUMAN ISOTONIK COCO BOOST BTL 500L,,,34.00,72,47.22%,12,CTN,23/09/2027,L,4
27,07,6,02,1,10034901,CHO-CHO WAFER SNACK CHOCOLATE RICE CRISPY CUP 33,,,5.00,18,27.78%,60,CTN,20/08/2027,,10
27,07,7,01,1,20120904,KOPI KENANGAN HANYA UNTUKMU COFFEE DRINK BLACK AREN BTL 220L,,,26.00,78,33.33%,24,CTN,23/07/2027,,4
27,07,7,02,1,20009966,AJINOMOTO SAUS TIRAM SAORI  BTL 133L,,,2.00,100,2.00%,24,CTN,04/09/2027,L,3
27,07,8,01,1,10033567,BINTANG ZERO SOFT DRINK  KLG 330L,,,9.00,63,14.29%,24,CTN,30/06/2027,D,24
27,07,8,02,1,10033567,BINTANG ZERO SOFT DRINK  KLG 330L,,,3.00,63,4.76%,24,CTN,30/06/2027,D,24
27,08,3,01,1,20071510,NUTRIVE MINUMAN BENECOL LYCHHE BTL 100L,,,27.00,90,30.00%,36,,22/07/2027,,4
27,08,3,02,1,10003873,KAPAL API KOPI BUBUK  PCK 350,,,29.00,50,58.00%,9,CTN,31/08/2027,S,2
27,08,3,03,0,20038425,NUTRIVE MINUMAN BENECOL BLACKCURRANT BTL 100L,,,8.00,90,8.89%,36,,20/07/2027,,6
27,08,3,04,0,20047617,WONG COCO PUDDING GUAVA CUP 120,,,5.00,108,4.63%,36,,13/09/2027,,2
27,08,4,01,1,20089805,OLATTE MINUMAN MILKY & FRUITY PEACH KLG 240L,,,34.00,77,44.16%,30,,23/06/2027,L,3
27,08,4,02,1,20042848,MOGU-MOGU MINUMAN NATA DE COCO LYCHEE BTL 320L,,,30.00,50,60.00%,24,,01/12/2027,,8
27,08,5,01,1,20047245,MOGU-MOGU MINUMAN NATA DE COCO COCONUT BTL 320L,,,50.00,60,83.33%,24,,01/12/2027,L,6
27,08,5,02,1,20141495,PANDA GREEN GRASS JELLY DRINK  KLG 310L,,,14.00,63,22.22%,24,CTN,31/05/2029,,2
27,08,6,01,1,20140907,MILKITA MILKY PUDDING YOGURT MILK CUP 85,,,8.00,48,16.67%,48,CTN,01/08/2027,,6
27,08,6,02,1,20043410,S-26 PROCAL GLD SUSU BUBUK PERTUMBUHAN 3 VANILLA (NEW) KLG 400,,,1.00,24,4.17%,24,CTN,30/06/2028,,1
27,08,7,01,1,10033567,BINTANG ZERO SOFT DRINK  KLG 330L,,,29.00,63,46.03%,24,CTN,31/07/2027,D,24
27,08,7,02,1,20120904,KOPI KENANGAN HANYA UNTUKMU COFFEE DRINK BLACK AREN BTL 220L,,,32.00,78,41.03%,24,CTN,23/07/2027,,4
27,08,8,01,1,20133058,NESCAFE COFFEE DRINK OAT LATTE KLG 220L,,,3.00,96,3.13%,24,CTN,08/09/2027,,8
27,08,8,02,1,20121456,NESCAFE COFFEE DRINK ICE BLACK KLG 220L,,,77.00,112,68.75%,24,CTN,01/07/2027,D,12
27,09,3,01,1,10002595,KRATINGDAENG ENERGY DRINK REGULER BTL 150L,,,15.00,36,41.67%,50,,01/03/2028,S,10
27,09,3,02,1,10000345,NESCAFE KOPI INSTANT CLASSIC  BTL 100,,,1.00,50,2.00%,24,CTN,28/07/2028,,1
27,09,3,03,0,,,,,0.00,0.0,,,,,,
27,09,3,04,0,,,,,0.00,0.0,,,,,,
27,09,4,01,1,20103368,HEMAVITON HEALTH DRINK VITAMIN C1000 LEMON KLG 330L,,,21.00,192,10.94%,24,,09/09/2027,,6
27,09,4,02,1,20068906,FRISIAN FLAG SUSU KENTAL MANIS COKELAT PCH 535,,,50.00,50,100.00%,24,,01/05/2027,D,12
27,09,5,01,1,,,,,0.00,0.0,,,,,,
27,09,5,02,1,20068906,FRISIAN FLAG SUSU KENTAL MANIS COKELAT PCH 535,,,50.00,50,100.00%,24,,01/05/2027,D,12
27,09,6,01,1,20136637,KIN BULGARIAN YOGURT SLURP XL BLUEBERRY PCH 80,,,60.00,130,46.15%,24,CTN,30/09/2027,,2
27,09,6,02,1,20054589,TIGA SAPI KREMER KENTAL MANIS  KLG 490,,,17.00,28,60.71%,48,,28/04/2027,S,8
27,09,7,01,1,20083775,ADEM SARI CHING KU HERBAL TEA KLG 325/320L,,,43.00,91,47.25%,24,,01/12/2027,,6
27,09,7,02,1,20133709,POLARIS SOFT DRINK SARSAPARILA KLG 330L,,,5.00,63,7.94%,24,CTN,01/05/2028,,8
27,09,8,01,1,20009966,AJINOMOTO SAUS TIRAM SAORI  BTL 133L,,,2.00,100,2.00%,24,CTN,04/09/2027,L,3
27,09,8,02,1,20101396,ENDJOEKAN.Q KUNYIT ASAM (ECO) BTL 330L,,,2.00,40,5.00%,25,CTN,04/03/2027,,1
28,01,3,01,1,,,,,0.00,0.0,,,,,,
28,01,3,02,1,,,,,0.00,0.0,,,,,,
28,01,3,03,0,,,,,0.00,0.0,,,,,,
28,01,3,04,0,,,,,0.00,0.0,,,,,,
28,01,4,01,1,,,,,0.00,0.0,,,,,,
28,01,4,02,1,,,,,0.00,0.0,,,,,,
28,01,5,01,1,,,,,0.00,0.0,,,,,,
28,01,5,02,1,,,,,0.00,0.0,,,,,,
28,01,6,01,1,,,,,0.00,0.0,,,,,,
28,01,6,02,1,,,,,0.00,0.0,,,,,,
28,01,7,01,1,,,,,0.00,0.0,,,,,,
28,01,7,02,1,,,,,0.00,0.0,,,,,,
28,01,8,01,1,,,,,0.00,0.0,,,,,,
28,01,8,02,1,,,,,0.00,0.0,,,,,,
28,02,3,01,1,,,,,0.00,0.0,,,,,,
28,02,3,02,1,,,,,0.00,0.0,,,,,,
28,02,3,03,0,,,,,0.00,0.0,,,,,,
28,02,3,04,0,,,,,0.00,0.0,,,,,,
28,02,4,01,1,10000255,FRISIAN FLAG GOLD SUSU KENTAL MANIS PUTIH KLG 370,,,12.00,42,28.57%,48,,27/08/2028,L,3
28,02,4,02,1,,,,,0.00,0.0,,,,,,
28,02,5,01,1,,,,,0.00,0.0,,,,,,
28,02,5,02,1,,,,,0.00,0.0,,,,,,
28,02,6,01,1,,,,,0.00,0.0,,,,,,
28,02,6,02,1,,,,,0.00,0.0,,,,,,
28,02,7,01,1,,,,,0.00,0.0,,,,,,
28,02,7,02,1,,,,,0.00,0.0,,,,,,
28,02,8,01,1,,,,,0.00,0.0,,,,,,
28,02,8,02,1,,,,,0.00,0.0,,,,,,
28,03,3,01,1,,,,,0.00,0.0,,,,,,
28,03,3,02,1,20082351,DELMONTE SAUCE TOMAT  BTL 270/265L,,,1.00,52,1.92%,24,CTN,20/11/2027,,1
28,03,3,03,0,,,,,0.00,0.0,,,,,,
28,03,3,04,0,,,,,0.00,0.0,,,,,,
28,03,4,01,1,20046314,MINUTE MAID JUICE NUTRIBOOST ORANGE BTL 300L,,,44.00,130,33.85%,12,CTN,31/03/2027,,3
28,03,4,02,1,20117682,DELMONTE BOBA MILK TEA RED VELVET KLG 240L,,,12.00,96,12.50%,24,CTN,05/01/2028,,8
28,03,5,01,1,20082351,DELMONTE SAUCE TOMAT  BTL 270/265L,,,1.00,52,1.92%,24,CTN,11/11/2027,,1
28,03,5,02,1,20046314,MINUTE MAID JUICE NUTRIBOOST ORANGE BTL 300L,,,5.00,130,3.85%,12,CTN,31/03/2027,,3
28,03,6,01,1,20082351,DELMONTE SAUCE TOMAT  BTL 270/265L,,,1.00,52,1.92%,24,CTN,06/12/2027,,1
28,03,6,02,1,20135975,OLATTE MINUMAN MILKY & FRUITY STRAWBERRY KLG 240L,,,6.00,77,7.79%,30,CTN,30/06/2028,,2
28,03,7,01,1,20053799,INDOMILK SUSU CAIR MELON BTL 190L,,,10.00,91,10.99%,24,CTN,01/05/2027,,4
28,03,7,02,1,20045995,KAKI TIGA LARUTAN PENYEGAR ANAK STROBERI KLG 250/238L,,,19.00,90,21.11%,24,CTN,01/09/2029,,2
28,03,8,01,1,20046319,PANDA GRASS JELLY DRINK  KLG 310L,,,28.00,63,44.44%,24,CTN,01/09/2029,S,6
28,03,8,02,1,20132761,CAFFINO COFFEE READY TO DRINK OAT CAPPUCCINO BTL 200L,,,54.00,96,56.25%,12,CTN,26/09/2027,,2
28,04,3,01,1,20014954,NESCAFE ICE COFFEE MOCHA KLG 220L,,,27.00,112,24.11%,24,CTN,28/09/2027,L,3
28,04,3,02,1,20083775,ADEM SARI CHING KU HERBAL TEA KLG 325/320L,,,19.00,91,20.88%,24,CTN,01/02/2028,,6
28,04,3,03,0,,,,,0.00,0.0,,,,,,
28,04,3,04,0,,,,,0.00,0.0,,,,,,
28,04,4,01,1,20014954,NESCAFE ICE COFFEE MOCHA KLG 220L,,,33.00,112,29.46%,24,CTN,28/09/2027,L,3
28,04,4,02,1,20083775,ADEM SARI CHING KU HERBAL TEA KLG 325/320L,,,5.00,91,5.49%,24,CTN,01/02/2028,,6
28,04,5,01,1,20096154,ASAHI SARDINES SAUS PEDAS KLG 155,,,16.00,150,10.67%,24,CTN,01/08/2029,,1
28,04,5,02,1,20015850,INDOFOOD SAMBAL PEDAS BTL 275L,,,42.00,78,53.85%,24,,20/12/2027,,2
28,04,6,01,1,20096154,ASAHI SARDINES SAUS PEDAS KLG 155,,,4.00,150,2.67%,24,CTN,01/08/2029,,1
28,04,6,02,1,20120661,MORIN KAYA SPREAD  BTL 170,,,8.00,225,3.56%,12,CTN,29/02/2028,,1
28,04,7,01,1,20078206,LUWAK WHITE KOFFIE ORIGINAL BTL 220L,,,24.00,150,16.00%,12,CTN,15/10/2027,,4
28,04,7,02,1,20133409,KOPI KENANGAN HANYA UNTUKMU COFFEE DRINK CAFFE LATTE BTL 200L,,,52.00,52,100.00%,24,CTN,15/07/2027,,6
28,04,8,01,1,20136638,KIN BULGARIAN YOGURT SLURP XL STRAWBERRY PCH 80,,,61.00,130,46.92%,24,CTN,30/09/2027,,2
28,04,8,02,1,20133409,KOPI KENANGAN HANYA UNTUKMU COFFEE DRINK CAFFE LATTE BTL 200L,,,13.00,52,25.00%,24,CTN,15/07/2027,,6
28,05,3,01,1,10036703,INDOFOOD KECAP ASIN BTL 140L,,,1.00,55,1.82%,48,CTN,31/07/2029,,1
28,05,3,02,1,20099974,WONG COCO SARI KELAPA COCOPANDAN CUP 220,,,10.00,80,12.50%,24,CTN,08/08/2028,,3
28,05,3,03,0,,,,,0.00,0.0,,,,,,
28,05,3,04,0,,,,,0.00,0.0,,,,,,
28,05,4,01,1,10000324,ABC KECAP ASIN BTL 133/131L,,,2.00,66,3.03%,48,CTN,04/04/2028,,2
28,05,4,02,1,20099974,WONG COCO SARI KELAPA COCOPANDAN CUP 220,,,4.00,80,5.00%,24,CTN,08/08/2028,,3
28,05,5,01,1,20073396,S-TEE MINUMAN TEH MELATI BTL 350/390L,,,6.00,125,4.80%,12,CTN,30/09/2029,,2
28,05,5,02,1,20099974,WONG COCO SARI KELAPA COCOPANDAN CUP 220,,,28.00,80,35.00%,24,CTN,08/03/2028,,3
28,05,6,01,1,20099974,WONG COCO SARI KELAPA COCOPANDAN CUP 220,,,2.00,80,2.50%,24,CTN,08/08/2028,,3
28,05,6,02,1,20099974,WONG COCO SARI KELAPA COCOPANDAN CUP 220,,,2.00,80,2.50%,24,CTN,08/03/2028,,3
28,05,7,01,1,20133409,KOPI KENANGAN HANYA UNTUKMU COFFEE DRINK CAFFE LATTE BTL 200L,,,20.00,52,38.46%,24,CTN,15/07/2027,,6
28,05,7,02,1,20133409,KOPI KENANGAN HANYA UNTUKMU COFFEE DRINK CAFFE LATTE BTL 200L,,,9.00,52,17.31%,24,CTN,15/07/2027,,6
28,05,8,01,1,20133409,KOPI KENANGAN HANYA UNTUKMU COFFEE DRINK CAFFE LATTE BTL 200L,,,45.00,52,86.54%,24,CTN,15/07/2027,,6
28,05,8,02,1,20133409,KOPI KENANGAN HANYA UNTUKMU COFFEE DRINK CAFFE LATTE BTL 200L,,,11.00,52,21.15%,24,CTN,31/07/2027,,6
28,06,3,01,1,20091864,MAMASUKA SAUS SAMBAL DELISAOS HOT LAVA  BTL 260/320,,,3.00,96,3.13%,12,CTN,08/11/2027,,1
28,06,3,02,1,,,,,0.00,0.0,,,,,,
28,06,3,03,0,,,,,0.00,0.0,,,,,,
28,06,3,04,0,,,,,0.00,0.0,,,,,,
28,06,4,01,1,,,,,0.00,0.0,,,,,,
28,06,4,02,1,,,,,0.00,0.0,,,,,,
28,06,5,01,1,,,,,0.00,0.0,,,,,,
28,06,5,02,1,,,,,0.00,0.0,,,,,,
28,06,6,01,1,,,,,0.00,0.0,,,,,,
28,06,6,02,1,,,,,0.00,0.0,,,,,,
28,06,7,01,1,20141361,PORORO MINUMAN BERPERISA ZERO SUGAR STRAWBERRY BTL 235L,,,2.00,55,3.64%,24,CTN,15/07/2027,,2
28,06,7,02,1,20117687,DELMONTE BOBA MILK TEA MATCHA KLG 240L,,,6.00,96,6.25%,24,CTN,25/02/2028,,2
28,06,8,01,1,20138050,MUJIGAE SUSU CAIR WATERMELON BTL 250L,,,153.00,153,100.00%,12,CTN,25/09/2027,S,6
28,06,8,02,1,20138050,MUJIGAE SUSU CAIR WATERMELON BTL 250L,,,46.00,153,30.07%,12,CTN,25/09/2027,S,6
28,07,3,01,1,10036703,INDOFOOD KECAP ASIN BTL 140L,,,3.00,55,5.45%,48,,31/12/2028,,1
28,07,3,02,1,20134246,KAKI TIGA LARUTAN PENYEGAR PUTIH BTL 350L,,,8.00,40,20.00%,24,CTN,01/09/2029,,2
28,07,3,03,0,,,,,0.00,0.0,,,,,,
28,07,3,04,0,,,,,0.00,0.0,,,,,,
28,07,4,01,1,20085784,LEE KUM KEE OYSTER SAUCE (SAUS TIRAM)  BTL 145,,,2.00,125,1.60%,24,CTN,03/07/2028,,1
28,07,4,02,1,20027240,MORIN JAM STRAWBERRY BTL 170,,,9.00,120,7.50%,12,CTN,13/02/2028,,1
28,07,5,01,1,20085784,LEE KUM KEE OYSTER SAUCE (SAUS TIRAM)  BTL 145,,,3.00,125,2.40%,24,CTN,01/08/2028,,1
28,07,5,02,1,20082395,SOSRO TEH BOTOL TAWAR BTL 350L,,,41.00,110,37.27%,12,CTN,01/09/2027,,3
28,07,6,01,1,20134246,KAKI TIGA LARUTAN PENYEGAR PUTIH BTL 350L,,,6.00,40,15.00%,24,CTN,01/09/2029,,2
28,07,6,02,1,20085784,LEE KUM KEE OYSTER SAUCE (SAUS TIRAM)  BTL 145,,,1.00,125,0.80%,24,CTN,01/07/2028,,1
28,07,7,01,1,20036194,DELMONTE KETCHUP SAUCE TOMAT  BTL 140/135L,,,6.00,40,15.00%,48,CTN,20/01/2028,,6
28,07,7,02,1,20022431,RED BULL ENERGY DRINK  KLG 250L,,,10.00,112,8.93%,24,CTN,06/05/2028,,2
28,07,8,01,1,20073396,S-TEE MINUMAN TEH MELATI BTL 350/390L,,,125.00,125,100.00%,12,CTN,04/09/2027,,2
28,07,8,02,1,20082351,DELMONTE SAUCE TOMAT  BTL 270/265L,,,1.00,52,1.92%,24,CTN,20/11/2027,,1
28,08,3,01,1,20139996,NUSANTARA MADU ROYAL JELLY & BEE POLLEN  BTL 100L,,,1.00,100,1.00%,12,CTN,05/03/2031,,1
28,08,3,02,1,,,,,0.00,0.0,,,,,,
28,08,3,03,0,,,,,0.00,0.0,,,,,,
28,08,3,04,0,20141327,KIN DEZZERT MILKY CHOCO ALMOND PCH 80,,,10.00,150,6.67%,24,,05/05/2027,,1
28,08,4,01,1,20141580,KIN YOGURT SLURP XL ORIGINAL PCH 80,,,34.00,130,26.15%,24,CTN,31/07/2027,,2
28,08,4,02,1,,,,,0.00,0.0,,,,,,
28,08,5,01,1,20141580,KIN YOGURT SLURP XL ORIGINAL PCH 80,,,30.00,130,23.08%,24,CTN,01/07/2027,,2
28,08,5,02,1,,,,,0.00,0.0,,,,,,
28,08,6,01,1,,,,,0.00,0.0,,,,,,
28,08,6,02,1,,,,,0.00,0.0,,,,,,
28,08,7,01,1,20073396,S-TEE MINUMAN TEH MELATI BTL 350/390L,,,2.00,125,1.60%,12,CTN,04/09/2027,,2
28,08,7,02,1,10013041,INDOFOOD SAMBAL EKSTRA PEDAS BTL 335/340L,,,6.00,40,15.00%,24,CTN,10/07/2028,,1
28,08,8,01,1,20134046,SOSRO FRUIT TEA FREEZE BTL 500L,,,15.00,36,41.67%,24,CTN,01/09/2027,,2
28,08,8,02,1,20134046,SOSRO FRUIT TEA FREEZE BTL 500L,,,20.00,36,55.56%,24,CTN,01/09/2027,,2
28,09,3,01,1,20139997,FLORA MADU TROPIS  BTL 250,,,1.00,50,2.00%,48,CTN,04/10/2030,,1
28,09,3,02,1,,,,,0.00,0.0,,,,,,
28,09,3,03,0,,,,,0.00,0.0,,,,,,
28,09,3,04,0,,,,,0.00,0.0,,,,,,
28,09,4,01,1,20002313,FRISIAN FLAG KRIMER KENTAL MANIS OMELA  KLG 370,,,5.00,35,14.29%,48,CTN,05/08/2027,,2
28,09,4,02,1,,,,,0.00,0.0,,,,,,
28,09,5,01,1,20115549,FIBE MINI MINUMAN KAYA SERAT  BTL 100L,,,3.00,100,3.00%,24,CTN,06/08/2027,,2
28,09,5,02,1,,,,,0.00,0.0,,,,,,
28,09,6,01,1,,,,,0.00,0.0,,,,,,
28,09,6,02,1,,,,,0.00,0.0,,,,,,
28,09,7,01,1,20053799,INDOMILK SUSU CAIR MELON BTL 190L,,,10.00,91,10.99%,24,CTN,01/05/2027,,4
28,09,7,02,1,20109969,KOPIKO MINUMAN KOPI SUSU LUCKY DAY BTL 180L,,,21.00,96,21.88%,24,CTN,04/08/2027,,8
28,09,8,01,1,20036194,DELMONTE KETCHUP SAUCE TOMAT  BTL 140/135L,,,6.00,40,15.00%,48,CTN,20/01/2028,,6
28,09,8,02,1,20125115,STARBUCKS DOUBLESHOT COFFEE DRINK ESPRESSO LATTE KLG 220L,,,5.00,112,4.46%,24,CTN,05/09/2027,L,4
29,01,4,01,1,,,,,0.00,0.0,,,,,,
29,01,4,02,1,20078726,INDOMARET KAOS KAKI SPORT (NEW) ANTI BACTERIA PCK,,,22.00,110,20.00%,12,,01/06/2030,,1
29,01,4,03,1,20143796,ETIRA TUNA RTE BUMBU PEDAS  PCK 75,,,16.00,65,24.62%,48,,25/02/2028,,1
29,01,4,04,0,20142122,NCO EAU DE PARFUM BLOOMIQUE BTL 100 L,,,1.00,100,1.00%,36,CTN,22/03/2029,,1
29,01,5,01,0,,,,,0.00,0.0,,,,,,
29,01,5,02,0,,,,,0.00,0.0,,,,,,
29,01,6,01,0,,,,,0.00,0.0,,,,,,
29,01,6,02,0,,,,,0.00,0.0,,,,,,
29,01,7,01,0,,,,,0.00,0.0,,,,,,
29,01,7,02,0,,,,,0.00,0.0,,,,,,
29,01,8,01,0,,,,,0.00,0.0,,,,,,
29,01,8,02,0,,,,,0.00,0.0,,,,,,
29,01,9,01,0,,,,,0.00,0.0,,,,,,
29,01,9,02,0,,,,,0.00,0.0,,,,,,
29,02,4,01,0,20139611,FRESH CARE MINYAK ANGIN AROMA THERAPY STRONG BTL 15+5,,,12.00,960,1.25%,12,,01/07/2029,,2
29,02,4,02,0,,,,,0.00,0.0,,,,,,
29,02,4,03,0,20139699,OASIS AIR MINERAL PH9  BTL 500L,,,20.00,40,50.00%,24,CTN,30/06/2028,,24
29,02,4,04,0,20073495,SOSRO FRUIT TEA FREEZE BTL 350L,,,60.00,125,48.00%,12,CTN,20/08/2027,L,12
29,02,5,01,0,,,,,0.00,0.0,,,,,,
29,02,5,02,0,,,,,0.00,0.0,,,,,,
29,02,6,01,0,,,,,0.00,0.0,,,,,,
29,02,6,02,0,,,,,0.00,0.0,,,,,,
29,02,7,01,0,,,,,0.00,0.0,,,,,,
29,02,7,02,0,,,,,0.00,0.0,,,,,,
29,02,8,01,0,,,,,0.00,0.0,,,,,,
29,02,8,02,0,,,,,0.00,0.0,,,,,,
29,02,9,01,0,,,,,0.00,0.0,,,,,,
29,02,9,02,0,,,,,0.00,0.0,,,,,,
29,03,4,01,0,,,,,0.00,0.0,,,,,,
29,03,4,02,0,20053892,INDOMARET CELANA BOXER PRIA  BOX EXTRALARGE,,,12.00,74,16.22%,12,,28/08/2030,,1
29,03,4,03,0,20134768,BRAVEN EAU DE PARFUM FOR MEN OUD WOOD BTL 100L,,,4.00,56,7.14%,12,CTN,18/09/2031,,1
29,03,4,04,0,20141976,EVANGELINE EXTRAIT DE PARFUM  WONDER LOVE SPELL BTL 100,,,2.00,120,1.67%,12,CTN,19/09/2031,,1
29,03,5,01,0,,,,,0.00,0.0,,,,,,
29,03,5,02,0,,,,,0.00,0.0,,,,,,
29,03,6,01,0,,,,,0.00,0.0,,,,,,
29,03,6,02,0,,,,,0.00,0.0,,,,,,
29,03,7,01,0,,,,,0.00,0.0,,,,,,
29,03,7,02,0,,,,,0.00,0.0,,,,,,
29,03,8,01,0,,,,,0.00,0.0,,,,,,
29,03,8,02,0,,,,,0.00,0.0,,,,,,
29,03,9,01,0,,,,,0.00,0.0,,,,,,
29,03,9,02,0,,,,,0.00,0.0,,,,,,
29,04,4,01,0,10039944,INDOMARET CELANA DALAM MEN BRIEF CH-25  BOX EXTRALARGE,,,6.00,60,10.00%,20,,01/09/2029,,1
29,04,4,02,0,20087464,INDOMARET PEWANGI PAKAIAN PINK PASSION PCH 720L,,,18.00,40,45.00%,12,CTN,10/09/2028,,2
29,04,4,03,0,20039183,HIT ANTI NYAMUK XPRESS ALAT+REFILL EXPERT APPLE PCS,,,17.00,48,35.42%,24,,01/09/2029,,2
29,04,4,04,0,20139602,AZZURA DIAMOND BRIGHT FACIAL WASH GENTLE TUB 100,,,21.00,100,21.00%,24,,01/09/2029,,1
29,04,5,01,1,20142226,INDOMARET KANTONG PLASTIK SAMPAH (1+1)  BKS,,,3.00,12,25.00%,100,,01/05/2029,,1
29,04,5,02,1,,,,,0.00,0.0,,,,,,
29,04,6,01,1,,,,,0.00,0.0,,,,,,
29,04,6,02,1,,,,,0.00,0.0,,,,,,
29,04,7,01,1,,,,,0.00,0.0,,,,,,
29,04,7,02,1,,,,,0.00,0.0,,,,,,
29,04,8,01,1,,,,,0.00,0.0,,,,,,
29,04,8,02,1,,,,,0.00,0.0,,,,,,
29,04,9,01,1,,,,,0.00,0.0,,,,,,
29,04,9,02,1,,,,,0.00,0.0,,,,,,
29,05,4,01,0,20043413,INDOMARET GELAS KERTAS (20S)  PCK,,,9.00,20,45.00%,24,,22/09/2030,,1
29,05,4,02,0,20139367,ZIGO ULTRAMAN DIY  BOX,,,1.00,16,6.25%,60,CTN,01/10/2026,,1
29,05,4,03,0,20026410,INDOMARET LAP MOBIL TABUNG TRANSPARANT  PCS,,,6.00,20,30.00%,50,,09/01/2029,,1
29,05,4,04,0,20042026,LISTERINE MOUTHWASH ANTISEPTIC NATURAL GREEN TEA BTL 100L,,,3.00,90,3.33%,48,CTN,04/09/2030,,1
29,05,5,01,1,,,,,0.00,0.0,,,,,,
29,05,5,02,1,,,,,0.00,0.0,,,,,,
29,05,6,01,1,,,,,0.00,0.0,,,,,,
29,05,6,02,1,,,,,0.00,0.0,,,,,,
29,05,7,01,1,,,,,0.00,0.0,,,,,,
29,05,7,02,1,,,,,0.00,0.0,,,,,,
29,05,8,01,1,,,,,0.00,0.0,,,,,,
29,05,8,02,1,,,,,0.00,0.0,,,,,,
29,05,9,01,1,,,,,0.00,0.0,,,,,,
29,05,9,02,1,,,,,0.00,0.0,,,,,,
29,06,4,01,0,20143942,KAHF FACE WASH HYDRATION CHARGE AQUAGEL TUB 100L,,,18.00,125,14.40%,15,,05/09/2029,,1
29,06,4,02,0,20070183,CIPTADENT PASTA GIGI HERBAL ANTI BAKTERI TUB 190,,,25.00,52,48.08%,24,CTN,31/07/2029,,1
29,06,4,03,0,20113915,MY BABY KIDS SHAMPOO & CONDITIONER SOFT & SHINE BTL 180L,,,9.00,60,15.00%,24,,01/08/2029,,1
29,06,4,04,0,10021010,GULAKU GULA TEBU (PUTIH) PREMIUM PCK 1000,,,32.00,32,100.00%,24,CTN,20/08/2028,,24
29,06,5,01,1,,,,,0.00,0.0,,,,,,
29,06,5,02,1,,,,,0.00,0.0,,,,,,
29,06,6,01,1,,,,,0.00,0.0,,,,,,
29,06,6,02,1,,,,,0.00,0.0,,,,,,
29,06,7,01,1,,,,,0.00,0.0,,,,,,
29,06,7,02,1,,,,,0.00,0.0,,,,,,
29,06,8,01,1,,,,,0.00,0.0,,,,,,
29,06,8,02,1,,,,,0.00,0.0,,,,,,
29,06,9,01,1,,,,,0.00,0.0,,,,,,
29,06,9,02,1,,,,,0.00,0.0,,,,,,
29,07,4,01,0,20113920,ME-O CAT FOOD TUNA IN JELLY PCH 80,,,20.00,420,4.76%,12,,01/05/2028,,2
29,07,4,02,0,20045611,SEDAAP MIE MIE INSTANT GORENG  CUP 83/85,,,12.00,64,18.75%,12,CTN,01/05/2027,,12
29,07,4,03,0,20113920,ME-O CAT FOOD TUNA IN JELLY PCH 80,,,70.00,420,16.67%,12,,09/06/2028,,2
29,07,4,04,0,20141365,BARBER DAILY SIX BLADES SHAVER  PCK,,,40.00,100,40.00%,12,,17/02/2028,,2
29,07,5,01,1,,,,,0.00,0.0,,,,,,
29,07,5,02,1,20036334,KENMASTER MOTORCYCLE WASH SPONGE 9001-015-02 PCS,,,8.00,14,57.14%,50,,25/09/2030,,1
29,07,6,01,1,,,,,0.00,0.0,,,,,,
29,07,6,02,1,,,,,0.00,0.0,,,,,,
29,07,7,01,1,,,,,0.00,0.0,,,,,,
29,07,7,02,1,,,,,0.00,0.0,,,,,,
29,07,8,01,1,,,,,0.00,0.0,,,,,,
29,07,8,02,1,,,,,0.00,0.0,,,,,,
29,07,9,01,1,,,,,0.00,0.0,,,,,,
29,07,9,02,1,,,,,0.00,0.0,,,,,,
29,08,4,01,0,20036334,KENMASTER MOTORCYCLE WASH SPONGE 9001-015-02 PCS,,,7.00,14,50.00%,50,,01/09/2029,,1
29,08,4,02,0,10021010,GULAKU GULA TEBU (PUTIH) PREMIUM PCK 1000,,,32.00,32,100.00%,24,CTN,20/08/2028,,24
29,08,4,03,0,20090023,WARDAH BRIGHT NOW VITAMIN C MUGWORT  CLAY OIL CTRL  TUB 100L,,,2.00,80,2.50%,30,CTN,04/09/2029,,1
29,08,4,04,0,10003550,CIPTADENT PASTA GIGI FRESH MINT TUB 190,,,11.00,72,15.28%,24,,01/09/2029,,1
29,08,5,01,1,,,,,0.00,0.0,,,,,,
29,08,5,02,1,,,,,0.00,0.0,,,,,,
29,08,6,01,1,,,,,0.00,0.0,,,,,,
29,08,6,02,1,,,,,0.00,0.0,,,,,,
29,08,7,01,1,,,,,0.00,0.0,,,,,,
29,08,7,02,1,,,,,0.00,0.0,,,,,,
29,08,8,01,1,,,,,0.00,0.0,,,,,,
29,08,8,02,1,,,,,0.00,0.0,,,,,,
29,08,9,01,1,,,,,0.00,0.0,,,,,,
29,08,9,02,1,,,,,0.00,0.0,,,,,,
29,09,4,01,0,20071676,WARDAH CRYSTAL SECRET/CLARFYNG FACIAL WASH TUB 100L,,,4.00,100,4.00%,30,CTN,04/09/2029,,1
29,09,4,02,0,20111707,INDOMARET MASKER 4D PREMIUM 4S PUTIH PCK,,,3.00,14,21.43%,300,,01/09/2029,,2
29,09,4,03,0,20132698,CLEAR SHAMPOO ANTI KETOMBE DAN RAMBUT RONTOK BTL 160L,,,6.00,40,15.00%,36,,01/09/2028,,1
29,09,4,04,0,20137969,INDOMARET UNDERPAD 10S  BAG,,,12.00,12,100.00%,12,CTN,30/09/2029,,2
29,09,5,01,1,,,,,0.00,0.0,,,,,,
29,09,5,02,1,,,,,0.00,0.0,,,,,,
29,09,6,01,1,,,,,0.00,0.0,,,,,,
29,09,6,02,1,,,,,0.00,0.0,,,,,,
29,09,7,01,1,,,,,0.00,0.0,,,,,,
29,09,7,02,1,,,,,0.00,0.0,,,,,,
29,09,8,01,1,,,,,0.00,0.0,,,,,,
29,09,8,02,1,,,,,0.00,0.0,,,,,,
29,09,9,01,1,,,,,0.00,0.0,,,,,,
29,09,9,02,1,,,,,0.00,0.0,,,,,,
30,01,4,01,0,,,,,0.00,0.0,,,,,,
30,01,4,02,0,,,,,0.00,0.0,,,,,,
30,01,4,03,0,,,,,0.00,0.0,,,,,,
30,01,4,04,0,,,,,0.00,0.0,,,,,,
30,01,5,01,0,,,,,0.00,0.0,,,,,,
30,01,5,02,0,,,,,0.00,0.0,,,,,,
30,01,6,01,0,,,,,0.00,0.0,,,,,,
30,01,6,02,0,,,,,0.00,0.0,,,,,,
30,01,7,01,0,,,,,0.00,0.0,,,,,,
30,01,7,02,0,,,,,0.00,0.0,,,,,,
30,01,8,01,0,,,,,0.00,0.0,,,,,,
30,01,8,02,0,,,,,0.00,0.0,,,,,,
30,01,9,01,0,,,,,0.00,0.0,,,,,,
30,01,9,02,0,,,,,0.00,0.0,,,,,,
30,02,4,01,0,20143943,KAHF ANTI PERSPIRANT DEODORANT INVISIBLE CARE BTL 45L,,,5.00,68,7.35%,24,,01/08/2029,,1
30,02,4,02,0,,,,,0.00,0.0,,,,,,
30,02,4,03,0,20137969,INDOMARET UNDERPAD 10S  BAG,,,6.00,12,50.00%,12,CTN,30/09/2029,,2
30,02,4,04,0,20134809,FRES & NATURAL BT21 BODY WASH LOVE YOURSELF PCH 400L,,,8.00,8,100.00%,12,,05/08/2028,,2
30,02,5,01,0,,,,,0.00,0.0,,,,,,
30,02,5,02,0,,,,,0.00,0.0,,,,,,
30,02,6,01,0,,,,,0.00,0.0,,,,,,
30,02,6,02,0,,,,,0.00,0.0,,,,,,
30,02,7,01,0,,,,,0.00,0.0,,,,,,
30,02,7,02,0,,,,,0.00,0.0,,,,,,
30,02,8,01,0,,,,,0.00,0.0,,,,,,
30,02,8,02,0,,,,,0.00,0.0,,,,,,
30,02,9,01,0,,,,,0.00,0.0,,,,,,
30,02,9,02,0,,,,,0.00,0.0,,,,,,
30,03,4,01,0,20141887,GOOD DAY STANDEE CARD BABY MONSTER  PCS,,,144.00,480,30.00%,24,,01/03/2028,Z,1
30,03,4,02,0,20098414,INDOMARET MANGKOK KERTAS (10S)  PCK,,,2.00,16,12.50%,50,,22/09/2030,,1
30,03,4,03,0,20053892,INDOMARET CELANA BOXER PRIA  BOX EXTRALARGE,,,15.00,74,20.27%,12,,22/08/2030,,1
30,03,4,04,0,20072923,BABY HAPPY  BABY DIAPERS PANTS 34/32S  BAG MEDIUM,,,24.00,30,80.00%,4,CTN,04/10/2029,E,2
30,03,5,01,0,,,,,0.00,0.0,,,,,,
30,03,5,02,0,,,,,0.00,0.0,,,,,,
30,03,6,01,0,,,,,0.00,0.0,,,,,,
30,03,6,02,0,,,,,0.00,0.0,,,,,,
30,03,7,01,0,,,,,0.00,0.0,,,,,,
30,03,7,02,0,,,,,0.00,0.0,,,,,,
30,03,8,01,0,,,,,0.00,0.0,,,,,,
30,03,8,02,0,,,,,0.00,0.0,,,,,,
30,03,9,01,0,,,,,0.00,0.0,,,,,,
30,03,9,02,0,,,,,0.00,0.0,,,,,,
30,04,4,01,0,20143928,POINT COFFEE TUMBLER BRONZE METALIC SERIES  PCS 480 L,,,2.00,100,2.00%,48,,01/09/2029,,1
30,04,4,02,0,20014993,GILLETTE RAZOR BLUE II PLUS SINGLE  PCS,,,12.00,1000,1.20%,48,,01/07/2029,,2
30,04,4,03,0,20138911,TRESEMME KERATIN SMOOTH HAIR MASK  SCT 30,,,22.00,150,14.67%,48,,01/07/2029,,2
30,04,4,04,0,20034450,MAMA LEMON LIQUID PENCUCI PIRING JERUK NIPIS PCH 690/650 ,,,60.00,60,100.00%,12,CTN,01/09/2029,E,12
30,04,5,01,1,,,,,0.00,0.0,,,,,,
30,04,5,02,1,,,,,0.00,0.0,,,,,,
30,04,6,01,1,,,,,0.00,0.0,,,,,,
30,04,6,02,1,,,,,0.00,0.0,,,,,,
30,04,7,01,1,,,,,0.00,0.0,,,,,,
30,04,7,02,0,,,,,0.00,0.0,,,,,,
30,04,8,01,1,,,,,0.00,0.0,,,,,,
30,04,8,02,1,,,,,0.00,0.0,,,,,,
30,04,9,01,1,,,,,0.00,0.0,,,,,,
30,04,9,02,1,,,,,0.00,0.0,,,,,,
30,05,4,01,0,20134306,BABY HAPPY  BABY DIAPERS PANTS 24S  BAG XXL,,,16.00,16,100.00%,4,CTN,01/09/2029,S,2
30,05,4,02,0,20085008,GARNIER HAIR COLOR NATURALS EXPRESS 3 COKLAT PCK,,,6.00,48,12.50%,96,,30/06/2029,,2
30,05,4,03,0,20048211,SYSTEMA PASTA GIGI MENTHOL BREEZE TUB 190,,,5.00,92,5.43%,24,,01/07/2029,,1
30,05,4,04,0,20099414,SO KLIN SOFTERGENT POWDER PURPLE LAVENDER PCK 1.44/1.3,,,24.00,48,50.00%,6,CTN,01/09/2029,L,6
30,05,5,01,1,,,,,0.00,0.0,,,,,,
30,05,5,02,1,,,,,0.00,0.0,,,,,,
30,05,6,01,1,,,,,0.00,0.0,,,,,,
30,05,6,02,1,,,,,0.00,0.0,,,,,,
30,05,7,01,1,,,,,0.00,0.0,,,,,,
30,05,7,02,1,,,,,0.00,0.0,,,,,,
30,05,8,01,1,,,,,0.00,0.0,,,,,,
30,05,8,02,1,,,,,0.00,0.0,,,,,,
30,05,9,01,1,,,,,0.00,0.0,,,,,,
30,05,9,02,1,,,,,0.00,0.0,,,,,,
30,06,4,01,0,20096590,SEDAAP MIE MIE INSTANT SOTO PCK 5X76,,,52.00,52,100.00%,8,CTN,01/05/2027,D,8
30,06,4,02,0,20142120,SCARLETT EXTRAIT DE PARFUM BIRU SAMUDRA BTL 30,,,10.00,100,10.00%,24,,01/09/2029,,1
30,06,4,03,0,20139711,INDOMARET CELANA DALAM MEN BRIEF CH-25  BOX XXL,,,6.00,52,11.54%,20,,01/07/2029,,1
30,06,4,04,0,10021010,GULAKU GULA TEBU (PUTIH) PREMIUM PCK 1000,,,32.00,32,100.00%,24,CTN,20/08/2028,,24
30,06,5,01,1,,,,,0.00,0.0,,,,,,
30,06,5,02,1,20137413,BARBER DAILY FACE WASH BRIGHT RADIANCE TUB 100L,,,49.00,65,75.38%,24,,01/09/2029,S,8
30,06,6,01,1,,,,,0.00,0.0,,,,,,
30,06,6,02,1,,,,,0.00,0.0,,,,,,
30,06,7,01,1,,,,,0.00,0.0,,,,,,
30,06,7,02,1,,,,,0.00,0.0,,,,,,
30,06,8,01,1,,,,,0.00,0.0,,,,,,
30,06,8,02,1,,,,,0.00,0.0,,,,,,
30,06,9,01,1,,,,,0.00,0.0,,,,,,
30,06,9,02,1,,,,,0.00,0.0,,,,,,
30,07,4,01,0,10003498,MR.MUSCLE PEMBERSIH KACA SERBAGUNA ORIGINAL BTL 500L,,,4.00,44,9.09%,12,CTN,28/09/2029,,1
30,07,4,02,0,20142034,EVERSENSE EXTRAIT DE PARFU PINK LOTUS BTL 30,,,9.00,100,9.00%,48,,01/05/2029,V,1
30,07,4,03,0,20055841,INDOMARET KAOS KAKI ANKLE SHOCK ANTI BACTERIA PCK,,,14.00,120,11.67%,12,,10/09/2030,,1
30,07,4,04,0,20139602,AZZURA DIAMOND BRIGHT FACIAL WASH GENTLE TUB 100,,,4.00,100,4.00%,24,,01/05/2029,,1
30,07,5,01,1,,,,,0.00,0.0,,,,,,
30,07,5,02,1,,,,,0.00,0.0,,,,,,
30,07,6,01,1,,,,,0.00,0.0,,,,,,
30,07,6,02,1,,,,,0.00,0.0,,,,,,
30,07,7,01,1,,,,,0.00,0.0,,,,,,
30,07,7,02,1,,,,,0.00,0.0,,,,,,
30,07,8,01,1,,,,,0.00,0.0,,,,,,
30,07,8,02,1,,,,,0.00,0.0,,,,,,
30,07,9,01,1,,,,,0.00,0.0,,,,,,
30,07,9,02,1,,,,,0.00,0.0,,,,,,
30,08,4,01,0,20001221,PASEO TRAVEL PACK TISSUES KARAKTER PCK,,,27.00,30,90.00%,48,CTN,30/09/2031,,3
30,08,4,02,0,20143338,LIFEBUOY SABUN MANDI CAIR REFILL MILD CARE PCH 350,,,5.00,52,9.62%,24,,31/01/2029,,1
30,08,4,03,0,20064017,INDOMARET CELANA DALAM WANITA FANCY 2S  PCK L/XL,,,2.00,180,1.11%,60,,01/08/2029,,1
30,08,4,04,0,,,,,0.00,0.0,,,,,,
30,08,5,01,1,,,,,0.00,0.0,,,,,,
30,08,5,02,1,20072320,INDOMARET SANDAL PRIA (NEW)  PSG 39-40,,,2.00,12,16.67%,24,,04/08/2030,,1
30,08,6,01,1,20036334,KENMASTER MOTORCYCLE WASH SPONGE 9001-015-02 PCS,,,4.00,14,28.57%,50,,01/07/2029,,1
30,08,6,02,1,10025411,PEPSODENT PASTA GIGI ACTION 123 + WHITENING TUB 190,,,12.00,52,23.08%,48,,01/09/2029,,1
30,08,7,01,1,,,,,0.00,0.0,,,,,,
30,08,7,02,1,,,,,0.00,0.0,,,,,,
30,08,8,01,1,,,,,0.00,0.0,,,,,,
30,08,8,02,1,,,,,0.00,0.0,,,,,,
30,08,9,01,1,,,,,0.00,0.0,,,,,,
30,08,9,02,1,,,,,0.00,0.0,,,,,,
30,09,4,01,0,20039183,HIT ANTI NYAMUK XPRESS ALAT+REFILL EXPERT APPLE PCS,,,2.00,48,4.17%,24,,30/09/2029,,2
30,09,4,02,0,20077499,PRISTINE 8.6+ AIR MINERAL  BTL 600L,,,40.00,40,100.00%,24,CTN,10/09/2028,S,24
30,09,4,03,0,20135246,SO SOFT DETERJEN CAIR  SWEET PEONY BTL 700 ,,,54.00,54,100.00%,6,CTN,30/09/2029,S,6
30,09,4,04,0,20007929,MATCHBOX MOBIL BASIC CAR 30782 ASSORTED BOX,,,14.00,144,9.72%,24,,01/01/2028,,1
30,09,5,01,1,,,,,0.00,0.0,,,,,,
30,09,5,02,1,20043413,INDOMARET GELAS KERTAS (20S)  PCK,,,10.00,20,50.00%,24,,11/09/2030,,1
30,09,6,01,1,,,,,0.00,0.0,,,,,,
30,09,6,02,1,20143931,POINT COFFEE TUMBLER BRONZE METALIC SERIES  PCS 600 L,,,4.00,100,4.00%,48,,01/09/2028,,1
30,09,7,01,1,,,,,0.00,0.0,,,,,,
30,09,7,02,1,,,,,0.00,0.0,,,,,,
30,09,8,01,1,,,,,0.00,0.0,,,,,,
30,09,8,02,1,,,,,0.00,0.0,,,,,,
30,09,9,01,1,,,,,0.00,0.0,,,,,,
30,09,9,02,1,,,,,0.00,0.0,,,,,,
31,01,4,01,0,10016064,OVALE FACIAL LOTION ANTI ACNE BTL 200L,,,1.00,60,1.67%,36,CTN,31/07/2029,,1
31,01,4,02,0,20085988,LE MINERALE AIR MINERAL  BTL 1500L,,,33.00,33,100.00%,12,CTN,01/02/2028,E,24
31,01,4,03,0,20046908,KAO BIORE FAC.FOAM MENS DBL/MICRO SCRUB WHT/BRGHT ENRGY TUB 100,,,13.00,65,20.00%,24,,04/09/2029,,1
31,01,4,04,0,20085988,LE MINERALE AIR MINERAL  BTL 1500L,,,33.00,33,100.00%,12,CTN,01/02/2028,E,24
31,01,5,01,1,,,,,0.00,0.0,,,,,,
31,01,5,02,1,,,,,0.00,0.0,,,,,,
31,01,6,01,1,,,,,0.00,0.0,,,,,,
31,01,6,02,1,,,,,0.00,0.0,,,,,,
31,01,7,01,1,,,,,0.00,0.0,,,,,,
31,01,7,02,1,,,,,0.00,0.0,,,,,,
31,01,8,01,1,,,,,0.00,0.0,,,,,,
31,01,8,02,1,,,,,0.00,0.0,,,,,,
31,01,9,01,1,,,,,0.00,0.0,,,,,,
31,01,9,02,1,,,,,0.00,0.0,,,,,,
31,02,4,01,0,,,,,0.00,0.0,,,,,,
31,02,4,02,0,20064471,WHISKAS CAT FOOD POCKET TUNA PCK 480,,,9.00,42,21.43%,18,,01/12/2027,,1
31,02,4,03,0,20117626,WHISKAS TASTY MIX CAT FOOD 1+ CHICKEN TUNA PCH 70,,,29.00,180,16.11%,28,,16/07/2028,,2
31,02,4,04,0,20143751,MEO TUNA WITH CHICKEN JELLY ADULT PCH 80,,,60.00,250,24.00%,12,,01/04/2028,,1
31,02,5,01,1,,,,,0.00,0.0,,,,,,
31,02,5,02,1,,,,,0.00,0.0,,,,,,
31,02,6,01,1,,,,,0.00,0.0,,,,,,
31,02,6,02,0,,,,,0.00,0.0,,,,,,
31,02,7,01,1,,,,,0.00,0.0,,,,,,
31,02,7,02,0,,,,,0.00,0.0,,,,,,
31,02,8,01,1,,,,,0.00,0.0,,,,,,
31,02,8,02,1,,,,,0.00,0.0,,,,,,
31,02,9,01,1,,,,,0.00,0.0,,,,,,
31,02,9,02,1,,,,,0.00,0.0,,,,,,
31,03,4,01,0,10003530,SCOTCH BRITE TOUGH CLEAN SCRUB SPONGE  PCS,,,5.00,48,10.42%,48,,01/06/2030,,2
31,03,4,02,0,20091175,PEPSODENT PASTA GIGI KIDS STRAWBERRY TUB 50/45,,,12.00,135,8.89%,36,,08/09/2029,,2
31,03,4,03,0,,,,,0.00,0.0,,,,,,
31,03,4,04,0,20085988,LE MINERALE AIR MINERAL  BTL 1500L,,,33.00,33,100.00%,12,CTN,01/02/2028,E,24
31,03,5,01,1,,,,,0.00,0.0,,,,,,
31,03,5,02,1,,,,,0.00,0.0,,,,,,
31,03,6,01,1,,,,,0.00,0.0,,,,,,
31,03,6,02,1,,,,,0.00,0.0,,,,,,
31,03,7,01,1,,,,,0.00,0.0,,,,,,
31,03,7,02,1,,,,,0.00,0.0,,,,,,
31,03,8,01,1,,,,,0.00,0.0,,,,,,
31,03,8,02,1,,,,,0.00,0.0,,,,,,
31,03,9,01,1,,,,,0.00,0.0,,,,,,
31,03,9,02,1,,,,,0.00,0.0,,,,,,
31,04,4,01,0,20143928,POINT COFFEE TUMBLER BRONZE METALIC SERIES  PCS 480 L,,,2.00,100,2.00%,48,,01/09/2029,,1
31,04,4,02,0,20123160,GARNIER ULTRA COLOR TRUE BLUE PCK 30L,,,3.00,1920,0.16%,96,,01/07/2029,,1
31,04,4,03,0,20034450,MAMA LEMON LIQUID PENCUCI PIRING JERUK NIPIS PCH 690/650 ,,,6.00,60,10.00%,12,CTN,01/10/2029,E,12
31,04,4,04,0,20026412,INDOMARET LAP MOTOR TABUNG  PCS,,,9.00,111,8.11%,50,,01/04/2029,,1
31,04,5,01,1,,,,,0.00,0.0,,,,,,
31,04,5,02,1,,,,,0.00,0.0,,,,,,
31,04,6,01,1,,,,,0.00,0.0,,,,,,
31,04,6,02,1,,,,,0.00,0.0,,,,,,
31,04,7,01,1,,,,,0.00,0.0,,,,,,
31,04,7,02,1,,,,,0.00,0.0,,,,,,
31,04,8,01,1,,,,,0.00,0.0,,,,,,
31,04,8,02,1,,,,,0.00,0.0,,,,,,
31,04,9,01,1,,,,,0.00,0.0,,,,,,
31,04,9,02,1,,,,,0.00,0.0,,,,,,
31,05,4,01,0,10025410,PEPSODENT PASTA GIGI ACTION 123 + WHITENING TUB 75,,,4.00,42,9.52%,144,,31/08/2030,,2
31,05,4,02,0,20130527,KAO ATTACK DETERGENT POWDER JAZ1+SOFTENER ROSE BERRY BAG 1.4/1.2 ,,,25.00,33,75.76%,6,CTN,26/09/2029,L,2
31,05,4,03,0,20139975,CASABLANCA EAU DE PARFUM CHALLENGER BTL 50,,,13.00,50,26.00%,48,,01/09/2030,,1
31,05,4,04,0,20044863,INDOMARET/LARIS SABUT STAINLESS 2S  PCK,,,1.00,1000,0.10%,240,,11/09/2030,,1
31,05,5,01,1,20141993,LARISST SCRUB SPONGE COKLAT PCS,,,3.00,6,50.00%,360,,25/04/2030,,1
31,05,5,02,1,,,,,0.00,0.0,,,,,,
31,05,6,01,0,20136913,SOFTEX CELANA MENSTRUASI 5S  PCK M-L,,,10.00,24,41.67%,16,,31/08/2029,,1
31,05,6,02,0,,,,,0.00,0.0,,,,,,
31,05,7,01,0,,,,,0.00,0.0,,,,,,
31,05,7,02,0,,,,,0.00,0.0,,,,,,
31,05,8,01,0,,,,,0.00,0.0,,,,,,
31,05,8,02,0,,,,,0.00,0.0,,,,,,
31,05,9,01,0,,,,,0.00,0.0,,,,,,
31,05,9,02,0,,,,,0.00,0.0,,,,,,
31,06,4,01,0,,,,,0.00,0.0,,,,,,
31,06,4,02,0,20137935,RHINO DIY POOCHY SLIME  BOX,,,1.00,8,12.50%,96,,02/08/2030,,1
31,06,4,03,0,20136708,ZINC SHAMPOO ANTI DANDRUFF COOL BOOSTER BTL 170L,,,27.00,100,27.00%,24,,31/05/2029,,1
31,06,4,04,0,20048211,SYSTEMA PASTA GIGI MENTHOL BREEZE TUB 190,,,11.00,92,11.96%,24,,31/08/2029,,1
31,06,5,01,1,20142566,POINT COFFEE TUMBLER LOOPLALA PCS 650L,,,16.00,20,80.00%,12,,04/07/2030,V,1
31,06,5,02,1,,,,,0.00,0.0,,,,,,
31,06,6,01,1,,,,,0.00,0.0,,,,,,
31,06,6,02,0,,,,,0.00,0.0,,,,,,
31,06,7,01,1,,,,,0.00,0.0,,,,,,
31,06,7,02,1,,,,,0.00,0.0,,,,,,
31,06,8,01,1,,,,,0.00,0.0,,,,,,
31,06,8,02,1,,,,,0.00,0.0,,,,,,
31,06,9,01,1,,,,,0.00,0.0,,,,,,
31,06,9,02,1,,,,,0.00,0.0,,,,,,
31,07,4,01,0,20092087,INDOMARET KAOS SINGLET PUTIH PCK LARGE,,,1.00,8,12.50%,180,,24/09/2030,,1
31,07,4,02,0,20071626,XANDER GEMBOK PENDEK  PCS 50,,,2.00,360,0.56%,96,,25/07/2028,,1
31,07,4,03,0,20141262,ELLIPS HAIR SERUM ULTRA TREATMENT  BTL 48,,,2.00,100,2.00%,36,CTN,31/07/2029,,1
31,07,4,04,0,20072320,INDOMARET SANDAL PRIA (NEW)  PSG 39-40,,,2.00,12,16.67%,24,CTN,24/09/2030,,1
31,07,5,01,1,20064471,WHISKAS CAT FOOD POCKET TUNA PCK 480,,,7.00,42,16.67%,18,,01/08/2027,,1
31,07,5,02,1,,,,,0.00,0.0,,,,,,
31,07,6,01,1,,,,,0.00,0.0,,,,,,
31,07,6,02,1,,,,,0.00,0.0,,,,,,
31,07,7,01,1,,,,,0.00,0.0,,,,,,
31,07,7,02,1,,,,,0.00,0.0,,,,,,
31,07,8,01,1,,,,,0.00,0.0,,,,,,
31,07,8,02,1,,,,,0.00,0.0,,,,,,
31,07,9,01,1,,,,,0.00,0.0,,,,,,
31,07,9,02,1,,,,,0.00,0.0,,,,,,
31,08,4,01,0,20018012,GARNIER BRIGHT COMPLETE FACIAL FOAM PURE LEMON ESSC TUB 50L,,,19.00,203,9.36%,24,,01/08/2029,,2
31,08,4,02,0,20092089,INDOMARET KAOS SINGLET PUTIH PCK EXTRALARGE,,,1.00,2,50.00%,180,,24/09/2030,,1
31,08,4,03,0,20014403,BAYCLIN PEMUTIH PAKAIAN REGULER BTL 1000L,,,25.00,40,62.50%,12,CTN,16/09/2028,,1
31,08,4,04,0,20139596,PEPSODENT PASTA GIGI SENSITIVE EXPERT ORIGINAL TUB 60,,,10.00,84,11.90%,36,,01/08/2029,,1
31,08,5,01,1,,,,,0.00,0.0,,,,,,
31,08,5,02,1,,,,,0.00,0.0,,,,,,
31,08,6,01,1,,,,,0.00,0.0,,,,,,
31,08,6,02,1,,,,,0.00,0.0,,,,,,
31,08,7,01,1,,,,,0.00,0.0,,,,,,
31,08,7,02,1,,,,,0.00,0.0,,,,,,
31,08,8,01,1,,,,,0.00,0.0,,,,,,
31,08,8,02,1,,,,,0.00,0.0,,,,,,
31,08,9,01,1,,,,,0.00,0.0,,,,,,
31,08,9,02,1,,,,,0.00,0.0,,,,,,
31,09,4,01,0,20132698,CLEAR SHAMPOO ANTI KETOMBE DAN RAMBUT RONTOK BTL 160L,,,5.00,40,12.50%,36,,01/09/2029,,1
31,09,4,02,0,20137969,INDOMARET UNDERPAD 10S  BAG,,,6.00,12,50.00%,12,CTN,30/09/2029,,2
31,09,4,03,0,20076432,SUNSILK SHAMPOO HIJAB REFRESH BTL 340L,,,1.00,60,1.67%,18,CTN,01/09/2029,,1
31,09,4,04,0,10031962,CHARM PEMBALUT BODY FIT 23 EXTRA MAXI WING PCK 10S,,,15.00,18,83.33%,48,CTN,30/09/2029,,2
31,09,5,01,1,,,,,0.00,0.0,,,,,,
31,09,5,02,1,,,,,0.00,0.0,,,,,,
31,09,6,01,1,,,,,0.00,0.0,,,,,,
31,09,6,02,0,20036334,KENMASTER MOTORCYCLE WASH SPONGE 9001-015-02 PCS,,,5.00,14,35.71%,50,,04/09/2028,,1
31,09,7,01,1,,,,,0.00,0.0,,,,,,
31,09,7,02,1,,,,,0.00,0.0,,,,,,
31,09,8,01,1,,,,,0.00,0.0,,,,,,
31,09,8,02,1,,,,,0.00,0.0,,,,,,
31,09,9,01,1,,,,,0.00,0.0,,,,,,
31,09,9,02,1,,,,,0.00,0.0,,,,,,
32,01,4,01,0,20143797,ETIRA TUNA RTE ORIGINAL  PCK 75,,,20.00,65,30.77%,48,,08/09/2028,,1
32,01,4,02,0,,,,,0.00,0.0,,,,,,
32,01,4,03,0,,,,,0.00,0.0,,,,,,
32,01,4,04,0,20139875,STATIONARY DOUBLE ROLL STAMP CUTE CARACTER PCS,,,484.00,500,96.80%,1,,01/01/2029,I,1
32,01,5,01,1,20046176,KAO BIORE BODY FOAM REFILL ENERGETIC COOL PCH 450/400L,,,1.00,91,1.10%,12,CTN,06/05/2029,,1
32,01,5,02,1,20139728,SUNLIGHT PENCUCI PIRING BIOCARE NATURE BLUEBERRIES PCH 870,,,44.00,44,100.00%,6,,01/03/2028,,2
32,01,6,01,1,,,,,0.00,0.0,,,,,,
32,01,6,02,1,20139728,SUNLIGHT PENCUCI PIRING BIOCARE NATURE BLUEBERRIES PCH 870,,,44.00,44,100.00%,6,,01/03/2028,,2
32,01,7,01,1,,,,,0.00,0.0,,,,,,
32,01,7,02,1,,,,,0.00,0.0,,,,,,
32,01,8,01,1,,,,,0.00,0.0,,,,,,
32,01,8,02,1,,,,,0.00,0.0,,,,,,
32,01,9,01,1,,,,,0.00,0.0,,,,,,
32,01,9,02,1,,,,,0.00,0.0,,,,,,
32,02,4,01,0,20142956,NIVEA DEO ROLL ON B&W DUAL SHIELD AUTHENTIC BTL 50L,,,4.00,1000,0.40%,24,CTN,01/09/2029,,1
32,02,4,02,0,20142956,NIVEA DEO ROLL ON B&W DUAL SHIELD AUTHENTIC BTL 50L,,,2.00,1000,0.20%,24,CTN,04/09/2029,,1
32,02,4,03,0,20052321,DAIA DETERGENT POWDER+SOFTENER ROMANTIC PINK PCK 1.5/1.4 ,,,40.00,40,100.00%,6,CTN,04/09/2029,D,6
32,02,4,04,0,20091175,PEPSODENT PASTA GIGI KIDS STRAWBERRY TUB 50/45,,,27.00,135,20.00%,36,,04/09/2027,,2
32,02,5,01,1,20071775,BAYGON INSEKTISIDA SPRAY FLOWER GARDEN KLG 600/675L,,,54.00,54,100.00%,12,,01/09/2029,D,2
32,02,5,02,1,,,,,0.00,0.0,,,,,,
32,02,6,01,1,,,,,0.00,0.0,,,,,,
32,02,6,02,1,,,,,0.00,0.0,,,,,,
32,02,7,01,1,,,,,0.00,0.0,,,,,,
32,02,7,02,1,,,,,0.00,0.0,,,,,,
32,02,8,01,1,,,,,0.00,0.0,,,,,,
32,02,8,02,1,,,,,0.00,0.0,,,,,,
32,02,9,01,1,,,,,0.00,0.0,,,,,,
32,02,9,02,1,,,,,0.00,0.0,,,,,,
32,03,4,01,0,20091352,DAIA DETERGENT POWDER+SOFTENER VIOLET PASSION PCK 1.5/1.4 ,,,20.00,48,41.67%,6,CTN,04/09/2030,D,6
32,03,4,02,0,20123160,GARNIER ULTRA COLOR TRUE BLUE PCK 30L,,,4.00,1920,0.21%,96,,01/07/2029,,1
32,03,4,03,0,20143942,KAHF FACE WASH HYDRATION CHARGE AQUAGEL TUB 100L,,,24.00,125,19.20%,15,,03/09/2029,,1
32,03,4,04,0,10004676,ULTRA SUSU UHT STERIL SLIM PLAIN TPK 250L,,,34.00,126,26.98%,24,CTN,05/07/2027,D,24
32,03,5,01,1,,,,,0.00,0.0,,,,,,
32,03,5,02,1,20075589,INDOMARET LILIN PUTIH JUMBO 8S  BOX,,,54.00,60,90.00%,20,,01/08/2029,,1
32,03,6,01,1,,,,,0.00,0.0,,,,,,
32,03,6,02,0,,,,,0.00,0.0,,,,,,
32,03,7,01,1,,,,,0.00,0.0,,,,,,
32,03,7,02,1,,,,,0.00,0.0,,,,,,
32,03,8,01,1,,,,,0.00,0.0,,,,,,
32,03,8,02,1,,,,,0.00,0.0,,,,,,
32,03,9,01,1,,,,,0.00,0.0,,,,,,
32,03,9,02,1,20143928,POINT COFFEE TUMBLER BRONZE METALIC SERIES  PCS 480 L,,,9.00,100,9.00%,48,,19/09/2029,,1
32,04,4,01,0,20009869,ZWITSAL BABY HAIR LOTION NATURAL AVKS BTL 100L,,,22.00,156,14.10%,24,,04/09/2029,,1
32,04,4,02,0,20135324,GILLETTE RAZOR GOAL II YELLOW 3+1S  PCK,,,3.00,2160,0.14%,180,,22/09/2030,,1
32,04,4,03,0,20134770,DOVE ROLL ON DEODORANT SERUM NCNMDE+COLLAGEN BTL 50L,,,4.00,132,3.03%,24,CTN,01/09/2029,,1
32,04,4,04,0,20090447,GARNIER SKIN NAT.SAKURA GLOW HYALURON SERUM CRM SPF30 TUB 20L,,,62.00,180,34.44%,24,,01/09/2029,,1
32,04,5,01,1,20139525,VAPE DORA LEM PERANGKAP TIKUS  BOX,,,7.00,20,35.00%,36,,01/09/2029,,2
32,04,5,02,1,,,,,0.00,0.0,,,,,,
32,04,6,01,1,,,,,0.00,0.0,,,,,,
32,04,6,02,1,,,,,0.00,0.0,,,,,,
32,04,7,01,1,20139872,STATIONARY CAKE PENCIL CASE   PCK,,,5.00,1000,0.50%,1,,01/09/2029,,1
32,04,7,02,1,,,,,0.00,0.0,,,,,,
32,04,8,01,1,,,,,0.00,0.0,,,,,,
32,04,8,02,1,,,,,0.00,0.0,,,,,,
32,04,9,01,1,20073639,SWEETY BRONZE PANTS 28S  PCK LARGE,,,15.00,10,150.00%,8,,01/09/2029,S,2
32,04,9,02,1,,,,,0.00,0.0,,,,,,
32,05,4,01,0,20142569,EVANGELINE EXTRAIT DE PARFUM  WONDER COZY BABY BTL 100 L,,,20.00,100,20.00%,12,,01/04/2031,,1
32,05,4,02,0,10013212,GILLETTE RAZOR DAISY PLUS/SMPLY VNUS 2S FOR WOMEN PCK,,,1.00,300,0.33%,240,,01/10/2030,,2
32,05,4,03,0,20130082,EMINA BRIGHT STUFF FACE WASH  TUB 100L,,,19.00,165,11.52%,20,,01/09/2029,,1
32,05,4,04,0,20139066,GILLETTE RAZOR BLUE 3 FLEXI 3S  PCK,,,2.00,15,13.33%,288,,22/09/2030,L,1
32,05,5,01,1,,,,,0.00,0.0,,,,,,
32,05,5,02,1,,,,,0.00,0.0,,,,,,
32,05,6,01,0,20143931,POINT COFFEE TUMBLER BRONZE METALIC SERIES  PCS 600 L,,,4.00,100,4.00%,48,,19/09/2029,,1
32,05,6,02,0,,,,,0.00,0.0,,,,,,
32,05,7,01,0,20143931,POINT COFFEE TUMBLER BRONZE METALIC SERIES  PCS 600 L,,,4.00,100,4.00%,48,,19/09/2029,,1
32,05,7,02,0,,,,,0.00,0.0,,,,,,
32,05,8,01,0,,,,,0.00,0.0,,,,,,
32,05,8,02,0,,,,,0.00,0.0,,,,,,
32,05,9,01,0,20073639,SWEETY BRONZE PANTS 28S  PCK LARGE,,,15.00,10,150.00%,8,,01/09/2029,S,2
32,05,9,02,0,20073639,SWEETY BRONZE PANTS 28S  PCK LARGE,,,15.00,10,150.00%,8,,01/09/2029,S,2
32,06,4,01,0,20142119,SCARLETT EXTRAIT DE PARFUM SAFA ATHER BTL 30,,,21.00,100,21.00%,24,,01/09/2029,,1
32,06,4,02,0,20142120,SCARLETT EXTRAIT DE PARFUM BIRU SAMUDRA BTL 30,,,27.00,100,27.00%,24,,01/09/2029,,1
32,06,4,03,0,20026532,MERAH PUTIH HANDUK POLOS PCS 70X135,,,1.00,6,16.67%,60,,01/09/2029,,1
32,06,4,04,0,,,,,0.00,0.0,,,,,,
32,06,5,01,1,,,,,0.00,0.0,,,,,,
32,06,5,02,0,,,,,0.00,0.0,,,,,,
32,06,6,01,0,20075589,INDOMARET LILIN PUTIH JUMBO 8S  BOX,,,12.00,60,20.00%,20,,10/08/2030,,1
32,06,6,02,1,20074312,INDOMARET LAKBAN (NEW) BENING 2INX70YR ROL 48X64,,,27.00,30,90.00%,48,,01/09/2029,,2
32,06,7,01,1,,,,,0.00,0.0,,,,,,
32,06,7,02,1,,,,,0.00,0.0,,,,,,
32,06,8,01,1,,,,,0.00,0.0,,,,,,
32,06,8,02,1,,,,,0.00,0.0,,,,,,
32,06,9,01,1,,,,,0.00,0.0,,,,,,
32,06,9,02,1,20073639,SWEETY BRONZE PANTS 28S  PCK LARGE,,,15.00,10,150.00%,8,,01/09/2029,S,2
32,07,4,01,0,10025410,PEPSODENT PASTA GIGI ACTION 123 + WHITENING TUB 75,,,3.00,42,7.14%,144,,01/09/2029,,2
32,07,4,02,0,10014035,BAGUS SIKAT LANTAI W-20920  PCS,,,5.00,136,3.68%,12,LSN,30/09/2026,,1
32,07,4,03,0,20084542,MEGACOOLS CHAIN LUBE  KLG 300,,,7.00,40,17.50%,20,,21/07/2030,,1
32,07,4,04,0,20133375,VASELINE BODY LOTION GLUTA-HYA SERUM FLAWLESS BRIGHT TUB 100L,,,10.00,90,11.11%,24,,01/08/2029,,1
32,07,5,01,1,,,,,0.00,0.0,,,,,,
32,07,5,02,1,,,,,0.00,0.0,,,,,,
32,07,6,01,1,,,,,0.00,0.0,,,,,,
32,07,6,02,1,,,,,0.00,0.0,,,,,,
32,07,7,01,1,20136913,SOFTEX CELANA MENSTRUASI 5S  PCK M-L,,,8.00,24,33.33%,16,,01/09/2029,,1
32,07,7,02,1,,,,,0.00,0.0,,,,,,
32,07,8,01,1,,,,,0.00,0.0,,,,,,
32,07,8,02,0,,,,,0.00,0.0,,,,,,
32,07,9,01,1,,,,,0.00,0.0,,,,,,
32,07,9,02,1,,,,,0.00,0.0,,,,,,
32,08,4,01,0,20085988,LE MINERALE AIR MINERAL  BTL 1500L,,,33.00,33,100.00%,12,CTN,01/02/2028,E,24
32,08,4,02,0,20009870,ZWITSAL BABY SHAMPOO NATURAL BTL 100L,,,27.00,90,30.00%,36,,08/01/2029,,1
32,08,4,03,0,20016076,LAURIER PEMBALUT 22.5 SLIM GUARD PCK 20S,,,1.00,50,2.00%,24,CTN,30/09/2029,,1
32,08,4,04,0,20120206,PEPSODENT PASTA GIGI HERBAL  BOX 120+30,,,20.00,65,30.77%,48,,01/07/2029,,2
32,08,5,01,1,,,,,0.00,0.0,,,,,,
32,08,5,02,1,,,,,0.00,0.0,,,,,,
32,08,6,01,0,,,,,0.00,0.0,,,,,,
32,08,6,02,0,,,,,0.00,0.0,,,,,,
32,08,7,01,1,,,,,0.00,0.0,,,,,,
32,08,7,02,1,,,,,0.00,0.0,,,,,,
32,08,8,01,1,,,,,0.00,0.0,,,,,,
32,08,8,02,1,,,,,0.00,0.0,,,,,,
32,08,9,01,1,,,,,0.00,0.0,,,,,,
32,08,9,02,1,,,,,0.00,0.0,,,,,,
32,09,4,01,0,20044874,DETTOL ANTISEPTIC WET WIPES 10S  PCK,,,13.00,65,20.00%,40,CTN,04/09/2029,,2
32,09,4,02,0,20086810,INDOMARET LAP SERBAGUNA  PCK,,,3.00,7,42.86%,200,,01/09/2029,,1
32,09,4,03,0,20122033,GARNIER BRIGHT COMPLETE SUPER WHIP VITAMIN C TUB 100L,,,40.00,220,18.18%,12,,01/07/2029,,1
32,09,4,04,0,20140363,LARISST KAOS KAKI ANKLE (1+1) MISTY BDD NO.25-26,,,10.00,100,10.00%,12,,10/09/2030,,1
32,09,5,01,1,20092076,PEPSODENT PASTA GIGI ACTION 123 CHARCOAL TUB 160,,,12.00,52,23.08%,48,,04/09/2029,,1
32,09,5,02,1,20008742,VAPE  MAT ELEKTRIK FUMAKILLA 60S BUBBLE AROMA BOX,,,7.00,24,29.17%,72,,04/08/2030,,1
32,09,6,01,1,10004714,PEPSODENT PASTA GIGI WHITE  TUB 120/115 ,,,15.00,45,33.33%,72,,01/09/2029,,2
32,09,6,02,1,,,,,0.00,0.0,,,,,,
32,09,7,01,1,20091352,DAIA DETERGENT POWDER+SOFTENER VIOLET PASSION PCK 1.5/1.4 ,,,48.00,48,100.00%,6,,01/01/2029,D,6
32,09,7,02,1,,,,,0.00,0.0,,,,,,
32,09,8,01,1,,,,,0.00,0.0,,,,,,
32,09,8,02,1,,,,,0.00,0.0,,,,,,
32,09,9,01,1,,,,,0.00,0.0,,,,,,
32,09,9,02,1,,,,,0.00,0.0,,,,,,
33,01,3,01,0,,,,,0.00,0.0,,,,,,
33,01,3,02,0,,,,,0.00,0.0,,,,,,
33,01,3,03,0,,,,,0.00,0.0,,,,,,
33,01,3,04,0,,,,,0.00,0.0,,,,,,
33,01,4,01,0,,,,,0.00,0.0,,,,,,
33,01,4,02,0,,,,,0.00,0.0,,,,,,
33,01,5,01,0,,,,,0.00,0.0,,,,,,
33,01,5,02,0,,,,,0.00,0.0,,,,,,
33,01,6,01,0,,,,,0.00,0.0,,,,,,
33,01,6,02,0,,,,,0.00,0.0,,,,,,
33,01,7,01,0,,,,,0.00,0.0,,,,,,
33,01,7,02,0,,,,,0.00,0.0,,,,,,
33,01,8,01,0,,,,,0.00,0.0,,,,,,
33,01,8,02,0,,,,,0.00,0.0,,,,,,
33,02,3,01,0,,,,,0.00,0.0,,,,,,
33,02,3,02,0,10015698,MILO CHOCOLATE NUGGETS  PCK 25,,,15.00,110,13.64%,30,,04/07/2027,L,2
33,02,3,03,0,,,,,0.00,0.0,,,,,,
33,02,3,04,0,20082247,NUTRIVE MINUMAN BENECOL ORANGE BTL 100L,,,18.00,121,14.88%,36,,22/08/2027,,6
33,02,4,01,0,,,,,0.00,0.0,,,,,,
33,02,4,02,0,,,,,0.00,0.0,,,,,,
33,02,5,01,0,,,,,0.00,0.0,,,,,,
33,02,5,02,0,,,,,0.00,0.0,,,,,,
33,02,6,01,0,,,,,0.00,0.0,,,,,,
33,02,6,02,0,20140185,SILVER QUEEN CHOCOLATE CHUNKY MINIS  PCH 10X8,,,40.00,60,66.67%,12,,01/05/2027,,1
33,02,7,01,0,,,,,0.00,0.0,,,,,,
33,02,7,02,0,,,,,0.00,0.0,,,,,,
33,02,8,01,0,20042370,MAMASUKA RUMPUT LAUT PANGGANG (NORI)  PCK 2X4.5,,,11.00,20,55.00%,40,,26/08/2027,S,10
33,02,8,02,0,,,,,0.00,0.0,,,,,,
33,03,3,01,0,20047250,YUPI CANDY GUMMY CALCI BEAN  BTL 70,,,14.00,100,14.00%,36,,06/01/2028,,2
33,03,3,02,0,,,,,0.00,0.0,,,,,,
33,03,3,03,0,,,,,0.00,0.0,,,,,,
33,03,3,04,0,20129720,YUPI CANDY GUMMY WILD SAFARI PCK 44,,,6.00,90,6.67%,72,,14/06/2028,V,6
33,03,4,01,0,20023846,PRINGLES POTATO CRISPS ORIGINAL KLG 102,,,37.00,85,43.53%,12,,01/07/2027,S,2
33,03,4,02,0,20128924,ALAMII SNACK CHEESE PUFFS  PCH 15,,,24.00,100,24.00%,24,,04/08/2027,,2
33,03,5,01,0,,,,,0.00,0.0,,,,,,
33,03,5,02,0,,,,,0.00,0.0,,,,,,
33,03,6,01,0,,,,,0.00,0.0,,,,,,
33,03,6,02,0,,,,,0.00,0.0,,,,,,
33,03,7,01,0,,,,,0.00,0.0,,,,,,
33,03,7,02,0,,,,,0.00,0.0,,,,,,
33,03,8,01,0,,,,,0.00,0.0,,,,,,
33,03,8,02,0,,,,,0.00,0.0,,,,,,
33,04,3,01,0,20142877,DALEZZ BOLU ISI CUSTARD  PCK 100,,,8.00,21,38.10%,32,,04/05/2027,,1
33,04,3,02,0,20047809,KOBE BON CABE SAMBAL TABUR LEVEL 15 BTL 45,,,7.00,160,4.38%,24,CTN,04/08/2028,,2
33,04,3,03,0,20088712,SASA SANTAN KELAPA CAIR  TPK 65L,,,28.00,144,19.44%,32,,17/08/2027,,8
33,04,3,04,0,20132653,MOMS RECIPE SILKY PUDING BUBUK CHOCOLATE PCH 110,,,3.00,98,3.06%,24,CTN,01/02/2028,,1
33,04,4,01,0,20143734,CHOCOLATOS SNACK PILLOW CHOCOLATE PCH 97.5,,,9.00,28,32.14%,20,,14/05/2027,,1
33,04,4,02,0,20114757,GURIBEE SNACK RUMPUT LAUT PCK 65/62,,,18.00,15,120.00%,30,,08/04/2027,S,10
33,04,5,01,0,10035883,GARUDA SNACK PILUS PEDAS PCK 80,,,24.00,24,100.00%,50,,01/08/2027,,1
33,04,5,02,0,20079510,YUPI CANDY GUMMY BREAKFAST  PCK 95,,,40.00,50,80.00%,24,,01/09/2028,,6
33,04,6,01,0,20139538,LAYS SNACK POTATO CHIPS RUMPUT LAUT PCK 105,,,5.00,20,25.00%,14,CTN,01/07/2027,,2
33,04,6,02,0,20125042,MY BABY MINYAK TELON PLUS LAVENDER BTL 150L,,,1.00,55,1.82%,48,CTN,08/08/2028,,2
33,04,7,01,0,20057442,KINDER JOY CHOCOLATE CRISPY BOYS PCS 20,,,24.00,60,40.00%,72,CTN,01/05/2027,D,12
33,04,7,02,0,10039897,YOU C1000 HEALTH DRINK VITAMIN LEMON BTL 140L,,,6.00,77,7.79%,30,CTN,03/09/2027,S,15
33,04,8,01,0,20034685,OISHI SNACK PILLOWS CHOCOLATE PCH 100,,,50.00,40,125.00%,20,,22/09/2027,S,5
33,04,8,02,0,20036200,SPRITE SOFT DRINK  PET 1L,,,33.00,33,100.00%,12,CTN,31/03/2027,S,12
33,05,3,01,0,20140881,TOLL MILK CANDY ASSORTED BLUE PCK 120,,,9.00,40,22.50%,24,,01/09/2028,,1
33,05,3,02,0,20048546,HEMAVITON HEALTH DRINK VITAMIN C1000 ORANGE KLG 330L,,,37.00,70,52.86%,24,CTN,23/09/2027,L,2
33,05,3,03,0,20140412,MILKITA MILKY BAR ORIGINAL PCK 15,,,22.00,65,33.85%,72,,22/06/2027,,2
33,05,3,04,0,20068906,FRISIAN FLAG SUSU KENTAL MANIS COKELAT PCH 535,,,50.00,50,100.00%,24,CTN,05/05/2027,D,12
33,05,4,01,0,20114757,GURIBEE SNACK RUMPUT LAUT PCK 65/62,,,18.00,15,120.00%,30,,08/04/2027,S,10
33,05,4,02,0,20114757,GURIBEE SNACK RUMPUT LAUT PCK 65/62,,,18.00,15,120.00%,30,,08/04/2027,S,10
33,05,5,01,0,10013885,YUPI CANDY GUMMY LUNCH BAG 93,,,35.00,150,23.33%,24,,01/09/2027,,2
33,05,5,02,0,20114757,GURIBEE SNACK RUMPUT LAUT PCK 65/62,,,18.00,15,120.00%,30,,03/04/2027,S,10
33,05,6,01,0,20114757,GURIBEE SNACK RUMPUT LAUT PCK 65/62,,,18.00,15,120.00%,30,,03/04/2027,S,10
33,05,6,02,0,20020017,A.T.B MARIE MILK  PCK 185/180,,,7.00,36,19.44%,24,CTN,01/11/2027,,4
33,05,7,01,0,20140674,SEDAAP MIE MIE INSTANT AYAM BAWANG PCK 5X71,,,40.00,40,100.00%,8,CTN,01/04/2027,S,8
33,05,7,02,0,20114757,GURIBEE SNACK RUMPUT LAUT PCK 65/62,,,18.00,15,120.00%,30,,08/04/2027,S,10
33,05,8,01,0,20138948,GOOD DAY KOPI INSTANT LATTE BUTTERSCOTCH PCK 10X22,,,2.00,64,3.13%,12,CTN,29/02/2028,,1
33,05,8,02,0,20140674,SEDAAP MIE MIE INSTANT AYAM BAWANG PCK 5X71,,,29.00,40,72.50%,8,CTN,01/04/2027,S,8
33,06,3,01,0,20120198,MISTER POTATO SNACK CRISPS GHOST PEPPER SEAWEED KLG 40,,,9.00,52,17.31%,24,,01/07/2027,,2
33,06,3,02,0,20129286,ALAMII SNACK CHOCOLATE PUFFS  PCH 18,,,16.00,100,16.00%,24,,01/07/2027,,2
33,06,3,03,0,10005909,INDOMILK SUSU CAIR UHT PLAIN TPK 950L,,,56.00,56,100.00%,12,CTN,28/05/2027,,2
33,06,3,04,0,10005909,INDOMILK SUSU CAIR UHT PLAIN TPK 950L,,,56.00,56,100.00%,12,CTN,28/05/2027,,2
33,06,4,01,0,20114757,GURIBEE SNACK RUMPUT LAUT PCK 65/62,,,18.00,15,120.00%,30,,03/04/2027,S,10
33,06,4,02,0,20069844,OISHI SNACK POPCORN COKLAT PCH 100,,,23.00,60,38.33%,20,CTN,04/09/2027,,4
33,06,5,01,0,20003910,NISSIN WALENS CHOCO SOES  PCK 100,,,20.00,33,60.61%,30,,01/09/2027,S,5
33,06,5,02,0,10023790,SEDAAP MIE MIE INSTANT AYAM BAWANG PCK 70,,,52.00,52,100.00%,40,CTN,01/05/2027,,40
33,06,6,01,0,20116675,CHITATO LITE SNACK POTATO NORI SEAWEED PCK 115,,,14.00,21,66.67%,18,CTN,19/05/2027,D,9
33,06,6,02,0,20103271,CHOCODRINK BELGIAN CHOCOLATE TASTE (4+2)  PCH 6X28,,,2.00,40,5.00%,30,CTN,01/02/2028,,1
33,06,7,01,0,20114757,GURIBEE SNACK RUMPUT LAUT PCK 65/62,,,18.00,15,120.00%,30,,01/07/2027,S,10
33,06,7,02,0,20141467,INDOMARET SNACK EMPING MANIS PEDAS PCK 130,,,10.00,40,25.00%,28,CTN,20/05/2027,,1
33,06,8,01,0,20022431,RED BULL ENERGY DRINK  KLG 250L,,,10.00,112,8.93%,24,CTN,04/05/2028,,2
33,06,8,02,0,20114757,GURIBEE SNACK RUMPUT LAUT PCK 65/62,,,17.00,15,113.33%,30,,01/04/2027,S,10
33,07,3,01,0,20084899,LAGIE CHOCOLATE GOLDEN CITY  PCK 75,,,3.00,20,15.00%,120,,12/02/2028,,5
33,07,3,02,0,20014069,FRISIAN FLAG SUSU CAIR UHT FULL CREAM TPK 946L,,,56.00,56,100.00%,12,CTN,01/06/2027,E,12
33,07,3,03,0,20069650,CHOMP CHOMP MARSHMALLOW ICE CREAM BLUEBERRY PCK 60/50,,,5.00,50,10.00%,36,,04/01/2028,,2
33,07,3,04,0,20117884,TRESNO JOYO MADU TJ MURNI  BTL 500,,,2.00,96,2.08%,12,CTN,30/08/2030,,1
33,07,4,01,0,10000763,FOXS CANDY FRUITS PCK 90/80,,,88.00,78,112.82%,24,,01/09/2027,,2
33,07,4,02,0,20023846,PRINGLES POTATO CRISPS ORIGINAL KLG 102,,,85.00,85,100.00%,12,,01/09/2028,S,2
33,07,5,01,0,20085784,LEE KUM KEE OYSTER SAUCE (SAUS TIRAM)  BTL 145,,,2.00,125,1.60%,24,CTN,01/10/2028,,1
33,07,5,02,0,20034686,OISHI SNACK PILLOWS UBI PCH 100,,,34.00,40,85.00%,20,,03/09/2027,L,10
33,07,6,01,0,20048724,YUPI CANDY GUMMY PIZZA PCK 23,,,13.00,72,18.06%,144,,01/06/2028,,6
33,07,6,02,0,20044093,PRINGLES POTATO CRISPS SOURCREAM&ONION KLG 102,,,85.00,68,125.00%,12,CTN,01/09/2027,,6
33,07,7,01,0,10032229,WONG COCO MY JELLY KONNYAKU  PCK 15X14,,,22.00,44,50.00%,24,,05/03/2028,,2
33,07,7,02,0,20114756,GURIBEE SNACK BBQ BALADO PCK 65/62,,,7.00,15,46.67%,30,CTN,24/04/2027,L,6
33,07,8,01,0,20116675,CHITATO LITE SNACK POTATO NORI SEAWEED PCK 115,,,11.00,21,52.38%,18,CTN,19/05/2027,D,9
33,07,8,02,0,20139291,FLOATY SNACK BAWANG PCK 60,,,24.00,12,200.00%,40,,01/07/2027,D,8
33,08,3,01,0,20141453,JLO LIPSTICK CANDY  PCS 5,,,20.00,70,28.57%,96,,15/01/2028,,2
33,08,3,02,0,20132761,CAFFINO COFFEE READY TO DRINK OAT CAPPUCCINO BTL 200L,,,1.00,96,1.04%,12,CTN,30/09/2027,,2
33,08,3,03,0,20140906,MILKITA MILKY BAR CHOCOLATE PCK 15,,,18.00,96,18.75%,72,,12/04/2027,V,2
33,08,3,04,0,10005073,BLUE BAND MARGARINE SERBAGUNA (35622)  PCK 200,,,5.00,48,10.42%,60,CTN,30/09/2027,L,10
33,08,4,01,0,20132760,CAFFINO COFFEE READY TO DRINK MILKY ESPRESSO BTL 200L,,,2.00,186,1.08%,12,CTN,30/09/2027,,2
33,08,4,02,0,10005073,BLUE BAND MARGARINE SERBAGUNA (35622)  PCK 200,,,5.00,48,10.42%,60,CTN,30/09/2027,L,10
33,08,5,01,0,20023845,PRINGLES POTATO CRISPS CHEESY CHEESE KLG 102,,,62.00,68,91.18%,12,,01/09/2027,L,2
33,08,5,02,0,10005073,BLUE BAND MARGARINE SERBAGUNA (35622)  PCK 200,,,4.00,48,8.33%,60,CTN,30/09/2027,L,10
33,08,6,01,0,20036713,INDOMARET CUKA  BTL 150L,,,3.00,72,4.17%,48,CTN,03/09/2029,,1
33,08,6,02,0,10005073,BLUE BAND MARGARINE SERBAGUNA (35622)  PCK 200,,,35.00,48,72.92%,60,CTN,30/09/2027,L,10
33,08,7,01,0,10013885,YUPI CANDY GUMMY LUNCH BAG 93,,,23.00,150,15.33%,24,,15/03/2028,,2
33,08,7,02,0,20034685,OISHI SNACK PILLOWS CHOCOLATE PCH 100,,,1.00,40,2.50%,20,CTN,22/09/2027,S,5
33,08,8,01,0,20034685,OISHI SNACK PILLOWS CHOCOLATE PCH 100,,,15.00,40,37.50%,20,CTN,22/09/2027,S,5
33,08,8,02,0,10000102,BOTAN MACKAREL  KLG 425,,,3.00,20,15.00%,48,CTN,15/07/2029,,1
33,09,3,01,0,20048546,HEMAVITON HEALTH DRINK VITAMIN C1000 ORANGE KLG 330L,,,37.00,70,52.86%,24,CTN,23/01/2028,L,2
33,09,3,02,0,20038777,POCARI SWEAT MINUMAN ISOTONIK  BTL 900L,,,7.00,40,17.50%,15,CTN,07/08/2027,S,15
33,09,3,03,0,20016240,FOXS CANDY CRYSTAL CLEAR BERRIES PCK 90/80,,,21.00,78,26.92%,24,,01/12/2027,,2
33,09,3,04,0,10000763,FOXS CANDY FRUITS PCK 90/80,,,21.00,78,26.92%,24,,01/01/2028,,2
33,09,4,01,0,20129286,ALAMII SNACK CHOCOLATE PUFFS  PCH 18,,,21.00,100,21.00%,24,,04/08/2027,,2
33,09,4,02,0,20038777,POCARI SWEAT MINUMAN ISOTONIK  BTL 900L,,,10.00,40,25.00%,15,CTN,07/08/2027,S,15
33,09,5,01,0,20073688,SIN A TING TING JAHE ORIGINAL PCK 100,,,3.00,50,6.00%,20,CTN,24/06/2028,,2
33,09,5,02,0,20065248,ION WATER MINUMAN ISOTONIK  BTL 350L,,,7.00,60,11.67%,24,CTN,10/08/2027,,2
33,09,6,01,0,20106307,MISTER POTATO SNACK CRISPS GHOST PEPPER KLG 40,,,9.00,70,12.86%,24,CTN,01/08/2027,S,8
33,09,6,02,0,20065248,ION WATER MINUMAN ISOTONIK  BTL 350L,,,11.00,60,18.33%,24,CTN,30/08/2027,,2
33,09,7,01,0,20023846,PRINGLES POTATO CRISPS ORIGINAL KLG 102,,,85.00,85,100.00%,12,,07/06/2027,S,2
33,09,7,02,0,20023846,PRINGLES POTATO CRISPS ORIGINAL KLG 102,,,85.00,85,100.00%,12,,17/06/2027,S,2
33,09,8,01,0,20092857,STT FRENCH FRIES 2000 PREMIUM  PCK 130,,,18.00,12,150.00%,20,CTN,01/04/2027,D,10
33,09,8,02,0,20140056,FLOATY SNACK TERSERAH PCK 60,,,12.00,16,75.00%,40,,01/08/2027,L,20
34,01,3,01,0,,,,,0.00,0.0,,,,,,
34,01,3,02,0,,,,,0.00,0.0,,,,,,
34,01,3,03,0,,,,,0.00,0.0,,,,,,
34,01,3,04,0,20142221,YUPI CANDY GUMMY FANGS  PCK 90,,,12.00,50,24.00%,24,,01/06/2029,,1
34,01,4,01,0,,,,,0.00,0.0,,,,,,
34,01,4,02,0,,,,,0.00,0.0,,,,,,
34,01,5,01,0,,,,,0.00,0.0,,,,,,
34,01,5,02,0,,,,,0.00,0.0,,,,,,
34,01,6,01,0,,,,,0.00,0.0,,,,,,
34,01,6,02,0,,,,,0.00,0.0,,,,,,
34,01,7,01,0,,,,,0.00,0.0,,,,,,
34,01,7,02,0,,,,,0.00,0.0,,,,,,
34,01,8,01,0,,,,,0.00,0.0,,,,,,
34,01,8,02,0,,,,,0.00,0.0,,,,,,
34,02,3,01,0,,,,,0.00,0.0,,,,,,
34,02,3,02,0,,,,,0.00,0.0,,,,,,
34,02,3,03,0,,,,,0.00,0.0,,,,,,
34,02,3,04,0,20047616,WONG COCO PUDDING MANGO CUP 120,,,32.00,108,29.63%,36,,05/09/2027,,2
34,02,4,01,0,20052859,PRINGLES POTATO CRISPS ORIGINAL KLG 42,,,124.00,153,81.05%,12,,12/06/2027,S,12
34,02,4,02,0,20023148,DUA KELINCI SNACK PILUS TIC TAC SAPI PANGGANG PCK 80,,,18.00,27,66.67%,50,,31/08/2027,L,10
34,02,5,01,0,20034686,OISHI SNACK PILLOWS UBI PCH 100,,,38.00,40,95.00%,20,,20/07/2027,L,10
34,02,5,02,0,20114757,GURIBEE SNACK RUMPUT LAUT PCK 65/62,,,16.00,15,106.67%,30,,10/04/2027,S,10
34,02,6,01,0,20136661,5 DAYS CROISSANT CHOCO BANANA PCK 60,,,25.00,25,100.00%,40,,10/03/2027,,2
34,02,6,02,0,,,,,0.00,0.0,,,,,,
34,02,7,01,0,,,,,0.00,0.0,,,,,,
34,02,7,02,0,,,,,0.00,0.0,,,,,,
34,02,8,01,0,,,,,0.00,0.0,,,,,,
34,02,8,02,0,,,,,0.00,0.0,,,,,,
34,03,3,01,0,20080530,YUPI CANDY GUMMY BIG BURGER PCK 32,,,20.00,50,40.00%,96,,03/08/2028,,6
34,03,3,02,0,,,,,0.00,0.0,,,,,,
34,03,3,03,0,,,,,0.00,0.0,,,,,,
34,03,3,04,0,,,,,0.00,0.0,,,,,,
34,03,4,01,0,,,,,0.00,0.0,,,,,,
34,03,4,02,0,,,,,0.00,0.0,,,,,,
34,03,5,01,0,,,,,0.00,0.0,,,,,,
34,03,5,02,0,,,,,0.00,0.0,,,,,,
34,03,6,01,0,,,,,0.00,0.0,,,,,,
34,03,6,02,0,,,,,0.00,0.0,,,,,,
34,03,7,01,0,,,,,0.00,0.0,,,,,,
34,03,7,02,0,,,,,0.00,0.0,,,,,,
34,03,8,01,0,,,,,0.00,0.0,,,,,,
34,03,8,02,0,,,,,0.00,0.0,,,,,,
34,04,3,01,0,20143835,INDOFOOD BUMBU SPESIAL RACIK TOMYUM PCK 60 ,,,5.00,42,11.90%,144,,29/10/2027,,1
34,04,3,02,0,20141467,INDOMARET SNACK EMPING MANIS PEDAS PCK 130,,,10.00,40,25.00%,28,,20/05/2027,,1
34,04,3,03,0,10005073,BLUE BAND MARGARINE SERBAGUNA (35622)  PCK 200,,,6.00,48,12.50%,60,,30/09/2027,L,10
34,04,3,04,0,20031736,MINTZ CANDY CHEWY MINTS PEPPERMINT PCK 99,,,14.00,66,21.21%,24,,31/08/2028,,2
34,04,4,01,0,20079510,YUPI CANDY GUMMY BREAKFAST  PCK 95,,,11.00,50,22.00%,24,,11/06/2028,,6
34,04,4,02,0,20122278,SOSRO TEH BOTOL LESS SUGAR JASMINE TEA BTL 350L,,,22.00,110,20.00%,12,CTN,30/09/2029,L,12
34,04,5,01,0,20111591,5 DAYS CROISSANT CHOCOLATE PCK 60,,,23.00,42,54.76%,40,CTN,06/03/2027,,4
34,04,5,02,0,20143070,DELFI CHOCOLATE CHA CHA MINIS TSUM TSUM PCK 2X12.5,,,20.00,25,80.00%,72,,11/12/2027,T,1
34,04,6,01,0,20138241,CHEETOS SNACK KEJU PCK 120,,,5.00,20,25.00%,14,CTN,10/07/2027,L,4
34,04,6,02,0,20142877,DALEZZ BOLU ISI CUSTARD  PCK 100,,,21.00,21,100.00%,32,,01/05/2027,,1
34,04,7,01,0,20003910,NISSIN WALENS CHOCO SOES  PCK 100,,,33.00,33,100.00%,30,CTN,30/09/2027,S,5
34,04,7,02,0,20114756,GURIBEE SNACK BBQ BALADO PCK 65/62,,,15.00,15,100.00%,30,CTN,24/04/2027,L,6
34,04,8,01,0,10000753,TARO SNACK (60730) SEAWEED PCK 32,,,24.00,18,133.33%,36,,03/09/2027,,3
34,04,8,02,0,10000753,TARO SNACK (60730) SEAWEED PCK 32,,,5.00,18,27.78%,36,CTN,03/09/2027,,3
34,05,3,01,0,20132494,LEMONILO BROWNIES CRISPY KEJU PCH 33/32,,,5.00,108,4.63%,12,CTN,20/07/2027,,3
34,05,3,02,0,20140809,SISY PIE KACANG  PCK 15,,,155.00,920,16.85%,10,,15/11/2026,,2
34,05,3,03,0,20124899,CHI FOREST SPARKLING WATER LYCHEE FIZZY BTL 480L,,,1.00,70,1.43%,15,CTN,04/11/2027,,5
34,05,3,04,0,20080530,YUPI CANDY GUMMY BIG BURGER PCK 32,,,9.00,50,18.00%,96,,12/06/2028,,6
34,05,4,01,0,10013885,YUPI CANDY GUMMY LUNCH BAG 93,,,40.00,150,26.67%,24,,01/08/2028,,2
34,05,4,02,0,20040528,DUA KELINCI SNACK CAMPUR TIC TAC MIX PCK 80,,,18.00,18,100.00%,50,,31/08/2027,,10
34,05,5,01,0,20138167,KOPI KENANGAN HANYA UNTUKMU COFFEE DRINK JAPANESE MATCHA BTL 200L,,,6.00,78,7.69%,24,CTN,31/07/2027,,2
34,05,5,02,0,20111591,5 DAYS CROISSANT CHOCOLATE PCK 60,,,25.00,42,59.52%,40,,06/03/2027,,4
34,05,6,01,0,20122278,SOSRO TEH BOTOL LESS SUGAR JASMINE TEA BTL 350L,,,20.00,110,18.18%,12,CTN,30/09/2029,L,12
34,05,6,02,0,10008620,YUPI CANDY GUMMY MINI BURGER PCK 105,,,36.00,50,72.00%,24,,01/07/2027,,4
34,05,7,01,0,10000312,YUPI CANDY GUMMY NEON STICK PCK 45,,,39.00,65,60.00%,72,,01/05/2028,,6
34,05,7,02,0,20044093,PRINGLES POTATO CRISPS SOURCREAM&ONION KLG 102,,,51.00,68,75.00%,12,,01/09/2027,,6
34,05,8,01,0,20142877,DALEZZ BOLU ISI CUSTARD  PCK 100,,,21.00,21,100.00%,32,,04/05/2027,,1
34,05,8,02,0,20142877,DALEZZ BOLU ISI CUSTARD  PCK 100,,,21.00,21,100.00%,32,,11/05/2027,,1
34,06,3,01,0,20129102,OATSIDE OAT MILK BARISTA BLEND TPK 200ML / BTL 240L,,,10.00,112,8.93%,24,CTN,31/08/2027,,2
34,06,3,02,0,20114757,GURIBEE SNACK RUMPUT LAUT PCK 65/62,,,6.00,15,40.00%,30,CTN,22/04/2027,S,10
34,06,3,03,0,20135311,HYDROPLUS ISOTONIC DRINK  BTL 350L,,,7.00,125,5.60%,12,CTN,04/09/2027,,2
34,06,3,04,0,20036198,COCA COLA SOFT DRINK ZERO  PET 1L,,,5.00,33,15.15%,12,CTN,31/03/2027,L,12
34,06,4,01,0,20114757,GURIBEE SNACK RUMPUT LAUT PCK 65/62,,,15.00,15,100.00%,30,CTN,22/04/2027,S,10
34,06,4,02,0,20114757,GURIBEE SNACK RUMPUT LAUT PCK 65/62,,,21.00,15,140.00%,30,,22/04/2027,S,10
34,06,5,01,0,20114756,GURIBEE SNACK BBQ BALADO PCK 65/62,,,21.00,15,140.00%,30,,24/04/2027,L,6
34,06,5,02,0,20114757,GURIBEE SNACK RUMPUT LAUT PCK 65/62,,,13.00,15,86.67%,30,CTN,22/04/2027,S,10
34,06,6,01,0,20042370,MAMASUKA RUMPUT LAUT PANGGANG (NORI)  PCK 2X4.5,,,15.00,20,75.00%,40,,01/07/2027,S,10
34,06,6,02,0,10035883,GARUDA SNACK PILUS PEDAS PCK 80,,,24.00,24,100.00%,50,,29/08/2027,,1
34,06,7,01,0,10006540,YUPI CANDY GUMMY BABY BEARS PCK 45,,,17.00,56,30.36%,72,,01/07/2028,,6
34,06,7,02,0,20139758,MADURASA MADU JAHE MERAH LEMON BTL 160,,,20.00,100,20.00%,24,,01/09/2027,T,1
34,06,8,01,0,20142677,MONDE BOURBON BISCUIT GANDUM PCK 140,,,1.00,40,2.50%,36,CTN,02/09/2027,,1
34,06,8,02,0,20034685,OISHI SNACK PILLOWS CHOCOLATE PCH 100,,,40.00,40,100.00%,20,,01/09/2027,S,5
34,07,3,01,0,10000418,DELFI CHOCOLATE CHIC CHOC  PCK 36,,,3.00,20,15.00%,120,,27/12/2027,,2
34,07,3,02,0,20042991,INDOMARET GULA PASIR PREMIUM PUTIH PCK 1,,,25.00,25,100.00%,25,SAK,01/09/2028,L,25
34,07,3,03,0,20133192,ROCHO WAFER CHOCOLATE KACANG  PCH 84,,,14.00,28,50.00%,24,CTN,01/12/2027,,2
34,07,3,04,0,20047250,YUPI CANDY GUMMY CALCI BEAN  BTL 70,,,18.00,100,18.00%,36,,01/12/2027,,2
34,07,4,01,0,20085776,RAW MATERIAL COFFEE JELLY  PCK 2,,,18.00,80,22.50%,6,,05/08/2027,Z,1
34,07,4,02,0,10008620,YUPI CANDY GUMMY MINI BURGER PCK 105,,,21.00,50,42.00%,24,,01/08/2028,,4
34,07,5,01,0,20139538,LAYS SNACK POTATO CHIPS RUMPUT LAUT PCK 105,,,10.00,20,50.00%,14,CTN,01/07/2027,,2
34,07,5,02,0,20042991,INDOMARET GULA PASIR PREMIUM PUTIH PCK 1,,,25.00,25,100.00%,25,SAK,01/09/2028,L,25
34,07,6,01,0,10000763,FOXS CANDY FRUITS PCK 90/80,,,33.00,78,42.31%,24,,01/12/2027,,2
34,07,6,02,0,20139800,KARA MINYAK GORENG KELAPA  PCH 1L,,,21.00,48,43.75%,12,,01/03/2028,,1
34,07,7,01,0,20133506,DELFI CRACKERS K RICE ORION SWEET PCH 64.8,,,5.00,40,12.50%,20,CTN,04/09/2027,,2
34,07,7,02,0,20034685,OISHI SNACK PILLOWS CHOCOLATE PCH 100,,,15.00,40,37.50%,20,CTN,22/09/2027,S,5
34,07,8,01,0,20023845,PRINGLES POTATO CRISPS CHEESY CHEESE KLG 102,,,72.00,68,105.88%,12,,14/07/2027,L,2
34,07,8,02,0,20143070,DELFI CHOCOLATE CHA CHA MINIS TSUM TSUM PCK 2X12.5,,,13.00,25,52.00%,72,,22/12/2027,T,1
34,08,3,01,0,20140796,SARIWANGI MATCHA LATTE  BOX 5X22,,,1.00,1440,0.07%,24,CTN,30/06/2027,,1
34,08,3,02,0,20129961,MISTER POTATO SNACK CRISPS ORIGINAL KLG 35,,,19.00,68,27.94%,24,,02/07/2027,L,4
34,08,3,03,0,10006539,YUPI CANDY GUMMY KISS STRAWBERRY PCK 110,,,6.00,50,12.00%,24,,01/05/2028,,1
34,08,3,04,0,20052776,YUPI CANDY GUMMY BIG FRANK PCK 32,,,2.00,50,4.00%,192,,04/05/2027,,2
34,08,4,01,0,20034079,FRISIAN FLAG SUSU CAIR UHT COKELAT TPK 225L,,,6.00,78,7.69%,36,CTN,01/09/2027,D,36
34,08,4,02,0,20125056,UNIBIS BISCUITS MEGA RING TARTLET CHOCOLATE PCK 120,,,19.00,50,38.00%,24,,01/09/2027,,1
34,08,5,01,0,10000753,TARO SNACK (60730) SEAWEED PCK 32,,,24.00,18,133.33%,36,,01/08/2027,,3
34,08,5,02,0,20008798,SILVER QUEEN CHOCOLATE CHUNKY BAR CASHEW PCK 85/82,,,18.00,32,56.25%,96,,04/11/2027,S,2
34,08,6,01,0,20111591,5 DAYS CROISSANT CHOCOLATE PCK 60,,,25.00,42,59.52%,40,CTN,06/03/2027,,4
34,08,6,02,0,20034078,FRISIAN FLAG SUSU CAIR UHT STROBERI TPK 225L,,,42.00,91,46.15%,36,CTN,01/06/2027,S,36
34,08,7,01,0,20114756,GURIBEE SNACK BBQ BALADO PCK 65/62,,,6.00,15,40.00%,30,CTN,24/04/2027,L,6
34,08,7,02,0,20034685,OISHI SNACK PILLOWS CHOCOLATE PCH 100,,,10.00,40,25.00%,20,CTN,22/09/2027,S,5
34,08,8,01,0,20139969,GERY SNACK BANTAL  PCK 75,,,12.00,6,200.00%,40,,10/04/2027,,2
34,08,8,02,0,20055205,TARO SNACK NET SEAWEED PCK 62,,,12.00,8,150.00%,30,,01/08/2027,,6
34,09,3,01,0,10039897,YOU C1000 HEALTH DRINK VITAMIN LEMON BTL 140L,,,2.00,77,2.60%,30,CTN,03/09/2027,S,15
34,09,3,02,0,20042991,INDOMARET GULA PASIR PREMIUM PUTIH PCK 1,,,25.00,25,100.00%,25,SAK,01/09/2028,L,25
34,09,3,03,0,20120421,TARO SNACK NET POTATO BARBEQUE PCK 115,,,9.00,9,100.00%,16,CTN,01/07/2027,,2
34,09,3,04,0,20137070,MILO CHOCOLATE ACTIVE CUBE  PCH 67.5,,,26.00,55,47.27%,20,,01/08/2027,,2
34,09,4,01,0,20085730,INDOMARET CASHEW MILK CHOCOLATE  PCK 40,,,13.00,90,14.44%,60,,05/08/2027,,4
34,09,4,02,0,20096157,CHOMP CHOMP MARSHMALLOW STRAWBERRY PCK 60/50,,,8.00,50,16.00%,36,,04/02/2028,,1
34,09,5,01,0,20128815,INDOMARET GUMMY CHOCO MIX FRUITS PCK 45/40,,,20.00,52,38.46%,60,,01/08/2027,,2
34,09,5,02,0,10000753,TARO SNACK (60730) SEAWEED PCK 32,,,18.00,18,100.00%,36,CTN,03/09/2027,,3
34,09,6,01,0,20069527,NU MINUMAN TEH TARIK  BTL 330L,,,51.00,65,78.46%,24,CTN,30/06/2027,L,6
34,09,6,02,0,10000753,TARO SNACK (60730) SEAWEED PCK 32,,,4.00,18,22.22%,36,CTN,03/09/2027,,3
34,09,7,01,0,20003910,NISSIN WALENS CHOCO SOES  PCK 100,,,10.00,33,30.30%,30,CTN,30/09/2027,S,5
34,09,7,02,0,20124707,GARUDA SNACK OCORN JAGUNG BAKAR PCK 70,,,3.00,12,25.00%,30,CTN,15/06/2027,,2
34,09,8,01,0,20111591,5 DAYS CROISSANT CHOCOLATE PCK 60,,,32.00,42,76.19%,40,,15/02/2027,,4
34,09,8,02,0,20124707,GARUDA SNACK OCORN JAGUNG BAKAR PCK 70,,,12.00,12,100.00%,30,CTN,15/06/2027,,2
35,01,3,01,1,,,,,0.00,0.0,,,,,,
35,01,3,02,1,,,,,0.00,0.0,,,,,,
35,01,3,03,0,20141072,HEAD &SHOULDERS SHAMPOO A/D SUPER COOL BTL 300,,,21.00,56,37.50%,12,,01/09/2029,,1
35,01,3,04,0,20049799,HEAD &SHOULDERS SHAMPOO A/D LEMON FRESH BTL 160/145L,,,5.00,100,5.00%,24,,01/09/2029,,2
35,01,4,01,1,,,,,0.00,0.0,,,,,,
35,01,4,02,1,20073805,SO KLIN SOFTERGENT POWDER MAGNOLIA&BERIES PCK 1.44/1.3,,,40.00,40,100.00%,6,,01/03/2029,,6
35,01,5,01,1,,,,,0.00,0.0,,,,,,
35,01,5,02,1,,,,,0.00,0.0,,,,,,
35,01,6,01,1,,,,,0.00,0.0,,,,,,
35,01,6,02,1,,,,,0.00,0.0,,,,,,
35,01,7,01,1,,,,,0.00,0.0,,,,,,
35,01,7,02,1,,,,,0.00,0.0,,,,,,
35,01,8,01,1,,,,,0.00,0.0,,,,,,
35,01,8,02,1,,,,,0.00,0.0,,,,,,
35,02,3,01,1,20048900,MAMY POKO PANTS STANDAR 6S  PCK EXTRALARGE,,,8.00,24,33.33%,12,,01/09/2029,,6
35,02,3,02,1,,,,,0.00,0.0,,,,,,
35,02,3,03,0,20139154,HIT INSEKTISIDA SPRAY COTTON POWDER KLG 600/600+50,,,28.00,54,51.85%,12,,01/09/2029,,1
35,02,3,04,0,,,,,0.00,0.0,,,,,,
35,02,4,01,1,20122879,RINSO DETERJEN LIQUID + MOLTO KOREAN STRAWBERRY PCH 510,,,55.00,50,110.00%,12,,01/09/2028,,2
35,02,4,02,1,20139609,RINSO DETERJEN POWDER ANTI NODA JAPANESE PEACH BAG 1440,,,19.00,29,65.52%,6,,01/07/2029,,1
35,02,5,01,1,20020226,MOLTO PEWANGI PAKAIAN HIJAB SOFT & FRESH PINK PCH 780/765L,,,24.00,50,48.00%,12,,01/08/2029,,6
35,02,5,02,1,20020245,MOLTO PEWANGI PAKAIAN ACTIVE FRESH BLUE PCH 780/765L,,,50.00,50,100.00%,12,,01/10/2029,L,6
35,02,6,01,1,,,,,0.00,0.0,,,,,,
35,02,6,02,1,,,,,0.00,0.0,,,,,,
35,02,7,01,1,,,,,0.00,0.0,,,,,,
35,02,7,02,1,20093188,RINSO DETERGENT CAIR + MOLTO GOLD ROYAL PCH 510,,,23.00,50,46.00%,12,,25/09/2028,,2
35,02,8,01,1,20123072,SWEETY BRONZE PANTS D X-PERT 18+2/20S  PCK XXL,,,8.00,8,100.00%,16,,11/07/2029,,2
35,02,8,02,1,,,,,0.00,0.0,,,,,,
35,03,3,01,1,,,,,0.00,0.0,,,,,,
35,03,3,02,1,,,,,0.00,0.0,,,,,,
35,03,3,03,1,,,,,0.00,0.0,,,,,,
35,03,3,04,0,,,,,0.00,0.0,,,,,,
35,03,4,01,1,20121229,NUVO WET TISSUE ORIGINAL MERAH PCK 50,,,9.00,20,45.00%,24,,30/09/2030,,2
35,03,4,02,1,20132849,HAPPY NAPPY SMART PANTS 26/24S  PCK EXTRALARGE,,,15.00,24,62.50%,8,,01/09/2029,,2
35,03,5,01,1,20140679,INDOMARET FACIAL TISSUE  PCK 380S,,,4.00,10,40.00%,48,,26/09/2029,,2
35,03,5,02,1,20121372,RINSO DETERJEN POWDER + MOLTO PERFUME ESSENCE BAG 400/380,,,33.00,52,63.46%,12,,15/06/2027,,12
35,03,6,01,1,20020226,MOLTO PEWANGI PAKAIAN HIJAB SOFT & FRESH PINK PCH 780/765L,,,36.00,50,72.00%,12,,06/10/2029,,6
35,03,6,02,1,20132849,HAPPY NAPPY SMART PANTS 26/24S  PCK EXTRALARGE,,,15.00,24,62.50%,8,,01/09/2029,,2
35,03,7,01,1,20021816,VASELINE BODY LOTION HEALTHY BRIGHT UV EXTRA BRIGHT BTL 200L,,,38.00,100,38.00%,18,,01/09/2029,S,2
35,03,7,02,1,20073638,SWEETY BRONZE PANTS 32S  PCK MEDIUM,,,9.00,10,90.00%,8,,15/08/2029,S,2
35,03,8,01,1,20083937,SWEETY SILVER MAX PROTECION PANTS 24S BAG EXTRALARGE,,,15.00,20,75.00%,8,,01/09/2029,,1
35,03,8,02,1,,,,,0.00,0.0,,,,,,
35,04,3,01,1,20144187,HI SUN BODY SERUM SOOTHING BOOSTER HYALURONIC BTL 200,,,43.00,100,43.00%,12,,01/09/2029,,1
35,04,3,02,1,20081449,ROYALE SOFTENER PURPLE DAWN PCH 650/600L,,,19.00,50,38.00%,12,CTN,30/09/2028,,2
35,04,3,03,0,20138911,TRESEMME KERATIN SMOOTH HAIR MASK  SCT 30,,,12.00,150,8.00%,48,CTN,07/02/2029,,2
35,04,3,04,0,20140001,RINSO DETERGENT CAIR ANTI NODA PURE PCH 510,,,12.00,55,21.82%,12,,01/07/2029,,2
35,04,4,01,1,20135632,SERASOFT SHAMPOO SMOOTH & SHINE BTL 170L,,,32.00,162,19.75%,12,,01/09/2029,,1
35,04,4,02,1,20096787,CITRA FRESH GLOW MULTIFUNCTION GEL ALOE VERA TUB 180L,,,36.00,108,33.33%,12,CTN,08/08/2028,,1
35,04,5,01,1,20136913,SOFTEX CELANA MENSTRUASI 5S  PCK M-L,,,10.00,24,41.67%,16,,28/09/2029,,1
35,04,5,02,1,20140018,INDOMARET BABY WIPES RICE MILK BDD 250,,,6.00,24,25.00%,24,CTN,01/10/2029,,1
35,04,6,01,1,20137581,INDOMARET PEWANGI PAKAIAN EXOTIC BLUE PCH 720L,,,40.00,40,100.00%,12,,01/09/2028,,1
35,04,6,02,1,20087464,INDOMARET PEWANGI PAKAIAN PINK PASSION PCH 720L,,,2.00,40,5.00%,12,CTN,01/10/2029,,2
35,04,7,01,1,20027167,INDOMARET FACIAL TISSUE NON PERFUMED PCK 400,,,1.00,10,10.00%,32,CTN,30/09/2029,,2
35,04,7,02,1,20065464,CONFIDENCE ADULT DIAPERS CLASIC NIGHT 8S  BAG MEDIUM,,,5.00,10,50.00%,12,,01/09/2029,,1
35,04,8,01,1,10005974,CHARM PEMBALUT SAFE NIGHT 29 WING PCK 10/9S,,,2.00,12,16.67%,48,CTN,30/09/2029,,2
35,04,8,02,1,20142567,SUTRA KONDOM RAPET 3S  PCK,,,3.00,100,3.00%,24,BOX,31/01/2031,,1
35,05,3,01,1,20140912,SIDO MUNCUL JAMU TOLAK ANGIN CAIR + MADU  SCT 15L,,,7.00,60,11.67%,360,,01/04/2028,,6
35,05,3,02,1,20034450,MAMA LEMON LIQUID PENCUCI PIRING JERUK NIPIS PCH 690/650 ,,,60.00,60,100.00%,12,CTN,01/09/2029,E,12
35,05,3,03,0,20088539,GARNIER MEN OIL CONTROL 3IN1 CHARCOAL BLACK TUB 100L,,,15.00,186,8.06%,12,,01/07/2029,,1
35,05,3,04,0,20046688,PONDS MEN PEMBERSIH WAJAH WHITE BOOST TUB 100L,,,6.00,91,6.59%,24,,30/09/2030,,1
35,05,4,01,1,20073805,SO KLIN SOFTERGENT POWDER MAGNOLIA&BERIES PCK 1.44/1.3,,,40.00,40,100.00%,6,,01/08/2029,,6
35,05,4,02,1,20123812,EKONOMI PENCUCI PIRING POWER LIQUID SEREH PCH 650L/675,,,50.00,60,83.33%,12,,01/09/2029,L,6
35,05,5,01,1,20129700,LERVIA SABUN SUSU CAIR SMOOTHING / ORIGINAL MILK PCH 400L/400,,,50.00,60,83.33%,24,,18/09/2029,,2
35,05,5,02,1,20049387,INDOMARET HAND SOAP PUMP CAMOMILE EXTRAC BTL 500L,,,26.00,55,47.27%,12,,06/09/2029,,1
35,05,6,01,1,20032250,KISPRAY PELICIN PAKAIAN VIOLET PCH 300/280L,,,5.00,50,10.00%,24,CTN,30/09/2027,,2
35,05,6,02,1,20121229,NUVO WET TISSUE ORIGINAL MERAH PCK 50,,,8.00,20,40.00%,24,,30/09/2030,,2
35,05,7,01,1,20000980,KISPRAY PELICIN PAKAIAN VIOLET BTL 318L,,,2.00,30,6.67%,24,CTN,30/09/2027,,2
35,05,7,02,1,20139609,RINSO DETERJEN POWDER ANTI NODA JAPANESE PEACH BAG 1440,,,28.00,29,96.55%,6,,09/08/2028,,1
35,05,8,01,1,20098616,CHARM PEMBALUT COOLING FRESH 29 NIGHT WING PCK 10S,,,23.00,30,76.67%,24,,27/09/2029,,2
35,05,8,02,1,20135607,MY BABY KIDS HAIR BODY COLOGNE LIVELY FUN BTL 100L,,,1.00,96,1.04%,48,CTN,01/09/2029,,1
35,06,3,01,1,10003517,INDOMIE MIE GORENG PLUS SPECIAL PCK 80,,,21.00,52,40.38%,40,CTN,31/05/2027,E,40
35,06,3,02,1,20103709,SWEETY SILVER MAX PROTECT. PANT BABY  18/18+4S PCK XXL,,,8.00,8,100.00%,16,CTN,25/09/2029,,1
35,06,3,03,0,20070151,BELLAGIO HOMME EAU DE TOILETTE/PARFUM (NEW) RAVE CULTURE BTL 50L,,,6.00,54,11.11%,48,,01/09/2030,,1
35,06,3,04,0,20137408,SUPER PELL PEMBERSIH LANTAI SAKURA PCH 740/760 ,,,12.00,50,24.00%,12,,01/09/2029,,1
35,06,4,01,1,20097739,INDOMARET DETERGENT CAIR (NEW)  PCH 800/700L,,,10.00,40,25.00%,12,CTN,01/10/2029,,2
35,06,4,02,1,20112491,SUNLIGHT PENCUCI PIRING (NEW) LIME PCH 1L/910L,,,44.00,44,100.00%,6,,14/09/2028,S,6
35,06,5,01,1,20140806,SO KLIN DETERGENT POWDER EAU DE PARFUM FLEURS DE LIS PCK 1.3 ,,,16.00,40,40.00%,6,,16/07/2029,,2
35,06,5,02,1,20091352,DAIA DETERGENT POWDER+SOFTENER VIOLET PASSION PCK 1.5/1.4 ,,,48.00,48,100.00%,6,CTN,01/09/2029,D,6
35,06,6,01,1,10008104,SO KLIN PEWANGI PAKAIAN REFILL BLUE PCH 800/780L,,,40.00,50,80.00%,12,,30/09/2030,,6
35,06,6,02,1,20034450,MAMA LEMON LIQUID PENCUCI PIRING JERUK NIPIS PCH 690/650 ,,,60.00,60,100.00%,12,CTN,01/10/2029,E,12
35,06,7,01,1,10003272,BAYGON INSEKTISIDA SPRAY CITRUS FRESH KLG 600/675L,,,37.00,54,68.52%,12,,01/09/2029,L,2
35,06,7,02,1,20134809,FRES & NATURAL BT21 BODY WASH LOVE YOURSELF PCH 400L,,,66.00,8,825.00%,12,,01/09/2029,,2
35,06,8,01,1,20041483,SO KLIN SOFTERGENT POWDER PEONY ROSE PCK 1.44/1.3,,,3.00,48,6.25%,6,CTN,19/09/2028,,6
35,06,8,02,1,20067210,PONDS PEMBERSIH WAJAH BRIGHT BEAUTY/ NIASORCINOL TUB 100,,,41.00,123,33.33%,24,CTN,31/07/2029,S,6
35,07,3,01,1,20076432,SUNSILK SHAMPOO HIJAB REFRESH BTL 340L,,,5.00,60,8.33%,18,,31/07/2030,,1
35,07,3,02,1,20141929,MAKARIZO HAIR & SCALP CREAMBATH FIBER/T ALOE & MELON TUB 100,,,11.00,100,11.00%,24,CTN,01/10/2029,,1
35,07,3,03,0,20142274,INDOMARET ADHESIVE HOOKS 3S  PCS,,,7.00,20,35.00%,160,,01/06/2030,,1
35,07,3,04,0,20139144,HIT ANTI NYAMUK REFILL XPRESS PINK BLOSSOM BOX 35L,,,2.00,30,6.67%,144,,01/08/2029,,2
35,07,4,01,1,20003395,JOHNSONS BABY HAIR & BODY BATH REFILL MILK + RICE PCH 400/375 L,,,3.00,64,4.69%,12,CTN,04/09/2029,,1
35,07,4,02,1,20143931,POINT COFFEE TUMBLER BRONZE METALIC SERIES  PCS 600 L,,,4.00,100,4.00%,48,CTN,01/09/2028,,1
35,07,5,01,1,10021010,GULAKU GULA TEBU (PUTIH) PREMIUM PCK 1000,,,32.00,32,100.00%,24,CTN,20/08/2028,,24
35,07,5,02,1,20141366,BARBER DAILY ULTRA SENSITIVE FACE WASH  BTL 100,,,2.00,100,2.00%,24,CTN,01/09/2029,,1
35,07,6,01,1,20132849,HAPPY NAPPY SMART PANTS 26/24S  PCK EXTRALARGE,,,15.00,24,62.50%,8,,01/09/2029,,2
35,07,6,02,1,20139785,CUSSONS BABY SOAP SOFT & SMOOTH BDD 260,,,1.00,42,2.38%,72,CTN,01/09/2029,,1
35,07,7,01,1,20136124,EKONOMI PENCUCI PIRING LIQUID NATURAL NANAS&JERUK NPS PCH 650L/675,,,50.00,50,100.00%,12,,01/01/2029,S,12
35,07,7,02,1,10037208,CLOSE UP PASTA GIGI DEEP ACTION (33329) MENTHOL FRESH TUB 110/100,,,33.00,65,50.77%,48,CTN,30/09/2029,S,2
35,07,8,01,1,20143926,INDOMARET ADULT DIAPERS HAPPY PANTS 3IN1 L PCK 7,,,18.00,18,100.00%,8,,01/09/2029,,1
35,07,8,02,1,10038692,MULTI FACIAL TISSUE MP-01/250S NON PARFUMED BAG,,,2.00,8,25.00%,40,CTN,30/09/2029,,1
35,08,3,01,1,20138903,SUNSILK SHAMPOO GLOSSY BLACK BTL 320L,,,10.00,51,19.61%,18,,01/02/2029,,1
35,08,3,02,1,20096787,CITRA FRESH GLOW MULTIFUNCTION GEL ALOE VERA TUB 180L,,,12.00,108,11.11%,12,CTN,31/08/2028,,1
35,08,3,03,0,10000189,KODOMO PASTA GIGI+SIKAT GIGI ZIG ZAG SOFT 2 IN 1 BDD,,,30.00,40,75.00%,12,,01/09/2029,,1
35,08,3,04,0,20141977,EVANGELINE EXTRAIT DE PARFUME SWEET LYCHEE BTL 100,,,28.00,120,23.33%,12,,19/09/2031,,1
35,08,4,01,1,20139068,CIPTADENT PASTA GIGI FRESH MAXI COOL TUB 190,,,29.00,96,30.21%,24,,04/09/2030,,2
35,08,4,02,1,20097386,HAPPY NAPPY SMART PANTS 30/28S  PCK LARGE,,,7.00,20,35.00%,8,,01/09/2029,,2
35,08,5,01,1,20140686,SCOTCH BRITE PAKET KOMBO SPONS ID-C01 PCK,,,1.00,60,1.67%,36,CTN,30/09/2026,,1
35,08,5,02,1,20113921,ME-O CAT FOOD KITTEN  PCH 80,,,80.00,420,19.05%,12,,11/06/2029,,4
35,08,6,01,1,10000318,GILLETTE RAZOR GOAL II YELLOW SINGLE  PCS,,,5.00,24,20.83%,288,CTN,29/09/2026,,4
35,08,6,02,1,20004027,INDOMARET HAND SOAP CAMOMILE PCH 375L,,,31.00,50,62.00%,24,,01/09/2029,,2
35,08,7,01,1,20143926,INDOMARET ADULT DIAPERS HAPPY PANTS 3IN1 L PCK 7,,,18.00,18,100.00%,8,,01/09/2029,,1
35,08,7,02,1,20072322,INDOMARET SANDAL PRIA (NEW)  PSG 41-42,,,8.00,4,200.00%,24,,30/09/2030,,1
35,08,8,01,1,20017043,CHARM PEMBALUT SAFE NIGHT 42 WING PCK 8/7S,,,13.00,15,86.67%,30,CTN,30/09/2029,,2
35,08,8,02,1,20010999,LIFEBUOY SABUN MANDI CAIR RED BTL 100L,,,36.00,105,34.29%,36,CTN,31/03/2029,,2
35,09,3,01,1,20074226,DOWNY SOFTENER SUNRISE FRESH PCH 600/550L,,,13.00,75,17.33%,8,CTN,30/09/2029,,1
35,09,3,02,1,20034034,VASELINE BODY LOTION HEALTHY BRIGHT UV EXTRA BRIGHT BTL 400L,,,9.00,97,9.28%,12,,01/08/2029,,1
35,09,3,03,0,20034450,MAMA LEMON LIQUID PENCUCI PIRING JERUK NIPIS PCH 690/650 ,,,60.00,60,100.00%,12,CTN,01/09/2029,E,12
35,09,3,04,0,20113101,ROYALE SOFTENER SWEET FLORAL PCH 680/600L,,,7.00,50,14.00%,12,,30/09/2029,,2
35,09,4,01,1,10006426,CUSSONS BABY POWDER SOFT & SMOOTH BTL 100,,,14.00,24,58.33%,48,,01/09/2029,,2
35,09,4,02,1,20072923,BABY HAPPY  BABY DIAPERS PANTS 34/32S  BAG MEDIUM,,,4.00,30,13.33%,4,CTN,04/10/2029,E,2
35,09,5,01,1,20141934,PANTENE SHAMPOO MIRACLE COLLAGEN REPAIR BTL 145,,,36.00,64,56.25%,24,,01/04/2029,,1
35,09,5,02,1,20036191,HEAD &SHOULDERS SHAMPOO A/D MENTHOL DINGIN BTL 70L,,,11.00,70,15.71%,48,CTN,30/09/2029,,2
35,09,6,01,1,20110854,INDOMARET KAOS KAKI SNEAKERS  PCK,,,4.00,12,33.33%,240,,29/09/2029,,1
35,09,6,02,1,20020226,MOLTO PEWANGI PAKAIAN HIJAB SOFT & FRESH PINK PCH 780/765L,,,50.00,50,100.00%,12,,26/10/2029,,6
35,09,7,01,1,20143926,INDOMARET ADULT DIAPERS HAPPY PANTS 3IN1 L PCK 7,,,18.00,18,100.00%,8,,01/01/2029,,1
35,09,7,02,1,20143928,POINT COFFEE TUMBLER BRONZE METALIC SERIES  PCS 480 L,,,6.00,100,6.00%,48,CTN,01/09/2028,,1
35,09,8,01,1,20139879,STATIONARY SUMMER STATIONARY SET BOX  PCS,,,288.00,1000,28.80%,1,,12/09/2030,,1
35,09,8,02,1,20143926,INDOMARET ADULT DIAPERS HAPPY PANTS 3IN1 L PCK 7,,,10.00,18,55.56%,8,CTN,01/09/2029,,1
36,01,3,01,1,,,,,0.00,0.0,,,,,,
36,01,3,02,1,,,,,0.00,0.0,,,,,,
36,01,3,03,0,,,,,0.00,0.0,,,,,,
36,01,3,04,0,20036893,INDOMARET SIKAT GIGI ULTRA CLEAN MEDIUM PCS,,,20.00,72,27.78%,72,,01/09/2030,,2
36,01,4,01,1,20136124,EKONOMI PENCUCI PIRING LIQUID NATURAL NANAS&JERUK NPS PCH 650L/675,,,39.00,50,78.00%,12,,01/09/2029,S,12
36,01,4,02,1,20119165,CAT CHOIZE PLUS KITTEN CAT FOOD TUNA & SALMON PCK 450,,,15.00,24,62.50%,18,,19/11/2027,,2
36,01,5,01,1,20052321,DAIA DETERGENT POWDER+SOFTENER ROMANTIC PINK PCK 1.5/1.4 ,,,41.00,40,102.50%,6,,30/09/2029,D,6
36,01,5,02,1,20020245,MOLTO PEWANGI PAKAIAN ACTIVE FRESH BLUE PCH 780/765L,,,42.00,50,84.00%,12,,01/09/2029,L,6
36,01,6,01,1,,,,,0.00,0.0,,,,,,
36,01,6,02,1,20091352,DAIA DETERGENT POWDER+SOFTENER VIOLET PASSION PCK 1.5/1.4 ,,,48.00,48,100.00%,6,,30/09/2029,D,6
36,01,7,01,1,,,,,0.00,0.0,,,,,,
36,01,7,02,1,20035998,INDOMARET TRAVEL PACK TISSUE 50S  PCK,,,19.00,20,95.00%,96,,25/09/2029,,8
36,01,8,01,1,20113354,SWEETY BRONZE COMFORT DIAPERS 44S  BAG NEW BORN,,,12.00,24,50.00%,8,,25/09/2029,L,2
36,01,8,02,1,,,,,0.00,0.0,,,,,,
36,02,3,01,1,20082581,VANISH PENGHILANG NODA CAIR WHITE PCH 450/425L,,,14.00,49,28.57%,12,,30/09/2030,,1
36,02,3,02,1,,,,,0.00,0.0,,,,,,
36,02,3,03,0,,,,,0.00,0.0,,,,,,
36,02,3,04,0,20138898,SUNSILK SHAMPOO SILKY SMOOTH BTL 160L,,,20.00,55,36.36%,36,,01/09/2028,,2
36,02,4,01,1,20109613,HIT INSEKTISIDA SPRAY PINK BLOSSOM KLG 600/600+50,,,19.00,54,35.19%,12,,01/09/2029,,1
36,02,4,02,1,20016864,CUSSONS BABY WIPES NATURALLY REFRESHING PCK 2/345S,,,22.00,45,48.89%,12,,05/07/2029,,2
36,02,5,01,1,20073638,SWEETY BRONZE PANTS 32S  PCK MEDIUM,,,6.00,10,60.00%,8,,01/07/2029,S,2
36,02,5,02,1,20112491,SUNLIGHT PENCUCI PIRING (NEW) LIME PCH 1L/910L,,,44.00,44,100.00%,6,,01/09/2028,S,6
36,02,6,01,1,,,,,0.00,0.0,,,,,,
36,02,6,02,1,20085113,RINSO DETERJEN POWDER + MOLTO PERFUME ESSENCE BAG 770/700,,,30.00,40,75.00%,12,,01/02/2029,,2
36,02,7,01,1,,,,,0.00,0.0,,,,,,
36,02,7,02,1,,,,,0.00,0.0,,,,,,
36,02,8,01,1,,,,,0.00,0.0,,,,,,
36,02,8,02,1,20123072,SWEETY BRONZE PANTS D X-PERT 18+2/20S  PCK XXL,,,8.00,8,100.00%,16,,01/06/2029,,2
36,03,3,01,1,20099181,ZINC SHAMPOO A/K REFRESHING COOL  BTL 340L,,,49.00,104,47.12%,12,,04/09/2029,,1
36,03,3,02,1,,,,,0.00,0.0,,,,,,
36,03,3,03,0,20139729,SO KLIN DETERGENT LIQUID NATURE GREEN TEA&JSMNE BTL 700,,,49.00,54,90.74%,6,,01/09/2029,,2
36,03,3,04,0,,,,,0.00,0.0,,,,,,
36,03,4,01,1,20138273,LARISST BABY WIPES AQUA FRESH BDD 250,,,45.00,80,56.25%,18,,25/09/2029,,2
36,03,4,02,1,10013205,SUNLIGHT PENCUCI PIRING JERUK NIPIS BTL 750L/675,,,60.00,42,142.86%,12,,01/08/2028,L,12
36,03,5,01,1,10005482,SUNLIGHT PENCUCI PIRING NEW REF LIME PCH 650L/660,,,60.00,50,120.00%,12,,01/09/2029,D,12
36,03,5,02,1,10005482,SUNLIGHT PENCUCI PIRING NEW REF LIME PCH 650L/660,,,60.00,50,120.00%,12,,01/09/2029,D,12
36,03,6,01,1,20123812,EKONOMI PENCUCI PIRING POWER LIQUID SEREH PCH 650L/675,,,38.00,60,63.33%,12,,01/09/2029,L,6
36,03,6,02,1,20087202,LIFEBUOY SABUN MANDI CAIR REFILL LEMON FRESH PCH 825/800,,,30.00,39,76.92%,12,,01/09/2030,L,2
36,03,7,01,1,20106053,SOFTEX PEMBALUT DAUN SIRIH 29 WING PCK 24S,,,20.00,15,133.33%,20,,01/09/2029,,2
36,03,7,02,1,20106053,SOFTEX PEMBALUT DAUN SIRIH 29 WING PCK 24S,,,8.00,15,53.33%,20,,22/08/2029,,2
36,03,8,01,1,,,,,0.00,0.0,,,,,,
36,03,8,02,1,,,,,0.00,0.0,,,,,,
36,04,3,01,1,20072673,ZWITSAL BABY BATH NATURAL 2 IN 1 HAIR & BODY BTL 300L,,,13.00,100,13.00%,12,,01/09/2029,,1
36,04,3,02,1,20069549,INDOMARET DIAPERS ADULT 6S LEAK GUARD BAG EXTRALARGE,,,1.00,10,10.00%,12,,01/09/2030,L,2
36,04,3,03,0,20139595,MOLTO PELICIN &PEWANGI PAKAIAN TRIKA  BDD 3300L,,,52.00,52,100.00%,8,CTN,31/08/2029,,2
36,04,3,04,0,20087201,REXONA DEO ROLL ON MEN MOTIONSENSE INVSBL+ANTIBACT BTL 45L,,,23.00,78,29.49%,24,,04/09/2030,,1
36,04,4,01,1,10004067,MAMA LEMON LIQUID PENCUCI PIRING EKSTRAK LEMON PCH 690/650 ,,,32.00,60,53.33%,12,,01/09/2029,S,6
36,04,4,02,1,20075361,ZWITSAL BABY BATH NATURAL RICH HONEY PCH 450/400L,,,27.00,58,46.55%,12,,01/12/2028,,1
36,04,5,01,1,20112491,SUNLIGHT PENCUCI PIRING (NEW) LIME PCH 1L/910L,,,44.00,44,100.00%,6,,01/08/2028,S,6
36,04,5,02,1,20112491,SUNLIGHT PENCUCI PIRING (NEW) LIME PCH 1L/910L,,,44.00,44,100.00%,6,,01/08/2028,S,6
36,04,6,01,1,20106053,SOFTEX PEMBALUT DAUN SIRIH 29 WING PCK 24S,,,12.00,15,80.00%,20,,01/09/2029,,2
36,04,6,02,1,20139609,RINSO DETERJEN POWDER ANTI NODA JAPANESE PEACH BAG 1440,,,9.00,29,31.03%,6,,09/08/2028,,1
36,04,7,01,1,20072924,BABY HAPPY  BABY DIAPERS PANTS 26S  BAG EXTRALARGE,,,24.00,32,75.00%,4,,01/09/2029,D,4
36,04,7,02,1,20138347,GLOW SUNSCREEN BRIGHT UV DUO SPF 50 TUB 15,,,2.00,105,1.90%,48,CTN,31/08/2028,,1
36,04,8,01,1,20141207,WATERU WHITE BAMBOO PRINTED TISSUE  PCK 50,,,22.00,50,44.00%,90,,01/09/2029,,2
36,04,8,02,1,20125992,INDOMARET TAS RAMAH LINGKUNGAN KARAKTER MICE PCS 383010.5,,,180.00,150,120.00%,10,,01/09/2028,,5
36,05,3,01,1,20046907,KAO BIORE FACIAL FOAM MENS DOUBLE SCRUB COOL OIL CLEAR TUB 100,,,8.00,72,11.11%,24,,01/09/2029,,1
36,05,3,02,1,20091792,CHARM PEMBALUT COOLING FRESH 23 WING PCK 16/15S,,,1.00,24,4.17%,24,CTN,27/09/2029,,2
36,05,3,03,0,10014263,WIPOL KARBOL WANGI CEMARA PCH 750L/720,,,14.00,40,35.00%,12,,01/09/2029,S,2
36,05,3,04,0,20137969,INDOMARET UNDERPAD 10S  BAG,,,12.00,12,100.00%,12,CTN,30/09/2029,,2
36,05,4,01,1,20101095,SO KLIN PEMBERSIH LANTAI REFILL SEREH&GERANIUM PCH 770L/760,,,16.00,50,32.00%,12,,01/08/2028,,2
36,05,4,02,1,20027167,INDOMARET FACIAL TISSUE NON PERFUMED PCK 400,,,10.00,10,100.00%,32,,30/09/2029,,2
36,05,5,01,1,20075924,POSH BODY SPRAY PERFUMED COOL BLUE KLG 150L,,,65.00,248,26.21%,12,,01/07/2029,L,2
36,05,5,02,1,20130846,SOFTEX PEMBALUT DAUN SIRIH 36 SLIM WING PCK 18S,,,8.00,24,33.33%,20,,01/09/2029,,2
36,05,6,01,1,20068904,NONI MAGIC BLACK HAIR SHAMPOO  PCK 220L,,,48.00,480,10.00%,10,BOX,04/09/2029,,1
36,05,6,02,1,20090067,SUNLIGHT PENCUCI PIRING REF LME&MNT ANT BAU PCH 650L/600,,,38.00,50,76.00%,12,,01/08/2028,,2
36,05,7,01,1,20136124,EKONOMI PENCUCI PIRING LIQUID NATURAL NANAS&JERUK NPS PCH 650L/675,,,50.00,50,100.00%,12,,04/09/2030,S,12
36,05,7,02,1,20129370,MOLTO PELEMBUT & PEWANGI PAKAIAN REF MORNING FRESH PCH 650/550L,,,36.00,50,72.00%,12,,01/09/2029,,2
36,05,8,01,1,20137312,LISTERINE MOUTHWASH ANTISEPTIC SAKURA & PEACH BTL 250L,,,4.00,55,7.27%,24,CTN,04/09/2030,,1
36,05,8,02,1,20108877,LIFREE PANTS LIGHT 6S  BAG EXTRALARGE,,,5.00,18,27.78%,8,CTN,30/09/2029,,1
36,06,3,01,1,20134253,SO FRESH MINYAK ANGIN AROMATHERAPY HOT BDD 210L,,,48.00,96,50.00%,36,,10/08/2028,,3
36,06,3,02,1,20030118,REJOICE SHAMPOO 3 IN 1  ANTI-KETOMBE BTL 150/135 L,,,6.00,60,10.00%,24,CTN,30/09/2029,,1
36,06,3,03,0,20040611,ZINC SHAMPOO A/K BLACK & SHINE  BTL 170L,,,1.00,133,0.75%,24,CTN,04/10/2029,,1
36,06,3,04,0,20110812,ZWITSAL BABY BATH HAIR & BODY ANTIBACTERIAL PCH 450/400L,,,8.00,65,12.31%,12,,01/08/2029,,1
36,06,4,01,1,20087202,LIFEBUOY SABUN MANDI CAIR REFILL LEMON FRESH PCH 825/800,,,28.00,39,71.79%,12,,01/09/2030,L,2
36,06,4,02,1,10013205,SUNLIGHT PENCUCI PIRING JERUK NIPIS BTL 750L/675,,,60.00,42,142.86%,12,,01/08/2028,L,12
36,06,5,01,1,20087202,LIFEBUOY SABUN MANDI CAIR REFILL LEMON FRESH PCH 825/800,,,11.00,39,28.21%,12,,01/09/2030,L,2
36,06,5,02,1,20098761,EMINA BRIGHT STUFF TONE UP GEL  TUB 20L,,,3.00,133,2.26%,36,CTN,04/09/2029,,1
36,06,6,01,1,10005482,SUNLIGHT PENCUCI PIRING NEW REF LIME PCH 650L/660,,,60.00,50,120.00%,12,,01/09/2029,D,12
36,06,6,02,1,20112491,SUNLIGHT PENCUCI PIRING (NEW) LIME PCH 1L/910L,,,36.00,44,81.82%,6,,01/08/2028,S,6
36,06,7,01,1,20113183,RINSO DETERJEN POWDER + MOLTO ROSE FRESH BAG 400/380,,,22.00,52,42.31%,12,,01/06/2028,,12
36,06,7,02,1,20038957,GLOW & LOVELY MLIVTMN CREAM/DRM GLW (95399)  TUB 50/46,,,20.00,150,13.33%,24,,01/07/2029,,1
36,06,8,01,1,10038692,MULTI FACIAL TISSUE MP-01/250S NON PARFUMED BAG,,,4.00,8,50.00%,40,CTN,30/09/2029,,1
36,06,8,02,1,20002771,HUKI BABY DOT SILICONE ORTHODONTIC (L) C10151 BOX,,,2.00,100,2.00%,12,LSN,30/09/2031,,1
36,07,3,01,1,20091575,REXONA DEODORANT ROLL ON WOMEN GLOWING WHITE BTL 40L,,,16.00,96,16.67%,24,,01/09/2029,,2
36,07,3,02,1,20012094,ZWITSAL BABY BATH NATURAL PUMP MILK & HONEY BTL 300L,,,4.00,200,2.00%,12,,28/02/2029,,1
36,07,3,03,0,20116685,KISPRAY PENGHARUM PAKAIAN FINE PERFUME ELGNT.SAPPHIRE PCH 200L,,,7.00,40,17.50%,24,,30/07/2029,,2
36,07,3,04,0,20137969,INDOMARET UNDERPAD 10S  BAG,,,12.00,12,100.00%,12,CTN,30/09/2029,,2
36,07,4,01,1,20112492,SUNLIGHT PENCUCI PIRING JERUK NIPIS PCH 420L/400,,,65.00,50,130.00%,12,,01/09/2028,,6
36,07,4,02,1,20127600,CIPTADENT PASTA GIGI MAXI 12 PLUS JUMBO COOL MINT TUB 225,,,40.00,80,50.00%,24,,01/09/2029,L,2
36,07,5,01,1,20113913,MY BABY WIPES ANTI BACTERIAL  PCK 250/45S,,,16.00,20,80.00%,24,,01/08/2029,,2
36,07,5,02,1,10004067,MAMA LEMON LIQUID PENCUCI PIRING EKSTRAK LEMON PCH 690/650 ,,,60.00,60,100.00%,12,,01/08/2029,S,6
36,07,6,01,1,20085988,LE MINERALE AIR MINERAL  BTL 1500L,,,33.00,33,100.00%,12,CTN,01/02/2028,E,24
36,07,6,02,1,20137581,INDOMARET PEWANGI PAKAIAN EXOTIC BLUE PCH 720L,,,32.00,40,80.00%,12,,04/09/2028,,1
36,07,7,01,1,20039608,MARINA HAND BODY LOTION UV WHITE HEALTHY & GLOW BTL 460L,,,52.00,54,96.30%,12,CTN,30/09/2029,,2
36,07,7,02,1,20095875,MAMY POKO PANTS STANDAR 28S TIDAK GEMBUNG PCK LARGE,,,2.00,18,11.11%,6,CTN,30/09/2029,L,6
36,07,8,01,1,20125992,INDOMARET TAS RAMAH LINGKUNGAN KARAKTER MICE PCS 383010.5,,,210.00,150,140.00%,10,,01/09/2028,,5
36,07,8,02,1,20125992,INDOMARET TAS RAMAH LINGKUNGAN KARAKTER MICE PCS 383010.5,,,180.00,150,120.00%,10,,01/09/2028,,5
36,08,3,01,1,20021330,MARINA BODY LOTION NAT. 24H MOIST. / AVOCADO BTL 200/190L,,,37.00,50,74.00%,48,,01/09/2029,,6
36,08,3,02,1,10021010,GULAKU GULA TEBU (PUTIH) PREMIUM PCK 1000,,,32.00,32,100.00%,24,CTN,20/08/2028,,24
36,08,3,03,0,10000451,CLOSE UP PASTA GIGI GEL GREEN MENTHOL FRESH TUB 65,,,20.00,110,18.18%,48,,01/09/2029,,4
36,08,3,04,0,20062314,REXONA DEODORANT ROLL ON WOMEN SHOWER CLEAN BTL 45L,,,12.00,91,13.19%,24,CTN,16/07/2028,,1
36,08,4,01,1,20141369,RINSO DETERGENT CAIR QUICK WASH PERFUME BREEZE BTL 650,,,33.00,72,45.83%,12,,01/09/2028,,2
36,08,4,02,1,20139955,BU KRIM DETERGENT CAIR SUPERKLIN JINHAE CHRY BLS BTL 700,,,40.00,80,50.00%,6,,01/07/2029,,2
36,08,5,01,1,20090067,SUNLIGHT PENCUCI PIRING REF LME&MNT ANT BAU PCH 650L/600,,,60.00,50,120.00%,12,,23/08/2028,,2
36,08,5,02,1,10004068,MAMA LIME LIQUID PENCUCI PIRING LIME&MNRAL SALT PCH 690/650 ,,,50.00,60,83.33%,12,,30/09/2029,,6
36,08,6,01,1,20120205,PEPSODENT PASTA GIGI HERBAL  TUB 100 ,,,18.00,45,40.00%,72,,01/09/2029,,1
36,08,6,02,1,20112586,SWEETY SILVER CLOUD SOFT/MAXX PROTECT 36/38S BAG SMALL,,,7.00,20,35.00%,8,,01/09/2029,,1
36,08,7,01,1,20113083,TESSA FACIAL TISSUE TP06 BUY 1 GET 1 SOFT PACK 2 PLY BDD 2200,,,15.00,55,27.27%,20,CTN,01/09/2031,,2
36,08,7,02,1,10031962,CHARM PEMBALUT BODY FIT 23 EXTRA MAXI WING PCK 10S,,,15.00,18,83.33%,48,,30/09/2029,,2
36,08,8,01,1,20144100,CHARM PEMBALUT DAUN SIRIH MAXI 26S NON WING PCK 23,,,15.00,15,100.00%,24,,01/09/2029,,1
36,08,8,02,1,20113083,TESSA FACIAL TISSUE TP06 BUY 1 GET 1 SOFT PACK 2 PLY BDD 2200,,,15.00,55,27.27%,20,CTN,01/09/2031,,2
36,09,3,01,1,20141330,PLOSSA DUAL INHALER SARANGHAEYO PCS,,,2.00,100,2.00%,72,CTN,01/09/2030,,1
36,09,3,02,1,20109499,INDOMARET HAND SANITIZER SPRAY  BTL 100L,,,27.00,174,15.52%,24,,01/09/2029,,2
36,09,3,03,0,20021816,VASELINE BODY LOTION HEALTHY BRIGHT UV EXTRA BRIGHT BTL 200L,,,14.00,100,14.00%,18,,01/09/2029,S,2
36,09,3,04,0,20103170,VASELINE HEALTHY BRIGHT SOFT+GLOW GLUTA VIT SERUM SPF20 TUB 180L,,,34.00,120,28.33%,12,,01/09/2030,V,1
36,09,4,01,1,20036047,DAIA DETERGENT POWDER+SOFTENER ROMANTIC PINK PCK 800/725 ,,,40.00,40,100.00%,12,,01/01/2029,,6
36,09,4,02,1,20129837,LARISST DETERGENT CAIR SPRING GARDEN PCH 750L,,,96.00,100,96.00%,6,,26/06/2030,,2
36,09,5,01,1,20112491,SUNLIGHT PENCUCI PIRING (NEW) LIME PCH 1L/910L,,,44.00,44,100.00%,6,,01/09/2029,S,6
36,09,5,02,1,20136124,EKONOMI PENCUCI PIRING LIQUID NATURAL NANAS&JERUK NPS PCH 650L/675,,,60.00,50,120.00%,12,,01/09/2030,S,12
36,09,6,01,1,20128374,LIFEBUOY PENCUCI PIRING REF LIME PCH 680/650L,,,40.00,50,80.00%,12,,01/06/2029,V,4
36,09,6,02,1,20113083,TESSA FACIAL TISSUE TP06 BUY 1 GET 1 SOFT PACK 2 PLY BDD 2200,,,15.00,55,27.27%,20,,23/09/2031,,2
36,09,7,01,1,20112491,SUNLIGHT PENCUCI PIRING (NEW) LIME PCH 1L/910L,,,44.00,44,100.00%,6,,01/01/2029,S,6
36,09,7,02,1,10005482,SUNLIGHT PENCUCI PIRING NEW REF LIME PCH 650L/660,,,35.00,50,70.00%,12,,30/10/2029,D,12
36,09,8,01,1,20114021,INDOMARET FACIAL TISSUE PREMIUM 100S  PCK,,,16.00,6,266.67%,60,,01/09/2029,,6
36,09,8,02,1,20113083,TESSA FACIAL TISSUE TP06 BUY 1 GET 1 SOFT PACK 2 PLY BDD 2200,,,15.00,55,27.27%,20,CTN,01/09/2031,,2
37,01,3,01,1,,,,,0.00,0.0,,,,,,
37,01,3,02,1,,,,,0.00,0.0,,,,,,
37,01,3,03,0,,,,,0.00,0.0,,,,,,
37,01,3,04,0,20037446,RINSO DETERJEN LIQUID + MOLTO REF ROSE FRESH PCH 750L700,,,30.00,50,60.00%,12,,14/09/2028,L,2
37,01,4,01,1,20072924,BABY HAPPY  BABY DIAPERS PANTS 26S  BAG EXTRALARGE,,,24.00,32,75.00%,4,,01/08/2029,D,4
37,01,4,02,1,20139609,RINSO DETERJEN POWDER ANTI NODA JAPANESE PEACH BAG 1440,,,28.00,29,96.55%,6,,27/06/2028,,1
37,01,5,01,1,10010480,SUPER PELL PEMBERSIH LANTAI FRESH APPLE PCH 760 ,,,30.00,60,50.00%,12,,14/09/2028,,2
37,01,5,02,1,20020245,MOLTO PEWANGI PAKAIAN ACTIVE FRESH BLUE PCH 780/765L,,,50.00,50,100.00%,12,,20/09/2029,L,6
37,01,6,01,1,20093188,RINSO DETERGENT CAIR + MOLTO GOLD ROYAL PCH 510,,,55.00,50,110.00%,12,,01/09/2028,,2
37,01,6,02,1,,,,,0.00,0.0,,,,,,
37,01,7,01,1,20072925,BABY HAPPY  BABY DIAPERS PANTS 30/28S  BAG LARGE,,,23.00,24,95.83%,4,,01/08/2029,E,4
37,01,7,02,1,20095875,MAMY POKO PANTS STANDAR 28S TIDAK GEMBUNG PCK LARGE,,,17.00,18,94.44%,6,,01/09/2029,L,6
37,01,8,01,1,,,,,0.00,0.0,,,,,,
37,01,8,02,1,,,,,0.00,0.0,,,,,,
37,02,3,01,1,20091352,DAIA DETERGENT POWDER+SOFTENER VIOLET PASSION PCK 1.5/1.4 ,,,34.00,48,70.83%,6,CTN,01/09/2029,D,6
37,02,3,02,1,20091575,REXONA DEODORANT ROLL ON WOMEN GLOWING WHITE BTL 40L,,,27.00,96,28.13%,24,,01/09/2029,,2
37,02,3,03,0,20038764,PANTENE SHAMPOO PRO-V (NEW I) ANTI DANDRUFF BTL 290L,,,10.00,65,15.38%,12,,04/07/2029,,1
37,02,3,04,0,20134306,BABY HAPPY  BABY DIAPERS PANTS 24S  BAG XXL,,,1.00,16,6.25%,4,CTN,01/09/2029,S,2
37,02,4,01,1,20143597,INDOMARET JAS HUJAN PONCO CELANA  PCK,,,20.00,24,83.33%,36,,01/09/2028,,1
37,02,4,02,1,20087202,LIFEBUOY SABUN MANDI CAIR REFILL LEMON FRESH PCH 825/800,,,27.00,39,69.23%,12,,31/08/2030,L,2
37,02,5,01,1,20069546,INDOMARET DIAPERS ADULT 8S LEAK GUARD BAG MEDIUM,,,7.00,10,70.00%,12,,01/09/2029,L,1
37,02,5,02,1,20139609,RINSO DETERJEN POWDER ANTI NODA JAPANESE PEACH BAG 1440,,,35.00,29,120.69%,6,,09/07/2028,,1
37,02,6,01,1,20052321,DAIA DETERGENT POWDER+SOFTENER ROMANTIC PINK PCK 1.5/1.4 ,,,48.00,40,120.00%,6,,30/09/2029,D,6
37,02,6,02,1,20136124,EKONOMI PENCUCI PIRING LIQUID NATURAL NANAS&JERUK NPS PCH 650L/675,,,50.00,50,100.00%,12,,04/09/2029,S,12
37,02,7,01,1,10034732,HIT MAT ELEKTRIK ANTI NYAMUK 48S CLASSIC BOX,,,3.00,216,1.39%,72,CTN,30/07/2029,,2
37,02,7,02,1,20106053,SOFTEX PEMBALUT DAUN SIRIH 29 WING PCK 24S,,,20.00,15,133.33%,20,,01/01/2029,,2
37,02,8,01,1,20131885,INDOMARET KAMPER DEODORIZER 5S EXOTIC COFFEE PCK 200,,,3.00,24,12.50%,96,CTN,30/09/2031,,1
37,02,8,02,1,20126742,SWEETY DIAPER SILVER COMFORT 40S  BAG NB-S,,,15.00,20,75.00%,8,,01/09/2029,L,1
37,03,3,01,1,20130710,LUX SABUN MANDI CAIR REFILL SAKURA BLOOM PCH 825L,,,13.00,50,26.00%,12,,11/09/2030,L,1
37,03,3,02,1,,,,,0.00,0.0,,,,,,
37,03,3,03,0,,,,,0.00,0.0,,,,,,
37,03,3,04,0,20092400,REXONA DEODORANT ROLL ON WOMEN DREAMY WHT/BRGH BTL 40L,,,36.00,160,22.50%,24,,01/09/2029,,2
37,03,4,01,1,20138273,LARISST BABY WIPES AQUA FRESH BDD 250,,,37.00,80,46.25%,18,,25/09/2029,,2
37,03,4,02,1,20038766,PANTENE SHAMPOO PRO-V (NEW I) HAIR FALL CNTRL BTL 160/145L,,,25.00,147,17.01%,24,,01/09/2029,,2
37,03,5,01,1,,,,,0.00,0.0,,,,,,
37,03,5,02,1,20090955,SOFTEX PEMBALUT DAUN SIRIH 23 NON WING PCK 20/18S,,,5.00,20,25.00%,24,,18/08/2029,,2
37,03,6,01,1,20135245,SO KLIN DETERGENT LIQUID NATURE FRENCH LILAC BTL 720/700L,,,100.00,104,96.15%,6,,30/09/2030,,2
37,03,6,02,1,20012007,DAIA DETERGENT POWDER PUTIH  PCK 800/725 ,,,21.00,40,52.50%,12,,01/06/2028,,2
37,03,7,01,1,,,,,0.00,0.0,,,,,,
37,03,7,02,1,,,,,0.00,0.0,,,,,,
37,03,8,01,1,,,,,0.00,0.0,,,,,,
37,03,8,02,1,20073639,SWEETY BRONZE PANTS 28S  PCK LARGE,,,15.00,10,150.00%,8,,01/09/2029,S,2
37,04,3,01,1,20052662,VANISH PENGHILANG NODA CAIR PINK PCH 450/425L,,,25.00,45,55.56%,12,,01/09/2030,,1
37,04,3,02,1,10003800,INDOMIE MIE GORENG JUMBO SPECIAL PCK 129,,,56.00,56,100.00%,24,CTN,22/05/2027,E,24
37,04,3,03,0,20135845,EKONOMI PENCUCI PIRING LIQUID NATURAL JERUK NPS&LEMON BTL 650L,,,31.00,56,55.36%,12,CTN,01/09/2029,,6
37,04,3,04,0,20019170,SLEEK CLEAN BABY BOTTLE NIPPLE &  ACCESORIES PCH 450+90L,,,14.00,70,20.00%,12,,01/07/2029,,1
37,04,4,01,1,20130710,LUX SABUN MANDI CAIR REFILL SAKURA BLOOM PCH 825L,,,16.00,50,32.00%,12,,31/03/2029,L,1
37,04,4,02,1,20101095,SO KLIN PEMBERSIH LANTAI REFILL SEREH&GERANIUM PCH 770L/760,,,20.00,50,40.00%,12,,01/09/2029,,2
37,04,5,01,1,20012007,DAIA DETERGENT POWDER PUTIH  PCK 800/725 ,,,33.00,40,82.50%,12,,01/06/2028,,2
37,04,5,02,1,20139609,RINSO DETERJEN POWDER ANTI NODA JAPANESE PEACH BAG 1440,,,27.00,29,93.10%,6,,02/08/2028,,1
37,04,6,01,1,20140417,SOFTEX PEMBALUT GRAVITY 23  PCK 28S,,,12.00,24,50.00%,20,CTN,28/09/2029,,1
37,04,6,02,1,20045422,MAMY POKO PANTS STANDAR 28S  PCK LARGE,,,21.00,32,65.63%,4,CTN,04/09/2030,D,4
37,04,7,01,1,20136124,EKONOMI PENCUCI PIRING LIQUID NATURAL NANAS&JERUK NPS PCH 650L/675,,,50.00,50,100.00%,12,,04/09/2030,S,12
37,04,7,02,1,20041483,SO KLIN SOFTERGENT POWDER PEONY ROSE PCK 1.44/1.3,,,48.00,48,100.00%,6,CTN,04/10/2029,,6
37,04,8,01,1,20051952,FORMULA SIKAT GIGI PLATINUM PROTECTOR NANO CHARCOAL PCS SOFT,,,1.00,32,3.13%,72,CTN,01/09/2030,,1
37,04,8,02,1,20072924,BABY HAPPY  BABY DIAPERS PANTS 26S  BAG EXTRALARGE,,,11.00,32,34.38%,4,,01/09/2029,D,4
37,05,3,01,1,20062411,REXONA DEODORANT ROLL ON WOMEN POWDER DRY BTL 45L,,,20.00,113,17.70%,24,,04/09/2029,,2
37,05,3,02,1,20062306,REXONA DEODORANT ROLL ON MEN ICE COOL BTL 45L,,,32.00,116,27.59%,24,,04/09/2028,L,2
37,05,3,03,0,20103170,VASELINE HEALTHY BRIGHT SOFT+GLOW GLUTA VIT SERUM SPF20 TUB 180L,,,34.00,120,28.33%,12,,01/09/2030,V,1
37,05,3,04,0,20096641,INDOMARET AIR FRESHENER SWEET ORANGE PCK 50,,,5.00,44,11.36%,48,,01/09/2029,,2
37,05,4,01,1,20112491,SUNLIGHT PENCUCI PIRING (NEW) LIME PCH 1L/910L,,,44.00,44,100.00%,6,,01/09/2029,S,6
37,05,4,02,1,20020245,MOLTO PEWANGI PAKAIAN ACTIVE FRESH BLUE PCH 780/765L,,,50.00,50,100.00%,12,,01/10/2029,L,6
37,05,5,01,1,20128919,MOLTO SOFTENER PURE PCH 650/550L,,,11.00,50,22.00%,12,,16/11/2028,,2
37,05,5,02,1,10000955,YURI PEMBERSIH PORSELIN PORSTEX NON PARFUM BTL 1000L,,,23.00,24,95.83%,12,,19/09/2030,L,2
37,05,6,01,1,,,,,0.00,0.0,,,,,,
37,05,6,02,1,20072322,INDOMARET SANDAL PRIA (NEW)  PSG 41-42,,,10.00,4,250.00%,24,,24/09/2030,,1
37,05,7,01,1,20136643,PEPSODENT PASTA GIGI STRONG BOX 190,,,23.00,40,57.50%,48,,05/09/2029,,2
37,05,7,02,1,20140001,RINSO DETERGENT CAIR ANTI NODA PURE PCH 510,,,23.00,55,41.82%,12,,20/09/2028,,2
37,05,8,01,1,20108881,GENKI MOKO MOKO PANTS 34/32S  BAG MEDIUM,,,12.00,12,100.00%,6,,01/09/2029,,1
37,05,8,02,1,20141207,WATERU WHITE BAMBOO PRINTED TISSUE  PCK 50,,,40.00,50,80.00%,90,,26/09/2029,,2
37,06,3,01,1,20020977,VASELINE BODY LOTION HEALTHY BRIGHT UV EXTRA BRIGHT BTL 100L,,,6.00,75,8.00%,36,,06/09/2029,,1
37,06,3,02,1,,,,,0.00,0.0,,,,,,
37,06,3,03,0,20144230,CHARM PEMBALUT DAUN SIRIH MAXI 24S  PCK 23,,,3.00,24,12.50%,24,CTN,27/09/2029,,1
37,06,3,04,0,20091352,DAIA DETERGENT POWDER+SOFTENER VIOLET PASSION PCK 1.5/1.4 ,,,48.00,48,100.00%,6,CTN,01/09/2029,D,6
37,06,4,01,1,20020226,MOLTO PEWANGI PAKAIAN HIJAB SOFT & FRESH PINK PCH 780/765L,,,47.00,50,94.00%,12,,23/09/2029,,6
37,06,4,02,1,20036047,DAIA DETERGENT POWDER+SOFTENER ROMANTIC PINK PCK 800/725 ,,,40.00,40,100.00%,12,,30/09/2028,,6
37,06,5,01,1,20020245,MOLTO PEWANGI PAKAIAN ACTIVE FRESH BLUE PCH 780/765L,,,42.00,50,84.00%,12,,23/09/2029,L,6
37,06,5,02,1,20090401,KODOMO SHAMPOO & CONDITIONER BLUEBERRY BTL 200L,,,5.00,102,4.90%,24,CTN,01/09/2029,,1
37,06,6,01,1,20093188,RINSO DETERGENT CAIR + MOLTO GOLD ROYAL PCH 510,,,24.00,50,48.00%,12,,23/08/2028,,2
37,06,6,02,1,20093627,SO KLIN DETERGENT LIQUID SOFTERGENT SAKURA STRAWBRY PCH 525/510 ,,,50.00,90,55.56%,6,,01/08/2029,,2
37,06,7,01,1,20062309,REXONA DEO ROLL ON MEN ULTRA RECHARGE / V8 BTL 45L,,,4.00,120,3.33%,24,CTN,31/08/2028,,1
37,06,7,02,1,20108418,SO KLIN PEWANGI PAKAIAN HIJAB REFILL GREEN PCH 800/780L,,,21.00,50,42.00%,12,,20/06/2029,,6
37,06,8,01,1,20106150,MAMY POKO BABY DIAPERS X-TRA KERING 44S  PCK NEW BORN,,,19.00,30,63.33%,4,CTN,30/09/2029,S,2
37,06,8,02,1,20098001,GENKI MOKO MOKO PANTS 28/26S  BAG EXTRALARGE,,,18.00,12,150.00%,6,,04/09/2030,L,2
37,07,3,01,1,20091352,DAIA DETERGENT POWDER+SOFTENER VIOLET PASSION PCK 1.5/1.4 ,,,48.00,48,100.00%,6,CTN,01/09/2029,D,6
37,07,3,02,1,10003163,ENZIM PASTA GIGI FRESH MINT TUB 124,,,3.00,75,4.00%,36,CTN,01/09/2029,,1
37,07,3,03,0,20012188,SO KLIN SOFTERGENT POWDER PEONY & ROSE PCK 720/650 ,,,18.00,40,45.00%,12,,01/09/2028,,2
37,07,3,04,0,20023870,VAPE LIQUID ELEKTRIK CAIR (CLD)  BOX,,,4.00,32,12.50%,36,,01/09/2029,,2
37,07,4,01,1,20020245,MOLTO PEWANGI PAKAIAN ACTIVE FRESH BLUE PCH 780/765L,,,28.00,50,56.00%,12,,01/09/2029,L,6
37,07,4,02,1,20090067,SUNLIGHT PENCUCI PIRING REF LME&MNT ANT BAU PCH 650L/600,,,28.00,50,56.00%,12,,14/09/2028,,2
37,07,5,01,1,20038766,PANTENE SHAMPOO PRO-V (NEW I) HAIR FALL CNTRL BTL 160/145L,,,38.00,147,25.85%,24,,01/09/2029,,2
37,07,5,02,1,10003550,CIPTADENT PASTA GIGI FRESH MINT TUB 190,,,35.00,72,48.61%,24,,01/09/2029,,1
37,07,6,01,1,20113083,TESSA FACIAL TISSUE TP06 BUY 1 GET 1 SOFT PACK 2 PLY BDD 2200,,,15.00,55,27.27%,20,CTN,01/09/2031,,2
37,07,6,02,1,20140806,SO KLIN DETERGENT POWDER EAU DE PARFUM FLEURS DE LIS PCK 1.3 ,,,14.00,40,35.00%,6,,01/05/2028,,2
37,07,7,01,1,20088631,CLOSE UP PASTA GIGI WHITE NAT.SMILE/ LEMON SEA SALT TUB 95,,,3.00,65,4.62%,36,CTN,31/08/2029,,1
37,07,7,02,1,10003272,BAYGON INSEKTISIDA SPRAY CITRUS FRESH KLG 600/675L,,,32.00,54,59.26%,12,,01/09/2029,L,2
37,07,8,01,1,20000071,INDOMARET FACIAL COTTON  PCK 35,,,8.00,6,133.33%,144,,01/09/2029,L,12
37,07,8,02,1,20035686,PEPSODENT PASTA GIGI SENSITIVE EXPERT ORIGINAL TUB 100,,,3.00,100,3.00%,36,CTN,31/08/2029,,1
37,08,3,01,1,20049387,INDOMARET HAND SOAP PUMP CAMOMILE EXTRAC BTL 500L,,,5.00,55,9.09%,12,CTN,06/06/2028,,1
37,08,3,02,1,20116990,POSH MEN DEO ROLL ON ACTIVE COOL BTL 50L,,,44.00,240,18.33%,24,,01/08/2029,,2
37,08,3,03,0,20103170,VASELINE HEALTHY BRIGHT SOFT+GLOW GLUTA VIT SERUM SPF20 TUB 180L,,,17.00,120,14.17%,12,,01/07/2029,V,1
37,08,3,04,0,20135246,SO SOFT DETERJEN CAIR  SWEET PEONY BTL 700 ,,,54.00,54,100.00%,6,CTN,30/09/2029,S,6
37,08,4,01,1,20138272,LARISST BABY WIPES SWEET BLOSSOM BDD 250,,,45.00,40,112.50%,18,,01/09/2030,,2
37,08,4,02,1,10013205,SUNLIGHT PENCUCI PIRING JERUK NIPIS BTL 750L/675,,,60.00,42,142.86%,12,,21/09/2028,L,12
37,08,5,01,1,20054747,SO KLIN DETERGENT LIQUID VIOLET BLOSSOM PCH 720/700 ,,,36.00,88,40.91%,6,,01/09/2029,,2
37,08,5,02,1,20074226,DOWNY SOFTENER SUNRISE FRESH PCH 600/550L,,,38.00,75,50.67%,8,,01/09/2030,,1
37,08,6,01,1,,,,,0.00,0.0,,,,,,
37,08,6,02,1,20138903,SUNSILK SHAMPOO GLOSSY BLACK BTL 320L,,,20.00,51,39.22%,18,,01/08/2029,,1
37,08,7,01,1,20106821,MOLTO PEWANGI PAKAIAN SPORT FRESH PURPLE PCH 780/765L,,,29.00,50,58.00%,12,CTN,30/03/2028,,2
37,08,7,02,1,20020128,NICE FACIAL TISSUE 250S NON PERFUMED BAG,,,10.00,10,100.00%,36,,22/09/2031,L,3
37,08,8,01,1,20113083,TESSA FACIAL TISSUE TP06 BUY 1 GET 1 SOFT PACK 2 PLY BDD 2200,,,15.00,55,27.27%,20,CTN,01/09/2031,,2
37,08,8,02,1,20125992,INDOMARET TAS RAMAH LINGKUNGAN KARAKTER MICE PCS 383010.5,,,210.00,150,140.00%,10,,01/09/2028,,5
37,09,3,01,1,20136930,CITRA BODY LOTION PERFECT BRIGHT BENGKOANG BTL 110L,,,11.00,150,7.33%,36,,05/08/2028,,1
37,09,3,02,1,20033964,MERAH PUTIH HANDUK POLOS  PCS 50X100,,,120.00,60,200.00%,1,,19/09/2030,,1
37,09,3,03,0,10000451,CLOSE UP PASTA GIGI GEL GREEN MENTHOL FRESH TUB 65,,,24.00,110,21.82%,48,,01/09/2030,,4
37,09,3,04,0,20103170,VASELINE HEALTHY BRIGHT SOFT+GLOW GLUTA VIT SERUM SPF20 TUB 180L,,,32.00,120,26.67%,12,,01/09/2029,V,1
37,09,4,01,1,20008719,FRES & NATURAL SPRAY COLOGNE HIJAB REFRESH PRINCESS CHRMNG BTL 100L,,,17.00,120,14.17%,24,,30/09/2030,,6
37,09,4,02,1,20130846,SOFTEX PEMBALUT DAUN SIRIH 36 SLIM WING PCK 18S,,,14.00,24,58.33%,20,,01/08/2029,,2
37,09,5,01,1,20130008,LARISST TOKAI GAS  KLG 235,,,30.00,24,125.00%,35,,01/09/2029,,5
37,09,5,02,1,20130008,LARISST TOKAI GAS  KLG 235,,,30.00,24,125.00%,35,,01/09/2029,,5
37,09,6,01,1,10032895,CHARM PEMBALUT SAFE NIGHT 35 GATHERS WING PCK 12/11S,,,17.00,21,80.95%,24,,30/09/2029,,2
37,09,6,02,1,20112491,SUNLIGHT PENCUCI PIRING (NEW) LIME PCH 1L/910L,,,44.00,44,100.00%,6,,01/09/2028,S,6
37,09,7,01,1,20128374,LIFEBUOY PENCUCI PIRING REF LIME PCH 680/650L,,,30.00,50,60.00%,12,,01/07/2029,V,4
37,09,7,02,1,20123812,EKONOMI PENCUCI PIRING POWER LIQUID SEREH PCH 650L/675,,,10.00,60,16.67%,12,CTN,01/10/2029,L,6
37,09,8,01,1,20062312,REXONA DEODORANT ROLL ON WOMEN INVISIBLE DRY BTL 45L,,,1.00,120,0.83%,24,CTN,31/08/2028,,1
37,09,8,02,1,20072924,BABY HAPPY  BABY DIAPERS PANTS 26S  BAG EXTRALARGE,,,24.00,32,75.00%,4,CTN,01/10/2029,D,4
38,01,3,01,1,,,,,0.00,0.0,,,,,,
38,01,3,02,1,,,,,0.00,0.0,,,,,,
38,01,3,03,0,20079794,INDOMARET KAMPER TOILET PARA (NEW) COLOUR BALL 5S PCK,,,3.00,12,25.00%,144,,01/11/2029,L,2
38,01,3,04,0,,,,,0.00,0.0,,,,,,
38,01,4,01,1,,,,,0.00,0.0,,,,,,
38,01,4,02,1,,,,,0.00,0.0,,,,,,
38,01,5,01,1,,,,,0.00,0.0,,,,,,
38,01,5,02,1,20020226,MOLTO PEWANGI PAKAIAN HIJAB SOFT & FRESH PINK PCH 780/765L,,,30.00,50,60.00%,12,,16/09/2029,,6
38,01,6,01,1,,,,,0.00,0.0,,,,,,
38,01,6,02,1,,,,,0.00,0.0,,,,,,
38,01,7,01,1,,,,,0.00,0.0,,,,,,
38,01,7,02,1,,,,,0.00,0.0,,,,,,
38,01,8,01,1,,,,,0.00,0.0,,,,,,
38,01,8,02,1,,,,,0.00,0.0,,,,,,
38,02,3,01,1,,,,,0.00,0.0,,,,,,
38,02,3,02,1,20062411,REXONA DEODORANT ROLL ON WOMEN POWDER DRY BTL 45L,,,22.00,113,19.47%,24,,31/07/2028,,2
38,02,3,03,0,20122856,CASABLANCA BODY MIST COLOGNE FEMME ROMANTIC BTL 100L,,,30.00,672,4.46%,12,,01/07/2030,,2
38,02,3,04,0,20105673,PASEO WET TISSUE BELI 1 GRATIS 1  PCK 225,,,12.00,60,20.00%,18,,01/08/2029,,2
38,02,4,01,1,20012007,DAIA DETERGENT POWDER PUTIH  PCK 800/725 ,,,22.00,40,55.00%,12,,01/06/2028,,2
38,02,4,02,1,20137969,INDOMARET UNDERPAD 10S  BAG,,,8.00,12,66.67%,12,,01/09/2029,,2
38,02,5,01,1,,,,,0.00,0.0,,,,,,
38,02,5,02,1,20039608,MARINA HAND BODY LOTION UV WHITE HEALTHY & GLOW BTL 460L,,,15.33,54,28.39%,12,,01/09/2029,,2
38,02,6,01,1,20012007,DAIA DETERGENT POWDER PUTIH  PCK 800/725 ,,,32.00,40,80.00%,12,,30/05/2030,,2
38,02,6,02,1,,,,,0.00,0.0,,,,,,
38,02,7,01,1,,,,,0.00,0.0,,,,,,
38,02,7,02,1,20072924,BABY HAPPY  BABY DIAPERS PANTS 26S  BAG EXTRALARGE,,,23.00,32,71.88%,4,,31/08/2029,D,4
38,02,8,01,1,,,,,0.00,0.0,,,,,,
38,02,8,02,1,20045423,MAMY POKO PANTS STANDAR 26S  PCK EXTRALARGE,,,24.00,24,100.00%,4,,24/06/2029,E,4
38,03,3,01,1,,,,,0.00,0.0,,,,,,
38,03,3,02,1,20116685,KISPRAY PENGHARUM PAKAIAN FINE PERFUME ELGNT.SAPPHIRE PCH 200L,,,5.00,40,12.50%,24,,04/09/2027,,2
38,03,3,03,0,20096977,MY BABY HAIR & BODY WASH  BTL 200L,,,9.00,75,12.00%,24,,01/09/2029,,1
38,03,3,04,0,,,,,0.00,0.0,,,,,,
38,03,4,01,1,20012007,DAIA DETERGENT POWDER PUTIH  PCK 800/725 ,,,23.00,40,57.50%,12,,04/06/2030,,2
38,03,4,02,1,20087464,INDOMARET PEWANGI PAKAIAN PINK PASSION PCH 720L,,,18.00,40,45.00%,12,,31/08/2030,,2
38,03,5,01,1,20123812,EKONOMI PENCUCI PIRING POWER LIQUID SEREH PCH 650L/675,,,60.00,60,100.00%,12,,01/09/2029,L,6
38,03,5,02,1,10014263,WIPOL KARBOL WANGI CEMARA PCH 750L/720,,,40.00,40,100.00%,12,,01/01/2029,S,2
38,03,6,01,1,20069546,INDOMARET DIAPERS ADULT 8S LEAK GUARD BAG MEDIUM,,,10.00,10,100.00%,12,,01/09/2029,L,1
38,03,6,02,1,10005482,SUNLIGHT PENCUCI PIRING NEW REF LIME PCH 650L/660,,,23.00,50,46.00%,12,,01/10/2029,D,12
38,03,7,01,1,20108877,LIFREE PANTS LIGHT 6S  BAG EXTRALARGE,,,18.00,18,100.00%,8,,09/08/2029,,1
38,03,7,02,1,20065464,CONFIDENCE ADULT DIAPERS CLASIC NIGHT 8S  BAG MEDIUM,,,12.00,10,120.00%,12,,01/09/2029,,1
38,03,8,01,1,20144100,CHARM PEMBALUT DAUN SIRIH MAXI 26S NON WING PCK 23,,,15.00,15,100.00%,24,,01/09/2029,,1
38,03,8,02,1,20098001,GENKI MOKO MOKO PANTS 28/26S  BAG EXTRALARGE,,,21.00,12,175.00%,6,,01/09/2028,L,2
38,04,3,01,1,20134229,ME-O KITTEN FOOD TUNA IN JELLY KLG 400,,,9.00,180,5.00%,24,CTN,31/07/2029,,1
38,04,3,02,1,20099424,MAMA LIME LIQUID PENCUCI PIRING CHARCOAL PCH 690/650 ,,,8.00,50,16.00%,12,CTN,01/10/2029,L,6
38,04,3,03,0,20062306,REXONA DEODORANT ROLL ON MEN ICE COOL BTL 45L,,,10.00,116,8.62%,24,,01/08/2028,L,2
38,04,3,04,0,20021816,VASELINE BODY LOTION HEALTHY BRIGHT UV EXTRA BRIGHT BTL 200L,,,20.00,100,20.00%,18,,01/08/2028,S,2
38,04,4,01,1,20109499,INDOMARET HAND SANITIZER SPRAY  BTL 100L,,,52.00,174,29.89%,24,,01/09/2029,,2
38,04,4,02,1,20131788,MAMA LEMON CAIRAN PENCUCI PIRING JERUK NIPIS PCH 950/920 ,,,55.00,55,100.00%,6,,01/09/2029,S,6
38,04,5,01,1,20034450,MAMA LEMON LIQUID PENCUCI PIRING JERUK NIPIS PCH 690/650 ,,,23.00,60,38.33%,12,,01/09/2029,E,12
38,04,5,02,1,20081452,LIFEBUOY SABUN MANDI CAIR REF. TOTAL10 RED PCH 825/800,,,39.00,50,78.00%,12,,25/02/2029,L,2
38,04,6,01,1,20093627,SO KLIN DETERGENT LIQUID SOFTERGENT SAKURA STRAWBRY PCH 525/510 ,,,94.00,90,104.44%,6,,01/09/2029,,2
38,04,6,02,1,20028779,INDOMARET KARBOL WANGI (BR)  PCH 800/650L,,,18.00,40,45.00%,12,,10/09/2029,,1
38,04,7,01,1,10019725,REJOICE SHAMPOO 3 IN 1 RICH SMOOTH BTL 150/135 L,,,7.00,113,6.19%,24,CTN,30/09/2029,,1
38,04,7,02,1,20087203,CUSSONS BABY WIPES BLBRY/FRSH&NRSH PCK 2/345S,,,38.00,45,84.44%,12,,05/07/2029,L,2
38,04,8,01,1,20098361,INDOMARET COTTON BUDS SPIRAL 100S  PCK,,,10.00,40,25.00%,144,CTN,30/09/2031,,2
38,04,8,02,1,20041483,SO KLIN SOFTERGENT POWDER PEONY ROSE PCK 1.44/1.3,,,48.00,48,100.00%,6,CTN,04/10/2029,,6
38,05,3,01,1,20137312,LISTERINE MOUTHWASH ANTISEPTIC SAKURA & PEACH BTL 250L,,,1.00,55,1.82%,24,CTN,04/09/2029,,1
38,05,3,02,1,20062312,REXONA DEODORANT ROLL ON WOMEN INVISIBLE DRY BTL 45L,,,20.00,120,16.67%,24,CTN,01/08/2029,,1
38,05,3,03,0,20068183,SHINZUI SABUN MANDI SKIN LIGHTENING KIREI BDD 3110/100,,,3.00,24,12.50%,48,CTN,01/01/2029,,2
38,05,3,04,0,20139963,LARISST TOILET BALL 5S CITRONELLA PCK 200,,,1.00,9,11.11%,144,CTN,01/09/2029,,1
38,05,4,01,1,20131788,MAMA LEMON CAIRAN PENCUCI PIRING JERUK NIPIS PCH 950/920 ,,,42.00,55,76.36%,6,,01/09/2029,S,6
38,05,4,02,1,20092331,EKONOMI PENCUCI PIRING POWER LIQUID JERUK NIPIS PCH 650/675 ,,,50.00,60,83.33%,12,,01/07/2029,S,12
38,05,5,01,1,20034450,MAMA LEMON LIQUID PENCUCI PIRING JERUK NIPIS PCH 690/650 ,,,60.00,60,100.00%,12,CTN,01/10/2029,E,12
38,05,5,02,1,20021326,LAURIER PEMBALUT 30 RELAX NIGHT PCK 16S,,,14.00,18,77.78%,18,,10/09/2029,,2
38,05,6,01,1,20123812,EKONOMI PENCUCI PIRING POWER LIQUID SEREH PCH 650L/675,,,25.00,60,41.67%,12,,01/09/2029,L,6
38,05,6,02,1,20036047,DAIA DETERGENT POWDER+SOFTENER ROMANTIC PINK PCK 800/725 ,,,40.00,40,100.00%,12,,01/07/2029,,6
38,05,7,01,1,20093188,RINSO DETERGENT CAIR + MOLTO GOLD ROYAL PCH 510,,,55.00,50,110.00%,12,,20/09/2028,,2
38,05,7,02,1,20125494,SOFTEX PEMBALUT WANITA COMFORT 36 NIGHT WING PCK 12S,,,18.00,24,75.00%,24,,01/09/2029,,2
38,05,8,01,1,20121204,CHARM PEMBALUT SAFE NIGHT 29 WING PCK 30S,,,20.00,24,83.33%,16,,30/09/2029,,1
38,05,8,02,1,20143927,INDOMARET ADULT DIAPERS HAPPY PANTS 3IN1 M PCK 8,,,18.00,18,100.00%,8,,01/09/2029,,1
38,06,3,01,1,20038986,PANTENE SHAMPOO PRO-V (NEW I) BLACK GLOW BTL 160/145L,,,22.00,96,22.92%,24,,01/09/2029,,1
38,06,3,02,1,20071105,MITU BABY TISSUE GANTI POPOK PURPLE PLAYFUL FRESSIA PCK 250S,,,29.00,30,96.67%,24,CTN,30/08/2028,L,2
38,06,3,03,0,20103170,VASELINE HEALTHY BRIGHT SOFT+GLOW GLUTA VIT SERUM SPF20 TUB 180L,,,13.00,120,10.83%,12,,01/09/2030,V,1
38,06,3,04,0,20001221,PASEO TRAVEL PACK TISSUES KARAKTER PCK,,,2.00,30,6.67%,48,CTN,30/09/2031,,3
38,06,4,01,1,20139072,VIVA FACE TONIC LEMON BTL 200L,,,21.00,40,52.50%,36,,01/09/2029,,1
38,06,4,02,1,20001061,MITU BABY TISSUE GANTI POPOK PINK SWEET ROSE PCK 250S,,,20.00,58,34.48%,24,CTN,30/09/2028,L,4
38,06,5,01,1,10010480,SUPER PELL PEMBERSIH LANTAI FRESH APPLE PCH 760 ,,,17.00,60,28.33%,12,,06/09/2028,,2
38,06,5,02,1,20084152,LIFEBUOY SABUN MANDI CAIR REFILL MILD CARE PCH 825/800,,,23.00,50,46.00%,12,,01/09/2030,L,1
38,06,6,01,1,20141732,MITU BABY POWDER FRESH  BTL 300,,,11.00,20,55.00%,36,CTN,30/08/2029,,1
38,06,6,02,1,20012007,DAIA DETERGENT POWDER PUTIH  PCK 800/725 ,,,15.00,40,37.50%,12,,31/05/2030,,2
38,06,7,01,1,20072924,BABY HAPPY  BABY DIAPERS PANTS 26S  BAG EXTRALARGE,,,24.00,32,75.00%,4,CTN,01/10/2029,D,4
38,06,7,02,1,20036082,PEPSODENT SIKAT GIGI SENSITIVE 2+1 SOFT PCK,,,6.00,40,15.00%,24,CTN,30/09/2034,,1
38,06,8,01,1,20045418,MAMY POKO PANTS STANDAR 38S  PCK SMALL,,,21.00,32,65.63%,4,,01/09/2030,S,2
38,06,8,02,1,20071587,LISTERINE MOUTHWASH ANTISEPTIC MULTI/P ZERO BTL 250L,,,2.00,70,2.86%,24,CTN,04/09/2029,,1
38,07,3,01,1,20062411,REXONA DEODORANT ROLL ON WOMEN POWDER DRY BTL 45L,,,25.00,113,22.12%,24,,11/09/2029,,2
38,07,3,02,1,20141251,MAMY POKO PANTS EXTRA KERING 20+2S  PCK XXXL,,,32.00,100,32.00%,4,CTN,30/09/2029,,2
38,07,3,03,0,20073974,VAPE OBAT NYAMUK SPRAY 1 X SEMPROT SAKURA BLOSSOM KLG 10L,,,30.00,200,15.00%,12,,01/09/2028,,1
38,07,3,04,0,20140121,SOFTEX BEARY COOL 23  PCK 14S,,,8.00,32,25.00%,24,,01/09/2029,,1
38,07,4,01,1,20140873,INDOMARET JAS HUJAN DISPOSABLE SETELAN DEWASA PCK,,,10.00,1000,1.00%,240,,09/07/2027,L,2
38,07,4,02,1,20104030,WINGS SUPERSOL KARBOL WANGI SEREH PCH 750L/720,,,40.00,54,74.07%,12,,19/09/2028,,1
38,07,5,01,1,20120180,SO SOFT DETERJEN CAIR NATURE FRESH/ ROSE&WATERLILY BTL 700 ,,,52.00,120,43.33%,6,,01/09/2029,L,6
38,07,5,02,1,20112491,SUNLIGHT PENCUCI PIRING (NEW) LIME PCH 1L/910L,,,44.00,44,100.00%,6,,01/09/2028,S,6
38,07,6,01,1,20020245,MOLTO PEWANGI PAKAIAN ACTIVE FRESH BLUE PCH 780/765L,,,26.00,50,52.00%,12,,01/01/2029,L,6
38,07,6,02,1,20020245,MOLTO PEWANGI PAKAIAN ACTIVE FRESH BLUE PCH 780/765L,,,50.00,50,100.00%,12,,01/01/2029,L,6
38,07,7,01,1,20092331,EKONOMI PENCUCI PIRING POWER LIQUID JERUK NIPIS PCH 650/675 ,,,31.00,60,51.67%,12,,01/09/2030,S,12
38,07,7,02,1,20122043,INDOMARET TAS RAMAH LINGKUNGAN BESAR PCS 45X37X15,,,120.00,168,71.43%,12,,01/09/2029,,12
38,07,8,01,1,20143926,INDOMARET ADULT DIAPERS HAPPY PANTS 3IN1 L PCK 7,,,18.00,18,100.00%,8,CTN,01/09/2029,,1
38,07,8,02,1,20143926,INDOMARET ADULT DIAPERS HAPPY PANTS 3IN1 L PCK 7,,,22.00,18,122.22%,8,,01/09/2029,,1
38,08,3,01,1,10004664,ALEXANDER DEODORANT SPRAY HITAM KLG 3.7 OZ,,,1.00,126,0.79%,12,LSN,01/12/2034,,1
38,08,3,02,1,20091440,CLEAR SHAMPOO ANTI DANDRUFF MENTHOL SEGAR BTL 160L,,,10.00,65,15.38%,36,,01/09/2029,,1
38,08,3,03,0,20140873,INDOMARET JAS HUJAN DISPOSABLE SETELAN DEWASA PCK,,,2.00,1000,0.20%,240,,30/06/2028,L,2
38,08,3,04,0,20134680,LIFEBUOY SHAMPOO ANTI KETOMBE MENTHOL DINGIN BTL 170L,,,5.00,68,7.35%,36,CTN,01/09/2029,,1
38,08,4,01,1,20091457,ROYALE HIJAB SOFTENER BLUE SAPPHIRE PCH 650/600L,,,15.00,40,37.50%,12,,01/08/2029,,1
38,08,4,02,1,20115171,INDOMARET BAMBOO FACIAL TISSUE 2PLY  PCK 150S,,,7.00,21,33.33%,50,,01/09/2029,,2
38,08,5,01,1,20128720,SO SOFT DETERJEN CAIR FLORAL BERRIES/ FREESIA & PEAR BTL 700 ,,,63.00,88,71.59%,6,,01/09/2029,,2
38,08,5,02,1,20086172,SUNLIGHT PENCUCI PIRING REF HIGIENIS HBTSDA/MND.ORGE PCH 650L/600,,,22.00,50,44.00%,12,,02/07/2029,T,1
38,08,6,01,1,20140417,SOFTEX PEMBALUT GRAVITY 23  PCK 28S,,,8.00,24,33.33%,20,,11/09/2029,,1
38,08,6,02,1,20105673,PASEO WET TISSUE BELI 1 GRATIS 1  PCK 225,,,60.00,60,100.00%,18,,01/09/2029,,2
38,08,7,01,1,20072924,BABY HAPPY  BABY DIAPERS PANTS 26S  BAG EXTRALARGE,,,24.00,32,75.00%,4,CTN,01/09/2029,D,4
38,08,7,02,1,20108881,GENKI MOKO MOKO PANTS 34/32S  BAG MEDIUM,,,2.00,12,16.67%,6,CTN,30/09/2029,,1
38,08,8,01,1,20143926,INDOMARET ADULT DIAPERS HAPPY PANTS 3IN1 L PCK 7,,,18.00,18,100.00%,8,,01/09/2029,,1
38,08,8,02,1,20143926,INDOMARET ADULT DIAPERS HAPPY PANTS 3IN1 L PCK 7,,,18.00,18,100.00%,8,CTN,01/09/2029,,1
38,09,3,01,1,20140873,INDOMARET JAS HUJAN DISPOSABLE SETELAN DEWASA PCK,,,2.00,1000,0.20%,240,,30/06/2027,L,2
38,09,3,02,1,20088376,NIVEA DEO ROLL ON MEN DEEP BTL 50L,,,7.00,150,4.67%,24,CTN,04/09/2029,,1
38,09,3,03,0,20024517,AXE BODY SPRAY DEODORANT DARK TEMPTATION KLG 150/135L,,,16.00,132,12.12%,12,,01/09/2029,,1
38,09,3,04,0,10004034,VIXAL PEMBERSIH KAMAR MANDI EKTRA KUAT BTL 750L/720,,,6.00,51,11.76%,12,CTN,20/10/2029,L,2
38,09,4,01,1,20005584,ZWITSAL BABY SABUN MANDI CAIR NATURAL H&B ALOE VERA PCH 450/400L,,,24.00,40,60.00%,12,,01/09/2029,,1
38,09,4,02,1,,,,,0.00,0.0,,,,,,
38,09,5,01,1,20081452,LIFEBUOY SABUN MANDI CAIR REF. TOTAL10 RED PCH 825/800,,,31.00,50,62.00%,12,,19/09/2029,L,2
38,09,5,02,1,,,,,0.00,0.0,,,,,,
38,09,6,01,1,20138272,LARISST BABY WIPES SWEET BLOSSOM BDD 250,,,13.00,40,32.50%,18,CTN,01/09/2029,,2
38,09,6,02,1,20109613,HIT INSEKTISIDA SPRAY PINK BLOSSOM KLG 600/600+50,,,26.00,54,48.15%,12,,30/09/2030,,1
38,09,7,01,1,20119096,PEPSODENT SIKAT GIGI BRILIAN 3S  PCK SOFT,,,34.00,60,56.67%,24,,01/09/2030,,2
38,09,7,02,1,20095875,MAMY POKO PANTS STANDAR 28S TIDAK GEMBUNG PCK LARGE,,,8.00,18,44.44%,6,CTN,27/09/2029,L,6
38,09,8,01,1,20113083,TESSA FACIAL TISSUE TP06 BUY 1 GET 1 SOFT PACK 2 PLY BDD 2200,,,18.00,55,32.73%,20,,23/09/2031,,2
38,09,8,02,1,20038184,SOFTEX PEMBALUT DAUN SIRIH 23 FLOW WING PCK 20S,,,18.00,20,90.00%,24,,01/09/2029,,2
39,01,3,01,1,,,,,0.00,0.0,,,,,,
39,01,3,02,1,,,,,0.00,0.0,,,,,,
39,01,3,03,0,,,,,0.00,0.0,,,,,,
39,01,3,04,0,,,,,0.00,0.0,,,,,,
39,01,4,01,1,,,,,0.00,0.0,,,,,,
39,01,4,02,1,,,,,0.00,0.0,,,,,,
39,01,5,01,1,,,,,0.00,0.0,,,,,,
39,01,5,02,1,20093627,SO KLIN DETERGENT LIQUID SOFTERGENT SAKURA STRAWBRY PCH 525/510 ,,,70.00,90,77.78%,6,,30/09/2030,,2
39,01,6,01,1,,,,,0.00,0.0,,,,,,
39,01,6,02,1,,,,,0.00,0.0,,,,,,
39,01,7,01,1,,,,,0.00,0.0,,,,,,
39,01,7,02,1,20093188,RINSO DETERGENT CAIR + MOLTO GOLD ROYAL PCH 510,,,45.00,50,90.00%,12,,05/07/2029,,2
39,01,8,01,1,,,,,0.00,0.0,,,,,,
39,01,8,02,1,,,,,0.00,0.0,,,,,,
39,02,3,01,1,20104030,WINGS SUPERSOL KARBOL WANGI SEREH PCH 750L/720,,,11.00,54,20.37%,12,,02/09/2028,,1
39,02,3,02,1,,,,,0.00,0.0,,,,,,
39,02,3,03,0,,,,,0.00,0.0,,,,,,
39,02,3,04,0,20128125,INDOMARET MULTI PURPOSE CLEANER  PCH 375L,,,13.00,80,16.25%,12,,01/09/2029,,1
39,02,4,01,1,20134526,SO KLIN PEWANGI PAKAIAN REFILL COTTON FANTASY PCH 800/780L,,,50.00,50,100.00%,12,,04/07/2029,,6
39,02,4,02,1,20141985,SO KLIN PEWANGI PAKAIAN REFILL TROPICAL SUMMER PCH 780,,,20.00,50,40.00%,12,,01/09/2029,,2
39,02,5,01,1,,,,,0.00,0.0,,,,,,
39,02,5,02,1,20112492,SUNLIGHT PENCUCI PIRING JERUK NIPIS PCH 420L/400,,,65.00,50,130.00%,12,,31/08/2028,,6
39,02,6,01,1,,,,,0.00,0.0,,,,,,
39,02,6,02,1,20093185,GIV SABUN MANDI RED ROMANTIC DAMASK ROSE BDD 3100,,,10.00,50,20.00%,24,,18/08/2029,,2
39,02,7,01,1,20054750,RINSO DETERJEN LIQUID + MOLTO PERFUME ESSENCE PCH 510,,,27.00,60,45.00%,12,,01/01/2028,,2
39,02,7,02,1,10003359,WIPOL KARBOL WANGI CEMARA  BTL 750L/730,,,26.00,42,61.90%,12,,20/09/2028,,1
39,02,8,01,1,,,,,0.00,0.0,,,,,,
39,02,8,02,1,20137969,INDOMARET UNDERPAD 10S  BAG,,,18.00,12,150.00%,12,,01/09/2029,,2
39,03,3,01,1,20062310,REXONA DEODORANT ROLL ON WOMEN ADVACED BRGHTNG BTL 45L,,,33.00,119,27.73%,24,,01/09/2029,,2
39,03,3,02,1,20093188,RINSO DETERGENT CAIR + MOLTO GOLD ROYAL PCH 510,,,11.00,50,22.00%,12,,20/09/2028,,2
39,03,3,03,0,,,,,0.00,0.0,,,,,,
39,03,3,04,0,,,,,0.00,0.0,,,,,,
39,03,4,01,1,20123812,EKONOMI PENCUCI PIRING POWER LIQUID SEREH PCH 650L/675,,,33.00,60,55.00%,12,,01/08/2029,L,6
39,03,4,02,1,10003498,MR.MUSCLE PEMBERSIH KACA SERBAGUNA ORIGINAL BTL 500L,,,4.00,44,9.09%,12,,01/09/2029,,1
39,03,5,01,1,20135144,SUNLIGHT PENCUCI PIRING REF BIOCARE NATURE PCH 600L/600,,,24.00,50,48.00%,12,,21/06/2028,,2
39,03,5,02,1,,,,,0.00,0.0,,,,,,
39,03,6,01,1,20056799,LIFREE POPOK PEREKAT 7/6S  BAG EXTRALARGE,,,8.00,8,100.00%,12,,01/09/2029,L,2
39,03,6,02,1,20125494,SOFTEX PEMBALUT WANITA COMFORT 36 NIGHT WING PCK 12S,,,18.00,24,75.00%,24,,01/09/2029,,2
39,03,7,01,1,,,,,0.00,0.0,,,,,,
39,03,7,02,1,20092331,EKONOMI PENCUCI PIRING POWER LIQUID JERUK NIPIS PCH 650/675 ,,,50.00,60,83.33%,12,,01/09/2030,S,12
39,03,8,01,1,20095875,MAMY POKO PANTS STANDAR 28S TIDAK GEMBUNG PCK LARGE,,,18.00,18,100.00%,6,,01/09/2029,L,6
39,03,8,02,1,20141960,CHARM CELANA SAFE NIGHT  PCK 2S,,,21.00,24,87.50%,24,,30/09/2029,,1
39,04,3,01,1,20062310,REXONA DEODORANT ROLL ON WOMEN ADVACED BRGHTNG BTL 45L,,,32.00,119,26.89%,24,,01/06/2029,,2
39,04,3,02,1,20119096,PEPSODENT SIKAT GIGI BRILIAN 3S  PCK SOFT,,,14.00,60,23.33%,24,,01/09/2030,,2
39,04,3,03,0,20091347,TRESEMME SHAMPOO KERATIN SMOOTH (NEW)  BTL 170L,,,11.00,110,10.00%,18,,01/09/2030,,1
39,04,3,04,0,,,,,0.00,0.0,,,,,,
39,04,4,01,1,20016864,CUSSONS BABY WIPES NATURALLY REFRESHING PCK 2/345S,,,50.00,45,111.11%,12,,01/09/2029,,2
39,04,4,02,1,,,,,0.00,0.0,,,,,,
39,04,5,01,1,20113354,SWEETY BRONZE COMFORT DIAPERS 44S  BAG NEW BORN,,,10.00,24,41.67%,8,,14/09/2029,L,2
39,04,5,02,1,20012007,DAIA DETERGENT POWDER PUTIH  PCK 800/725 ,,,14.00,40,35.00%,12,,01/06/2028,,2
39,04,6,01,1,20069549,INDOMARET DIAPERS ADULT 6S LEAK GUARD BAG EXTRALARGE,,,10.00,10,100.00%,12,CTN,30/09/2029,L,2
39,04,6,02,1,20112491,SUNLIGHT PENCUCI PIRING (NEW) LIME PCH 1L/910L,,,44.00,44,100.00%,6,,01/09/2029,S,6
39,04,7,01,1,20130710,LUX SABUN MANDI CAIR REFILL SAKURA BLOOM PCH 825L,,,21.00,50,42.00%,12,,01/09/2029,L,1
39,04,7,02,1,20128919,MOLTO SOFTENER PURE PCH 650/550L,,,20.00,50,40.00%,12,,04/12/2029,,2
39,04,8,01,1,20072924,BABY HAPPY  BABY DIAPERS PANTS 26S  BAG EXTRALARGE,,,24.00,32,75.00%,4,CTN,01/10/2029,D,4
39,04,8,02,1,20126742,SWEETY DIAPER SILVER COMFORT 40S  BAG NB-S,,,15.00,20,75.00%,8,CTN,25/09/2029,L,1
39,05,3,01,1,20139439,SCORA BRIGHT ME UP SUNSCREEN SPF 40 PA++++ TUB 30,,,15.00,100,15.00%,48,,04/09/2030,S,2
39,05,3,02,1,,,,,0.00,0.0,,,,,,
39,05,3,03,0,,,,,0.00,0.0,,,,,,
39,05,3,04,0,20123812,EKONOMI PENCUCI PIRING POWER LIQUID SEREH PCH 650L/675,,,13.00,60,21.67%,12,,01/09/2028,L,6
39,05,4,01,1,20136252,LARISST HAND WASH STRAWBERRY  BTL 500L,,,23.00,60,38.33%,12,,31/08/2030,,1
39,05,4,02,1,20135849,LARISST DETERGENT CAIR SUMMER BREEZE BTL 700L,,,80.00,80,100.00%,6,,01/07/2030,,2
39,05,5,01,1,,,,,0.00,0.0,,,,,,
39,05,5,02,1,20067253,SOFTEX PEMBALUT DAUN SIRIH 36 SLIM WING PCK 12S,,,18.00,30,60.00%,24,,09/09/2029,,2
39,05,6,01,1,20012007,DAIA DETERGENT POWDER PUTIH  PCK 800/725 ,,,38.00,40,95.00%,12,,04/07/2030,,2
39,05,6,02,1,20017043,CHARM PEMBALUT SAFE NIGHT 42 WING PCK 8/7S,,,13.00,15,86.67%,30,,30/09/2029,,2
39,05,7,01,1,20123812,EKONOMI PENCUCI PIRING POWER LIQUID SEREH PCH 650L/675,,,50.00,60,83.33%,12,,01/09/2029,L,6
39,05,7,02,1,20072924,BABY HAPPY  BABY DIAPERS PANTS 26S  BAG EXTRALARGE,,,7.00,32,21.88%,4,CTN,01/10/2029,D,4
39,05,8,01,1,20123812,EKONOMI PENCUCI PIRING POWER LIQUID SEREH PCH 650L/675,,,12.00,60,20.00%,12,CTN,01/10/2029,L,6
39,05,8,02,1,20113354,SWEETY BRONZE COMFORT DIAPERS 44S  BAG NEW BORN,,,15.00,24,62.50%,8,CTN,25/09/2029,L,2
39,06,3,01,1,20024517,AXE BODY SPRAY DEODORANT DARK TEMPTATION KLG 150/135L,,,33.00,132,25.00%,12,,01/07/2029,,1
39,06,3,02,1,20061748,DAIA DETERGENT POWDER+SOFTENER VIOLET PASSION PCK 800/725 ,,,28.00,40,70.00%,12,CTN,01/10/2029,,6
39,06,3,03,0,,,,,0.00,0.0,,,,,,
39,06,3,04,0,20079794,INDOMARET KAMPER TOILET PARA (NEW) COLOUR BALL 5S PCK,,,1.00,12,8.33%,144,CTN,01/09/2029,L,2
39,06,4,01,1,20140804,SO KLIN DETERGENT POWDER EAU DE PARFUM FLEURS BLANCHES PCK 1.3 K,,,40.00,40,100.00%,6,,01/09/2029,,2
39,06,4,02,1,20008720,FRES & NATURAL SPRAY COLOGNE HIJAB REFRESH BOHEMIAN SPIRIT BTL 100L,,,81.00,140,57.86%,24,,21/09/2029,,6
39,06,5,01,1,20024306,MAMY POKO PANTS ROYAL SOFT BOYS 24S  BAG EXTRALARGE,,,15.00,16,93.75%,4,,01/09/2029,,1
39,06,5,02,1,10003272,BAYGON INSEKTISIDA SPRAY CITRUS FRESH KLG 600/675L,,,18.00,54,33.33%,12,,01/09/2029,L,2
39,06,6,01,1,20061748,DAIA DETERGENT POWDER+SOFTENER VIOLET PASSION PCK 800/725 ,,,40.00,40,100.00%,12,CTN,01/10/2029,,6
39,06,6,02,1,20033003,REJOICE CONDITIONER 3 IN 1 RICH SMOOTH TUB 150/130 L,,,23.00,70,32.86%,24,,04/08/2029,,1
39,06,7,01,1,20093627,SO KLIN DETERGENT LIQUID SOFTERGENT SAKURA STRAWBRY PCH 525/510 ,,,25.00,90,27.78%,6,,04/09/2029,,2
39,06,7,02,1,20073638,SWEETY BRONZE PANTS 32S  PCK MEDIUM,,,9.00,10,90.00%,8,,01/08/2029,S,2
39,06,8,01,1,20144100,CHARM PEMBALUT DAUN SIRIH MAXI 26S NON WING PCK 23,,,15.00,15,100.00%,24,,01/09/2029,,1
39,06,8,02,1,20141207,WATERU WHITE BAMBOO PRINTED TISSUE  PCK 50,,,25.00,50,50.00%,90,,01/09/2029,,2
39,07,3,01,1,20082205,SERASOFT SHAMPOO HAIR FALL TREAT BTL 170L,,,18.00,154,11.69%,12,,15/02/2029,,2
39,07,3,02,1,,,,,0.00,0.0,,,,,,
39,07,3,03,0,20136689,PEPSODENT SIKAT GIGI GENTLE CARE 3S  PCK SOFT,,,11.00,52,21.15%,24,,03/12/2029,,1
39,07,3,04,0,,,,,0.00,0.0,,,,,,
39,07,4,01,1,20139955,BU KRIM DETERGENT CAIR SUPERKLIN JINHAE CHRY BLS BTL 700,,,68.00,80,85.00%,6,,01/07/2030,,2
39,07,4,02,1,20074226,DOWNY SOFTENER SUNRISE FRESH PCH 600/550L,,,53.00,75,70.67%,8,,31/08/2029,,1
39,07,5,01,1,10003479,GAJAH LEM TIKUS KOTAK  PCK 75/70,,,5.00,16,31.25%,72,,01/08/2029,L,6
39,07,5,02,1,20038184,SOFTEX PEMBALUT DAUN SIRIH 23 FLOW WING PCK 20S,,,18.00,20,90.00%,24,,01/09/2029,,2
39,07,6,01,1,20036047,DAIA DETERGENT POWDER+SOFTENER ROMANTIC PINK PCK 800/725 ,,,40.00,40,100.00%,12,,01/01/2029,,6
39,07,6,02,1,20122043,INDOMARET TAS RAMAH LINGKUNGAN BESAR PCS 45X37X15,,,120.00,168,71.43%,12,,01/09/2029,,12
39,07,7,01,1,20041483,SO KLIN SOFTERGENT POWDER PEONY ROSE PCK 1.44/1.3,,,32.00,48,66.67%,6,CTN,04/10/2029,,6
39,07,7,02,1,20072924,BABY HAPPY  BABY DIAPERS PANTS 26S  BAG EXTRALARGE,,,12.00,32,37.50%,4,,01/01/2029,D,4
39,07,8,01,1,20036047,DAIA DETERGENT POWDER+SOFTENER ROMANTIC PINK PCK 800/725 ,,,23.00,40,57.50%,12,CTN,04/10/2029,,6
39,07,8,02,1,20036047,DAIA DETERGENT POWDER+SOFTENER ROMANTIC PINK PCK 800/725 ,,,40.00,40,100.00%,12,CTN,04/10/2029,,6
39,08,3,01,1,,,,,0.00,0.0,,,,,,
39,08,3,02,1,20088631,CLOSE UP PASTA GIGI WHITE NAT.SMILE/ LEMON SEA SALT TUB 95,,,8.00,65,12.31%,36,,01/11/2029,,1
39,08,3,03,0,20038770,PANTENE SHAMPOO PRO-V (NEW I) SILKY SMOOTH CARE BTL 160/145L,,,16.00,147,10.88%,24,,01/09/2029,,1
39,08,3,04,0,10008992,GILLETTE RAZOR VECTOR GANDA  PCK,,,3.00,100,3.00%,144,,22/09/2029,,1
39,08,4,01,1,20090955,SOFTEX PEMBALUT DAUN SIRIH 23 NON WING PCK 20/18S,,,11.00,20,55.00%,24,,01/09/2029,,2
39,08,4,02,1,20141251,MAMY POKO PANTS EXTRA KERING 20+2S  PCK XXXL,,,24.00,100,24.00%,4,,01/09/2029,,2
39,08,5,01,1,20123812,EKONOMI PENCUCI PIRING POWER LIQUID SEREH PCH 650L/675,,,50.00,60,83.33%,12,,01/09/2029,L,6
39,08,5,02,1,20004027,INDOMARET HAND SOAP CAMOMILE PCH 375L,,,9.00,50,18.00%,24,,01/09/2029,,2
39,08,6,01,1,20141251,MAMY POKO PANTS EXTRA KERING 20+2S  PCK XXXL,,,32.00,100,32.00%,4,,01/09/2029,,2
39,08,6,02,1,20143926,INDOMARET ADULT DIAPERS HAPPY PANTS 3IN1 L PCK 7,,,18.00,18,100.00%,8,,01/09/2029,,1
39,08,7,01,1,20112491,SUNLIGHT PENCUCI PIRING (NEW) LIME PCH 1L/910L,,,44.00,44,100.00%,6,,01/01/2029,S,6
39,08,7,02,1,20139609,RINSO DETERJEN POWDER ANTI NODA JAPANESE PEACH BAG 1440,,,8.00,29,27.59%,6,,09/08/2028,,1
39,08,8,01,1,10003678,EKONOMI SABUN CREAM ANTI NODA (EL500K) LEMON PCK 154/145,,,1.00,120,0.83%,30,CTN,04/10/2029,,6
39,08,8,02,1,20093639,NUVO SABUN KESEHATAN FAMILY (3X110) MERAH BDD 3+1100,,,16.00,75,21.33%,18,CTN,04/10/2029,,2
39,09,3,01,1,,,,,0.00,0.0,,,,,,
39,09,3,02,1,,,,,0.00,0.0,,,,,,
39,09,3,03,0,20072673,ZWITSAL BABY BATH NATURAL 2 IN 1 HAIR & BODY BTL 300L,,,21.00,100,21.00%,12,,11/09/2028,,1
39,09,3,04,0,20091575,REXONA DEODORANT ROLL ON WOMEN GLOWING WHITE BTL 40L,,,21.00,96,21.88%,24,,01/09/2029,,2
39,09,4,01,1,20091457,ROYALE HIJAB SOFTENER BLUE SAPPHIRE PCH 650/600L,,,50.00,40,125.00%,12,,01/09/2029,,1
39,09,4,02,1,20121413,KODOMO BABY WIPES ALOE VERA PCK 250S,,,27.00,96,28.13%,24,,13/08/2029,,2
39,09,5,01,1,20123812,EKONOMI PENCUCI PIRING POWER LIQUID SEREH PCH 650L/675,,,25.00,60,41.67%,12,,01/09/2029,L,6
39,09,5,02,1,20135849,LARISST DETERGENT CAIR SUMMER BREEZE BTL 700L,,,80.00,80,100.00%,6,,10/06/2030,,2
39,09,6,01,1,20141204,INDOMARET PENCUCI PIRING JERUK NIPIS PCH 950,,,24.00,52,46.15%,6,,10/09/2029,,2
39,09,6,02,1,20137581,INDOMARET PEWANGI PAKAIAN EXOTIC BLUE PCH 720L,,,20.00,40,50.00%,12,,01/09/2030,,1
39,09,7,01,1,20072924,BABY HAPPY  BABY DIAPERS PANTS 26S  BAG EXTRALARGE,,,24.00,32,75.00%,4,,01/09/2029,D,4
39,09,7,02,1,20128919,MOLTO SOFTENER PURE PCH 650/550L,,,20.00,50,40.00%,12,,01/09/2029,,2
39,09,8,01,1,20135856,POSH DEO ROLL ON HIJAB CHIC REFRESHING COOL BTL 50L,,,9.00,112,8.04%,24,CTN,04/10/2029,,2
39,09,8,02,1,20143927,INDOMARET ADULT DIAPERS HAPPY PANTS 3IN1 M PCK 8,,,10.00,18,55.56%,8,,01/09/2029,,1
40,01,3,01,1,,,,,0.00,0.0,,,,,,
40,01,3,02,1,,,,,0.00,0.0,,,,,,
40,01,3,03,0,,,,,0.00,0.0,,,,,,
40,01,3,04,0,,,,,0.00,0.0,,,,,,
40,01,4,01,1,,,,,0.00,0.0,,,,,,
40,01,4,02,1,20092331,EKONOMI PENCUCI PIRING POWER LIQUID JERUK NIPIS PCH 650/675 ,,,50.00,60,83.33%,12,,01/01/2029,S,12
40,01,5,01,1,,,,,0.00,0.0,,,,,,
40,01,5,02,1,20092331,EKONOMI PENCUCI PIRING POWER LIQUID JERUK NIPIS PCH 650/675 ,,,50.00,60,83.33%,12,,01/01/2029,S,12
40,01,6,01,1,,,,,0.00,0.0,,,,,,
40,01,6,02,1,20092331,EKONOMI PENCUCI PIRING POWER LIQUID JERUK NIPIS PCH 650/675 ,,,50.00,60,83.33%,12,,01/01/2029,S,12
40,01,7,01,1,,,,,0.00,0.0,,,,,,
40,01,7,02,1,,,,,0.00,0.0,,,,,,
40,01,8,01,1,,,,,0.00,0.0,,,,,,
40,01,8,02,1,,,,,0.00,0.0,,,,,,
40,02,3,01,1,,,,,0.00,0.0,,,,,,
40,02,3,02,1,,,,,0.00,0.0,,,,,,
40,02,3,03,0,,,,,0.00,0.0,,,,,,
40,02,3,04,0,,,,,0.00,0.0,,,,,,
40,02,4,01,1,20073425,INDOMARET PENCUCI PIRING (NEW) JERUK NIPIS PCH 800/650L,,,44.00,44,100.00%,12,,01/09/2029,,3
40,02,4,02,1,,,,,0.00,0.0,,,,,,
40,02,5,01,1,20137024,SWEETY DRY X-PERT PANTS 44S  BAG MEDIUM,,,10.00,10,100.00%,8,,01/09/2029,D,8
40,02,5,02,1,20064413,KAO ATTACK DETERGENT POWDER JAZ 1 SEMERBAK CINTA BAG 1.4/1.3 ,,,33.00,33,100.00%,6,,01/09/2029,S,6
40,02,6,01,1,,,,,0.00,0.0,,,,,,
40,02,6,02,1,20034450,MAMA LEMON LIQUID PENCUCI PIRING JERUK NIPIS PCH 690/650 ,,,60.00,60,100.00%,12,,01/09/2029,E,12
40,02,7,01,1,20137024,SWEETY DRY X-PERT PANTS 44S  BAG MEDIUM,,,10.00,10,100.00%,8,,01/01/2029,D,8
40,02,7,02,1,,,,,0.00,0.0,,,,,,
40,02,8,01,1,20137024,SWEETY DRY X-PERT PANTS 44S  BAG MEDIUM,,,10.00,10,100.00%,8,,01/01/2029,D,8
40,02,8,02,1,,,,,0.00,0.0,,,,,,
40,03,3,01,1,20109265,ZINC SHAMPOO A/K ACTIVE FRESH LEMON MINT BTL 170L,,,24.00,80,30.00%,24,,30/09/2029,,1
40,03,3,02,1,,,,,0.00,0.0,,,,,,
40,03,3,03,0,,,,,0.00,0.0,,,,,,
40,03,3,04,0,20062411,REXONA DEODORANT ROLL ON WOMEN POWDER DRY BTL 45L,,,20.00,113,17.70%,24,,05/06/2028,,2
40,03,4,01,1,20008720,FRES & NATURAL SPRAY COLOGNE HIJAB REFRESH BOHEMIAN SPIRIT BTL 100L,,,29.00,140,20.71%,24,,30/09/2029,,6
40,03,4,02,1,20052321,DAIA DETERGENT POWDER+SOFTENER ROMANTIC PINK PCK 1.5/1.4 ,,,48.00,40,120.00%,6,,01/01/2029,D,6
40,03,5,01,1,20071827,RINSO DETERJEN POWDER + MOLTO ROSE FRESH BAG 770/700,,,40.00,30,133.33%,12,,01/09/2028,,2
40,03,5,02,1,20041483,SO KLIN SOFTERGENT POWDER PEONY ROSE PCK 1.44/1.3,,,48.00,48,100.00%,6,,01/09/2028,,6
40,03,6,01,1,,,,,0.00,0.0,,,,,,
40,03,6,02,1,10005482,SUNLIGHT PENCUCI PIRING NEW REF LIME PCH 650L/660,,,60.00,50,120.00%,12,,01/09/2029,D,12
40,03,7,01,1,,,,,0.00,0.0,,,,,,
40,03,7,02,1,20119096,PEPSODENT SIKAT GIGI BRILIAN 3S  PCK SOFT,,,34.00,60,56.67%,24,,01/01/2029,,2
40,03,8,01,1,,,,,0.00,0.0,,,,,,
40,03,8,02,1,,,,,0.00,0.0,,,,,,
40,04,3,01,1,20139963,LARISST TOILET BALL 5S CITRONELLA PCK 200,,,1.00,9,11.11%,144,,01/09/2030,,1
40,04,3,02,1,20125542,KAHF TRIPLE ACTION OIL & COMEDO DEFENSE TUB 100L,,,14.00,132,10.61%,15,,01/09/2029,L,3
40,04,3,03,0,,,,,0.00,0.0,,,,,,
40,04,3,04,0,,,,,0.00,0.0,,,,,,
40,04,4,01,1,,,,,0.00,0.0,,,,,,
40,04,4,02,1,20087202,LIFEBUOY SABUN MANDI CAIR REFILL LEMON FRESH PCH 825/800,,,30.00,39,76.92%,12,,01/10/2029,L,2
40,04,5,01,1,20020245,MOLTO PEWANGI PAKAIAN ACTIVE FRESH BLUE PCH 780/765L,,,50.00,50,100.00%,12,,01/01/2029,L,6
40,04,5,02,1,20129837,LARISST DETERGENT CAIR SPRING GARDEN PCH 750L,,,84.00,100,84.00%,6,,30/06/2030,,2
40,04,6,01,1,20090067,SUNLIGHT PENCUCI PIRING REF LME&MNT ANT BAU PCH 650L/600,,,20.00,50,40.00%,12,,01/07/2028,,2
40,04,6,02,1,20041257,MAMY POKO BABY DIAPERS STANDAR 24S TIPE PEREKAT PCK SMALL,,,39.00,42,92.86%,6,CTN,30/09/2029,L,2
40,04,7,01,1,20038764,PANTENE SHAMPOO PRO-V (NEW I) ANTI DANDRUFF BTL 290L,,,10.00,65,15.38%,12,CTN,30/09/2029,,1
40,04,7,02,1,20139609,RINSO DETERJEN POWDER ANTI NODA JAPANESE PEACH BAG 1440,,,28.00,29,96.55%,6,,01/07/2028,,1
40,04,8,01,1,20140806,SO KLIN DETERGENT POWDER EAU DE PARFUM FLEURS DE LIS PCK 1.3 ,,,40.00,40,100.00%,6,CTN,01/10/2029,,2
40,04,8,02,1,20140801,INDOMARET TOILET TISSUE ROLL 8S  BAG,,,9.00,6,150.00%,12,,21/09/2029,,2
40,05,3,01,1,10004067,MAMA LEMON LIQUID PENCUCI PIRING EKSTRAK LEMON PCH 690/650 ,,,13.00,60,21.67%,12,,04/09/2029,S,6
40,05,3,02,1,,,,,0.00,0.0,,,,,,
40,05,3,03,0,,,,,0.00,0.0,,,,,,
40,05,3,04,0,20139972,GLAD2GLOW BODY SERUM CREAMY BERRY TUB 180,,,4.00,32,12.50%,48,,31/10/2029,,1
40,05,4,01,1,20129837,LARISST DETERGENT CAIR SPRING GARDEN PCH 750L,,,84.00,100,84.00%,6,,30/06/2030,,2
40,05,4,02,1,20123072,SWEETY BRONZE PANTS D X-PERT 18+2/20S  PCK XXL,,,4.00,8,50.00%,16,,01/09/2029,,2
40,05,5,01,1,20112492,SUNLIGHT PENCUCI PIRING JERUK NIPIS PCH 420L/400,,,65.00,50,130.00%,12,,01/01/2029,,6
40,05,5,02,1,20072924,BABY HAPPY  BABY DIAPERS PANTS 26S  BAG EXTRALARGE,,,24.00,32,75.00%,4,,01/09/2029,D,4
40,05,6,01,1,20131788,MAMA LEMON CAIRAN PENCUCI PIRING JERUK NIPIS PCH 950/920 ,,,38.00,55,69.09%,6,,01/09/2029,S,6
40,05,6,02,1,20112491,SUNLIGHT PENCUCI PIRING (NEW) LIME PCH 1L/910L,,,44.00,44,100.00%,6,,01/09/2029,S,6
40,05,7,01,1,10004664,ALEXANDER DEODORANT SPRAY HITAM KLG 3.7 OZ,,,4.00,126,3.17%,12,LSN,01/12/2034,,1
40,05,7,02,1,20052321,DAIA DETERGENT POWDER+SOFTENER ROMANTIC PINK PCK 1.5/1.4 ,,,48.00,40,120.00%,6,,01/01/2029,D,6
40,05,8,01,1,20134306,BABY HAPPY  BABY DIAPERS PANTS 24S  BAG XXL,,,24.00,16,150.00%,4,,01/01/2029,S,2
40,05,8,02,1,20115171,INDOMARET BAMBOO FACIAL TISSUE 2PLY  PCK 150S,,,21.00,21,100.00%,50,,01/09/2029,,2
40,06,3,01,1,20091347,TRESEMME SHAMPOO KERATIN SMOOTH (NEW)  BTL 170L,,,24.00,110,21.82%,18,,01/09/2030,,1
40,06,3,02,1,20136689,PEPSODENT SIKAT GIGI GENTLE CARE 3S  PCK SOFT,,,12.00,52,23.08%,24,,01/07/2029,,1
40,06,3,03,0,,,,,0.00,0.0,,,,,,
40,06,3,04,0,20067034,REGAZZA EAU DE TOILETTE/PARFUM RED PASSIONATE BTL 50L,,,4.00,50,8.00%,48,,01/08/2030,,1
40,06,4,01,1,20115153,KODOMO BABY WIPES ANTI BACTERIAL PCK 250S,,,14.00,20,70.00%,24,,01/07/2029,,2
40,06,4,02,1,20112491,SUNLIGHT PENCUCI PIRING (NEW) LIME PCH 1L/910L,,,44.00,44,100.00%,6,,23/08/2028,S,6
40,06,5,01,1,20091352,DAIA DETERGENT POWDER+SOFTENER VIOLET PASSION PCK 1.5/1.4 ,,,34.00,48,70.83%,6,,01/09/2029,D,6
40,06,5,02,1,20141956,EKONOMI CAIRAN PENCUCI PIRING NANAS PCH 920,,,40.00,55,72.73%,6,CTN,04/10/2029,,2
40,06,6,01,1,20092331,EKONOMI PENCUCI PIRING POWER LIQUID JERUK NIPIS PCH 650/675 ,,,50.00,60,83.33%,12,,01/01/2029,S,12
40,06,6,02,1,10003498,MR.MUSCLE PEMBERSIH KACA SERBAGUNA ORIGINAL BTL 500L,,,48.00,44,109.09%,12,,28/09/2029,,1
40,06,7,01,1,20122043,INDOMARET TAS RAMAH LINGKUNGAN BESAR PCS 45X37X15,,,203.00,168,120.83%,12,CTN,01/09/2029,,12
40,06,7,02,1,20072924,BABY HAPPY  BABY DIAPERS PANTS 26S  BAG EXTRALARGE,,,24.00,32,75.00%,4,CTN,01/09/2029,D,4
40,06,8,01,1,20072924,BABY HAPPY  BABY DIAPERS PANTS 26S  BAG EXTRALARGE,,,8.00,32,25.00%,4,CTN,01/09/2029,D,4
40,06,8,02,1,20048880,MAMY POKO PANTS STANDAR 7S  PCK LARGE,,,24.00,27,88.89%,12,,01/09/2029,,6
40,07,3,01,1,20110812,ZWITSAL BABY BATH HAIR & BODY ANTIBACTERIAL PCH 450/400L,,,15.00,65,23.08%,12,,01/09/2029,,1
40,07,3,02,1,,,,,0.00,0.0,,,,,,
40,07,3,03,0,,,,,0.00,0.0,,,,,,
40,07,3,04,0,20125542,KAHF TRIPLE ACTION OIL & COMEDO DEFENSE TUB 100L,,,14.00,132,10.61%,15,,02/09/2029,L,3
40,07,4,01,1,20069549,INDOMARET DIAPERS ADULT 6S LEAK GUARD BAG EXTRALARGE,,,10.00,10,100.00%,12,,01/09/2029,L,2
40,07,4,02,1,20038758,PANTENE CONDITIONER PRO-V (NEW I) HAIR FALL CNTRL BTL 160L,,,38.00,147,25.85%,24,,01/09/2028,,1
40,07,5,01,1,20141985,SO KLIN PEWANGI PAKAIAN REFILL TROPICAL SUMMER PCH 780,,,50.00,50,100.00%,12,,01/09/2029,,2
40,07,5,02,1,20112491,SUNLIGHT PENCUCI PIRING (NEW) LIME PCH 1L/910L,,,44.00,44,100.00%,6,,01/09/2028,S,6
40,07,6,01,1,20113354,SWEETY BRONZE COMFORT DIAPERS 44S  BAG NEW BORN,,,9.00,24,37.50%,8,,01/07/2029,L,2
40,07,6,02,1,20021816,VASELINE BODY LOTION HEALTHY BRIGHT UV EXTRA BRIGHT BTL 200L,,,84.00,100,84.00%,18,,01/08/2029,S,2
40,07,7,01,1,20113101,ROYALE SOFTENER SWEET FLORAL PCH 680/600L,,,20.00,50,40.00%,12,,04/09/2029,,2
40,07,7,02,1,20099424,MAMA LIME LIQUID PENCUCI PIRING CHARCOAL PCH 690/650 ,,,50.00,50,100.00%,12,CTN,01/10/2029,L,6
40,07,8,01,1,20140806,SO KLIN DETERGENT POWDER EAU DE PARFUM FLEURS DE LIS PCK 1.3 ,,,8.00,40,20.00%,6,CTN,01/10/2029,,2
40,07,8,02,1,20099424,MAMA LIME LIQUID PENCUCI PIRING CHARCOAL PCH 690/650 ,,,10.00,50,20.00%,12,CTN,01/10/2029,L,6
40,08,3,01,1,20129462,INDOMARET SPONGE MANDI LONG PUFF  PCH 70,,,1.00,12,8.33%,120,CTN,30/09/2026,,1
40,08,3,02,1,20092317,POISE FACIAL FOAM WHITENING/ LUMGLOW TUB 100 ,,,20.00,176,11.36%,24,,01/01/2029,,2
40,08,3,03,0,20086422,GILLETTE RAZOR BLUE II FLEXI 3S+1 BLUE 3 PCK,,,4.00,14,28.57%,144,,01/09/2029,,1
40,08,3,04,0,10011851,HEAD &SHOULDERS SHAMPOO A/D SMOOTH & SILKY / SELEMBUT SUTRA BTL 160/145L,,,9.00,64,14.06%,24,,01/08/2029,,1
40,08,4,01,1,20092331,EKONOMI PENCUCI PIRING POWER LIQUID JERUK NIPIS PCH 650/675 ,,,50.00,60,83.33%,12,,01/04/2029,S,12
40,08,4,02,1,10010480,SUPER PELL PEMBERSIH LANTAI FRESH APPLE PCH 760 ,,,50.00,60,83.33%,12,,01/09/2028,,2
40,08,5,01,1,10010189,CHARM PEMBALUT SAFE NIGHT 29 WING PCK 18S,,,1.00,16,6.25%,24,CTN,30/09/2029,,2
40,08,5,02,1,,,,,0.00,0.0,,,,,,
40,08,6,01,1,,,,,0.00,0.0,,,,,,
40,08,6,02,1,20137969,INDOMARET UNDERPAD 10S  BAG,,,12.00,12,100.00%,12,,01/09/2029,,2
40,08,7,01,1,20140804,SO KLIN DETERGENT POWDER EAU DE PARFUM FLEURS BLANCHES PCK 1.3 K,,,40.00,40,100.00%,6,,01/07/2027,,2
40,08,7,02,1,20136124,EKONOMI PENCUCI PIRING LIQUID NATURAL NANAS&JERUK NPS PCH 650L/675,,,29.00,50,58.00%,12,,01/09/2029,S,12
40,08,8,01,1,20140806,SO KLIN DETERGENT POWDER EAU DE PARFUM FLEURS DE LIS PCK 1.3 ,,,14.00,40,35.00%,6,CTN,01/10/2029,,2
40,08,8,02,1,20137969,INDOMARET UNDERPAD 10S  BAG,,,18.00,12,150.00%,12,,01/09/2029,,2
40,09,3,01,1,,,,,0.00,0.0,,,,,,
40,09,3,02,1,,,,,0.00,0.0,,,,,,
40,09,3,03,0,20098268,GARNIER SAKURA PINKISH GLOW / HYALURON SUPER WHIP TUB 100L,,,30.00,150,20.00%,12,,08/06/2029,,1
40,09,3,04,0,20139972,GLAD2GLOW BODY SERUM CREAMY BERRY TUB 180,,,6.00,32,18.75%,48,,31/03/2030,,1
40,09,4,01,1,,,,,0.00,0.0,,,,,,
40,09,4,02,1,,,,,0.00,0.0,,,,,,
40,09,5,01,1,,,,,0.00,0.0,,,,,,
40,09,5,02,1,20103170,VASELINE HEALTHY BRIGHT SOFT+GLOW GLUTA VIT SERUM SPF20 TUB 180L,,,27.00,120,22.50%,12,,01/07/2029,V,1
40,09,6,01,1,,,,,0.00,0.0,,,,,,
40,09,6,02,1,,,,,0.00,0.0,,,,,,
40,09,7,01,1,20085113,RINSO DETERJEN POWDER + MOLTO PERFUME ESSENCE BAG 770/700,,,24.00,40,60.00%,12,,26/09/2028,,2
40,09,7,02,1,20103709,SWEETY SILVER MAX PROTECT. PANT BABY  18/18+4S PCK XXL,,,8.00,8,100.00%,16,,01/09/2029,,1
40,09,8,01,1,20142959,POSH BODY SPRAY PERFUMED MEN AQUA FROST KLG 150L,,,8.00,150,5.33%,12,CTN,04/10/2029,,1
40,09,8,02,1,20140801,INDOMARET TOILET TISSUE ROLL 8S  BAG,,,9.00,6,150.00%,12,,01/09/2029,,2
41,01,3,01,1,,,,,0.00,0.0,,,,,,
41,01,3,02,1,,,,,0.00,0.0,,,,,,
41,01,3,03,0,20119096,PEPSODENT SIKAT GIGI BRILIAN 3S  PCK SOFT,,,20.00,60,33.33%,24,,30/08/2030,,2
41,01,3,04,0,,,,,0.00,0.0,,,,,,
41,01,4,01,1,,,,,0.00,0.0,,,,,,
41,01,4,02,1,,,,,0.00,0.0,,,,,,
41,01,5,01,1,,,,,0.00,0.0,,,,,,
41,01,5,02,1,,,,,0.00,0.0,,,,,,
41,01,6,01,1,,,,,0.00,0.0,,,,,,
41,01,6,02,1,,,,,0.00,0.0,,,,,,
41,01,7,01,1,,,,,0.00,0.0,,,,,,
41,01,7,02,1,,,,,0.00,0.0,,,,,,
41,01,8,01,1,,,,,0.00,0.0,,,,,,
41,01,8,02,1,,,,,0.00,0.0,,,,,,
41,02,3,01,1,10000451,CLOSE UP PASTA GIGI GEL GREEN MENTHOL FRESH TUB 65,,,15.00,110,13.64%,48,,01/08/2029,,4
41,02,3,02,1,,,,,0.00,0.0,,,,,,
41,02,3,03,0,10000451,CLOSE UP PASTA GIGI GEL GREEN MENTHOL FRESH TUB 65,,,5.00,110,4.55%,48,,31/08/2030,,4
41,02,3,04,0,20085748,NEXCARE CARBON MASKER 2S  PCK,,,36.00,144,25.00%,12,,31/08/2030,,2
41,02,4,01,1,20112491,SUNLIGHT PENCUCI PIRING (NEW) LIME PCH 1L/910L,,,44.00,44,100.00%,6,,01/01/2029,S,6
41,02,4,02,1,20064413,KAO ATTACK DETERGENT POWDER JAZ 1 SEMERBAK CINTA BAG 1.4/1.3 ,,,33.00,33,100.00%,6,,01/09/2029,S,6
41,02,5,01,1,20112491,SUNLIGHT PENCUCI PIRING (NEW) LIME PCH 1L/910L,,,44.00,44,100.00%,6,,01/01/2029,S,6
41,02,5,02,1,20112491,SUNLIGHT PENCUCI PIRING (NEW) LIME PCH 1L/910L,,,44.00,44,100.00%,6,,01/01/2029,S,6
41,02,6,01,1,20112491,SUNLIGHT PENCUCI PIRING (NEW) LIME PCH 1L/910L,,,44.00,44,100.00%,6,,01/01/2029,S,6
41,02,6,02,1,20112491,SUNLIGHT PENCUCI PIRING (NEW) LIME PCH 1L/910L,,,44.00,44,100.00%,6,,01/01/2029,S,6
41,02,7,01,1,20112491,SUNLIGHT PENCUCI PIRING (NEW) LIME PCH 1L/910L,,,44.00,44,100.00%,6,,01/01/2029,S,6
41,02,7,02,1,20112491,SUNLIGHT PENCUCI PIRING (NEW) LIME PCH 1L/910L,,,44.00,44,100.00%,6,,01/01/2029,S,6
41,02,8,01,1,,,,,0.00,0.0,,,,,,
41,02,8,02,1,,,,,0.00,0.0,,,,,,
41,03,3,01,1,,,,,0.00,0.0,,,,,,
41,03,3,02,1,20073640,SWEETY BRONZE DAY ACTIVE PANTS 26/24S  BAG EXTRALARGE,,,4.00,10,40.00%,8,,01/09/2029,S,4
41,03,3,03,0,,,,,0.00,0.0,,,,,,
41,03,3,04,0,20139729,SO KLIN DETERGENT LIQUID NATURE GREEN TEA&JSMNE BTL 700,,,27.00,54,50.00%,6,,01/06/2029,,2
41,03,4,01,1,20130078,BABY HAPPY  BABY DIAPERS PANTS 30+2/28S PINKFONG BAG LARGE,,,24.00,24,100.00%,4,,01/09/2029,L,1
41,03,4,02,1,20112491,SUNLIGHT PENCUCI PIRING (NEW) LIME PCH 1L/910L,,,44.00,44,100.00%,6,,06/09/2028,S,6
41,03,5,01,1,10005482,SUNLIGHT PENCUCI PIRING NEW REF LIME PCH 650L/660,,,60.00,50,120.00%,12,,01/10/2029,D,12
41,03,5,02,1,,,,,0.00,0.0,,,,,,
41,03,6,01,1,20137024,SWEETY DRY X-PERT PANTS 44S  BAG MEDIUM,,,10.00,10,100.00%,8,,01/01/2029,D,8
41,03,6,02,1,,,,,0.00,0.0,,,,,,
41,03,7,01,1,10005482,SUNLIGHT PENCUCI PIRING NEW REF LIME PCH 650L/660,,,24.00,50,48.00%,12,,01/08/2029,D,12
41,03,7,02,1,,,,,0.00,0.0,,,,,,
41,03,8,01,1,20143927,INDOMARET ADULT DIAPERS HAPPY PANTS 3IN1 M PCK 8,,,18.00,18,100.00%,8,,01/09/2028,,1
41,03,8,02,1,20140801,INDOMARET TOILET TISSUE ROLL 8S  BAG,,,9.00,6,150.00%,12,,01/09/2030,,2
41,04,3,01,1,20091575,REXONA DEODORANT ROLL ON WOMEN GLOWING WHITE BTL 40L,,,27.00,96,28.13%,24,,01/07/2029,,2
41,04,3,02,1,20082581,VANISH PENGHILANG NODA CAIR WHITE PCH 450/425L,,,18.00,49,36.73%,12,,01/08/2029,,1
41,04,3,03,0,20081448,ROYALE SOFTENER HOT SUMMER PCH 650/600L,,,11.00,50,22.00%,12,,01/09/2028,L,2
41,04,3,04,0,20090514,GARNIER HAIR COLOR NATURALS 5.32 COKELAT KARAMEL PCK,,,9.00,35,25.71%,96,,01/07/2029,,2
41,04,4,01,1,20137408,SUPER PELL PEMBERSIH LANTAI SAKURA PCH 740/760 ,,,20.00,50,40.00%,12,,01/09/2029,,1
41,04,4,02,1,10014263,WIPOL KARBOL WANGI CEMARA PCH 750L/720,,,20.00,40,50.00%,12,,01/09/2028,S,2
41,04,5,01,1,20061748,DAIA DETERGENT POWDER+SOFTENER VIOLET PASSION PCK 800/725 ,,,40.00,40,100.00%,12,,30/09/2029,,6
41,04,5,02,1,20038184,SOFTEX PEMBALUT DAUN SIRIH 23 FLOW WING PCK 20S,,,18.00,20,90.00%,24,,01/09/2029,,2
41,04,6,01,1,,,,,0.00,0.0,,,,,,
41,04,6,02,1,20014403,BAYCLIN PEMUTIH PAKAIAN REGULER BTL 1000L,,,25.00,40,62.50%,12,,16/09/2028,,1
41,04,7,01,1,10033236,ZWITSAL BABY SABUN MANDI CAIR NATURAL H&B ALOE VERA BTL 200L,,,25.00,85,29.41%,24,,01/01/2029,,1
41,04,7,02,1,20097386,HAPPY NAPPY SMART PANTS 30/28S  PCK LARGE,,,12.00,20,60.00%,8,,01/09/2029,,2
41,04,8,01,1,20086026,GLOW & LOVELY 2 IN 1 POWDER CREAM  TUB 20,,,4.00,60,6.67%,48,CTN,31/08/2028,,1
41,04,8,02,1,20130830,CONFIDENCE ADULT PANTS EXTRA SERAP 8S  BAG LARGE,,,20.00,32,62.50%,8,,01/01/2029,,1
41,05,3,01,1,20125542,KAHF TRIPLE ACTION OIL & COMEDO DEFENSE TUB 100L,,,19.00,132,14.39%,15,,01/08/2029,L,3
41,05,3,02,1,10016785,FORMULA PASTA GIGI ACTION PROTECT/FAMILY TUB 160,,,2.00,32,6.25%,48,CTN,01/09/2029,,2
41,05,3,03,0,10003498,MR.MUSCLE PEMBERSIH KACA SERBAGUNA ORIGINAL BTL 500L,,,10.00,44,22.73%,12,,01/09/2029,,1
41,05,3,04,0,20067034,REGAZZA EAU DE TOILETTE/PARFUM RED PASSIONATE BTL 50L,,,10.00,50,20.00%,48,,01/09/2030,,1
41,05,4,01,1,20055062,SUMBER AYU PEMBERSIH KEWANITAAN DAUN SRIH KY RPT EX.WHITE BTL 90L,,,1.00,85,1.18%,36,CTN,04/09/2029,,1
41,05,4,02,1,20129837,LARISST DETERGENT CAIR SPRING GARDEN PCH 750L,,,84.00,100,84.00%,6,,30/06/2030,,2
41,05,5,01,1,20036047,DAIA DETERGENT POWDER+SOFTENER ROMANTIC PINK PCK 800/725 ,,,34.00,40,85.00%,12,,01/09/2028,,6
41,05,5,02,1,20141956,EKONOMI CAIRAN PENCUCI PIRING NANAS PCH 920,,,66.00,55,120.00%,6,,09/09/2029,,2
41,05,6,01,1,,,,,0.00,0.0,,,,,,
41,05,6,02,1,20140679,INDOMARET FACIAL TISSUE  PCK 380S,,,2.00,10,20.00%,48,CTN,29/09/2026,,2
41,05,7,01,1,20038184,SOFTEX PEMBALUT DAUN SIRIH 23 FLOW WING PCK 20S,,,18.00,20,90.00%,24,,01/09/2028,,2
41,05,7,02,1,20030446,DAIA DETERGENT POWDER PUTIH  PCK 1.5/1.4 ,,,16.00,40,40.00%,6,,01/01/2029,,6
41,05,8,01,1,20012094,ZWITSAL BABY BATH NATURAL PUMP MILK & HONEY BTL 300L,,,1.00,200,0.50%,12,CTN,01/09/2029,,1
41,05,8,02,1,20072924,BABY HAPPY  BABY DIAPERS PANTS 26S  BAG EXTRALARGE,,,24.00,32,75.00%,4,,01/09/2030,D,4
41,06,3,01,1,,,,,0.00,0.0,,,,,,
41,06,3,02,1,20141607,POINT COFFEE TUMBLER STAINLESS  STEEL  PCS 360,,,13.00,266,4.89%,12,,31/08/2029,V,1
41,06,3,03,0,,,,,0.00,0.0,,,,,,
41,06,3,04,0,20062306,REXONA DEODORANT ROLL ON MEN ICE COOL BTL 45L,,,17.00,116,14.66%,24,,01/09/2029,L,2
41,06,4,01,1,20038184,SOFTEX PEMBALUT DAUN SIRIH 23 FLOW WING PCK 20S,,,18.00,20,90.00%,24,,01/09/2029,,2
41,06,4,02,1,20086172,SUNLIGHT PENCUCI PIRING REF HIGIENIS HBTSDA/MND.ORGE PCH 650L/600,,,24.00,50,48.00%,12,,01/07/2029,T,1
41,06,5,01,1,20129837,LARISST DETERGENT CAIR SPRING GARDEN PCH 750L,,,46.00,100,46.00%,6,,30/06/2030,,2
41,06,5,02,1,20136643,PEPSODENT PASTA GIGI STRONG BOX 190,,,9.00,40,22.50%,48,,05/08/2029,,2
41,06,6,01,1,20106821,MOLTO PEWANGI PAKAIAN SPORT FRESH PURPLE PCH 780/765L,,,39.00,50,78.00%,12,,06/03/2028,,2
41,06,6,02,1,10013205,SUNLIGHT PENCUCI PIRING JERUK NIPIS BTL 750L/675,,,60.00,42,142.86%,12,,19/07/2028,L,12
41,06,7,01,1,20141956,EKONOMI CAIRAN PENCUCI PIRING NANAS PCH 920,,,34.00,55,61.82%,6,,09/09/2029,,2
41,06,7,02,1,20125483,POSH MEN DEO ROLL ON ACTIVE SPORT BTL 50L,,,29.00,100,29.00%,24,,01/07/2029,,2
41,06,8,01,1,20137969,INDOMARET UNDERPAD 10S  BAG,,,18.00,12,150.00%,12,,01/01/2029,,2
41,06,8,02,1,10003511,PIERRE CARDIN DEODORANT SPRAY PUTIH KLG 150L,,,5.00,120,4.17%,12,LSN,01/12/2034,,1
41,07,3,01,1,20072673,ZWITSAL BABY BATH NATURAL 2 IN 1 HAIR & BODY BTL 300L,,,25.00,100,25.00%,12,,04/09/2029,,1
41,07,3,02,1,20067359,SUNSILK SHAMPOO HIJAB REFRESH BTL 160L,,,12.00,80,15.00%,36,,31/01/2031,,1
41,07,3,03,0,20040608,ZINC SHAMPOO HAIR FALL TREATMENT GINGSENG BTL 170L,,,10.00,100,10.00%,24,,30/09/2030,,2
41,07,3,04,0,,,,,0.00,0.0,,,,,,
41,07,4,01,1,20012007,DAIA DETERGENT POWDER PUTIH  PCK 800/725 ,,,40.00,40,100.00%,12,,01/06/2029,,2
41,07,4,02,1,20121017,GIV BODY WASH HIJAB SAFFRON & NCNMD PCH 450/400L,,,80.00,91,87.91%,12,,01/09/2029,,1
41,07,5,01,1,20020245,MOLTO PEWANGI PAKAIAN ACTIVE FRESH BLUE PCH 780/765L,,,58.00,50,116.00%,12,,01/09/2029,L,6
41,07,5,02,1,20096641,INDOMARET AIR FRESHENER SWEET ORANGE PCK 50,,,9.00,44,20.45%,48,,01/07/2029,,2
41,07,6,01,1,20061748,DAIA DETERGENT POWDER+SOFTENER VIOLET PASSION PCK 800/725 ,,,23.00,40,57.50%,12,,09/09/2029,,6
41,07,6,02,1,20101095,SO KLIN PEMBERSIH LANTAI REFILL SEREH&GERANIUM PCH 770L/760,,,14.00,50,28.00%,12,,01/09/2029,,2
41,07,7,01,1,20108881,GENKI MOKO MOKO PANTS 34/32S  BAG MEDIUM,,,18.00,12,150.00%,6,,01/09/2029,,1
41,07,7,02,1,20020245,MOLTO PEWANGI PAKAIAN ACTIVE FRESH BLUE PCH 780/765L,,,26.00,50,52.00%,12,,26/10/2029,L,6
41,07,8,01,1,20103617,LIFEBUOY ANTIBACTERIAL HANDWASH TOTAL 10 BTL 200L,,,3.00,119,2.52%,12,CTN,01/09/2029,,1
41,07,8,02,1,20053690,NIVEA DEO ROLL ON EXTRA WHITENING BTL 50L,,,5.00,194,2.58%,24,CTN,04/09/2029,,2
41,08,3,01,1,,,,,0.00,0.0,,,,,,
41,08,3,02,1,20036893,INDOMARET SIKAT GIGI ULTRA CLEAN MEDIUM PCS,,,16.00,72,22.22%,72,,01/09/2030,,2
41,08,3,03,0,,,,,0.00,0.0,,,,,,
41,08,3,04,0,20123812,EKONOMI PENCUCI PIRING POWER LIQUID SEREH PCH 650L/675,,,25.00,60,41.67%,12,,01/08/2029,L,6
41,08,4,01,1,20092331,EKONOMI PENCUCI PIRING POWER LIQUID JERUK NIPIS PCH 650/675 ,,,50.00,60,83.33%,12,,01/09/2029,S,12
41,08,4,02,1,20064414,KAO ATTACK DETERGENT POWDER JAZ 1 PESONA SEGAR BAG 1.4/1.3 ,,,33.00,33,100.00%,6,,01/09/2029,,2
41,08,5,01,1,20112491,SUNLIGHT PENCUCI PIRING (NEW) LIME PCH 1L/910L,,,44.00,44,100.00%,6,,01/10/2029,S,6
41,08,5,02,1,20092331,EKONOMI PENCUCI PIRING POWER LIQUID JERUK NIPIS PCH 650/675 ,,,50.00,60,83.33%,12,,01/09/2029,S,12
41,08,6,01,1,20036047,DAIA DETERGENT POWDER+SOFTENER ROMANTIC PINK PCK 800/725 ,,,35.00,40,87.50%,12,,01/09/2029,,6
41,08,6,02,1,20139878,STATIONARY ROLL STAMP CUTE CARACTER  PCS,,,648.00,500,129.60%,1,,08/10/2028,I,1
41,08,7,01,1,20020226,MOLTO PEWANGI PAKAIAN HIJAB SOFT & FRESH PINK PCH 780/765L,,,36.00,50,72.00%,12,,14/10/2029,,6
41,08,7,02,1,20062312,REXONA DEODORANT ROLL ON WOMEN INVISIBLE DRY BTL 45L,,,1.00,120,0.83%,24,CTN,31/08/2028,,1
41,08,8,01,1,20140873,INDOMARET JAS HUJAN DISPOSABLE SETELAN DEWASA PCK,,,17.00,1000,1.70%,240,,30/06/2029,L,2
41,08,8,02,1,20131300,LAURIER PEMBALUT NATURAL CLEAN 30 WING PCK 16S,,,5.00,18,27.78%,18,CTN,30/09/2029,,1
41,09,3,01,1,20105573,STELLA AIR FRESHENER MATIC REFILL JAPANESE SAKURA KLG 225/160L,,,12.00,108,11.11%,12,,01/09/2029,,1
41,09,3,02,1,,,,,0.00,0.0,,,,,,
41,09,3,03,0,,,,,0.00,0.0,,,,,,
41,09,3,04,0,20092400,REXONA DEODORANT ROLL ON WOMEN DREAMY WHT/BRGH BTL 40L,,,10.00,160,6.25%,24,,01/09/2029,,2
41,09,4,01,1,20041257,MAMY POKO BABY DIAPERS STANDAR 24S TIPE PEREKAT PCK SMALL,,,39.00,42,92.86%,6,,01/09/2029,L,2
41,09,4,02,1,20121364,SO SOFT DETERJEN CAIR SWEET BOUQUET/ SAKURA BLOSSOM BTL 700 ,,,60.00,128,46.88%,6,,01/09/2029,,6
41,09,5,01,1,20038184,SOFTEX PEMBALUT DAUN SIRIH 23 FLOW WING PCK 20S,,,13.00,20,65.00%,24,,25/09/2029,,2
41,09,5,02,1,,,,,0.00,0.0,,,,,,
41,09,6,01,1,20069546,INDOMARET DIAPERS ADULT 8S LEAK GUARD BAG MEDIUM,,,5.00,10,50.00%,12,,01/09/2029,L,1
41,09,6,02,1,20087203,CUSSONS BABY WIPES BLBRY/FRSH&NRSH PCK 2/345S,,,38.00,45,84.44%,12,,01/07/2029,L,2
41,09,7,01,1,20136124,EKONOMI PENCUCI PIRING LIQUID NATURAL NANAS&JERUK NPS PCH 650L/675,,,29.00,50,58.00%,12,,01/09/2029,S,12
41,09,7,02,1,20133708,SOFTEX PEMBALUT WANITA COMFORT 29 NIGHT WING PCK 20/18S,,,14.00,70,20.00%,24,,01/01/2029,,2
41,09,8,01,1,20144100,CHARM PEMBALUT DAUN SIRIH MAXI 26S NON WING PCK 23,,,15.00,15,100.00%,24,CTN,30/09/2029,,1
41,09,8,02,1,20139565,MY BABY LOTION TELON PLUS EUCALYPTUS TUB 50,,,1.00,60,1.67%,48,CTN,28/02/2029,,1
42,01,3,01,1,,,,,0.00,0.0,,,,,,
42,01,3,02,1,,,,,0.00,0.0,,,,,,
42,01,3,03,0,,,,,0.00,0.0,,,,,,
42,01,3,04,0,,,,,0.00,0.0,,,,,,
42,01,4,01,1,,,,,0.00,0.0,,,,,,
42,01,4,02,1,,,,,0.00,0.0,,,,,,
42,01,5,01,1,,,,,0.00,0.0,,,,,,
42,01,5,02,1,10005482,SUNLIGHT PENCUCI PIRING NEW REF LIME PCH 650L/660,,,60.00,50,120.00%,12,,01/10/2029,D,12
42,01,6,01,1,,,,,0.00,0.0,,,,,,
42,01,6,02,1,,,,,0.00,0.0,,,,,,
42,01,7,01,1,,,,,0.00,0.0,,,,,,
42,01,7,02,1,,,,,0.00,0.0,,,,,,
42,01,8,01,1,,,,,0.00,0.0,,,,,,
42,01,8,02,1,,,,,0.00,0.0,,,,,,
42,02,3,01,1,20136932,CITRA BODY LOTION PERFECT BRIGHT BENGKOANG BTL 210L,,,8.00,60,13.33%,24,,01/09/2029,L,1
42,02,3,02,1,20128919,MOLTO SOFTENER PURE PCH 650/550L,,,12.00,50,24.00%,12,,26/12/2027,,2
42,02,3,03,0,,,,,0.00,0.0,,,,,,
42,02,3,04,0,20109454,SO KLIN DETERGENT LIQUID SCARLET BLOSSOM PCH 1650/1450,,,15.00,50,30.00%,6,,01/09/2029,,1
42,02,4,01,1,20112491,SUNLIGHT PENCUCI PIRING (NEW) LIME PCH 1L/910L,,,44.00,44,100.00%,6,,01/09/2028,S,6
42,02,4,02,1,20030446,DAIA DETERGENT POWDER PUTIH  PCK 1.5/1.4 ,,,48.00,40,120.00%,6,,01/09/2029,,6
42,02,5,01,1,20136124,EKONOMI PENCUCI PIRING LIQUID NATURAL NANAS&JERUK NPS PCH 650L/675,,,50.00,50,100.00%,12,,01/01/2029,S,12
42,02,5,02,1,,,,,0.00,0.0,,,,,,
42,02,6,01,1,20105673,PASEO WET TISSUE BELI 1 GRATIS 1  PCK 225,,,28.00,60,46.67%,18,,01/09/2029,,2
42,02,6,02,1,10005482,SUNLIGHT PENCUCI PIRING NEW REF LIME PCH 650L/660,,,41.00,50,82.00%,12,,19/08/2029,D,12
42,02,7,01,1,,,,,0.00,0.0,,,,,,
42,02,7,02,1,,,,,0.00,0.0,,,,,,
42,02,8,01,1,,,,,0.00,0.0,,,,,,
42,02,8,02,1,20140679,INDOMARET FACIAL TISSUE  PCK 380S,,,6.00,10,60.00%,48,,16/09/2028,,2
42,03,3,01,1,20123812,EKONOMI PENCUCI PIRING POWER LIQUID SEREH PCH 650L/675,,,19.00,60,31.67%,12,,01/09/2029,L,6
42,03,3,02,1,,,,,0.00,0.0,,,,,,
42,03,3,03,0,,,,,0.00,0.0,,,,,,
42,03,3,04,0,,,,,0.00,0.0,,,,,,
42,03,4,01,1,20135849,LARISST DETERGENT CAIR SUMMER BREEZE BTL 700L,,,80.00,80,100.00%,6,,01/07/2029,,2
42,03,4,02,1,20112491,SUNLIGHT PENCUCI PIRING (NEW) LIME PCH 1L/910L,,,44.00,44,100.00%,6,,01/01/2029,S,6
42,03,5,01,1,,,,,0.00,0.0,,,,,,
42,03,5,02,1,20139609,RINSO DETERJEN POWDER ANTI NODA JAPANESE PEACH BAG 1440,,,13.00,29,44.83%,6,,16/08/2028,,1
42,03,6,01,1,20140872,SWEETY DRY X-PERT PANTS 32S  BAG EXTRALARGE,,,10.00,10,100.00%,8,,14/09/2029,L,2
42,03,6,02,1,20099424,MAMA LIME LIQUID PENCUCI PIRING CHARCOAL PCH 690/650 ,,,25.00,50,50.00%,12,,01/08/2029,L,6
42,03,7,01,1,20140873,INDOMARET JAS HUJAN DISPOSABLE SETELAN DEWASA PCK,,,5.00,1000,0.50%,240,,04/07/2028,L,2
42,03,7,02,1,10005482,SUNLIGHT PENCUCI PIRING NEW REF LIME PCH 650L/660,,,29.00,50,58.00%,12,,01/08/2029,D,12
42,03,8,01,1,,,,,0.00,0.0,,,,,,
42,03,8,02,1,,,,,0.00,0.0,,,,,,
42,04,3,01,1,,,,,0.00,0.0,,,,,,
42,04,3,02,1,20107742,INDOMARET TAS RAMAH LINGKUNGAN KECIL PCS 40X30,,,360.00,600,60.00%,12,LSN,29/09/2026,S,12
42,04,3,03,0,20031215,KAO BIORE BODY FOAM REFILL LIVELY REFRESH PCH 450/400L,,,24.00,74,32.43%,12,,01/06/2029,L,2
42,04,3,04,0,20123812,EKONOMI PENCUCI PIRING POWER LIQUID SEREH PCH 650L/675,,,10.00,60,16.67%,12,,01/09/2029,L,6
42,04,4,01,1,20140804,SO KLIN DETERGENT POWDER EAU DE PARFUM FLEURS BLANCHES PCK 1.3 K,,,40.00,40,100.00%,6,,19/09/2029,,2
42,04,4,02,1,20090067,SUNLIGHT PENCUCI PIRING REF LME&MNT ANT BAU PCH 650L/600,,,28.00,50,56.00%,12,,01/01/2029,,2
42,04,5,01,1,20139609,RINSO DETERJEN POWDER ANTI NODA JAPANESE PEACH BAG 1440,,,15.00,29,51.72%,6,,16/08/2028,,1
42,04,5,02,1,20136124,EKONOMI PENCUCI PIRING LIQUID NATURAL NANAS&JERUK NPS PCH 650L/675,,,50.00,50,100.00%,12,,01/01/2030,S,12
42,04,6,01,1,20136124,EKONOMI PENCUCI PIRING LIQUID NATURAL NANAS&JERUK NPS PCH 650L/675,,,50.00,50,100.00%,12,,01/01/2029,S,12
42,04,6,02,1,20131788,MAMA LEMON CAIRAN PENCUCI PIRING JERUK NIPIS PCH 950/920 ,,,55.00,55,100.00%,6,,01/09/2029,S,6
42,04,7,01,1,20123812,EKONOMI PENCUCI PIRING POWER LIQUID SEREH PCH 650L/675,,,22.00,60,36.67%,12,,01/08/2029,L,6
42,04,7,02,1,20069547,INDOMARET DIAPERS ADULT 7S LEAK GUARD BAG LARGE,,,10.00,10,100.00%,12,,01/07/2028,L,2
42,04,8,01,1,20034450,MAMA LEMON LIQUID PENCUCI PIRING JERUK NIPIS PCH 690/650 ,,,26.00,60,43.33%,12,,01/01/2029,E,12
42,04,8,02,1,20072924,BABY HAPPY  BABY DIAPERS PANTS 26S  BAG EXTRALARGE,,,24.00,32,75.00%,4,,01/09/2029,D,4
42,05,3,01,1,20135856,POSH DEO ROLL ON HIJAB CHIC REFRESHING COOL BTL 50L,,,15.00,112,13.39%,24,,01/07/2029,,2
42,05,3,02,1,20131028,ZINC SHAMPOO A/K ACTIVE FRESH LEMON MINT BTL 340L,,,15.00,112,13.39%,12,,01/06/2029,,1
42,05,3,03,0,20138071,KISPRAY PELICIN PAKAIAN  FINE PERFUME KASTURI SUCI PCH 280L,,,10.00,65,15.38%,24,,24/08/2027,,2
42,05,3,04,0,10023003,GLADE AIR FRESHENER ONE FOR ALL PEONY&BERY BLIS PCK 70+15,,,7.00,60,11.67%,24,,24/08/2029,,2
42,05,4,01,1,20131788,MAMA LEMON CAIRAN PENCUCI PIRING JERUK NIPIS PCH 950/920 ,,,55.00,55,100.00%,6,,01/09/2029,S,6
42,05,4,02,1,20112491,SUNLIGHT PENCUCI PIRING (NEW) LIME PCH 1L/910L,,,44.00,44,100.00%,6,,25/09/2028,S,6
42,05,5,01,1,20065462,CONFIDENCE ADULT DIAPERS CLASIC NIGHT 6S  BAG EXTRALARGE,,,15.00,10,150.00%,12,,01/06/2029,L,2
42,05,5,02,1,20106821,MOLTO PEWANGI PAKAIAN SPORT FRESH PURPLE PCH 780/765L,,,50.00,50,100.00%,12,,01/01/2029,,2
42,05,6,01,1,20137408,SUPER PELL PEMBERSIH LANTAI SAKURA PCH 740/760 ,,,17.00,50,34.00%,12,,01/07/2029,,1
42,05,6,02,1,20107240,EKONOMI PENCUCI PIRING POWER LIQUID SIWAK&JRK LIMAU PCH 650L/675,,,60.00,50,120.00%,12,,01/08/2029,,12
42,05,7,01,1,20136124,EKONOMI PENCUCI PIRING LIQUID NATURAL NANAS&JERUK NPS PCH 650L/675,,,35.00,50,70.00%,12,,01/01/2030,S,12
42,05,7,02,1,20093919,INDOMARET MULTI PURPOSE CLEANER  BTL 400L,,,33.00,64,51.56%,12,,01/09/2029,,1
42,05,8,01,1,20020128,NICE FACIAL TISSUE 250S NON PERFUMED BAG,,,11.00,10,110.00%,36,,26/09/2031,L,3
42,05,8,02,1,20126742,SWEETY DIAPER SILVER COMFORT 40S  BAG NB-S,,,15.00,20,75.00%,8,,01/09/2029,L,1
42,06,3,01,1,10023002,GLADE AIR FRESHENER ONE F/ALL ARMTRP EXOTIC FLOWERS PCK 70,,,10.00,60,16.67%,24,,24/08/2029,,2
42,06,3,02,1,20138273,LARISST BABY WIPES AQUA FRESH BDD 250,,,6.00,80,7.50%,18,CTN,01/09/2029,,2
42,06,3,03,0,,,,,0.00,0.0,,,,,,
42,06,3,04,0,20113805,KODOMO BODY WASH ORANGE BTL 200L,,,10.00,90,11.11%,24,,01/09/2029,,1
42,06,4,01,1,20061748,DAIA DETERGENT POWDER+SOFTENER VIOLET PASSION PCK 800/725 ,,,40.00,40,100.00%,12,,01/09/2028,,6
42,06,4,02,1,,,,,0.00,0.0,,,,,,
42,06,5,01,1,20092331,EKONOMI PENCUCI PIRING POWER LIQUID JERUK NIPIS PCH 650/675 ,,,50.00,60,83.33%,12,,01/01/2030,S,12
42,06,5,02,1,20130848,SOFTEX PEMBALUT DAUN SIRIH 42 SLIM WING PCK 8S,,,17.00,30,56.67%,30,,01/06/2029,T,1
42,06,6,01,1,20136124,EKONOMI PENCUCI PIRING LIQUID NATURAL NANAS&JERUK NPS PCH 650L/675,,,50.00,50,100.00%,12,,04/09/2030,S,12
42,06,6,02,1,10010480,SUPER PELL PEMBERSIH LANTAI FRESH APPLE PCH 760 ,,,30.00,60,50.00%,12,,26/09/2028,,2
42,06,7,01,1,20028779,INDOMARET KARBOL WANGI (BR)  PCH 800/650L,,,30.00,40,75.00%,12,,02/09/2029,,1
42,06,7,02,1,10036092,LAURIER PEMBALUT RELAX NIGHT 35 WITH GATHERS WG PCK 8S,,,9.00,27,33.33%,18,,16/09/2029,,1
42,06,8,01,1,20126742,SWEETY DIAPER SILVER COMFORT 40S  BAG NB-S,,,15.00,20,75.00%,8,,01/09/2029,L,1
42,06,8,02,1,20113083,TESSA FACIAL TISSUE TP06 BUY 1 GET 1 SOFT PACK 2 PLY BDD 2200,,,15.00,55,27.27%,20,,01/09/2031,,2
42,07,3,01,1,20095875,MAMY POKO PANTS STANDAR 28S TIDAK GEMBUNG PCK LARGE,,,6.00,18,33.33%,6,CTN,30/09/2029,L,6
42,07,3,02,1,20070383,PONDS PELEMBAB WJH DAY CRM NRML SKN/ NIASORCINOL TUB 20,,,1.00,147,0.68%,48,CTN,31/05/2028,,1
42,07,3,03,0,10000451,CLOSE UP PASTA GIGI GEL GREEN MENTHOL FRESH TUB 65,,,30.00,110,27.27%,48,,31/10/2030,,4
42,07,3,04,0,20072673,ZWITSAL BABY BATH NATURAL 2 IN 1 HAIR & BODY BTL 300L,,,30.00,100,30.00%,12,,04/09/2029,,1
42,07,4,01,1,20123812,EKONOMI PENCUCI PIRING POWER LIQUID SEREH PCH 650L/675,,,50.00,60,83.33%,12,,01/09/2028,L,6
42,07,4,02,1,20092331,EKONOMI PENCUCI PIRING POWER LIQUID JERUK NIPIS PCH 650/675 ,,,50.00,60,83.33%,12,,07/09/2030,S,12
42,07,5,01,1,20112491,SUNLIGHT PENCUCI PIRING (NEW) LIME PCH 1L/910L,,,38.00,44,86.36%,6,,01/09/2028,S,6
42,07,5,02,1,20070383,PONDS PELEMBAB WJH DAY CRM NRML SKN/ NIASORCINOL TUB 20,,,1.00,147,0.68%,48,CTN,31/05/2028,,1
42,07,6,01,1,10004067,MAMA LEMON LIQUID PENCUCI PIRING EKSTRAK LEMON PCH 690/650 ,,,60.00,60,100.00%,12,,01/09/2029,S,6
42,07,6,02,1,20103709,SWEETY SILVER MAX PROTECT. PANT BABY  18/18+4S PCK XXL,,,5.00,8,62.50%,16,,06/07/2029,,1
42,07,7,01,1,20131788,MAMA LEMON CAIRAN PENCUCI PIRING JERUK NIPIS PCH 950/920 ,,,55.00,55,100.00%,6,,01/09/2029,S,6
42,07,7,02,1,20110812,ZWITSAL BABY BATH HAIR & BODY ANTIBACTERIAL PCH 450/400L,,,10.00,65,15.38%,12,CTN,07/03/2029,,1
42,07,8,01,1,20034036,PASEO SMART FACIAL TISSUE SOFT 540/720PLY  PCK,,,9.00,10,90.00%,40,,29/09/2031,,2
42,07,8,02,1,20113083,TESSA FACIAL TISSUE TP06 BUY 1 GET 1 SOFT PACK 2 PLY BDD 2200,,,15.00,55,27.27%,20,,01/09/2031,,2
42,08,3,01,1,20136689,PEPSODENT SIKAT GIGI GENTLE CARE 3S  PCK SOFT,,,10.00,52,19.23%,24,,01/09/2029,,1
42,08,3,02,1,20141728,PEPSODENT PASTA GIGI SENSITIVE EXPERT WHITENING PCS 60,,,10.00,34,29.41%,36,,01/09/2029,,1
42,08,3,03,0,20105573,STELLA AIR FRESHENER MATIC REFILL JAPANESE SAKURA KLG 225/160L,,,18.00,108,16.67%,12,,01/06/2029,,1
42,08,3,04,0,,,,,0.00,0.0,,,,,,
42,08,4,01,1,10037140,MUSTIKA RATU MINYAK ZAITUN  BTL 175L,,,4.00,135,2.96%,12,BOX,01/09/2029,,1
42,08,4,02,1,10037140,MUSTIKA RATU MINYAK ZAITUN  BTL 175L,,,11.00,135,8.15%,12,BOX,01/09/2029,,1
42,08,5,01,1,20037216,KODOMO SIKAT GIGI PRO KIDS 2 IN 1 NO.2 PCK,,,6.00,80,7.50%,12,CTN,01/09/2029,,1
42,08,5,02,1,20040608,ZINC SHAMPOO HAIR FALL TREATMENT GINGSENG BTL 170L,,,34.00,100,34.00%,24,,31/05/2029,,2
42,08,6,01,1,20120421,TARO SNACK NET POTATO BARBEQUE PCK 115,,,48.00,9,533.33%,16,,01/09/2029,,2
42,08,6,02,1,20131788,MAMA LEMON CAIRAN PENCUCI PIRING JERUK NIPIS PCH 950/920 ,,,55.00,55,100.00%,6,,01/09/2029,S,6
42,08,7,01,1,20038184,SOFTEX PEMBALUT DAUN SIRIH 23 FLOW WING PCK 20S,,,18.00,20,90.00%,24,CTN,28/09/2029,,2
42,08,7,02,1,10004664,ALEXANDER DEODORANT SPRAY HITAM KLG 3.7 OZ,,,1.00,126,0.79%,12,LSN,01/09/2029,,1
42,08,8,01,1,20137312,LISTERINE MOUTHWASH ANTISEPTIC SAKURA & PEACH BTL 250L,,,2.00,55,3.64%,24,CTN,04/09/2029,,1
42,08,8,02,1,20023765,FORMULA SIKAT GIGI FLIP MOBILE ORAL CARE PCK,,,4.00,98,4.08%,24,CTN,01/09/2029,,2
42,09,3,01,1,20092400,REXONA DEODORANT ROLL ON WOMEN DREAMY WHT/BRGH BTL 40L,,,56.00,160,35.00%,24,,01/08/2028,,2
42,09,3,02,1,20107742,INDOMARET TAS RAMAH LINGKUNGAN KECIL PCS 40X30,,,4.00,600,0.67%,12,LSN,29/09/2026,S,12
42,09,3,03,0,,,,,0.00,0.0,,,,,,
42,09,3,04,0,20139972,GLAD2GLOW BODY SERUM CREAMY BERRY TUB 180,,,7.00,32,21.88%,48,,31/07/2030,,1
42,09,4,01,1,20113402,KAHF SKIN FACE WASH ENERGZNG&BRIGHT TUB 100L,,,132.00,138,95.65%,15,,01/01/2029,D,5
42,09,4,02,1,20112491,SUNLIGHT PENCUCI PIRING (NEW) LIME PCH 1L/910L,,,44.00,44,100.00%,6,,01/09/2028,S,6
42,09,5,01,1,20122856,CASABLANCA BODY MIST COLOGNE FEMME ROMANTIC BTL 100L,,,66.00,672,9.82%,12,,31/08/2030,,2
42,09,5,02,1,20131788,MAMA LEMON CAIRAN PENCUCI PIRING JERUK NIPIS PCH 950/920 ,,,54.00,55,98.18%,6,,11/09/2029,S,6
42,09,6,01,1,10007389,SO KLIN PEWANGI PAKAIAN REFILL PINK PCH 800/780L,,,50.00,50,100.00%,12,,04/09/2029,L,12
42,09,6,02,1,20085113,RINSO DETERJEN POWDER + MOLTO PERFUME ESSENCE BAG 770/700,,,40.00,40,100.00%,12,,01/09/2028,,2
42,09,7,01,1,20064413,KAO ATTACK DETERGENT POWDER JAZ 1 SEMERBAK CINTA BAG 1.4/1.3 ,,,27.00,33,81.82%,6,,17/09/2029,S,6
42,09,7,02,1,20131788,MAMA LEMON CAIRAN PENCUCI PIRING JERUK NIPIS PCH 950/920 ,,,39.00,55,70.91%,6,,01/09/2029,S,6
42,09,8,01,1,20141251,MAMY POKO PANTS EXTRA KERING 20+2S  PCK XXXL,,,19.00,100,19.00%,4,,15/09/2029,,2
42,09,8,02,1,20140801,INDOMARET TOILET TISSUE ROLL 8S  BAG,,,9.00,6,150.00%,12,,01/09/2029,,2
43,01,3,01,1,,,,,0.00,0.0,,,,,,
43,01,3,02,1,,,,,0.00,0.0,,,,,,
43,01,3,03,0,,,,,0.00,0.0,,,,,,
43,01,3,04,0,,,,,0.00,0.0,,,,,,
43,01,4,01,1,,,,,0.00,0.0,,,,,,
43,01,4,02,1,,,,,0.00,0.0,,,,,,
43,01,5,01,1,,,,,0.00,0.0,,,,,,
43,01,5,02,1,,,,,0.00,0.0,,,,,,
43,01,6,01,1,,,,,0.00,0.0,,,,,,
43,01,6,02,1,,,,,0.00,0.0,,,,,,
43,01,7,01,1,,,,,0.00,0.0,,,,,,
43,01,7,02,1,,,,,0.00,0.0,,,,,,
43,01,8,01,1,,,,,0.00,0.0,,,,,,
43,01,8,02,1,,,,,0.00,0.0,,,,,,
43,02,3,01,1,,,,,0.00,0.0,,,,,,
43,02,3,02,1,,,,,0.00,0.0,,,,,,
43,02,3,03,0,,,,,0.00,0.0,,,,,,
43,02,3,04,0,,,,,0.00,0.0,,,,,,
43,02,4,01,1,,,,,0.00,0.0,,,,,,
43,02,4,02,1,,,,,0.00,0.0,,,,,,
43,02,5,01,1,,,,,0.00,0.0,,,,,,
43,02,5,02,1,20136451,NESCAFE KOPI INSTANT ICE ROAST AMERICANO PCK 10X2,,,132.00,144,91.67%,30,,01/07/2028,D,5
43,02,6,01,1,,,,,0.00,0.0,,,,,,
43,02,6,02,1,20140181,KAPAL API KOPI BUBUK SPECIAL MERAH  PCK 250,,,25.00,50,50.00%,9,,01/08/2027,,1
43,02,7,01,1,,,,,0.00,0.0,,,,,,
43,02,7,02,1,,,,,0.00,0.0,,,,,,
43,02,8,01,1,,,,,0.00,0.0,,,,,,
43,02,8,02,1,,,,,0.00,0.0,,,,,,
43,03,3,01,1,10004331,LA FONTE SPAGHETTI (11)  PCK 450,,,8.00,69,11.59%,20,,05/06/2027,,1
43,03,3,02,1,20133709,POLARIS SOFT DRINK SARSAPARILA KLG 330L,,,6.00,63,9.52%,24,CTN,04/07/2028,,8
43,03,3,03,0,20139960,EJ SPORT SUPLEMEN GO EXTRA LEVEL ORANGE BOX 250L,,,15.00,120,12.50%,30,CTN,05/07/2028,,1
43,03,3,04,0,20138464,OREO BISCUIT SANDWICH ORIGINAL PCK 147.2/140,,,12.00,85,14.12%,24,,01/09/2027,S,8
43,03,4,01,1,20099955,OISHI PANCHOS KERIPIK JAGUNG SAPI PANGGANG PCK 140,,,21.00,35,60.00%,16,,11/03/2027,,2
43,03,4,02,1,20136282,MILKITA MILK LOLLIPOP 3S ASSORTED PCK 25.5,,,8.00,64,12.50%,60,,01/07/2027,,2
43,03,5,01,1,20137314,CAP LANG MINYAK TELON LANG NATURAL BTL 150L,,,2.00,192,1.04%,6,LSN,31/07/2031,,1
43,03,5,02,1,20119460,POTABEE SNACK POTATO CHIPS GRILLED SEAWEED PCK 120/115,,,14.00,21,66.67%,18,,31/03/2027,,2
43,03,6,01,1,20099955,OISHI PANCHOS KERIPIK JAGUNG SAPI PANGGANG PCK 140,,,21.00,35,60.00%,16,,11/03/2027,,2
43,03,6,02,1,20115505,DILAN CHOCO  CRUNCHY CARAMEL  PCH 95,,,6.00,50,12.00%,20,CTN,04/09/2027,,2
43,03,7,01,1,20016246,POP MIE MI INSTAN MINI / SNEK TIME BASO SAPI CUP 38,,,15.00,110,13.64%,12,CTN,15/05/2027,,6
43,03,7,02,1,20119460,POTABEE SNACK POTATO CHIPS GRILLED SEAWEED PCK 120/115,,,14.00,21,66.67%,18,,31/03/2027,,2
43,03,8,01,1,20097774,JAPOTA POTATO CHIPS UM.JPNS SEAWEED PCK 68/65,,,18.00,10,180.00%,30,,01/04/2027,,2
43,03,8,02,1,20097776,JAPOTA POTATO CHIPS HP.HONEY BUTTER PCK 68/65,,,15.00,14,107.14%,30,,08/05/2027,L,2
43,04,3,01,1,20021340,LOTTE CHEWING GUM S/F XYLITOL BLUBERI MINT BTL 26.1,,,7.00,300,2.33%,12,BOX,05/09/2027,,12
43,04,3,02,1,20065041,PORORO MINUMAN BERPERISA BLUEBERRY BTL 235L,,,7.00,65,10.77%,24,CTN,20/06/2027,S,2
43,04,3,03,0,10000425,CAP LANG MINYAK KAYU PUTIH  BTL 60L,,,5.00,480,1.04%,12,LSN,30/08/2031,S,4
43,04,3,04,0,20134698,SUN MARIE BISCUIT BAYI KEJU PCK 80,,,7.00,60,11.67%,40,,01/06/2028,,2
43,04,4,01,1,20016240,FOXS CANDY CRYSTAL CLEAR BERRIES PCK 90/80,,,33.00,78,42.31%,24,,01/11/2027,,2
43,04,4,02,1,20140912,SIDO MUNCUL JAMU TOLAK ANGIN CAIR + MADU  SCT 15L,,,2.00,60,3.33%,360,CTN,01/07/2028,,6
43,04,5,01,1,20023148,DUA KELINCI SNACK PILUS TIC TAC SAPI PANGGANG PCK 80,,,14.00,27,51.85%,50,CTN,01/08/2027,L,10
43,04,5,02,1,20036200,SPRITE SOFT DRINK  PET 1L,,,33.00,33,100.00%,12,CTN,31/03/2027,S,12
43,04,6,01,1,20143172,PIATTOS SNACK KENTANG RUMPUT LAUT PCK 115,,,14.00,20,70.00%,16,,16/07/2027,,1
43,04,6,02,1,20119437,POTABEE SNACK POTATO CHIPS BEEF BBQ PCK 120/115,,,14.00,14,100.00%,18,,24/03/2027,L,2
43,04,7,01,1,20121350,5 DAYS MINI CROISSANT CHOCOLATE PCK 128,,,11.00,20,55.00%,20,,13/02/2027,,2
43,04,7,02,1,20119460,POTABEE SNACK POTATO CHIPS GRILLED SEAWEED PCK 120/115,,,14.00,21,66.67%,18,,31/03/2027,,2
43,04,8,01,1,20097774,JAPOTA POTATO CHIPS UM.JPNS SEAWEED PCK 68/65,,,18.00,10,180.00%,30,,01/04/2027,,2
43,04,8,02,1,10022118,SUN KARA SANTAN KELAPA SIAP PAKAI  PCK 65L,,,5.00,192,2.60%,36,CTN,02/09/2027,L,12
43,05,3,01,1,20097776,JAPOTA POTATO CHIPS HP.HONEY BUTTER PCK 68/65,,,6.00,14,42.86%,30,,04/05/2027,L,2
43,05,3,02,1,20036198,COCA COLA SOFT DRINK ZERO  PET 1L,,,9.00,33,27.27%,12,CTN,31/03/2027,L,12
43,05,3,03,0,20068906,FRISIAN FLAG SUSU KENTAL MANIS COKELAT PCH 535,,,50.00,50,100.00%,24,CTN,05/05/2027,D,12
43,05,3,04,0,20087344,INDOMARET KACANG KORO KULIT  PCK 170,,,10.00,50,20.00%,20,,14/09/2027,,2
43,05,4,01,1,20016240,FOXS CANDY CRYSTAL CLEAR BERRIES PCK 90/80,,,78.00,78,100.00%,24,,01/11/2027,,2
43,05,4,02,1,20037144,KAKI TIGA LARUTAN PENYEGAR LECI KLG 320L,,,8.00,63,12.70%,24,CTN,30/09/2029,S,4
43,05,5,01,1,20112371,GADJAH KOPI TUBRUK ASLI  PCK 138,,,10.00,48,20.83%,20,,04/08/2027,,2
43,05,5,02,1,20012951,PUSH POP CANDY REAL FRUIT JUICE  PCS 14,,,3.00,36,8.33%,400,CTN,04/01/2028,L,20
43,05,6,01,1,20128821,COCA COLA SOFT DRINK ZERO SUGAR PET 390L,,,4.00,104,3.85%,12,CTN,31/03/2027,,12
43,05,6,02,1,20052860,PRINGLES POTATO CRISPS SOURCREAM&ONION KLG 42,,,5.00,153,3.27%,12,CTN,31/08/2027,,4
43,05,7,01,1,20097776,JAPOTA POTATO CHIPS HP.HONEY BUTTER PCK 68/65,,,12.00,14,85.71%,30,,08/04/2027,L,2
43,05,7,02,1,20140674,SEDAAP MIE MIE INSTANT AYAM BAWANG PCK 5X71,,,12.00,40,30.00%,8,CTN,31/05/2027,S,8
43,05,8,01,1,20040891,AJINOMOTO MAYONNAISE MAYUMI  PCK 100,,,2.00,114,1.75%,40,CTN,04/07/2027,,2
43,05,8,02,1,10007775,AJINOMOTO BUMBU NASI GORENG SAJIKU AYAM PCK 20,,,1.00,44,2.27%,200,CTN,04/09/2027,,2
43,06,3,01,1,20124472,SENSITIF KONDOM VIVO 0.03  BOX 3S,,,48.00,2880,1.67%,1,PCS,04/09/2029,,1
43,06,3,02,1,20128248,INDOFOOD TEPUNG BUMBU RACIK SERBAGUNA PCK 210,,,9.00,60,15.00%,24,,30/09/2027,,1
43,06,3,03,0,10000210,BLUE BAND MARGARINE SERBAGUNA (35621)  CUP 250/30,,,4.00,24,16.67%,48,CTN,26/09/2027,,2
43,06,3,04,0,20052734,LOTTE MINUMAN BERSODA MILKIS MELON KLG 250L,,,3.00,55,5.45%,30,CTN,31/07/2028,,1
43,06,4,01,1,20048348,PUCUK HARUM MINUMAN TEH LESS SUGAR BTL 500L,,,72.00,72,100.00%,12,CTN,01/07/2027,S,2
43,06,4,02,1,20112371,GADJAH KOPI TUBRUK ASLI  PCK 138,,,12.00,48,25.00%,20,,04/08/2027,,2
43,06,5,01,1,20062867,MORINAGA MINUMAN SUSU STERIL CHIL GO STRAWBERRY BTL 140L,,,5.00,60,8.33%,36,CTN,24/05/2027,,2
43,06,5,02,1,20138837,MIZONE MINUMAN ISOTONIK COCO BOOST BTL 500L,,,22.00,72,30.56%,12,CTN,29/08/2027,L,4
43,06,6,01,1,20134633,INDOMARET CHOCOLATE MEISIS MIX PCK 200,,,25.00,40,62.50%,40,,05/08/2027,,1
43,06,6,02,1,20112450,INDOMARET COKLAT MEISIS  PCK 200,,,20.00,50,40.00%,40,,05/09/2027,,1
43,06,7,01,1,20097776,JAPOTA POTATO CHIPS HP.HONEY BUTTER PCK 68/65,,,12.00,14,85.71%,30,,04/04/2027,L,2
43,06,7,02,1,20080459,INDOMARET KACANG KULIT  PCK 180,,,10.00,20,50.00%,40,,01/09/2027,,2
43,06,8,01,1,10000341,DUA KELINCI KACANG GARING  PCK 370,,,19.00,21,90.48%,20,CTN,01/08/2027,,2
43,06,8,02,1,20135347,LARISST STIK GANDUM VANILA PCH 75,,,32.00,42,76.19%,12,CTN,17/09/2027,,1
43,07,3,01,1,10036921,KHONG GUAN CRACKERS CREAM (NEW)  PCK 300/350,,,5.00,24,20.83%,24,CTN,11/08/2027,,1
43,07,3,02,1,20057475,SERENA SANDWICH TOGO LONG COKLAT PCK 128,,,12.00,80,15.00%,30,,13/09/2027,,2
43,07,3,03,0,20140912,SIDO MUNCUL JAMU TOLAK ANGIN CAIR + MADU  SCT 15L,,,2.00,60,3.33%,360,CTN,01/04/2028,,6
43,07,3,04,0,20141954,YUPI CANDY CRUNCHY GUMMY  PCH 50,,,14.00,100,14.00%,36,,01/12/2027,,6
43,07,4,01,1,20107729,TOP COFFEE GULA AREN  PCK 9X22,,,32.00,32,100.00%,20,CTN,04/09/2028,,5
43,07,4,02,1,20024096,KIS CANDY MINT GRAPE PCK 100/75,,,1.00,60,1.67%,36,CTN,02/09/2027,,2
43,07,5,01,1,20107729,TOP COFFEE GULA AREN  PCK 9X22,,,8.00,32,25.00%,20,CTN,04/09/2028,,5
43,07,5,02,1,20052629,INDOMARET AIR MINUM DENGAN OKSIGEN SPORTY BTL 600L,,,40.00,40,100.00%,24,CTN,09/09/2028,,24
43,07,6,01,1,20107729,TOP COFFEE GULA AREN  PCK 9X22,,,5.00,32,15.63%,20,CTN,04/09/2028,,5
43,07,6,02,1,20116670,CHITATO LITE SNACK POTATO NORI SEAWEED PCK 68/65,,,13.00,15,86.67%,30,,01/05/2027,D,6
43,07,7,01,1,10022118,SUN KARA SANTAN KELAPA SIAP PAKAI  PCK 65L,,,45.00,192,23.44%,36,CTN,04/10/2027,L,12
43,07,7,02,1,20126424,TARO SNACK NET SEAWEED PCK 115,,,9.00,9,100.00%,16,CTN,04/09/2027,,2
43,07,8,01,1,20101062,FITBAR TIRAMISU FITBAR  PCK 20,,,11.00,60,18.33%,72,CTN,04/09/2027,,12
43,07,8,02,1,20099571,CIMORY FRESH MILK UHT CHOCOLATE TPK 250/225 L,,,4.00,105,3.81%,24,CTN,20/06/2027,L,24
43,08,3,01,1,10005355,GARUDA KACANG ATOM APC PEDAS PCK 220,,,9.00,27,33.33%,20,,20/04/2027,,2
43,08,3,02,1,20132761,CAFFINO COFFEE READY TO DRINK OAT CAPPUCCINO BTL 200L,,,10.00,96,10.42%,12,CTN,30/09/2027,,2
43,08,3,03,0,20002209,TEBS SPARKLING MIX FRUIT KLG 330L,,,7.00,70,10.00%,20,CTN,30/09/2029,,2
43,08,3,04,0,20107729,TOP COFFEE GULA AREN  PCK 9X22,,,8.00,32,25.00%,20,,04/09/2028,,5
43,08,4,01,1,10034901,CHO-CHO WAFER SNACK CHOCOLATE RICE CRISPY CUP 33,,,11.00,18,61.11%,60,,16/08/2027,,10
43,08,4,02,1,20124713,LUWAK COFFEE DRINK KOPI + GULA BTL 220L,,,36.00,125,28.80%,12,CTN,01/10/2027,,2
43,08,5,01,1,20074431,BLEDUGH KACANG SHANGHAI  PCK 400,,,24.00,24,100.00%,20,,27/08/2027,,2
43,08,5,02,1,20142358,POWERADE MINUMAN ISOTONIK ACTIVE WHITE BTL 400L,,,15.00,108,13.89%,12,CTN,04/05/2027,,1
43,08,6,01,1,10036688,CERES HAGELSLAG RICE CHOCO CLASSIC PCK 200/140,,,5.00,240,2.08%,10,BOX,20/02/2028,L,1
43,08,6,02,1,10036688,CERES HAGELSLAG RICE CHOCO CLASSIC PCK 200/140,,,7.00,240,2.92%,10,BOX,04/02/2028,L,1
43,08,7,01,1,20026676,INDOMARET GARAM  PCK 500,,,40.00,140,28.57%,10,CTN,01/09/2029,,2
43,08,7,02,1,20065041,PORORO MINUMAN BERPERISA BLUEBERRY BTL 235L,,,14.00,65,21.54%,24,CTN,01/09/2027,S,2
43,08,8,01,1,20118115,FRISIAN FLAG KENTAL MANIS PUTIH PCH 240,,,12.00,77,15.58%,24,CTN,30/06/2027,S,2
43,08,8,02,1,10025449,NUTRIJELL KONNYAKU JELLY POWDER COKLAT PCK 25,,,1.00,50,2.00%,144,CTN,01/03/2028,,2
43,09,3,01,1,20087344,INDOMARET KACANG KORO KULIT  PCK 170,,,6.00,50,12.00%,20,,08/09/2027,,2
43,09,3,02,1,20038777,POCARI SWEAT MINUMAN ISOTONIK  BTL 900L,,,1.00,40,2.50%,15,CTN,07/08/2027,S,15
43,09,3,03,0,20015838,POCARI SWEAT MINUMAN ISOTONIK  BTL 350L,,,19.00,60,31.67%,24,CTN,27/08/2027,D,24
43,09,3,04,0,20138147,CIMORY EAT MILK PUDDING CHOCO HAZELNUT PCH 80,,,10.00,150,6.67%,24,CTN,01/05/2027,,4
43,09,4,01,1,20071642,ADEM SARI CHING KU SPARKLING KLG 320L,,,20.00,63,31.75%,24,CTN,01/03/2028,L,2
43,09,4,02,1,20004229,SMAX SNACK RING RASA CHEESE PCK 40,,,24.00,24,100.00%,24,,30/05/2027,,4
43,09,5,01,1,20004229,SMAX SNACK RING RASA CHEESE PCK 40,,,24.00,24,100.00%,24,,30/05/2027,,4
43,09,5,02,1,10026501,DUA KELINCI KACANG SUKRO  PCK 95,,,30.00,30,100.00%,40,,31/08/2027,,10
43,09,6,01,1,20138599,JETZ TORTILLA SNACK JAGUNG BAKAR PCK 140,,,10.00,10,100.00%,20,CTN,16/04/2027,,2
43,09,6,02,1,20062966,DUA KELINCI KACANG SUKRO BBQ PCK 95,,,22.00,30,73.33%,40,,01/05/2027,,2
43,09,7,01,1,10025449,NUTRIJELL KONNYAKU JELLY POWDER COKLAT PCK 25,,,1.00,50,2.00%,144,CTN,01/03/2028,,2
43,09,7,02,1,20054589,TIGA SAPI KREMER KENTAL MANIS  KLG 490,,,7.00,28,25.00%,48,CTN,30/04/2027,S,8
43,09,8,01,1,20092857,STT FRENCH FRIES 2000 PREMIUM  PCK 130,,,18.00,12,150.00%,20,,01/04/2027,D,10
43,09,8,02,1,20119460,POTABEE SNACK POTATO CHIPS GRILLED SEAWEED PCK 120/115,,,9.00,21,42.86%,18,CTN,03/05/2027,,2
44,01,3,01,1,,,,,0.00,0.0,,,,,,
44,01,3,02,1,,,,,0.00,0.0,,,,,,
44,01,3,03,0,,,,,0.00,0.0,,,,,,
44,01,3,04,0,,,,,0.00,0.0,,,,,,
44,01,4,01,1,,,,,0.00,0.0,,,,,,
44,01,4,02,1,,,,,0.00,0.0,,,,,,
44,01,5,01,1,,,,,0.00,0.0,,,,,,
44,01,5,02,1,,,,,0.00,0.0,,,,,,
44,01,6,01,1,,,,,0.00,0.0,,,,,,
44,01,6,02,1,,,,,0.00,0.0,,,,,,
44,01,7,01,1,,,,,0.00,0.0,,,,,,
44,01,7,02,1,,,,,0.00,0.0,,,,,,
44,01,8,01,1,,,,,0.00,0.0,,,,,,
44,01,8,02,1,,,,,0.00,0.0,,,,,,
44,02,3,01,1,20134984,RITZ CRACKERS CHOCOLATE PCK 91,,,16.00,60,26.67%,36,,30/09/2027,,2
44,02,3,02,1,,,,,0.00,0.0,,,,,,
44,02,3,03,0,,,,,0.00,0.0,,,,,,
44,02,3,04,0,20072337,GAJAH KACANG ATOM  PCK 140,,,4.00,40,10.00%,40,,15/09/2027,,2
44,02,4,01,1,,,,,0.00,0.0,,,,,,
44,02,4,02,1,,,,,0.00,0.0,,,,,,
44,02,5,01,1,,,,,0.00,0.0,,,,,,
44,02,5,02,1,,,,,0.00,0.0,,,,,,
44,02,6,01,1,,,,,0.00,0.0,,,,,,
44,02,6,02,1,,,,,0.00,0.0,,,,,,
44,02,7,01,1,,,,,0.00,0.0,,,,,,
44,02,7,02,1,,,,,0.00,0.0,,,,,,
44,02,8,01,1,20097515,INDOMARET POPCORN CARAMEL PCK 75,,,25.00,21,119.05%,24,,15/07/2027,S,12
44,02,8,02,1,20116410,CHIKI SNACK TWIST ROASTED CORN PCK 75,,,20.00,15,133.33%,30,,18/03/2027,,6
44,03,3,01,1,20048791,OREO SANDWICH MINI VANILLA CREAM PCH 58.4,,,31.00,40,77.50%,24,,30/06/2027,,2
44,03,3,02,1,20134046,SOSRO FRUIT TEA FREEZE BTL 500L,,,7.00,36,19.44%,24,CTN,30/09/2029,,2
44,03,3,03,0,20052629,INDOMARET AIR MINUM DENGAN OKSIGEN SPORTY BTL 600L,,,40.00,40,100.00%,24,CTN,09/09/2028,,24
44,03,3,04,0,10001365,ARNOTTS BISCUIT NYAM-NYAM FNTASY STICK CHOCO CUP 25,,,6.00,18,33.33%,144,,01/05/2027,,4
44,03,4,01,1,20141955,YUPI CANDY GUMMY JUMBO KOREAN BARBEQUE PCK 70,,,14.00,40,35.00%,36,,04/05/2028,V,1
44,03,4,02,1,20141457,PRINGLES POTATO CRISPS SEAWEED BURST KLG 102,,,25.00,68,36.76%,12,,13/07/2027,,2
44,03,5,01,1,20137761,LARISST COCO CRISPY CHOCOLATE PCH 50+20,,,36.00,36,100.00%,12,,18/09/2027,,2
44,03,5,02,1,20137762,LARISST COCO CRISPY STROBERI PCH 50+20,,,36.00,36,100.00%,12,,19/09/2027,,2
44,03,6,01,1,20132494,LEMONILO BROWNIES CRISPY KEJU PCH 33/32,,,108.00,108,100.00%,12,,07/01/2027,,3
44,03,6,02,1,20003910,NISSIN WALENS CHOCO SOES  PCK 100,,,33.00,33,100.00%,30,,10/09/2027,S,5
44,03,7,01,1,20131037,CHITATO LITE SNACK POTATO ABURI SEAWEED PCK 65,,,10.00,25,40.00%,30,,01/05/2027,,2
44,03,7,02,1,20134456,JAPOTA POTATO CHIPS UM.JPNS SEAWEED PCK 120/115,,,12.00,14,85.71%,18,,24/05/2027,L,4
44,03,8,01,1,10000562,MONDE BISCUIT EGG DROPS  PCK 110,,,11.00,20,55.00%,24,CTN,30/09/2027,,3
44,03,8,02,1,10035900,AJINOMOTO TEPUNG BUMBU SAJIKU SERBAGUNA PCK 220/210,,,8.00,39,20.51%,40,CTN,01/12/2027,,2
44,04,3,01,1,20096979,PRO CHIZ KEJU GOLD SLICE 12S  PCK 156,,,13.00,104,12.50%,24,,31/07/2027,,2
44,04,3,02,1,20120421,TARO SNACK NET POTATO BARBEQUE PCK 115,,,9.00,9,100.00%,16,CTN,04/09/2027,,2
44,04,3,03,0,20052629,INDOMARET AIR MINUM DENGAN OKSIGEN SPORTY BTL 600L,,,40.00,40,100.00%,24,CTN,09/09/2028,,24
44,04,3,04,0,20138241,CHEETOS SNACK KEJU PCK 120,,,5.00,20,25.00%,14,CTN,10/07/2027,L,4
44,04,4,01,1,10003507,MR.P KACANG MADU PCH 80,,,33.00,65,50.77%,30,,04/09/2027,,2
44,04,4,02,1,20125077,5 DAYS CROISSANT PANDAN SRIKAYA PCK 60,,,19.00,50,38.00%,40,CTN,19/03/2027,,2
44,04,5,01,1,20045104,QTELA KERIPIK TEMPE CABE RAWIT PCK 55,,,20.00,20,100.00%,30,,20/05/2027,L,5
44,04,5,02,1,20136661,5 DAYS CROISSANT CHOCO BANANA PCK 60,,,22.00,25,88.00%,40,,04/02/2027,,2
44,04,6,01,1,20138228,LAYS SNACK POTATO CHIPS RUMPUT LAUT PCK 64,,,25.00,25,100.00%,22,,08/06/2027,,6
44,04,6,02,1,20137761,LARISST COCO CRISPY CHOCOLATE PCH 50+20,,,42.00,36,116.67%,12,,18/09/2027,,2
44,04,7,01,1,20143371,MONDE BOROMON COOKIES TAMAGO PCH 40,,,6.00,50,12.00%,36,CTN,20/07/2027,,1
44,04,7,02,1,20083488,TANGO WAFER VANILLA MILK PCH 99/95,,,4.00,24,16.67%,18,CTN,30/07/2027,,1
44,04,8,01,1,20116670,CHITATO LITE SNACK POTATO NORI SEAWEED PCK 68/65,,,20.00,15,133.33%,30,,20/05/2027,D,6
44,04,8,02,1,20116675,CHITATO LITE SNACK POTATO NORI SEAWEED PCK 115,,,14.00,21,66.67%,18,,19/05/2027,D,9
44,05,3,01,1,20136451,NESCAFE KOPI INSTANT ICE ROAST AMERICANO PCK 10X2,,,49.00,144,34.03%,30,,01/08/2028,D,5
44,05,3,02,1,20133409,KOPI KENANGAN HANYA UNTUKMU COFFEE DRINK CAFFE LATTE BTL 200L,,,10.00,52,19.23%,24,CTN,31/07/2027,,6
44,05,3,03,0,20084481,POP MIE MI INSTAN PEDAS SQUAD DOWER AYAM CUP 75,,,8.00,64,12.50%,12,,18/05/2027,,6
44,05,3,04,0,20111592,5 DAYS CROISSANT MIX BERRIES PCK 60,,,10.00,42,23.81%,40,CTN,04/02/2027,,2
44,05,4,01,1,20143260,KUSUKA KERIPIK UBI MADU PCK 42,,,22.00,30,73.33%,20,,30/07/2027,,1
44,05,4,02,1,20045104,QTELA KERIPIK TEMPE CABE RAWIT PCK 55,,,15.00,20,75.00%,30,,01/06/2027,L,5
44,05,5,01,1,20131047,LEMONILO CHIMI KERIPIK UBI KARAMEL MENTEGA PCK 41,,,21.00,21,100.00%,24,,30/08/2027,,2
44,05,5,02,1,20124707,GARUDA SNACK OCORN JAGUNG BAKAR PCK 70,,,15.00,12,125.00%,30,,15/06/2027,,2
44,05,6,01,1,20066455,SOSRO FRUIT TEA APPLE BTL 350L,,,62.00,125,49.60%,12,CTN,30/09/2027,L,12
44,05,6,02,1,20077519,SYAFRIDA JAGUNG GEPENG PEDAS PCK 150,,,33.00,50,66.00%,12,,04/07/2027,,2
44,05,7,01,1,20034686,OISHI SNACK PILLOWS UBI PCH 100,,,40.00,40,100.00%,20,CTN,21/09/2027,L,10
44,05,7,02,1,10000021,CAP ENAK KENTAL MANIS PUTIH KLG 370,,,4.00,42,9.52%,48,CTN,30/06/2027,,1
44,05,8,01,1,20093941,POTABEE SNACK POTATO CHIPS AYAM BAKAR PCK 68/65,,,15.00,15,100.00%,30,,13/04/2027,,2
44,05,8,02,1,20069844,OISHI SNACK POPCORN COKLAT PCH 100,,,5.00,60,8.33%,20,CTN,04/10/2027,,4
44,06,3,01,1,10023790,SEDAAP MIE MIE INSTANT AYAM BAWANG PCK 70,,,28.00,52,53.85%,40,CTN,01/05/2027,,40
44,06,3,02,1,20115187,CIMORY FRESH MILK UHT HAZELNUT TPK 250/225 L,,,6.00,105,5.71%,24,CTN,20/06/2027,,6
44,06,3,03,0,20140793,CIMORY FRESH MILK UHT NO ADDED SUGAR MATCHA TPK 225L,,,5.00,120,4.17%,24,CTN,15/06/2027,S,3
44,06,3,04,0,20129566,INDOMARET KERUPUK SLONDOK  UDANG  PCK 100/90,,,10.00,35,28.57%,20,CTN,27/03/2027,,1
44,06,4,01,1,20091304,POP MIE MI INSTAN GRNG PDAS SQUAD GLDK AYAM CUP 75,,,51.00,64,79.69%,12,,16/05/2027,,6
44,06,4,02,1,20136587,POP MIE INDOMIE GORENG  CUP 80,,,42.00,64,65.63%,12,,01/05/2027,L,12
44,06,5,01,1,20129174,SRI REJEKI JAYA KERIPIK GADUNG  PCK 100,,,10.00,16,62.50%,20,,05/09/2027,,1
44,06,5,02,1,10016646,INDOFOOD KECAP REFILL 725 MANIS PCH 520L,,,40.00,44,90.91%,12,,30/09/2029,S,4
44,06,6,01,1,20111592,5 DAYS CROISSANT MIX BERRIES PCK 60,,,11.00,42,26.19%,40,CTN,04/02/2027,,2
44,06,6,02,1,20016624,STT FRENCH FRIES 2000 PREMIUM  PCK 24,,,15.00,18,83.33%,48,,31/03/2027,,6
44,06,7,01,1,10002101,HAPPYTOS SNACK TORTILA CHIPS MERAH PCK 140,,,12.00,24,50.00%,16,,22/09/2027,E,16
44,06,7,02,1,10038881,TROPICAL MINYAK GORENG  BTL 1000L,,,23.00,32,71.88%,12,CTN,04/09/2028,D,6
44,06,8,01,1,20055205,TARO SNACK NET SEAWEED PCK 62,,,12.00,8,150.00%,30,,30/09/2027,,6
44,06,8,02,1,20004229,SMAX SNACK RING RASA CHEESE PCK 40,,,24.00,24,100.00%,24,,20/05/2027,,4
44,07,3,01,1,20137576,POTATOQ SNACK POTATO CHIPS RUMPUT LAUT PCH 50,,,1.00,28,3.57%,24,CTN,01/09/2027,,1
44,07,3,02,1,20042991,INDOMARET GULA PASIR PREMIUM PUTIH PCK 1,,,25.00,25,100.00%,25,SAK,01/09/2028,L,25
44,07,3,03,0,20042991,INDOMARET GULA PASIR PREMIUM PUTIH PCK 1,,,25.00,25,100.00%,25,SAK,01/09/2028,L,25
44,07,3,04,0,20042991,INDOMARET GULA PASIR PREMIUM PUTIH PCK 1,,,25.00,25,100.00%,25,SAK,01/09/2028,L,25
44,07,4,01,1,20139698,AJE BIG SOFT DRINK NIPIS MADU BTL 350,,,108.00,108,100.00%,12,,28/04/2027,,4
44,07,4,02,1,20085115,INDOMIE MIE GORENG ACEH  PCK 90,,,49.00,52,94.23%,40,,11/05/2027,S,40
44,07,5,01,1,20009966,AJINOMOTO SAUS TIRAM SAORI  BTL 133L,,,21.00,100,21.00%,24,CTN,06/09/2027,L,3
44,07,5,02,1,20012574,FRESTEA MINUMAN TEH APEL BTL 500L,,,5.00,88,5.68%,12,CTN,31/05/2027,,2
44,07,6,01,1,20136451,NESCAFE KOPI INSTANT ICE ROAST AMERICANO PCK 10X2,,,14.00,144,9.72%,30,CTN,01/08/2028,D,5
44,07,6,02,1,10006890,TWISTKO SNACK JAGUNG BAKAR PCK 40,,,15.00,15,100.00%,48,,11/06/2027,,2
44,07,7,01,1,20134572,PIATTOS SNACK KENTANG SAMBAL GEPREK PCK 120/115,,,16.00,20,80.00%,16,,01/08/2027,,4
44,07,7,02,1,20134456,JAPOTA POTATO CHIPS UM.JPNS SEAWEED PCK 120/115,,,14.00,14,100.00%,18,,31/03/2027,L,4
44,07,8,01,1,20104729,LEMONILO CHIMI KERIPIK UBI JAGUNG BALADO PCK 41,,,28.00,21,133.33%,24,,17/08/2027,,2
44,07,8,02,1,20116670,CHITATO LITE SNACK POTATO NORI SEAWEED PCK 68/65,,,13.00,15,86.67%,30,,20/05/2027,D,6
44,08,3,01,1,20141375,CHOMP CHOMP WHOOSS WHOOSS MALLOW  PCK 50,,,11.00,50,22.00%,36,,07/01/2028,,1
44,08,3,02,1,20042991,INDOMARET GULA PASIR PREMIUM PUTIH PCK 1,,,25.00,25,100.00%,25,SAK,01/09/2028,L,25
44,08,3,03,0,10004018,TONG TJI TEH BUBUK SUPER PCK 80,,,5.00,60,8.33%,50,CTN,01/09/2028,,1
44,08,3,04,0,20120929,PANDA GRASS JELLY DRINK BASIL SEED KLG 310L,,,6.00,63,9.52%,24,CTN,01/08/2029,,2
44,08,4,01,1,20088416,INDOMARET SNACK SUMPIA UDANG  PCK 125,,,15.00,27,55.56%,30,,02/09/2027,,1
44,08,4,02,1,10032611,GARUDA TING-TING KACANG  PCK 125,,,50.00,200,25.00%,20,,20/06/2027,,1
44,08,5,01,1,20083233,SRI REJEKI JAYA KRIPIK KENTANG  PCK 80,,,14.00,50,28.00%,10,,05/09/2027,,1
44,08,5,02,1,20018904,NU MINUMAN GREEN TEA HONEY BTL 330L,,,23.00,55,41.82%,24,CTN,31/10/2027,,2
44,08,6,01,1,20111423,KATA OMA SNACK TELUR GABUS SAMBAL BALADO PCH 50,,,2.00,80,2.50%,24,CTN,07/09/2027,,2
44,08,6,02,1,20143270,GOLDA COFFEE DRINK AREN LATTE BTL 200L,,,65.00,186,34.95%,12,CTN,15/06/2027,,12
44,08,7,01,1,20034686,OISHI SNACK PILLOWS UBI PCH 100,,,40.00,40,100.00%,20,CTN,21/09/2027,L,10
44,08,7,02,1,20121350,5 DAYS MINI CROISSANT CHOCOLATE PCK 128,,,25.00,20,125.00%,20,,04/03/2027,,2
44,08,8,01,1,20000516,KUSUKA KERIPIK SINGKONG BERBEQUE PCK 180,,,42.00,30,140.00%,10,,11/09/2027,,5
44,08,8,02,1,20142876,DALEZZ BOLU GULUNG SWISS ROLL STRAWBERRY PCK 72,,,28.00,28,100.00%,32,,04/03/2027,,1
44,09,3,01,1,20053867,TEH GELAS MINUMAN TEH ALAMI  BTL 350L,,,25.00,125,20.00%,24,CTN,31/03/2028,,24
44,09,3,02,1,20085280,INDOMARET GULA AREN STICK  PCK 20X6,,,9.00,50,18.00%,70,,31/08/2028,,1
44,09,3,03,0,20042991,INDOMARET GULA PASIR PREMIUM PUTIH PCK 1,,,25.00,25,100.00%,25,SAK,01/09/2028,L,25
44,09,3,04,0,20042991,INDOMARET GULA PASIR PREMIUM PUTIH PCK 1,,,15.00,25,60.00%,25,SAK,01/09/2028,L,25
44,09,4,01,1,20003910,NISSIN WALENS CHOCO SOES  PCK 100,,,33.00,33,100.00%,30,,30/09/2027,S,5
44,09,4,02,1,20136587,POP MIE INDOMIE GORENG  CUP 80,,,40.00,64,62.50%,12,,15/05/2027,L,12
44,09,5,01,1,20036200,SPRITE SOFT DRINK  PET 1L,,,11.00,33,33.33%,12,CTN,31/03/2027,S,12
44,09,5,02,1,10016646,INDOFOOD KECAP REFILL 725 MANIS PCH 520L,,,63.00,44,143.18%,12,,20/03/2029,S,4
44,09,6,01,1,20136587,POP MIE INDOMIE GORENG  CUP 80,,,64.00,64,100.00%,12,,27/05/2027,L,12
44,09,6,02,1,10000348,DUA KELINCI KACANG GARING  PCK 180,,,18.00,18,100.00%,40,,08/09/2027,,10
44,09,7,01,1,20087155,POP MIE MI INSTAN LAPEER TIME AYAM BAWANG CUP 75,,,18.00,32,56.25%,24,,08/05/2027,,6
44,09,7,02,1,10000861,POP MIE MI INSTAN LAPEER TIME BASO CUP 75,,,32.00,32,100.00%,24,,01/05/2027,L,12
44,09,8,01,1,10000562,MONDE BISCUIT EGG DROPS  PCK 110,,,20.00,20,100.00%,24,CTN,30/09/2027,,3
44,09,8,02,1,20138228,LAYS SNACK POTATO CHIPS RUMPUT LAUT PCK 64,,,25.00,25,100.00%,22,CTN,30/06/2027,,6
45,01,3,01,1,,,,,0.00,0.0,,,,,,
45,01,3,02,1,,,,,0.00,0.0,,,,,,
45,01,3,03,0,,,,,0.00,0.0,,,,,,
45,01,3,04,0,,,,,0.00,0.0,,,,,,
45,01,4,01,1,,,,,0.00,0.0,,,,,,
45,01,4,02,1,,,,,0.00,0.0,,,,,,
45,01,5,01,1,,,,,0.00,0.0,,,,,,
45,01,5,02,1,,,,,0.00,0.0,,,,,,
45,01,6,01,1,,,,,0.00,0.0,,,,,,
45,01,6,02,1,,,,,0.00,0.0,,,,,,
45,01,7,01,1,,,,,0.00,0.0,,,,,,
45,01,7,02,1,,,,,0.00,0.0,,,,,,
45,01,8,01,1,,,,,0.00,0.0,,,,,,
45,01,8,02,1,,,,,0.00,0.0,,,,,,
45,02,3,01,1,,,,,0.00,0.0,,,,,,
45,02,3,02,1,,,,,0.00,0.0,,,,,,
45,02,3,03,0,,,,,0.00,0.0,,,,,,
45,02,3,04,0,,,,,0.00,0.0,,,,,,
45,02,4,01,1,,,,,0.00,0.0,,,,,,
45,02,4,02,1,20017575,NESCAFE KOPI INSTANT CLASSIC  PCK 10X2,,,44.00,65,67.69%,60,,01/08/2028,L,6
45,02,5,01,1,,,,,0.00,0.0,,,,,,
45,02,5,02,1,20016624,STT FRENCH FRIES 2000 PREMIUM  PCK 24,,,15.00,18,83.33%,48,,31/03/2027,,6
45,02,6,01,1,,,,,0.00,0.0,,,,,,
45,02,6,02,1,,,,,0.00,0.0,,,,,,
45,02,7,01,1,20143172,PIATTOS SNACK KENTANG RUMPUT LAUT PCK 115,,,20.00,20,100.00%,16,,16/07/2027,,1
45,02,7,02,1,,,,,0.00,0.0,,,,,,
45,02,8,01,1,20097515,INDOMARET POPCORN CARAMEL PCK 75,,,28.00,21,133.33%,24,,15/07/2027,S,12
45,02,8,02,1,,,,,0.00,0.0,,,,,,
45,03,3,01,1,10003842,CAP BADAK LARUTAN PENYEGAR JAMBU KLG 320L,,,50.00,63,79.37%,24,CTN,01/09/2028,L,2
45,03,3,02,1,20027240,MORIN JAM STRAWBERRY BTL 170,,,11.00,120,9.17%,12,CTN,30/03/2028,,1
45,03,3,03,0,20109716,GOLDENFIL SPREAD CHOCO CRUNCHY CUP 350,,,9.00,40,22.50%,24,,31/07/2028,,1
45,03,3,04,0,20120421,TARO SNACK NET POTATO BARBEQUE PCK 115,,,9.00,9,100.00%,16,CTN,01/07/2027,,2
45,03,4,01,1,20102857,INDOMARET SNACK KUKU MACAN  PCK 75,,,10.00,15,66.67%,24,,17/03/2027,,1
45,03,4,02,1,20138241,CHEETOS SNACK KEJU PCK 120,,,19.00,20,95.00%,14,,08/07/2027,L,4
45,03,5,01,1,20119460,POTABEE SNACK POTATO CHIPS GRILLED SEAWEED PCK 120/115,,,8.00,21,38.10%,18,,01/05/2027,,2
45,03,5,02,1,20091225,OVALTINE CHOCOLATE MALT BISCUIT  PCK 104,,,36.00,90,40.00%,24,,30/09/2027,,2
45,03,6,01,1,20137762,LARISST COCO CRISPY STROBERI PCH 50+20,,,36.00,36,100.00%,12,,19/09/2027,,2
45,03,6,02,1,20046341,MILO HEALTY DRINK 3 IN 1 ACTIGEN-E PCK 790,,,12.00,28,42.86%,12,,04/09/2027,,1
45,03,7,01,1,20102638,DEKA MINI WAFER BITES CHOCO CHOCO PCH 80/72,,,16.00,28,57.14%,24,,04/07/2027,,2
45,03,7,02,1,20111591,5 DAYS CROISSANT CHOCOLATE PCK 60,,,25.00,42,59.52%,40,,15/02/2027,,4
45,03,8,01,1,20077369,PROMINA SNACK RICE PUFFS BLUEBERRY PCH 15,,,12.00,50,24.00%,24,CTN,30/04/2027,L,6
45,03,8,02,1,20104942,CHIKI SNACK BALLS CHOCOLATE PCK 55/50,,,17.00,25,68.00%,30,,09/03/2027,L,10
45,04,3,01,1,20046434,BRIO CRISPY BISCUIT CRACKER GO POTATO PCK 60/56,,,12.00,60,20.00%,48,,08/09/2027,,8
45,04,3,02,1,10003842,CAP BADAK LARUTAN PENYEGAR JAMBU KLG 320L,,,10.00,63,15.87%,24,CTN,01/09/2028,L,2
45,04,3,03,0,20038777,POCARI SWEAT MINUMAN ISOTONIK  BTL 900L,,,40.00,40,100.00%,15,CTN,07/08/2027,S,15
45,04,3,04,0,,,,,0.00,0.0,,,,,,
45,04,4,01,1,20120198,MISTER POTATO SNACK CRISPS GHOST PEPPER SEAWEED KLG 40,,,9.00,52,17.31%,24,CTN,05/08/2027,,2
45,04,4,02,1,10034899,CHO-CHO WAFER SNACK CHOCOLATE STRAWBERRY CUP 40/35,,,13.00,18,72.22%,60,,23/08/2027,,10
45,04,5,01,1,20072575,KRISBEE SNACK FRENCH FRIES  PCK 68/65,,,21.00,25,84.00%,20,,23/04/2027,,4
45,04,5,02,1,20024699,STT FRENCH FRIES 2000 PREMIUM  PCK 62,,,24.00,24,100.00%,20,,20/02/2027,S,20
45,04,6,01,1,10007775,AJINOMOTO BUMBU NASI GORENG SAJIKU AYAM PCK 20,,,1.00,44,2.27%,200,CTN,01/08/2027,,2
45,04,6,02,1,20038777,POCARI SWEAT MINUMAN ISOTONIK  BTL 900L,,,40.00,40,100.00%,15,CTN,07/08/2027,S,15
45,04,7,01,1,20004229,SMAX SNACK RING RASA CHEESE PCK 40,,,24.00,24,100.00%,24,,21/03/2027,,4
45,04,7,02,1,20131802,IMPERIAL BISCUIT SUSU SELAI DAN KRIM BLUEBERRY PCK 108,,,2.00,55,3.64%,24,CTN,01/07/2027,,2
45,04,8,01,1,20120421,TARO SNACK NET POTATO BARBEQUE PCK 115,,,12.00,9,133.33%,16,,01/07/2027,,2
45,04,8,02,1,20097776,JAPOTA POTATO CHIPS HP.HONEY BUTTER PCK 68/65,,,16.00,14,114.29%,30,,27/04/2027,L,2
45,05,3,01,1,20098494,NISSIN COOKIES SAGU KEJU PCK 110,,,4.00,33,12.12%,30,CTN,22/09/2027,,2
45,05,3,02,1,20098494,NISSIN COOKIES SAGU KEJU PCK 110,,,4.00,33,12.12%,30,CTN,05/09/2027,,2
45,05,3,03,0,20111591,5 DAYS CROISSANT CHOCOLATE PCK 60,,,7.00,42,16.67%,40,CTN,15/02/2027,,4
45,05,3,04,0,20004032,INDOMARET CHOCOLATE MEISES  PCK 80,,,18.00,60,30.00%,60,,05/09/2027,,1
45,05,4,01,1,20092063,CHITATO SNACK POTATO CHIPS SAPI PANGGANG PCK 120/115,,,7.00,14,50.00%,18,,15/05/2027,D,6
45,05,4,02,1,20074990,OREO SANDWICH DARK&WHITE CHO PCK 110.4/105,,,33.00,100,33.00%,24,,11/08/2027,,6
45,05,5,01,1,20098494,NISSIN COOKIES SAGU KEJU PCK 110,,,1.00,33,3.03%,30,CTN,22/09/2027,,2
45,05,5,02,1,20003910,NISSIN WALENS CHOCO SOES  PCK 100,,,33.00,33,100.00%,30,,22/09/2027,S,5
45,05,6,01,1,20116675,CHITATO LITE SNACK POTATO NORI SEAWEED PCK 115,,,14.00,21,66.67%,18,,19/05/2027,D,9
45,05,6,02,1,10000348,DUA KELINCI KACANG GARING  PCK 180,,,9.00,18,50.00%,40,,05/09/2027,,10
45,05,7,01,1,20103852,JETZ SNACK STICK CHOCOFIESTA PCK 65,,,20.00,30,66.67%,30,,28/03/2027,,15
45,05,7,02,1,20072337,GAJAH KACANG ATOM  PCK 140,,,36.00,40,90.00%,40,,21/08/2027,,2
45,05,8,01,1,20136587,POP MIE INDOMIE GORENG  CUP 80,,,80.00,64,125.00%,12,,15/05/2027,L,12
45,05,8,02,1,10000348,DUA KELINCI KACANG GARING  PCK 180,,,2.00,18,11.11%,40,CTN,01/10/2027,,10
45,06,3,01,1,10002767,INDOFOOD BUMBU SPESIAL RACIK GULAI PCK 45,,,5.00,25,20.00%,144,,30/09/2028,,2
45,06,3,02,1,20111591,5 DAYS CROISSANT CHOCOLATE PCK 60,,,25.00,42,59.52%,40,CTN,15/02/2027,,4
45,06,3,03,0,,,,,0.00,0.0,,,,,,
45,06,3,04,0,20112944,INDOMARET KUACI SUSU PCH 80,,,18.00,78,23.08%,30,,23/09/2027,,6
45,06,4,01,1,20068905,FRISIAN FLAG SUSU KENTAL MANIS PUTIH PCH 535,,,50.00,50,100.00%,24,,30/09/2027,E,24
45,06,4,02,1,,,,,0.00,0.0,,,,,,
45,06,5,01,1,20138241,CHEETOS SNACK KEJU PCK 120,,,13.00,20,65.00%,14,CTN,05/07/2027,L,4
45,06,5,02,1,20140181,KAPAL API KOPI BUBUK SPECIAL MERAH  PCK 250,,,36.00,50,72.00%,9,,30/09/2027,,1
45,06,6,01,1,20034686,OISHI SNACK PILLOWS UBI PCH 100,,,40.00,40,100.00%,20,,01/08/2027,L,10
45,06,6,02,1,20132760,CAFFINO COFFEE READY TO DRINK MILKY ESPRESSO BTL 200L,,,15.00,186,8.06%,12,CTN,23/09/2027,,2
45,06,7,01,1,20103852,JETZ SNACK STICK CHOCOFIESTA PCK 65,,,20.00,30,66.67%,30,,28/03/2027,,15
45,06,7,02,1,20038549,AJINOMOTO PENYEDAP RASA MASAKO AYAM PCK 250/230,,,1.00,44,2.27%,48,CTN,10/03/2028,,1
45,06,8,01,1,20136587,POP MIE INDOMIE GORENG  CUP 80,,,80.00,64,125.00%,12,,15/05/2027,L,12
45,06,8,02,1,20134572,PIATTOS SNACK KENTANG SAMBAL GEPREK PCK 120/115,,,20.00,20,100.00%,16,,08/08/2027,,4
45,07,3,01,1,20074431,BLEDUGH KACANG SHANGHAI  PCK 400,,,8.00,24,33.33%,20,,24/09/2027,,2
45,07,3,02,1,20138837,MIZONE MINUMAN ISOTONIK COCO BOOST BTL 500L,,,20.00,72,27.78%,12,CTN,23/09/2027,L,4
45,07,3,03,0,20024644,OREO SANDWICH STRAWBERY CREME PCK 110.4/105,,,21.00,90,23.33%,24,,30/09/2027,,6
45,07,3,04,0,10036921,KHONG GUAN CRACKERS CREAM (NEW)  PCK 300/350,,,5.00,24,20.83%,24,,02/08/2027,,1
45,07,4,01,1,20120421,TARO SNACK NET POTATO BARBEQUE PCK 115,,,9.00,9,100.00%,16,,01/07/2027,,2
45,07,4,02,1,20042632,INDOMARET SNACK KACANG ATOM PEDAS PCK 140,,,20.00,27,74.07%,35,,05/07/2027,,5
45,07,5,01,1,20089490,GARUDA KACANG PANGGANG ROSTA PEDAS PCK 90/85,,,15.00,15,100.00%,50,,15/05/2027,,2
45,07,5,02,1,,,,,0.00,0.0,,,,,,
45,07,6,01,1,20016246,POP MIE MI INSTAN MINI / SNEK TIME BASO SAPI CUP 38,,,5.00,110,4.55%,12,CTN,15/05/2027,,6
45,07,6,02,1,20024856,TAO KAE NOI CRISPY SEAWEED BIG SHEET CLASSIC PCK 3.2,,,42.00,44,95.45%,120,,01/06/2027,L,12
45,07,7,01,1,10006890,TWISTKO SNACK JAGUNG BAKAR PCK 40,,,15.00,15,100.00%,48,,11/06/2027,,2
45,07,7,02,1,20096499,SAMYANG MIE INSTANT GORENG PEDAS AYAM CARBONARA PCK 130,,,24.00,32,75.00%,40,,31/05/2027,L,5
45,07,8,01,1,20092857,STT FRENCH FRIES 2000 PREMIUM  PCK 130,,,18.00,12,150.00%,20,,01/04/2027,D,10
45,07,8,02,1,10003942,BUDY JAM SELAI STROBERI CUP 150,,,2.00,63,3.17%,36,CTN,31/10/2027,,1
45,08,3,01,1,20102857,INDOMARET SNACK KUKU MACAN  PCK 75,,,5.00,15,33.33%,24,,17/03/2027,,1
45,08,3,02,1,,,,,0.00,0.0,,,,,,
45,08,3,03,0,20023846,PRINGLES POTATO CRISPS ORIGINAL KLG 102,,,1.00,85,1.18%,12,CTN,31/08/2027,S,2
45,08,3,04,0,20111009,PRINGLES POTATO CRISPS CHEESY CHEESE KLG 42,,,70.00,153,45.75%,12,,01/09/2027,L,2
45,08,4,01,1,20047037,INDOMARET KACANG BALI  PCK 150,,,35.00,40,87.50%,50,,18/09/2027,,5
45,08,4,02,1,20045104,QTELA KERIPIK TEMPE CABE RAWIT PCK 55,,,20.00,20,100.00%,30,,01/04/2027,L,5
45,08,5,01,1,10014292,POP MIE MI INSTAN LAPEER TIME KARI AYAM CUP 75,,,20.00,32,62.50%,24,,22/05/2027,L,8
45,08,5,02,1,20087155,POP MIE MI INSTAN LAPEER TIME AYAM BAWANG CUP 75,,,20.00,32,62.50%,24,,15/05/2027,,6
45,08,6,01,1,,,,,0.00,0.0,,,,,,
45,08,6,02,1,20119437,POTABEE SNACK POTATO CHIPS BEEF BBQ PCK 120/115,,,14.00,14,100.00%,18,,01/05/2027,L,2
45,08,7,01,1,10003941,BUDY JAM SELAI KACANG CUP 120,,,4.00,90,4.44%,36,CTN,13/10/2027,,1
45,08,7,02,1,20040891,AJINOMOTO MAYONNAISE MAYUMI  PCK 100,,,3.00,114,2.63%,40,CTN,05/07/2027,,2
45,08,8,01,1,20070033,HAPPYTOS SNACK TORTILLA CHIPS NACHO CHEESE PCK 140,,,36.00,18,200.00%,16,,01/09/2027,,2
45,08,8,02,1,20142876,DALEZZ BOLU GULUNG SWISS ROLL STRAWBERRY PCK 72,,,28.00,28,100.00%,32,,04/03/2027,,1
45,09,3,01,1,20129841,INDOMARET MI GORENG PEDAS CUP 92,,,16.00,80,20.00%,12,,24/06/2027,,2
45,09,3,02,1,,,,,0.00,0.0,,,,,,
45,09,3,03,0,20009268,DELMONTE CHILLI SAUCE EXTRA HOT PCK 24X8,,,15.00,72,20.83%,20,,08/08/2027,,2
45,09,3,04,0,20094668,HAPPYDENT CHEWING GUM COOL MINT BTL 28/25.2,,,8.00,60,13.33%,96,,05/12/2027,,2
45,09,4,01,1,,,,,0.00,0.0,,,,,,
45,09,4,02,1,,,,,0.00,0.0,,,,,,
45,09,5,01,1,20128246,INDOFOOD TEPUNG BUMBU RACIK AYAM KRISPI PCK 210,,,9.00,60,15.00%,24,,03/11/2027,,1
45,09,5,02,1,20134456,JAPOTA POTATO CHIPS UM.JPNS SEAWEED PCK 120/115,,,14.00,14,100.00%,18,,24/05/2027,L,4
45,09,6,01,1,,,,,0.00,0.0,,,,,,
45,09,6,02,1,,,,,0.00,0.0,,,,,,
45,09,7,01,1,20104728,LEMONILO CHIMI KERIPIK UBI JAGUNG BAKAR PCK 41,,,6.00,21,28.57%,24,CTN,30/08/2027,L,3
45,09,7,02,1,20138241,CHEETOS SNACK KEJU PCK 120,,,20.00,20,100.00%,14,CTN,10/07/2027,L,4
45,09,8,01,1,20142876,DALEZZ BOLU GULUNG SWISS ROLL STRAWBERRY PCK 72,,,28.00,28,100.00%,32,,04/03/2027,,1
45,09,8,02,1,20116675,CHITATO LITE SNACK POTATO NORI SEAWEED PCK 115,,,21.00,21,100.00%,18,,01/05/2027,D,9
46,01,3,01,1,,,,,0.00,0.0,,,,,,
46,01,3,02,1,,,,,0.00,0.0,,,,,,
46,01,3,03,0,,,,,0.00,0.0,,,,,,
46,01,3,04,0,,,,,0.00,0.0,,,,,,
46,01,4,01,1,,,,,0.00,0.0,,,,,,
46,01,4,02,1,,,,,0.00,0.0,,,,,,
46,01,5,01,1,,,,,0.00,0.0,,,,,,
46,01,5,02,1,,,,,0.00,0.0,,,,,,
46,01,6,01,1,,,,,0.00,0.0,,,,,,
46,01,6,02,1,,,,,0.00,0.0,,,,,,
46,01,7,01,1,,,,,0.00,0.0,,,,,,
46,01,7,02,1,,,,,0.00,0.0,,,,,,
46,01,8,01,1,,,,,0.00,0.0,,,,,,
46,01,8,02,1,,,,,0.00,0.0,,,,,,
46,02,3,01,1,,,,,0.00,0.0,,,,,,
46,02,3,02,1,,,,,0.00,0.0,,,,,,
46,02,3,03,0,10036921,KHONG GUAN CRACKERS CREAM (NEW)  PCK 300/350,,,5.00,24,20.83%,24,,11/08/2027,,1
46,02,3,04,0,20098494,NISSIN COOKIES SAGU KEJU PCK 110,,,4.00,33,12.12%,30,,05/09/2027,,2
46,02,4,01,1,20134456,JAPOTA POTATO CHIPS UM.JPNS SEAWEED PCK 120/115,,,16.00,14,114.29%,18,,16/09/2027,L,4
46,02,4,02,1,20086392,SANIA TEPUNG TERIGU SERBAGUNA  PCK 1,,,26.00,50,52.00%,10,,01/08/2027,,2
46,02,5,01,1,10003507,MR.P KACANG MADU PCH 80,,,57.00,65,87.69%,30,,30/07/2027,,2
46,02,5,02,1,20134456,JAPOTA POTATO CHIPS UM.JPNS SEAWEED PCK 120/115,,,14.00,14,100.00%,18,,04/04/2027,L,4
46,02,6,01,1,20069844,OISHI SNACK POPCORN COKLAT PCH 100,,,28.00,60,46.67%,20,,01/09/2027,,4
46,02,6,02,1,20027448,TANGO WAFER CHOCOLATE PCK 110/100,,,60.00,91,65.93%,24,,01/09/2027,L,8
46,02,7,01,1,20034686,OISHI SNACK PILLOWS UBI PCH 100,,,40.00,40,100.00%,20,,03/09/2027,L,10
46,02,7,02,1,20096682,INDOMARET KACANG JUMBO  PCH 80,,,40.00,44,90.91%,24,,01/09/2027,,2
46,02,8,01,1,,,,,0.00,0.0,,,,,,
46,02,8,02,1,20097774,JAPOTA POTATO CHIPS UM.JPNS SEAWEED PCK 68/65,,,18.00,10,180.00%,30,,04/04/2027,,2
46,03,3,01,1,10005600,KUNCI BIRU TEPUNG TERIGU  PCK 1000,,,2.00,32,6.25%,12,,13/01/2028,,1
46,03,3,02,1,20045139,NISSIN WALENS BLUEBERRY SOES  PCK 100,,,12.00,21,57.14%,36,CTN,01/08/2027,,2
46,03,3,03,0,20014694,SASA TEPUNG GORENG PISANG  PCK 225/210,,,12.00,66,18.18%,24,,29/02/2028,,3
46,03,3,04,0,20138569,MOOOCHII KUE MOCHI CHOCOLATE PCK 40,,,34.00,108,31.48%,40,,20/03/2027,,4
46,03,4,01,1,20034685,OISHI SNACK PILLOWS CHOCOLATE PCH 100,,,40.00,40,100.00%,20,,07/08/2027,S,5
46,03,4,02,1,20136587,POP MIE INDOMIE GORENG  CUP 80,,,65.00,64,101.56%,12,,03/04/2027,L,12
46,03,5,01,1,10003873,KAPAL API KOPI BUBUK  PCK 350,,,50.00,50,100.00%,9,,31/08/2027,S,2
46,03,5,02,1,20134456,JAPOTA POTATO CHIPS UM.JPNS SEAWEED PCK 120/115,,,8.00,14,57.14%,18,,01/04/2027,L,4
46,03,6,01,1,20121350,5 DAYS MINI CROISSANT CHOCOLATE PCK 128,,,25.00,20,125.00%,20,,04/03/2027,,2
46,03,6,02,1,20034685,OISHI SNACK PILLOWS CHOCOLATE PCH 100,,,40.00,40,100.00%,20,,04/08/2027,S,5
46,03,7,01,1,10035900,AJINOMOTO TEPUNG BUMBU SAJIKU SERBAGUNA PCK 220/210,,,1.00,39,2.56%,40,CTN,04/09/2027,,2
46,03,7,02,1,20017911,SUPER BUBUR INSTANT BERGIZI ABON SAPI PCK 49,,,6.00,40,15.00%,40,CTN,01/05/2027,,5
46,03,8,01,1,10036957,HAPPYTOS SNACK TORTILA CHIPS HIJAU PCK 140,,,24.00,24,100.00%,16,,05/09/2027,S,16
46,03,8,02,1,10036957,HAPPYTOS SNACK TORTILA CHIPS HIJAU PCK 140,,,24.00,24,100.00%,16,CTN,10/09/2027,S,16
46,04,3,01,1,20134983,RITZ CRACKERS CHEESE PCK 91,,,25.00,70,35.71%,36,,01/05/2027,,4
46,04,3,02,1,20138030,JAGOAN NEON CANDY LOLLYPOP LIDAH BERWARNA  PCK 27,,,3.00,64,4.69%,60,CTN,01/08/2028,,2
46,04,3,03,0,,,,,0.00,0.0,,,,,,
46,04,3,04,0,20017911,SUPER BUBUR INSTANT BERGIZI ABON SAPI PCK 49,,,13.00,40,32.50%,40,,01/05/2027,,5
46,04,4,01,1,20072230,INDOMARET KACANG KORO ORIGINAL PCK 140,,,30.00,92,32.61%,21,,13/08/2027,,2
46,04,4,02,1,,,,,0.00,0.0,,,,,,
46,04,5,01,1,20099679,LEMONILO MIE INSTANT ALAMI GORENG PCK 77/65,,,45.00,78,57.69%,20,CTN,01/08/2027,,10
46,04,5,02,1,20131047,LEMONILO CHIMI KERIPIK UBI KARAMEL MENTEGA PCK 41,,,19.00,21,90.48%,24,,21/08/2027,,2
46,04,6,01,1,20114756,GURIBEE SNACK BBQ BALADO PCK 65/62,,,18.00,15,120.00%,30,,30/04/2027,L,6
46,04,6,02,1,20121350,5 DAYS MINI CROISSANT CHOCOLATE PCK 128,,,25.00,20,125.00%,20,,04/03/2027,,2
46,04,7,01,1,20074431,BLEDUGH KACANG SHANGHAI  PCK 400,,,24.00,24,100.00%,20,,30/08/2027,,2
46,04,7,02,1,20121350,5 DAYS MINI CROISSANT CHOCOLATE PCK 128,,,25.00,20,125.00%,20,,01/03/2027,,2
46,04,8,01,1,20054034,TAO KAE NOI BIG ROLL GRILLED SEAWEED ROLL CLASSIC PCK 3,,,30.00,288,10.42%,12,BOX,01/10/2027,,12
46,04,8,02,1,20004229,SMAX SNACK RING RASA CHEESE PCK 40,,,5.00,24,20.83%,24,CTN,20/03/2027,,4
46,05,3,01,1,20014537,BISKUAT BISCUIT ORIGINAL EXTRA (106.4G) PCK 121.6,,,7.00,55,12.73%,28,,30/07/2027,,2
46,05,3,02,1,20087155,POP MIE MI INSTAN LAPEER TIME AYAM BAWANG CUP 75,,,3.00,32,9.38%,24,CTN,20/05/2027,,6
46,05,3,03,0,,,,,0.00,0.0,,,,,,
46,05,3,04,0,20016246,POP MIE MI INSTAN MINI / SNEK TIME BASO SAPI CUP 38,,,48.00,110,43.64%,12,,15/05/2027,,6
46,05,4,01,1,20018272,IKAN DORANG MINYAK GORENG KELAPA SPESIAL PCH 950L,,,30.00,55,54.55%,12,,01/07/2027,,1
46,05,4,02,1,20132657,WONHAE SNACK TOPOKKI CREAMY ROSE PCK 80,,,12.00,30,40.00%,40,,01/09/2027,L,10
46,05,5,01,1,10008882,KAPAL API KOPI BUBUK SPECIAL PCK 150,,,50.00,50,100.00%,20,,01/08/2027,S,10
46,05,5,02,1,,,,,0.00,0.0,,,,,,
46,05,6,01,1,20073449,BERLIAN PILUS PEDAS PCK 100,,,35.00,40,87.50%,24,,01/05/2027,,2
46,05,6,02,1,20121350,5 DAYS MINI CROISSANT CHOCOLATE PCK 128,,,18.00,20,90.00%,20,,04/03/2027,,2
46,05,7,01,1,20138241,CHEETOS SNACK KEJU PCK 120,,,20.00,20,100.00%,14,CTN,10/07/2027,L,4
46,05,7,02,1,20072194,MR.HOTTEST SNACK TORTILLA CHIPS MAITOS SAMBAL BALADO PCK 140/120,,,18.00,18,100.00%,16,,04/07/2027,S,16
46,05,8,01,1,20125580,JAPOTA POTATO CHIPS NIPIS PEDAS PCK 68/65,,,15.00,20,75.00%,30,,15/05/2027,,2
46,05,8,02,1,20097774,JAPOTA POTATO CHIPS UM.JPNS SEAWEED PCK 68/65,,,18.00,10,180.00%,30,,04/04/2027,,2
46,06,3,01,1,20074990,OREO SANDWICH DARK&WHITE CHO PCK 110.4/105,,,24.00,100,24.00%,24,,31/08/2027,,6
46,06,3,02,1,10000861,POP MIE MI INSTAN LAPEER TIME BASO CUP 75,,,8.00,32,25.00%,24,,16/05/2027,L,12
46,06,3,03,0,,,,,0.00,0.0,,,,,,
46,06,3,04,0,20020018,HATARI CRACKERS SEE HONG PUFF SUGAR PCK 260/245,,,16.00,24,66.67%,36,,01/08/2027,,2
46,06,4,01,1,20088417,INDOMARET SNACK STICK KEJU  PCK 80,,,10.00,18,55.56%,30,CTN,09/08/2027,,2
46,06,4,02,1,20143897,GARUDA KACANG TELUR BALADO PCK 90,,,24.00,24,100.00%,50,,01/08/2027,,1
46,06,5,01,1,20097515,INDOMARET POPCORN CARAMEL PCK 75,,,24.00,21,114.29%,24,,01/07/2027,S,12
46,06,5,02,1,20042370,MAMASUKA RUMPUT LAUT PANGGANG (NORI)  PCK 2X4.5,,,11.00,20,55.00%,40,,09/09/2027,S,10
46,06,6,01,1,,,,,0.00,0.0,,,,,,
46,06,6,02,1,,,,,0.00,0.0,,,,,,
46,06,7,01,1,20114756,GURIBEE SNACK BBQ BALADO PCK 65/62,,,18.00,15,120.00%,30,,09/04/2027,L,6
46,06,7,02,1,20097390,MAMASUKA RUMPUT LAUT PANGGANG (NORI) BBQ PCK 2X4.5,,,11.00,20,55.00%,40,,13/08/2027,L,2
46,06,8,01,1,20093941,POTABEE SNACK POTATO CHIPS AYAM BAKAR PCK 68/65,,,19.00,15,126.67%,30,,04/04/2027,,2
46,06,8,02,1,20097774,JAPOTA POTATO CHIPS UM.JPNS SEAWEED PCK 68/65,,,15.00,10,150.00%,30,,29/03/2027,,2
46,07,3,01,1,10039897,YOU C1000 HEALTH DRINK VITAMIN LEMON BTL 140L,,,28.00,77,36.36%,30,,02/07/2027,S,15
46,07,3,02,1,20026083,AGAR RASA AGAR AGAR POWDER COKLAT PCK 22,,,1.00,80,1.25%,72,CTN,01/08/2028,,1
46,07,3,03,0,,,,,0.00,0.0,,,,,,
46,07,3,04,0,,,,,0.00,0.0,,,,,,
46,07,4,01,1,20125389,STT FRENCH FRIES 2000 SAOS LEVEL 3 PCK 60,,,24.00,24,100.00%,20,,01/04/2027,,5
46,07,4,02,1,20055204,TARO SNACK NET POTATO BARBEQUE PCK 62,,,12.00,8,150.00%,30,,01/08/2027,,3
46,07,5,01,1,20132657,WONHAE SNACK TOPOKKI CREAMY ROSE PCK 80,,,12.00,30,40.00%,40,,01/09/2027,L,10
46,07,5,02,1,20055205,TARO SNACK NET SEAWEED PCK 62,,,12.00,8,150.00%,30,,01/08/2027,,6
46,07,6,01,1,20132657,WONHAE SNACK TOPOKKI CREAMY ROSE PCK 80,,,8.00,30,26.67%,40,,01/09/2027,L,10
46,07,6,02,1,10005599,SEGITIGA BIRU TEPUNG TERIGU  PCK 1000,,,32.00,32,100.00%,12,,09/09/2027,L,2
46,07,7,01,1,20140251,CHIKI SNACK POPCORN  SALTED CARAMEL PCK 72,,,21.00,27,77.78%,24,,11/08/2027,,1
46,07,7,02,1,10003873,KAPAL API KOPI BUBUK  PCK 350,,,28.00,50,56.00%,9,,01/09/2027,S,2
46,07,8,01,1,20012680,QTELA KERIPIK SINGKONG ORIGINAL PCK 175,,,21.00,21,100.00%,12,CTN,07/07/2027,,4
46,07,8,02,1,20012680,QTELA KERIPIK SINGKONG ORIGINAL PCK 175,,,21.00,21,100.00%,12,,07/07/2027,,4
46,08,3,01,1,20090456,CHUPA CHUPS CANDY LOLLIPOPS GUMFILLED  PCS 15,,,8.00,30,26.67%,660,,11/08/2028,,4
46,08,3,02,1,20095226,TOP COFFEE KOPI CAPPUCCINO  PCK 6X25,,,19.00,24,79.17%,20,CTN,04/09/2028,,2
46,08,3,03,0,,,,,0.00,0.0,,,,,,
46,08,3,04,0,20104719,TOTOLE BUMBU KALDU JAMUR PCK 80,,,8.00,105,7.62%,100,,06/08/2028,,4
46,08,4,01,1,10014293,POP MIE MI INSTAN LAPEER TIME SOTO AYAM CUP 75,,,32.00,32,100.00%,24,,20/05/2027,L,8
46,08,4,02,1,20143897,GARUDA KACANG TELUR BALADO PCK 90,,,24.00,24,100.00%,50,,01/08/2027,,1
46,08,5,01,1,10000210,BLUE BAND MARGARINE SERBAGUNA (35621)  CUP 250/30,,,30.00,24,125.00%,48,,26/09/2027,,2
46,08,5,02,1,20069844,OISHI SNACK POPCORN COKLAT PCH 100,,,22.00,60,36.67%,20,,30/09/2027,,4
46,08,6,01,1,10025301,QUAKER OATMEAL INSTANT (REF) MERAH PCK 800,,,6.00,36,16.67%,12,CTN,09/03/2028,,1
46,08,6,02,1,10005600,KUNCI BIRU TEPUNG TERIGU  PCK 1000,,,21.00,32,65.63%,12,,29/01/2028,,1
46,08,7,01,1,20121350,5 DAYS MINI CROISSANT CHOCOLATE PCK 128,,,25.00,20,125.00%,20,CTN,01/03/2027,,2
46,08,7,02,1,20034686,OISHI SNACK PILLOWS UBI PCH 100,,,40.00,40,100.00%,20,CTN,21/09/2027,L,10
46,08,8,01,1,20116670,CHITATO LITE SNACK POTATO NORI SEAWEED PCK 68/65,,,20.00,15,133.33%,30,,17/05/2027,D,6
46,08,8,02,1,10000861,POP MIE MI INSTAN LAPEER TIME BASO CUP 75,,,48.00,32,150.00%,24,,01/05/2027,L,12
46,09,3,01,1,20138569,MOOOCHII KUE MOCHI CHOCOLATE PCK 40,,,6.00,108,5.56%,40,,04/01/2027,,4
46,09,3,02,1,20133690,SEDAAP BUMBU KALDU AYAM PCK 250,,,15.00,77,19.48%,24,,04/09/2027,,1
46,09,3,03,0,20142467,FIT ME UP MINUMAN BERKARBONASI RELAX  BTL 160L,,,35.00,78,44.87%,24,,01/08/2027,,2
46,09,3,04,0,,,,,0.00,0.0,,,,,,
46,09,4,01,1,10036957,HAPPYTOS SNACK TORTILA CHIPS HIJAU PCK 140,,,11.00,24,45.83%,16,,01/09/2027,S,16
46,09,4,02,1,20031775,NISSIN MIE INSTANT GEKIKARA RAMEN PEDAS PCK 109,,,23.00,36,63.89%,30,,23/04/2027,,2
46,09,5,01,1,10005599,SEGITIGA BIRU TEPUNG TERIGU  PCK 1000,,,32.00,32,100.00%,12,,09/09/2027,L,2
46,09,5,02,1,20085115,INDOMIE MIE GORENG ACEH  PCK 90,,,36.00,52,69.23%,40,,01/05/2027,S,40
46,09,6,01,1,20091447,MI GEMEZ SNACK MIE KERING ENAK FAM.PACK SPICY PCK 3X26,,,31.00,33,93.94%,20,,14/03/2027,,2
46,09,6,02,1,10005600,KUNCI BIRU TEPUNG TERIGU  PCK 1000,,,18.00,32,56.25%,12,,01/01/2028,,1
46,09,7,01,1,20099956,OISHI PANCHOS KERIPIK JAGUNG PEDAS PCK 140,,,21.00,35,60.00%,16,,04/07/2027,,2
46,09,7,02,1,20066374,INDOMARET MIX NUTS  PCH 80,,,72.00,65,110.77%,30,,01/08/2027,,2
46,09,8,01,1,10036957,HAPPYTOS SNACK TORTILA CHIPS HIJAU PCK 140,,,36.00,24,150.00%,16,,01/09/2027,S,16
46,09,8,02,1,20093941,POTABEE SNACK POTATO CHIPS AYAM BAKAR PCK 68/65,,,18.00,15,120.00%,30,,20/04/2027,,2
47,01,3,01,1,,,,,0.00,0.0,,,,,,
47,01,3,02,1,,,,,0.00,0.0,,,,,,
47,01,3,03,0,,,,,0.00,0.0,,,,,,
47,01,3,04,0,,,,,0.00,0.0,,,,,,
47,01,4,01,1,,,,,0.00,0.0,,,,,,
47,01,4,02,1,20139700,PRISTINE 8.6+ AIR MINERAL  BTL 1500L,,,33.00,33,100.00%,12,,01/09/2028,L,12
47,01,5,01,1,,,,,0.00,0.0,,,,,,
47,01,5,02,1,,,,,0.00,0.0,,,,,,
47,01,6,01,1,,,,,0.00,0.0,,,,,,
47,01,6,02,1,,,,,0.00,0.0,,,,,,
47,01,7,01,1,,,,,0.00,0.0,,,,,,
47,01,7,02,1,10014293,POP MIE MI INSTAN LAPEER TIME SOTO AYAM CUP 75,,,32.00,32,100.00%,24,,30/06/2027,L,8
47,01,8,01,1,,,,,0.00,0.0,,,,,,
47,01,8,02,1,,,,,0.00,0.0,,,,,,
47,02,3,01,1,20134572,PIATTOS SNACK KENTANG SAMBAL GEPREK PCK 120/115,,,8.00,20,40.00%,16,,31/03/2027,,4
47,02,3,02,1,,,,,0.00,0.0,,,,,,
47,02,3,03,0,,,,,0.00,0.0,,,,,,
47,02,3,04,0,20074990,OREO SANDWICH DARK&WHITE CHO PCK 110.4/105,,,8.00,100,8.00%,24,,11/09/2027,,6
47,02,4,01,1,20134456,JAPOTA POTATO CHIPS UM.JPNS SEAWEED PCK 120/115,,,10.00,14,71.43%,18,,01/05/2027,L,4
47,02,4,02,1,20021029,QTELA KERIPIK SINGKONG BALADO PCK 175,,,13.00,28,46.43%,12,,01/07/2027,L,2
47,02,5,01,1,20006935,BERLIAN BIPANG (DC)  PCK,,,23.00,40,57.50%,23,,01/09/2027,,2
47,02,5,02,1,20119437,POTABEE SNACK POTATO CHIPS BEEF BBQ PCK 120/115,,,14.00,14,100.00%,18,,20/05/2027,L,2
47,02,6,01,1,20141100,WONHAE SNACK BANANA MILK BITES  PCK 60,,,12.00,12,100.00%,40,,04/09/2027,,4
47,02,6,02,1,,,,,0.00,0.0,,,,,,
47,02,7,01,1,20096682,INDOMARET KACANG JUMBO  PCH 80,,,40.00,44,90.91%,24,,01/09/2027,,2
47,02,7,02,1,20141100,WONHAE SNACK BANANA MILK BITES  PCK 60,,,12.00,12,100.00%,40,,04/09/2027,,4
47,02,8,01,1,10002101,HAPPYTOS SNACK TORTILA CHIPS MERAH PCK 140,,,24.00,24,100.00%,16,,01/09/2027,E,16
47,02,8,02,1,20131098,POTABEE SNACK POTATO CHIPS SPICY BBQ PCK 68/65,,,18.00,20,90.00%,30,,01/04/2027,,2
47,03,3,01,1,20122406,PIKOPI KOPI INSTANT (6+3) GULA AREN PCK 9X22,,,27.00,65,41.54%,15,CTN,28/02/2028,,2
47,03,3,02,1,20138569,MOOOCHII KUE MOCHI CHOCOLATE PCK 40,,,22.00,108,20.37%,40,,11/03/2027,,4
47,03,3,03,0,,,,,0.00,0.0,,,,,,
47,03,3,04,0,20018326,KACANG BAWANG OVEN (NEW)  PCK 125,,,18.00,2592,0.69%,48,,01/07/2027,,2
47,03,4,01,1,20074431,BLEDUGH KACANG SHANGHAI  PCK 400,,,24.00,24,100.00%,20,,24/09/2027,,2
47,03,4,02,1,10008469,BARCO MINYAK GORENG REFILL  PCH 1000L,,,26.00,48,54.17%,12,,14/08/2029,L,1
47,03,5,01,1,20102071,INDOMARET POPCORN SWEET CHEESE PCK 65,,,20.00,21,95.24%,24,,27/06/2027,,2
47,03,5,02,1,20137761,LARISST COCO CRISPY CHOCOLATE PCH 50+20,,,19.00,36,52.78%,12,,05/09/2027,,2
47,03,6,01,1,20069844,OISHI SNACK POPCORN COKLAT PCH 100,,,28.00,60,46.67%,20,,30/09/2027,,4
47,03,6,02,1,20043807,FRESCO KOPI+GULA (BELI 6 GRATIS 2)  PCK 8X23,,,48.00,65,73.85%,12,,30/09/2027,,2
47,03,7,01,1,20116675,CHITATO LITE SNACK POTATO NORI SEAWEED PCK 115,,,14.00,21,66.67%,18,,18/05/2027,D,9
47,03,7,02,1,20114757,GURIBEE SNACK RUMPUT LAUT PCK 65/62,,,18.00,15,120.00%,30,,03/04/2027,S,10
47,03,8,01,1,20138241,CHEETOS SNACK KEJU PCK 120,,,25.00,20,125.00%,14,,10/07/2027,L,4
47,03,8,02,1,20097774,JAPOTA POTATO CHIPS UM.JPNS SEAWEED PCK 68/65,,,15.00,10,150.00%,30,,27/04/2027,,2
47,04,3,01,1,10003507,MR.P KACANG MADU PCH 80,,,39.00,65,60.00%,30,,30/07/2027,,2
47,04,3,02,1,,,,,0.00,0.0,,,,,,
47,04,3,03,0,,,,,0.00,0.0,,,,,,
47,04,3,04,0,20042025,INDOCAFE COFFEE MIX 3 IN 1  PCK 10X20,,,12.00,30,40.00%,50,,31/01/2028,,2
47,04,4,01,1,10003814,AQUA AIR MINERAL  BTL 600 L,,,40.00,40,100.00%,24,,26/09/2028,E,48
47,04,4,02,1,10026501,DUA KELINCI KACANG SUKRO  PCK 95,,,20.00,30,66.67%,40,,30/08/2027,,10
47,04,5,01,1,20072337,GAJAH KACANG ATOM  PCK 140,,,37.00,40,92.50%,40,,18/05/2027,,2
47,04,5,02,1,20070033,HAPPYTOS SNACK TORTILLA CHIPS NACHO CHEESE PCK 140,,,22.00,18,122.22%,16,,01/09/2027,,2
47,04,6,01,1,,,,,0.00,0.0,,,,,,
47,04,6,02,1,20072575,KRISBEE SNACK FRENCH FRIES  PCK 68/65,,,24.00,25,96.00%,20,,04/05/2027,,4
47,04,7,01,1,10008819,BANGO KECAP MANIS REFILL 10050/10034  PCH 700/685,,,9.00,78,11.54%,12,CTN,31/10/2027,D,6
47,04,7,02,1,20111592,5 DAYS CROISSANT MIX BERRIES PCK 60,,,25.00,42,59.52%,40,,04/02/2027,,2
47,04,8,01,1,10027672,GERY SNACK SEREAL  PCK 100,,,21.00,14,150.00%,40,,04/09/2027,,5
47,04,8,02,1,20083487,TANGO WAFER CHOCOLATE PCH 99/95,,,2.00,32,6.25%,18,CTN,28/06/2027,,1
47,05,3,01,1,20121350,5 DAYS MINI CROISSANT CHOCOLATE PCK 128,,,14.00,20,70.00%,20,CTN,16/03/2027,,2
47,05,3,02,1,20024699,STT FRENCH FRIES 2000 PREMIUM  PCK 62,,,12.00,24,50.00%,20,,01/03/2027,S,20
47,05,3,03,0,,,,,0.00,0.0,,,,,,
47,05,3,04,0,20088417,INDOMARET SNACK STICK KEJU  PCK 80,,,9.00,18,50.00%,30,,01/08/2027,,2
47,05,4,01,1,10003814,AQUA AIR MINERAL  BTL 600 L,,,40.00,40,100.00%,24,,26/09/2028,E,48
47,05,4,02,1,20118424,KHONG GUAN CRACKERS SALTCHEESE SWEET & SPICY PCK 200,,,16.00,44,36.36%,30,,12/08/2027,,2
47,05,5,01,1,20101402,GADING DUA AMPOK JAGUNG (ECO)  PCK 250,,,33.00,44,75.00%,20,,01/03/2027,,1
47,05,5,02,1,20013345,BAMBOE BUMBU INSTANT NASI GORENG(NEW)  PCK 40,,,1.00,30,3.33%,192,CTN,27/01/2028,,1
47,05,6,01,1,20072194,MR.HOTTEST SNACK TORTILLA CHIPS MAITOS SAMBAL BALADO PCK 140/120,,,18.00,18,100.00%,16,,18/07/2027,S,16
47,05,6,02,1,20121350,5 DAYS MINI CROISSANT CHOCOLATE PCK 128,,,18.00,20,90.00%,20,CTN,04/03/2027,,2
47,05,7,01,1,20045104,QTELA KERIPIK TEMPE CABE RAWIT PCK 55,,,20.00,20,100.00%,30,,01/04/2027,L,5
47,05,7,02,1,20132653,MOMS RECIPE SILKY PUDING BUBUK CHOCOLATE PCH 110,,,1.00,98,1.02%,24,CTN,01/02/2028,,1
47,05,8,01,1,20069696,OISHI SNACK POPCORN KARAMEL PCH 100,,,32.00,32,100.00%,20,,01/09/2027,S,10
47,05,8,02,1,20120798,CHO CHO CHOCOLATE JOY SUPER PCK 40/30,,,77.00,77,100.00%,12,,01/08/2027,,1
47,06,3,01,1,20020018,HATARI CRACKERS SEE HONG PUFF SUGAR PCK 260/245,,,3.00,24,12.50%,36,,11/12/2027,,2
47,06,3,02,1,20083233,SRI REJEKI JAYA KRIPIK KENTANG  PCK 80,,,11.00,50,22.00%,10,CTN,05/09/2027,,1
47,06,3,03,0,20131013,OISHI PANCHOS KERIPIK JAGUNG CABE PEDAS PCK 140/145,,,7.00,35,20.00%,16,,03/07/2027,,2
47,06,3,04,0,,,,,0.00,0.0,,,,,,
47,06,4,01,1,20126424,TARO SNACK NET SEAWEED PCK 115,,,9.00,9,100.00%,16,,12/07/2027,,2
47,06,4,02,1,20061189,NARAYA OAT CHOCO (9S) CHOCOLATE PCH 90,,,8.00,50,16.00%,24,,04/02/2028,,2
47,06,5,01,1,10032310,CHUPA CHUPS CANDY LOLLIPOPS ASSORTED PCS 10.5,,,12.00,24,50.00%,600,,01/12/2027,,5
47,06,5,02,1,20092063,CHITATO SNACK POTATO CHIPS SAPI PANGGANG PCK 120/115,,,12.00,14,85.71%,18,,15/05/2027,D,6
47,06,6,01,1,20114756,GURIBEE SNACK BBQ BALADO PCK 65/62,,,18.00,15,120.00%,30,,09/04/2027,L,6
47,06,6,02,1,,,,,0.00,0.0,,,,,,
47,06,7,01,1,20006953,BERLIAN KACANG KEDELE (DC)  PCK 250,,,40.00,20,200.00%,35,,01/09/2027,,2
47,06,7,02,1,20138464,OREO BISCUIT SANDWICH ORIGINAL PCK 147.2/140,,,8.00,85,9.41%,24,CTN,30/09/2027,S,8
47,06,8,01,1,20104728,LEMONILO CHIMI KERIPIK UBI JAGUNG BAKAR PCK 41,,,28.00,21,133.33%,24,,30/08/2027,L,3
47,06,8,02,1,20095753,GARUDA KACANG PANGGANG ROSTA WAGYU PCK 95/90,,,28.00,24,116.67%,30,,01/05/2027,,2
47,07,3,01,1,20095753,GARUDA KACANG PANGGANG ROSTA WAGYU PCK 95/90,,,24.00,24,100.00%,30,CTN,08/05/2027,,2
47,07,3,02,1,20071759,LUMBA-LUMBA KRIPIK SINGKONG MANIS PCK 200,,,10.00,50,20.00%,10,CTN,02/03/2027,,1
47,07,3,03,0,,,,,0.00,0.0,,,,,,
47,07,3,04,0,,,,,0.00,0.0,,,,,,
47,07,4,01,1,20072194,MR.HOTTEST SNACK TORTILLA CHIPS MAITOS SAMBAL BALADO PCK 140/120,,,15.00,18,83.33%,16,,18/07/2027,S,16
47,07,4,02,1,20003405,FORVITA MARGARINE  PCK 200,,,9.00,45,20.00%,60,,03/02/2028,L,2
47,07,5,01,1,,,,,0.00,0.0,,,,,,
47,07,5,02,1,20142878,DALEZZ MUFFIN TELUR  PCK 84,,,21.00,24,87.50%,32,,04/03/2027,,1
47,07,6,01,1,20092875,GARUDA SNACK PILUS MI GORENG PCK 80,,,24.00,24,100.00%,50,,12/08/2027,,10
47,07,6,02,1,20087155,POP MIE MI INSTAN LAPEER TIME AYAM BAWANG CUP 75,,,20.00,32,62.50%,24,,20/05/2027,,6
47,07,7,01,1,10000753,TARO SNACK (60730) SEAWEED PCK 32,,,22.00,18,122.22%,36,,03/09/2027,,3
47,07,7,02,1,20121350,5 DAYS MINI CROISSANT CHOCOLATE PCK 128,,,25.00,20,125.00%,20,,01/03/2027,,2
47,07,8,01,1,20104728,LEMONILO CHIMI KERIPIK UBI JAGUNG BAKAR PCK 41,,,28.00,21,133.33%,24,,30/08/2027,L,3
47,07,8,02,1,20104942,CHIKI SNACK BALLS CHOCOLATE PCK 55/50,,,20.00,25,80.00%,30,,09/03/2027,L,10
47,08,3,01,1,20095226,TOP COFFEE KOPI CAPPUCCINO  PCK 6X25,,,17.00,24,70.83%,20,,20/09/2028,,2
47,08,3,02,1,20038475,YEYE POPCORN STROBERI PCK 150,,,1.00,15,6.67%,32,BAL,05/09/2027,,1
47,08,3,03,0,,,,,0.00,0.0,,,,,,
47,08,3,04,0,20066052,DELMONTE BARBEQUE SAUCE  PCH 250,,,28.00,78,35.90%,24,,01/01/2028,,3
47,08,4,01,1,20061189,NARAYA OAT CHOCO (9S) CHOCOLATE PCH 90,,,50.00,50,100.00%,24,,04/02/2028,,2
47,08,4,02,1,20099956,OISHI PANCHOS KERIPIK JAGUNG PEDAS PCK 140,,,21.00,35,60.00%,16,,04/07/2027,,2
47,08,5,01,1,20136007,MISTER POTATO SNACK CRISPS BARBEQUE KLG 85,,,40.00,65,61.54%,24,CTN,01/07/2027,,8
47,08,5,02,1,20045104,QTELA KERIPIK TEMPE CABE RAWIT PCK 55,,,20.00,20,100.00%,30,,18/05/2027,L,5
47,08,6,01,1,,,,,0.00,0.0,,,,,,
47,08,6,02,1,20119437,POTABEE SNACK POTATO CHIPS BEEF BBQ PCK 120/115,,,7.00,14,50.00%,18,,01/05/2027,L,2
47,08,7,01,1,20112371,GADJAH KOPI TUBRUK ASLI  PCK 138,,,30.00,48,62.50%,20,CTN,25/08/2027,,2
47,08,7,02,1,20112945,FRISIAN FLAG SUSU KENTAL MANIS COKLAT PCH 240,,,13.00,77,16.88%,24,CTN,30/06/2027,L,8
47,08,8,01,1,20092857,STT FRENCH FRIES 2000 PREMIUM  PCK 130,,,18.00,12,150.00%,20,,01/04/2027,D,10
47,08,8,02,1,20093941,POTABEE SNACK POTATO CHIPS AYAM BAKAR PCK 68/65,,,18.00,15,120.00%,30,,01/04/2027,,2
47,09,3,01,1,20135346,LARISST STIK GANDUM COKELAT PCH 75,,,8.00,42,19.05%,12,,04/09/2027,,2
47,09,3,02,1,,,,,0.00,0.0,,,,,,
47,09,3,03,0,,,,,0.00,0.0,,,,,,
47,09,3,04,0,20119460,POTABEE SNACK POTATO CHIPS GRILLED SEAWEED PCK 120/115,,,7.00,21,33.33%,18,,01/07/2027,,2
47,09,4,01,1,10000133,KHONG GUAN BISCUIT MINI ASSORTED  KLG 650,,,22.00,42,52.38%,6,,11/11/2027,J,6
47,09,4,02,1,20141100,WONHAE SNACK BANANA MILK BITES  PCK 60,,,12.00,12,100.00%,40,,01/09/2027,,4
47,09,5,01,1,20134046,SOSRO FRUIT TEA FREEZE BTL 500L,,,22.00,36,61.11%,24,,01/06/2027,,2
47,09,5,02,1,20069696,OISHI SNACK POPCORN KARAMEL PCH 100,,,32.00,32,100.00%,20,,04/09/2027,S,10
47,09,6,01,1,10030665,SIMBA CEREAL CHOCO CHIPS COKLAT PCK 80/72,,,12.00,24,50.00%,30,,01/09/2027,,2
47,09,6,02,1,20104000,INDOMARET KACANG ALMOND  PCH 70/65,,,72.00,72,100.00%,35,,01/09/2027,S,7
47,09,7,01,1,20140056,FLOATY SNACK TERSERAH PCK 60,,,7.00,16,43.75%,40,,01/08/2027,L,20
47,09,7,02,1,10014292,POP MIE MI INSTAN LAPEER TIME KARI AYAM CUP 75,,,32.00,32,100.00%,24,,01/05/2027,L,8
47,09,8,01,1,10030665,SIMBA CEREAL CHOCO CHIPS COKLAT PCK 80/72,,,26.00,24,108.33%,30,,23/07/2027,,2
47,09,8,02,1,20126424,TARO SNACK NET SEAWEED PCK 115,,,12.00,9,133.33%,16,,01/09/2027,,2
48,01,3,01,1,,,,,0.00,0.0,,,,,,
48,01,3,02,1,,,,,0.00,0.0,,,,,,
48,01,3,03,0,,,,,0.00,0.0,,,,,,
48,01,3,04,0,,,,,0.00,0.0,,,,,,
48,01,4,01,1,,,,,0.00,0.0,,,,,,
48,01,4,02,1,,,,,0.00,0.0,,,,,,
48,01,5,01,1,,,,,0.00,0.0,,,,,,
48,01,5,02,1,,,,,0.00,0.0,,,,,,
48,01,6,01,1,,,,,0.00,0.0,,,,,,
48,01,6,02,1,,,,,0.00,0.0,,,,,,
48,01,7,01,1,,,,,0.00,0.0,,,,,,
48,01,7,02,1,,,,,0.00,0.0,,,,,,
48,01,8,01,1,,,,,0.00,0.0,,,,,,
48,01,8,02,1,,,,,0.00,0.0,,,,,,
48,02,3,01,1,20002203,SOSRO FRUIT TEA APEL BTL 500L,,,18.00,40,45.00%,24,,04/08/2027,,2
48,02,3,02,1,,,,,0.00,0.0,,,,,,
48,02,3,03,0,20120906,KOPI KENANGAN HANYA UNTUKMU COFFEE DRINK MANTANCINO BTL 220L,,,24.00,78,30.77%,24,,28/08/2027,,8
48,02,3,04,0,,,,,0.00,0.0,,,,,,
48,02,4,01,1,,,,,0.00,0.0,,,,,,
48,02,4,02,1,,,,,0.00,0.0,,,,,,
48,02,5,01,1,,,,,0.00,0.0,,,,,,
48,02,5,02,1,,,,,0.00,0.0,,,,,,
48,02,6,01,1,20005529,NESTLE AIR MINERAL PURE LIFE BTL 600L,,,40.00,40,100.00%,24,,01/03/2028,D,24
48,02,6,02,1,,,,,0.00,0.0,,,,,,
48,02,7,01,1,,,,,0.00,0.0,,,,,,
48,02,7,02,1,,,,,0.00,0.0,,,,,,
48,02,8,01,1,,,,,0.00,0.0,,,,,,
48,02,8,02,1,,,,,0.00,0.0,,,,,,
48,03,3,01,1,,,,,0.00,0.0,,,,,,
48,03,3,02,1,,,,,0.00,0.0,,,,,,
48,03,3,03,0,,,,,0.00,0.0,,,,,,
48,03,3,04,0,,,,,0.00,0.0,,,,,,
48,03,4,01,1,20057475,SERENA SANDWICH TOGO LONG COKLAT PCK 128,,,12.00,80,15.00%,30,CTN,13/09/2027,,2
48,03,4,02,1,20134686,INDOMARET KACANG PISTACHIO  PCH 60/55,,,60.00,72,83.33%,35,,11/09/2027,L,5
48,03,5,01,1,,,,,0.00,0.0,,,,,,
48,03,5,02,1,20094171,INDOMARET AIR MINUM 24X  CTN 200L,,,108.00,108,100.00%,1,,01/09/2028,S,2
48,03,6,01,1,,,,,0.00,0.0,,,,,,
48,03,6,02,1,,,,,0.00,0.0,,,,,,
48,03,7,01,1,20014537,BISKUAT BISCUIT ORIGINAL EXTRA (106.4G) PCK 121.6,,,11.00,55,20.00%,28,CTN,03/09/2027,,2
48,03,7,02,1,20138151,CIMORY EAT MILK PUDDING MARIE BISCUIT PCH 80,,,10.00,150,6.67%,24,CTN,04/05/2027,,2
48,03,8,01,1,20136745,JAPOTA POTATO CHIPS ORIGINAL PCK 68/65,,,2.00,15,13.33%,30,CTN,05/04/2027,,2
48,03,8,02,1,20054091,BUDY JAM SELAI COKLAT CUP 150,,,5.00,65,7.69%,36,CTN,31/08/2027,,1
48,04,3,01,1,20136745,JAPOTA POTATO CHIPS ORIGINAL PCK 68/65,,,15.00,15,100.00%,30,CTN,05/04/2027,,2
48,04,3,02,1,20126424,TARO SNACK NET SEAWEED PCK 115,,,5.00,9,55.56%,16,CTN,04/09/2027,,2
48,04,3,03,0,,,,,0.00,0.0,,,,,,
48,04,3,04,0,20137681,INDOMARET CANDY GUMMY STRAWBERY MANG0 PCK 50,,,10.00,33,30.30%,72,,01/03/2028,,2
48,04,4,01,1,20015838,POCARI SWEAT MINUMAN ISOTONIK  BTL 350L,,,16.00,60,26.67%,24,,29/07/2027,D,24
48,04,4,02,1,20116675,CHITATO LITE SNACK POTATO NORI SEAWEED PCK 115,,,14.00,21,66.67%,18,,18/05/2027,D,9
48,04,5,01,1,20014537,BISKUAT BISCUIT ORIGINAL EXTRA (106.4G) PCK 121.6,,,6.00,55,10.91%,28,CTN,23/09/2027,,2
48,04,5,02,1,10007499,KUNCI MAS MINYAK GORENG  PCH 2000L,,,55.00,55,100.00%,6,,18/03/2028,,2
48,04,6,01,1,10007499,KUNCI MAS MINYAK GORENG  PCH 2000L,,,55.00,55,100.00%,6,,18/03/2028,,2
48,04,6,02,1,10007499,KUNCI MAS MINYAK GORENG  PCH 2000L,,,55.00,55,100.00%,6,,18/03/2028,,2
48,04,7,01,1,20024699,STT FRENCH FRIES 2000 PREMIUM  PCK 62,,,24.00,24,100.00%,20,,07/03/2027,S,20
48,04,7,02,1,20113844,SEDAAP MIE MIE INSTANT AYAM JERIT CUP 75,,,48.00,64,75.00%,12,,23/04/2027,,12
48,04,8,01,1,20139538,LAYS SNACK POTATO CHIPS RUMPUT LAUT PCK 105,,,25.00,20,125.00%,14,,05/06/2027,,2
48,04,8,02,1,20072194,MR.HOTTEST SNACK TORTILLA CHIPS MAITOS SAMBAL BALADO PCK 140/120,,,24.00,18,133.33%,16,CTN,11/07/2027,S,16
48,05,3,01,1,20141954,YUPI CANDY CRUNCHY GUMMY  PCH 50,,,6.00,100,6.00%,36,,22/12/2027,,6
48,05,3,02,1,10007805,MONA BISCUIT KOPYOR PCK 300,,,2.00,40,5.00%,20,CTN,20/08/2027,,1
48,05,3,03,0,,,,,0.00,0.0,,,,,,
48,05,3,04,0,10032310,CHUPA CHUPS CANDY LOLLIPOPS ASSORTED PCS 10.5,,,3.00,24,12.50%,600,,12/02/2028,,5
48,05,4,01,1,,,,,0.00,0.0,,,,,,
48,05,4,02,1,,,,,0.00,0.0,,,,,,
48,05,5,01,1,10003517,INDOMIE MIE GORENG PLUS SPECIAL PCK 80,,,52.00,52,100.00%,40,,01/05/2027,E,40
48,05,5,02,1,10003517,INDOMIE MIE GORENG PLUS SPECIAL PCK 80,,,52.00,52,100.00%,40,,01/05/2027,E,40
48,05,6,01,1,10007499,KUNCI MAS MINYAK GORENG  PCH 2000L,,,55.00,55,100.00%,6,,18/03/2028,,2
48,05,6,02,1,,,,,0.00,0.0,,,,,,
48,05,7,01,1,20012680,QTELA KERIPIK SINGKONG ORIGINAL PCK 175,,,8.00,21,38.10%,12,,01/07/2027,,4
48,05,7,02,1,20034686,OISHI SNACK PILLOWS UBI PCH 100,,,20.00,40,50.00%,20,CTN,22/09/2027,L,10
48,05,8,01,1,10000975,POP MIE MI INSTAN LAPEER TIME AYAM CUP 75,,,39.00,32,121.88%,24,,01/04/2027,L,6
48,05,8,02,1,20126424,TARO SNACK NET SEAWEED PCK 115,,,12.00,9,133.33%,16,,31/07/2027,,2
48,06,3,01,1,20099955,OISHI PANCHOS KERIPIK JAGUNG SAPI PANGGANG PCK 140,,,12.00,35,34.29%,16,CTN,04/07/2027,,2
48,06,3,02,1,20122462,MILO HEALTY DRINK 3 IN 1 ACTIGEN-E BAG 18X34,,,10.00,30,33.33%,12,,04/08/2027,,1
48,06,3,03,0,,,,,0.00,0.0,,,,,,
48,06,3,04,0,20061938,SUPER O2 AIR MINERAL SPORTIVO  BTL 600L,,,9.00,36,25.00%,24,,01/08/2028,,2
48,06,4,01,1,20123322,GOLDA COFFEE DRINK CAPPUCCINO BTL 200L,,,186.00,186,100.00%,12,,01/06/2027,E,12
48,06,4,02,1,20090527,CRYSTALIN AIR MINERAL  BTL 600L,,,36.00,36,100.00%,24,,31/03/2028,D,24
48,06,5,01,1,20099955,OISHI PANCHOS KERIPIK JAGUNG SAPI PANGGANG PCK 140,,,21.00,35,60.00%,16,CTN,04/07/2027,,2
48,06,5,02,1,20093110,KUSUKA KERIPIK SINGKONG BALADO PCK 180,,,21.00,24,87.50%,10,CTN,17/09/2027,,2
48,06,6,01,1,20099955,OISHI PANCHOS KERIPIK JAGUNG SAPI PANGGANG PCK 140,,,21.00,35,60.00%,16,CTN,04/07/2027,,2
48,06,6,02,1,,,,,0.00,0.0,,,,,,
48,06,7,01,1,20096589,SEDAAP MIE MIE INSTANT GORENG PCK 5X91,,,50.00,52,96.15%,8,,01/05/2027,E,8
48,06,7,02,1,20027448,TANGO WAFER CHOCOLATE PCK 110/100,,,1.00,91,1.10%,24,CTN,01/09/2027,L,8
48,06,8,01,1,10002101,HAPPYTOS SNACK TORTILA CHIPS MERAH PCK 140,,,24.00,24,100.00%,16,,01/09/2027,E,16
48,06,8,02,1,20139713,CHITATO SNACK POTATO CHIPS BEEF MALA PCK 65,,,20.00,15,133.33%,30,,01/04/2027,,2
48,07,3,01,1,20136661,5 DAYS CROISSANT CHOCO BANANA PCK 60,,,25.00,25,100.00%,40,CTN,18/03/2027,,2
48,07,3,02,1,20085279,INDOMARET GULA PASIR STICK  PCK 30X8,,,5.00,40,12.50%,50,,05/08/2028,,1
48,07,3,03,0,,,,,0.00,0.0,,,,,,
48,07,3,04,0,20048790,OREO SANDWICH MINI CHOCOLATE CREAM PCH 58.4,,,18.00,40,45.00%,24,,30/06/2027,,3
48,07,4,01,1,20136661,5 DAYS CROISSANT CHOCO BANANA PCK 60,,,10.00,25,40.00%,40,CTN,04/02/2027,,2
48,07,4,02,1,20136661,5 DAYS CROISSANT CHOCO BANANA PCK 60,,,5.00,25,20.00%,40,CTN,18/03/2027,,2
48,07,5,01,1,20136661,5 DAYS CROISSANT CHOCO BANANA PCK 60,,,6.00,25,24.00%,40,CTN,04/02/2027,,2
48,07,5,02,1,,,,,0.00,0.0,,,,,,
48,07,6,01,1,20136661,5 DAYS CROISSANT CHOCO BANANA PCK 60,,,6.00,25,24.00%,40,CTN,04/02/2027,,2
48,07,6,02,1,,,,,0.00,0.0,,,,,,
48,07,7,01,1,20034686,OISHI SNACK PILLOWS UBI PCH 100,,,1.00,40,2.50%,20,CTN,22/09/2027,L,10
48,07,7,02,1,20045104,QTELA KERIPIK TEMPE CABE RAWIT PCK 55,,,15.00,20,75.00%,30,CTN,21/05/2027,L,5
48,07,8,01,1,20134686,INDOMARET KACANG PISTACHIO  PCH 60/55,,,17.00,72,23.61%,35,CTN,18/09/2027,L,5
48,07,8,02,1,20034686,OISHI SNACK PILLOWS UBI PCH 100,,,13.00,40,32.50%,20,CTN,21/09/2027,L,10
48,08,3,01,1,20089255,INDOMARET SNACK KACANG PANGGANG  PCK 100,,,11.00,50,22.00%,30,,30/06/2027,,1
48,08,3,02,1,,,,,0.00,0.0,,,,,,
48,08,3,03,0,20138568,MOOOCHII KUE MOCHI RED BEAN PCK 40,,,10.00,108,9.26%,40,,28/01/2027,,2
48,08,3,04,0,,,,,0.00,0.0,,,,,,
48,08,4,01,1,20039610,SIDO MUNCUL JAHE SUSU  PCK 10X27,,,10.00,72,13.89%,12,CTN,01/08/2028,,1
48,08,4,02,1,,,,,0.00,0.0,,,,,,
48,08,5,01,1,20127764,NONG SHIM INSTANT NOODLE SHIN RAMYUN STIR FRY PCK 131,,,2.00,70,2.86%,20,CTN,01/02/2027,,1
48,08,5,02,1,20138101,BANGO KECAP MANIS  PCH 380,,,42.00,91,46.15%,12,,01/09/2027,,2
48,08,6,01,1,,,,,0.00,0.0,,,,,,
48,08,6,02,1,,,,,0.00,0.0,,,,,,
48,08,7,01,1,10036957,HAPPYTOS SNACK TORTILA CHIPS HIJAU PCK 140,,,24.00,24,100.00%,16,,09/09/2027,S,16
48,08,7,02,1,20045611,SEDAAP MIE MIE INSTANT GORENG  CUP 83/85,,,64.00,64,100.00%,12,,31/05/2027,,12
48,08,8,01,1,10016170,OREO SANDWICH CHOCOLATE CREME PCK 110.4/105,,,34.00,90,37.78%,24,CTN,20/08/2027,,12
48,08,8,02,1,20126424,TARO SNACK NET SEAWEED PCK 115,,,9.00,9,100.00%,16,CTN,04/09/2027,,2
48,09,3,01,1,20049190,GERY CRACKERS MALKIST SALUUT COKLAT PCK 110/100,,,7.00,50,14.00%,30,,31/08/2027,,6
48,09,3,02,1,20134969,MILO BISCUIT SANDWICH ACTIV MILK PCK 104/96,,,17.00,90,18.89%,24,,01/08/2027,,2
48,09,3,03,0,20087542,GOLDA COFFEE DRINK DOLCE LATTE BTL 200L,,,62.00,186,33.33%,12,,20/05/2027,D,12
48,09,3,04,0,,,,,0.00,0.0,,,,,,
48,09,4,01,1,,,,,0.00,0.0,,,,,,
48,09,4,02,1,,,,,0.00,0.0,,,,,,
48,09,5,01,1,,,,,0.00,0.0,,,,,,
48,09,5,02,1,10005599,SEGITIGA BIRU TEPUNG TERIGU  PCK 1000,,,31.00,32,96.88%,12,,01/09/2028,L,2
48,09,6,01,1,,,,,0.00,0.0,,,,,,
48,09,6,02,1,,,,,0.00,0.0,,,,,,
48,09,7,01,1,20042370,MAMASUKA RUMPUT LAUT PANGGANG (NORI)  PCK 2X4.5,,,12.00,20,60.00%,40,,30/09/2027,S,10
48,09,7,02,1,20101402,GADING DUA AMPOK JAGUNG (ECO)  PCK 250,,,32.00,44,72.73%,20,,01/02/2027,,1
48,09,8,01,1,20126424,TARO SNACK NET SEAWEED PCK 115,,,3.00,9,33.33%,16,CTN,04/09/2027,,2
48,09,8,02,1,10002101,HAPPYTOS SNACK TORTILA CHIPS MERAH PCK 140,,,24.00,24,100.00%,16,,01/09/2027,E,16
49,01,3,01,1,,,,,0.00,0.0,,,,,,
49,01,3,02,1,,,,,0.00,0.0,,,,,,
49,01,3,03,0,,,,,0.00,0.0,,,,,,
49,01,3,04,0,,,,,0.00,0.0,,,,,,
49,01,4,01,1,,,,,0.00,0.0,,,,,,
49,01,4,02,1,,,,,0.00,0.0,,,,,,
49,01,5,01,1,,,,,0.00,0.0,,,,,,
49,01,5,02,1,,,,,0.00,0.0,,,,,,
49,01,6,01,1,,,,,0.00,0.0,,,,,,
49,01,6,02,1,,,,,0.00,0.0,,,,,,
49,01,7,01,1,,,,,0.00,0.0,,,,,,
49,01,7,02,1,,,,,0.00,0.0,,,,,,
49,01,8,01,1,,,,,0.00,0.0,,,,,,
49,01,8,02,1,,,,,0.00,0.0,,,,,,
49,02,3,01,1,,,,,0.00,0.0,,,,,,
49,02,3,02,1,,,,,0.00,0.0,,,,,,
49,02,3,03,0,,,,,0.00,0.0,,,,,,
49,02,3,04,0,,,,,0.00,0.0,,,,,,
49,02,4,01,1,10007499,KUNCI MAS MINYAK GORENG  PCH 2000L,,,55.00,55,100.00%,6,,03/03/2028,,2
49,02,4,02,1,10007499,KUNCI MAS MINYAK GORENG  PCH 2000L,,,55.00,55,100.00%,6,,13/03/2028,,2
49,02,5,01,1,,,,,0.00,0.0,,,,,,
49,02,5,02,1,,,,,0.00,0.0,,,,,,
49,02,6,01,1,,,,,0.00,0.0,,,,,,
49,02,6,02,1,,,,,0.00,0.0,,,,,,
49,02,7,01,1,,,,,0.00,0.0,,,,,,
49,02,7,02,1,,,,,0.00,0.0,,,,,,
49,02,8,01,1,,,,,0.00,0.0,,,,,,
49,02,8,02,1,,,,,0.00,0.0,,,,,,
49,03,3,01,1,20089256,INDOMARET SNACK KACANG TELUR MEDAN  PCK 100,,,14.00,50,28.00%,30,CTN,01/05/2027,,2
49,03,3,02,1,20131802,IMPERIAL BISCUIT SUSU SELAI DAN KRIM BLUEBERRY PCK 108,,,4.00,55,7.27%,24,CTN,01/07/2027,,2
49,03,3,03,0,,,,,0.00,0.0,,,,,,
49,03,3,04,0,,,,,0.00,0.0,,,,,,
49,03,4,01,1,10008550,GOOD TIME COOKIES CHOCOCHIPS DOUBLE CHOC PCK 72,,,28.00,24,116.67%,48,,13/10/2027,,12
49,03,4,02,1,10007499,KUNCI MAS MINYAK GORENG  PCH 2000L,,,55.00,55,100.00%,6,,18/03/2028,,2
49,03,5,01,1,10007499,KUNCI MAS MINYAK GORENG  PCH 2000L,,,55.00,55,100.00%,6,,18/03/2028,,2
49,03,5,02,1,20089256,INDOMARET SNACK KACANG TELUR MEDAN  PCK 100,,,10.00,50,20.00%,30,CTN,01/05/2027,,2
49,03,6,01,1,10007499,KUNCI MAS MINYAK GORENG  PCH 2000L,,,55.00,55,100.00%,6,,18/03/2028,,2
49,03,6,02,1,20103738,FRESCO KOPI INSTANT CAPPUCCINO  PCK 9X25,,,22.00,50,44.00%,20,CTN,20/02/2028,,5
49,03,7,01,1,20097774,JAPOTA POTATO CHIPS UM.JPNS SEAWEED PCK 68/65,,,10.00,10,100.00%,30,CTN,07/05/2027,,2
49,03,7,02,1,20052391,SEDAAP MIE MIE INSTANT KARI SPECIAL CUP 79/81,,,9.00,64,14.06%,12,CTN,01/05/2027,,12
49,03,8,01,1,20097774,JAPOTA POTATO CHIPS UM.JPNS SEAWEED PCK 68/65,,,2.00,10,20.00%,30,CTN,07/05/2027,,2
49,03,8,02,1,20069844,OISHI SNACK POPCORN COKLAT PCH 100,,,27.00,60,45.00%,20,CTN,04/09/2027,,4
49,04,3,01,1,20109716,GOLDENFIL SPREAD CHOCO CRUNCHY CUP 350,,,7.00,40,17.50%,24,CTN,31/07/2028,,1
49,04,3,02,1,10003828,QUAKER INSTANT OATMEAL (REFF) MERAH PCK 200,,,5.00,35,14.29%,36,,14/02/2028,,2
49,04,3,03,0,,,,,0.00,0.0,,,,,,
49,04,3,04,0,,,,,0.00,0.0,,,,,,
49,04,4,01,1,,,,,0.00,0.0,,,,,,
49,04,4,02,1,,,,,0.00,0.0,,,,,,
49,04,5,01,1,,,,,0.00,0.0,,,,,,
49,04,5,02,1,20109716,GOLDENFIL SPREAD CHOCO CRUNCHY CUP 350,,,11.00,40,27.50%,24,CTN,31/07/2028,,1
49,04,6,01,1,20052629,INDOMARET AIR MINUM DENGAN OKSIGEN SPORTY BTL 600L,,,40.00,40,100.00%,24,,01/09/2028,,24
49,04,6,02,1,20052629,INDOMARET AIR MINUM DENGAN OKSIGEN SPORTY BTL 600L,,,40.00,40,100.00%,24,,01/09/2028,,24
49,04,7,01,1,20069696,OISHI SNACK POPCORN KARAMEL PCH 100,,,32.00,32,100.00%,20,CTN,04/09/2027,S,10
49,04,7,02,1,20104728,LEMONILO CHIMI KERIPIK UBI JAGUNG BAKAR PCK 41,,,8.00,21,38.10%,24,,11/09/2027,L,3
49,04,8,01,1,20138241,CHEETOS SNACK KEJU PCK 120,,,25.00,20,125.00%,14,,01/07/2027,L,4
49,04,8,02,1,20138228,LAYS SNACK POTATO CHIPS RUMPUT LAUT PCK 64,,,25.00,25,100.00%,22,,01/06/2027,,6
49,05,3,01,1,20034079,FRISIAN FLAG SUSU CAIR UHT COKELAT TPK 225L,,,24.00,78,30.77%,36,,01/07/2027,D,36
49,05,3,02,1,,,,,0.00,0.0,,,,,,
49,05,3,03,0,,,,,0.00,0.0,,,,,,
49,05,3,04,0,20009270,DELMONTE KETCHUP SAUS TOMAT  PCK 24X8,,,24.00,72,33.33%,20,,08/07/2027,,4
49,05,4,01,1,20007824,DUA KELINCI KACANG SANGRAI  PCK 180,,,2.00,30,6.67%,30,CTN,01/10/2027,,1
49,05,4,02,1,,,,,0.00,0.0,,,,,,
49,05,5,01,1,,,,,0.00,0.0,,,,,,
49,05,5,02,1,,,,,0.00,0.0,,,,,,
49,05,6,01,1,,,,,0.00,0.0,,,,,,
49,05,6,02,1,,,,,0.00,0.0,,,,,,
49,05,7,01,1,20120421,TARO SNACK NET POTATO BARBEQUE PCK 115,,,9.00,9,100.00%,16,CTN,04/09/2027,,2
49,05,7,02,1,20121350,5 DAYS MINI CROISSANT CHOCOLATE PCK 128,,,20.00,20,100.00%,20,CTN,04/03/2027,,2
49,05,8,01,1,20139538,LAYS SNACK POTATO CHIPS RUMPUT LAUT PCK 105,,,25.00,20,125.00%,14,,01/07/2027,,2
49,05,8,02,1,20138228,LAYS SNACK POTATO CHIPS RUMPUT LAUT PCK 64,,,27.00,25,108.00%,22,,01/06/2027,,6
49,06,3,01,1,20136661,5 DAYS CROISSANT CHOCO BANANA PCK 60,,,9.00,25,36.00%,40,,01/03/2027,,2
49,06,3,02,1,10007001,YEYE POP CORN ASSORTED PCK,,,8.00,15,53.33%,32,PCK,05/10/2027,,2
49,06,3,03,0,,,,,0.00,0.0,,,,,,
49,06,3,04,0,,,,,0.00,0.0,,,,,,
49,06,4,01,1,20038777,POCARI SWEAT MINUMAN ISOTONIK  BTL 900L,,,40.00,40,100.00%,15,,01/08/2027,S,15
49,06,4,02,1,20138228,LAYS SNACK POTATO CHIPS RUMPUT LAUT PCK 64,,,2.00,25,8.00%,22,CTN,30/06/2027,,6
49,06,5,01,1,20138228,LAYS SNACK POTATO CHIPS RUMPUT LAUT PCK 64,,,25.00,25,100.00%,22,CTN,30/06/2027,,6
49,06,5,02,1,20077499,PRISTINE 8.6+ AIR MINERAL  BTL 600L,,,40.00,40,100.00%,24,,01/09/2028,S,24
49,06,6,01,1,20138228,LAYS SNACK POTATO CHIPS RUMPUT LAUT PCK 64,,,25.00,25,100.00%,22,CTN,30/06/2027,,6
49,06,6,02,1,10000975,POP MIE MI INSTAN LAPEER TIME AYAM CUP 75,,,32.00,32,100.00%,24,,01/04/2027,L,6
49,06,7,01,1,20120421,TARO SNACK NET POTATO BARBEQUE PCK 115,,,3.00,9,33.33%,16,CTN,04/09/2027,,2
49,06,7,02,1,20083488,TANGO WAFER VANILLA MILK PCH 99/95,,,1.00,24,4.17%,18,CTN,09/09/2027,,1
49,06,8,01,1,20126424,TARO SNACK NET SEAWEED PCK 115,,,12.00,9,133.33%,16,,01/09/2027,,2
49,06,8,02,1,20027448,TANGO WAFER CHOCOLATE PCK 110/100,,,7.00,91,7.69%,24,CTN,01/09/2027,L,8
49,07,3,01,1,20049190,GERY CRACKERS MALKIST SALUUT COKLAT PCK 110/100,,,4.00,50,8.00%,30,,01/08/2027,,6
49,07,3,02,1,10035898,AJINOMOTO PENYEDAP RASA MASAKO AYAM PCH 100/94,,,4.00,136,2.94%,48,CTN,01/08/2027,,2
49,07,3,03,0,,,,,0.00,0.0,,,,,,
49,07,3,04,0,20056214,PINO ICE CUP  PCK 6S,,,20.00,80,25.00%,12,,04/07/2027,,1
49,07,4,01,1,20137992,AQUVIVA AIR MINERAL  BTL 1600L,,,60.00,60,100.00%,6,,20/03/2028,S,6
49,07,4,02,1,,,,,0.00,0.0,,,,,,
49,07,5,01,1,10035898,AJINOMOTO PENYEDAP RASA MASAKO AYAM PCH 100/94,,,2.00,136,1.47%,48,CTN,04/09/2027,,2
49,07,5,02,1,,,,,0.00,0.0,,,,,,
49,07,6,01,1,20077499,PRISTINE 8.6+ AIR MINERAL  BTL 600L,,,40.00,40,100.00%,24,,01/09/2028,S,24
49,07,6,02,1,,,,,0.00,0.0,,,,,,
49,07,7,01,1,20093110,KUSUKA KERIPIK SINGKONG BALADO PCK 180,,,6.00,24,25.00%,10,CTN,20/09/2027,,2
49,07,7,02,1,20074431,BLEDUGH KACANG SHANGHAI  PCK 400,,,24.00,24,100.00%,20,CTN,24/09/2027,,2
49,07,8,01,1,20092857,STT FRENCH FRIES 2000 PREMIUM  PCK 130,,,18.00,12,150.00%,20,,01/03/2027,D,10
49,07,8,02,1,20121350,5 DAYS MINI CROISSANT CHOCOLATE PCK 128,,,20.00,20,100.00%,20,CTN,04/03/2027,,2
49,08,3,01,1,,,,,0.00,0.0,,,,,,
49,08,3,02,1,20024644,OREO SANDWICH STRAWBERY CREME PCK 110.4/105,,,16.00,90,17.78%,24,,30/09/2027,,6
49,08,3,03,0,,,,,0.00,0.0,,,,,,
49,08,3,04,0,,,,,0.00,0.0,,,,,,
49,08,4,01,1,,,,,0.00,0.0,,,,,,
49,08,4,02,1,,,,,0.00,0.0,,,,,,
49,08,5,01,1,10036957,HAPPYTOS SNACK TORTILA CHIPS HIJAU PCK 140,,,24.00,24,100.00%,16,,01/09/2027,S,16
49,08,5,02,1,20138464,OREO BISCUIT SANDWICH ORIGINAL PCK 147.2/140,,,51.00,85,60.00%,24,,30/09/2027,S,8
49,08,6,01,1,,,,,0.00,0.0,,,,,,
49,08,6,02,1,10016170,OREO SANDWICH CHOCOLATE CREME PCK 110.4/105,,,61.00,90,67.78%,24,,31/08/2027,,12
49,08,7,01,1,20083488,TANGO WAFER VANILLA MILK PCH 99/95,,,1.00,24,4.17%,18,CTN,09/09/2027,,1
49,08,7,02,1,20035264,INDOMARET SNACK KACANG ATOM / SHANGHAI  PCK 140,,,10.00,21,47.62%,80,,27/09/2027,,2
49,08,8,01,1,20121350,5 DAYS MINI CROISSANT CHOCOLATE PCK 128,,,5.00,20,25.00%,20,CTN,04/03/2027,,2
49,08,8,02,1,20112371,GADJAH KOPI TUBRUK ASLI  PCK 138,,,35.00,48,72.92%,20,CTN,25/08/2027,,2
49,09,3,01,1,20007824,DUA KELINCI KACANG SANGRAI  PCK 180,,,5.00,30,16.67%,30,,01/09/2027,,1
49,09,3,02,1,,,,,0.00,0.0,,,,,,
49,09,3,03,0,,,,,0.00,0.0,,,,,,
49,09,3,04,0,,,,,0.00,0.0,,,,,,
49,09,4,01,1,20139842,POCI ES TEH TARIK GULA AREN PCK 5X25,,,18.00,40,45.00%,48,,02/09/2027,,1
49,09,4,02,1,,,,,0.00,0.0,,,,,,
49,09,5,01,1,10000185,INDOMIE MIE INSTANT KARI AYAM PCK 72,,,30.00,52,57.69%,40,,01/05/2027,D,40
49,09,5,02,1,20087542,GOLDA COFFEE DRINK DOLCE LATTE BTL 200L,,,186.00,186,100.00%,12,,20/05/2027,D,12
49,09,6,01,1,20116670,CHITATO LITE SNACK POTATO NORI SEAWEED PCK 68/65,,,15.00,15,100.00%,30,,17/05/2027,D,6
49,09,6,02,1,20116675,CHITATO LITE SNACK POTATO NORI SEAWEED PCK 115,,,14.00,21,66.67%,18,,18/05/2027,D,9
49,09,7,01,1,20092063,CHITATO SNACK POTATO CHIPS SAPI PANGGANG PCK 120/115,,,14.00,14,100.00%,18,,15/05/2027,D,6
49,09,7,02,1,20121350,5 DAYS MINI CROISSANT CHOCOLATE PCK 128,,,20.00,20,100.00%,20,CTN,04/03/2027,,2
49,09,8,01,1,20083488,TANGO WAFER VANILLA MILK PCH 99/95,,,1.00,24,4.17%,18,CTN,09/09/2027,,1
49,09,8,02,1,10002101,HAPPYTOS SNACK TORTILA CHIPS MERAH PCK 140,,,24.00,24,100.00%,16,,01/09/2027,E,16
50,01,3,01,1,,,,,0.00,0.0,,,,,,
50,01,3,02,1,,,,,0.00,0.0,,,,,,
50,01,3,03,0,,,,,0.00,0.0,,,,,,
50,01,3,04,0,,,,,0.00,0.0,,,,,,
50,01,4,01,1,,,,,0.00,0.0,,,,,,
50,01,4,02,1,,,,,0.00,0.0,,,,,,
50,01,5,01,1,,,,,0.00,0.0,,,,,,
50,01,5,02,1,,,,,0.00,0.0,,,,,,
50,01,6,01,1,,,,,0.00,0.0,,,,,,
50,01,6,02,1,,,,,0.00,0.0,,,,,,
50,01,7,01,1,,,,,0.00,0.0,,,,,,
50,01,7,02,1,,,,,0.00,0.0,,,,,,
50,01,8,01,1,,,,,0.00,0.0,,,,,,
50,01,8,02,1,20078113,POPPY POP SNACK  JAGUNG BAKAR PCK 60,,,24.00,16,150.00%,24,,01/05/2027,,8
50,02,3,01,1,,,,,0.00,0.0,,,,,,
50,02,3,02,1,,,,,0.00,0.0,,,,,,
50,02,3,03,0,,,,,0.00,0.0,,,,,,
50,02,3,04,0,20132494,LEMONILO BROWNIES CRISPY KEJU PCH 33/32,,,36.00,108,33.33%,12,,01/06/2027,,3
50,02,4,01,1,,,,,0.00,0.0,,,,,,
50,02,4,02,1,20025762,PIATTOS SNACK KENTANG SAPI PANGGANG PCK 68/65,,,18.00,12,150.00%,30,,29/08/2027,,10
50,02,5,01,1,,,,,0.00,0.0,,,,,,
50,02,5,02,1,10000461,MONDE SNACK GOLD  PCK 60/50,,,15.00,15,100.00%,30,,03/08/2027,,6
50,02,6,01,1,,,,,0.00,0.0,,,,,,
50,02,6,02,1,20141198,WONHAE TOPOKKI KIDS CARBONARA  PCK 80,,,45.00,100,45.00%,40,,11/08/2027,,4
50,02,7,01,1,,,,,0.00,0.0,,,,,,
50,02,7,02,1,,,,,0.00,0.0,,,,,,
50,02,8,01,1,20071781,POTABEE SNACK POTATO CHIPS SEAWEED PCK 68/65,,,18.00,15,120.00%,30,,18/04/2027,,2
50,02,8,02,1,20130511,GURIBEE SNACK KEJU PCK 65/62,,,18.00,28,64.29%,30,,01/04/2027,,10
50,03,3,01,1,20068536,REBO KUACI GREEN TEA PCH 140/120,,,15.00,27,55.56%,48,CTN,09/12/2027,,2
50,03,3,02,1,,,,,0.00,0.0,,,,,,
50,03,3,03,0,,,,,0.00,0.0,,,,,,
50,03,3,04,0,20142223,BONCHA CANDY GUMIFY VIT C  PCH 60,,,3.00,50,6.00%,40,,30/04/2028,,1
50,03,4,01,1,20068536,REBO KUACI GREEN TEA PCH 140/120,,,3.00,27,11.11%,48,CTN,09/12/2027,,2
50,03,4,02,1,20013433,INDOMILK SUSU KENTAL MANIS PUTIH PCK 6X37,,,19.00,90,21.11%,20,,23/09/2027,,10
50,03,5,01,1,20068536,REBO KUACI GREEN TEA PCH 140/120,,,6.00,27,22.22%,48,CTN,09/12/2027,,2
50,03,5,02,1,20142877,DALEZZ BOLU ISI CUSTARD  PCK 100,,,21.00,21,100.00%,32,,04/05/2027,,1
50,03,6,01,1,10007499,KUNCI MAS MINYAK GORENG  PCH 2000L,,,55.00,55,100.00%,6,,03/03/2028,,2
50,03,6,02,1,20032723,MILO CEREAL BALLS COMBO PACK COKLAT CUP 30,,,20.00,30,66.67%,48,,04/07/2027,L,12
50,03,7,01,1,20045204,AJINOMOTO BUMBU MASAK RP.5000  PCK 100/90,,,15.00,40,37.50%,120,CTN,04/09/2036,,2
50,03,7,02,1,20041562,TOP COFFEE KOPI GULA SUSU 3 IN 1  PCK 10X31,,,50.00,52,96.15%,12,,01/05/2027,,2
50,03,8,01,1,20074431,BLEDUGH KACANG SHANGHAI  PCK 400,,,8.00,24,33.33%,20,CTN,24/09/2027,,2
50,03,8,02,1,20132750,CHITATO LITE SNACK POTATO AYAM BAWANG PCK 68/65,,,19.00,15,126.67%,30,,21/04/2027,,2
50,04,3,01,1,20110967,MUJIGAE SUSU CAIR CHOCO BANANA BTL 250L,,,89.00,175,50.86%,12,,01/12/2027,L,3
50,04,3,02,1,20135665,JLO CHOCOEGG DORAEMON  PCS 25,,,16.00,70,22.86%,48,CTN,04/12/2027,,6
50,04,3,03,0,,,,,0.00,0.0,,,,,,
50,04,3,04,0,20139814,BIOKUL TO GO YOGURT YUZU PCH 80,,,45.00,128,35.16%,12,,05/08/2027,,1
50,04,4,01,1,20067395,NISSIN MIE GORENG GEKIKARA RAMEN PEDAS PCK 118,,,19.00,36,52.78%,30,,01/06/2027,,3
50,04,4,02,1,20015838,POCARI SWEAT MINUMAN ISOTONIK  BTL 350L,,,50.00,60,83.33%,24,,01/08/2027,D,24
50,04,5,01,1,20096677,INDOMARET SNACK SOES COKELAT PCK 80,,,24.00,27,88.89%,30,,01/06/2027,L,10
50,04,5,02,1,20132657,WONHAE SNACK TOPOKKI CREAMY ROSE PCK 80,,,12.00,30,40.00%,40,,28/09/2027,L,10
50,04,6,01,1,10000861,POP MIE MI INSTAN LAPEER TIME BASO CUP 75,,,32.00,32,100.00%,24,,01/05/2027,L,12
50,04,6,02,1,20096677,INDOMARET SNACK SOES COKELAT PCK 80,,,24.00,27,88.89%,30,,01/06/2027,L,10
50,04,7,01,1,20038549,AJINOMOTO PENYEDAP RASA MASAKO AYAM PCK 250/230,,,1.00,44,2.27%,48,CTN,05/03/2028,,1
50,04,7,02,1,20048790,OREO SANDWICH MINI CHOCOLATE CREAM PCH 58.4,,,11.00,40,27.50%,24,CTN,30/06/2027,,3
50,04,8,01,1,20138230,DORITOS SNACK JAGUNG BAKAR PCK 120,,,15.00,10,150.00%,24,,01/06/2027,,2
50,04,8,02,1,20081238,TARO SNACK NET TERIYAKI BBQ PCK 62,,,12.00,8,150.00%,30,,20/08/2027,,2
50,05,3,01,1,20077369,PROMINA SNACK RICE PUFFS BLUEBERRY PCH 15,,,14.00,50,28.00%,24,,01/04/2027,L,6
50,05,3,02,1,20089256,INDOMARET SNACK KACANG TELUR MEDAN  PCK 100,,,11.00,50,22.00%,30,,01/05/2027,,2
50,05,3,03,0,20141506,RITZ CRACKERS ORIGINAL  PCS 100,,,8.00,80,10.00%,24,,31/08/2027,,2
50,05,3,04,0,,,,,0.00,0.0,,,,,,
50,05,4,01,1,20135346,LARISST STIK GANDUM COKELAT PCH 75,,,24.00,42,57.14%,12,CTN,14/09/2027,,2
50,05,4,02,1,20115438,5 DAYS CROISSANT CHEESE PCK 60,,,25.00,18,138.89%,40,,23/02/2027,,2
50,05,5,01,1,20129174,SRI REJEKI JAYA KERIPIK GADUNG  PCK 100,,,12.00,16,75.00%,20,,01/09/2029,,1
50,05,5,02,1,20140011,MILO BISCUIT SANDWICH ACTIV CHOCO PCK 96,,,23.00,95,24.21%,24,,01/08/2027,,2
50,05,6,01,1,20135346,LARISST STIK GANDUM COKELAT PCH 75,,,42.00,42,100.00%,12,CTN,14/09/2027,,2
50,05,6,02,1,10008580,DELFI WAFER STICK TWISTER MINIS CHOCO CREAM PCK 70,,,6.00,60,10.00%,20,CTN,04/11/2027,,2
50,05,7,01,1,20138464,OREO BISCUIT SANDWICH ORIGINAL PCK 147.2/140,,,20.00,85,23.53%,24,CTN,30/09/2027,S,8
50,05,7,02,1,20015337,MUNCHYS SANDWICH CRACKER LEXUS CHOCOLATE CREAM PCK 190,,,30.00,40,75.00%,15,,04/06/2027,,2
50,05,8,01,1,20034686,OISHI SNACK PILLOWS UBI PCH 100,,,50.00,40,125.00%,20,,21/09/2027,L,10
50,05,8,02,1,20138236,CHEETOS SNACK JAGUNG BKR KEJU PCK 120,,,25.00,20,125.00%,14,,10/07/2027,L,3
50,06,3,01,1,20074990,OREO SANDWICH DARK&WHITE CHO PCK 110.4/105,,,36.00,100,36.00%,24,,11/08/2027,,6
50,06,3,02,1,10035899,AJINOMOTO PENYEDAP RASA MASAKO SAPI PCH 100/94,,,3.00,72,4.17%,48,CTN,15/08/2027,,1
50,06,3,03,0,,,,,0.00,0.0,,,,,,
50,06,3,04,0,,,,,0.00,0.0,,,,,,
50,06,4,01,1,20138949,JAPOTA POTATO CHIPS HP.HONEY BUTTER PCK 120/115,,,14.00,14,100.00%,18,,01/05/2027,L,9
50,06,4,02,1,20134456,JAPOTA POTATO CHIPS UM.JPNS SEAWEED PCK 120/115,,,14.00,14,100.00%,18,,31/03/2027,L,4
50,06,5,01,1,10003840,GARUDA KACANG TELUR  PCK 110/100,,,6.00,40,15.00%,50,CTN,14/09/2027,,10
50,06,5,02,1,20055311,NABATI RICHEESE WAFER KRIM KEJU PCK 110/100,,,80.00,80,100.00%,24,,01/07/2027,L,8
50,06,6,01,1,20056219,ETERNALPLUS MINERAL WATER PH8+  BTL 500L,,,40.00,44,90.91%,20,,04/09/2028,,5
50,06,6,02,1,20129175,SRI REJEKI JAYA KERIPIK PISANG  PCK 100,,,20.00,25,80.00%,20,,01/09/2027,,1
50,06,7,01,1,20112371,GADJAH KOPI TUBRUK ASLI  PCK 138,,,65.00,48,135.42%,20,,25/08/2027,,2
50,06,7,02,1,20117928,TAO KAE NOI SEASONED LAVER SPICY PCK 2X4,,,6.00,21,28.57%,30,CTN,23/07/2027,,1
50,06,8,01,1,20115438,5 DAYS CROISSANT CHEESE PCK 60,,,27.00,18,150.00%,40,,04/02/2027,,2
50,06,8,02,1,20115438,5 DAYS CROISSANT CHEESE PCK 60,,,35.00,18,194.44%,40,,26/02/2027,,2
50,07,3,01,1,,,,,0.00,0.0,,,,,,
50,07,3,02,1,20024856,TAO KAE NOI CRISPY SEAWEED BIG SHEET CLASSIC PCK 3.2,,,6.00,44,13.64%,120,,01/09/2027,L,12
50,07,3,03,0,,,,,0.00,0.0,,,,,,
50,07,3,04,0,20048724,YUPI CANDY GUMMY PIZZA PCK 23,,,30.00,72,41.67%,144,,01/06/2028,,6
50,07,4,01,1,20015838,POCARI SWEAT MINUMAN ISOTONIK  BTL 350L,,,50.00,60,83.33%,24,,01/08/2027,D,24
50,07,4,02,1,20136451,NESCAFE KOPI INSTANT ICE ROAST AMERICANO PCK 10X2,,,132.00,144,91.67%,30,,01/07/2028,D,5
50,07,5,01,1,10000861,POP MIE MI INSTAN LAPEER TIME BASO CUP 75,,,32.00,32,100.00%,24,,01/05/2027,L,12
50,07,5,02,1,20093109,KUSUKA KERIPIK SINGKONG ORIGINAL PCK 180,,,30.00,30,100.00%,10,,30/09/2027,,2
50,07,6,01,1,20116686,CHITATO LITE SNACK POTATO SOURCREAM ONION PCK 65,,,12.00,12,100.00%,30,CTN,18/05/2027,,5
50,07,6,02,1,20111592,5 DAYS CROISSANT MIX BERRIES PCK 60,,,25.00,42,59.52%,40,,04/02/2027,,2
50,07,7,01,1,20138948,GOOD DAY KOPI INSTANT LATTE BUTTERSCOTCH PCK 10X22,,,2.00,64,3.13%,12,CTN,02/02/2028,,1
50,07,7,02,1,20045104,QTELA KERIPIK TEMPE CABE RAWIT PCK 55,,,20.00,20,100.00%,30,CTN,18/05/2027,L,5
50,07,8,01,1,20135346,LARISST STIK GANDUM COKELAT PCH 75,,,42.00,42,100.00%,12,CTN,14/09/2027,,2
50,07,8,02,1,20098166,HAPPYTOS SNACK TORTILLA CHIPS JAGUNG BAKAR PCK 140,,,36.00,18,200.00%,16,,28/09/2027,,2
50,08,3,01,1,20138099,OVALTINE WAFER MALTY BITES  PCH 100,,,1.00,20,5.00%,24,PCK,10/09/2027,,1
50,08,3,02,1,20098663,TOTOLE BUMBU KALDU JAMUR PCK 40,,,7.00,40,17.50%,200,,04/07/2028,,5
50,08,3,03,0,20138099,OVALTINE WAFER MALTY BITES  PCH 100,,,5.00,20,25.00%,24,,03/09/2027,,1
50,08,3,04,0,,,,,0.00,0.0,,,,,,
50,08,4,01,1,10000405,ULTRA SUSU CAIR UHT STERIL PLAIN TPK 1000L,,,56.00,56,100.00%,12,,01/06/2027,E,12
50,08,4,02,1,20034079,FRISIAN FLAG SUSU CAIR UHT COKELAT TPK 225L,,,91.00,78,116.67%,36,,01/07/2027,D,36
50,08,5,01,1,20129566,INDOMARET KERUPUK SLONDOK  UDANG  PCK 100/90,,,15.00,35,42.86%,20,,27/03/2027,,1
50,08,5,02,1,10005599,SEGITIGA BIRU TEPUNG TERIGU  PCK 1000,,,16.00,32,50.00%,12,,30/09/2027,L,2
50,08,6,01,1,10000461,MONDE SNACK GOLD  PCK 60/50,,,15.00,15,100.00%,30,,05/08/2027,,6
50,08,6,02,1,20130571,WIN CLICK ROKOK FILTER BERRY CAPSULE BKS 20S,,,18.00,140,12.86%,10,,30/04/2027,,2
50,08,7,01,1,10000975,POP MIE MI INSTAN LAPEER TIME AYAM CUP 75,,,32.00,32,100.00%,24,,01/05/2027,L,6
50,08,7,02,1,20003910,NISSIN WALENS CHOCO SOES  PCK 100,,,33.00,33,100.00%,30,,01/09/2027,S,5
50,08,8,01,1,20115362,CHUBA KERIPIK SINGKONG BALADO PCK 140/120,,,24.00,18,133.33%,16,,01/07/2027,,2
50,08,8,02,1,20012680,QTELA KERIPIK SINGKONG ORIGINAL PCK 175,,,21.00,21,100.00%,12,,07/07/2027,,4
50,09,3,01,1,20140181,KAPAL API KOPI BUBUK SPECIAL MERAH  PCK 250,,,10.00,50,20.00%,9,,20/09/2027,,1
50,09,3,02,1,20125856,LUWAK KOPI BUBUK MURNI PREMIUM  PCK 100,,,12.00,40,30.00%,12,,15/03/2028,,4
50,09,3,03,0,,,,,0.00,0.0,,,,,,
50,09,3,04,0,20138099,OVALTINE WAFER MALTY BITES  PCH 100,,,6.00,20,30.00%,24,,06/09/2027,,1
50,09,4,01,1,,,,,0.00,0.0,,,,,,
50,09,4,02,1,,,,,0.00,0.0,,,,,,
50,09,5,01,1,20142907,MILKOW ACTIGROW SUSU PERTUMBUHAN 1-3 TAHUN MADU BOX 600,,,12.00,12,100.00%,12,,04/03/2028,,1
50,09,5,02,1,20125077,5 DAYS CROISSANT PANDAN SRIKAYA PCK 60,,,10.00,50,20.00%,40,,04/03/2026,,2
50,09,6,01,1,20119437,POTABEE SNACK POTATO CHIPS BEEF BBQ PCK 120/115,,,14.00,14,100.00%,18,,31/05/2027,L,2
50,09,6,02,1,20111592,5 DAYS CROISSANT MIX BERRIES PCK 60,,,19.00,42,45.24%,40,,28/02/2027,,2
50,09,7,01,1,10036921,KHONG GUAN CRACKERS CREAM (NEW)  PCK 300/350,,,5.00,24,20.83%,24,CTN,11/08/2027,,1
50,09,7,02,1,20136587,POP MIE INDOMIE GORENG  CUP 80,,,64.00,64,100.00%,12,,01/05/2028,L,12
50,09,8,01,1,10036957,HAPPYTOS SNACK TORTILA CHIPS HIJAU PCK 140,,,24.00,24,100.00%,16,,01/09/2027,S,16
50,09,8,02,1,10036957,HAPPYTOS SNACK TORTILA CHIPS HIJAU PCK 140,,,24.00,24,100.00%,16,,01/09/2027,S,16
51,01,3,01,1,10002915,INDOFOOD BUMBU SPESIAL RACIK SOTO AYAM PCK 45,,,1.00,30,3.33%,144,CTN,01/01/2028,,1
51,01,3,02,1,20056219,ETERNALPLUS MINERAL WATER PH8+  BTL 500L,,,40.00,44,90.91%,20,CTN,04/09/2028,,5
51,01,3,03,0,20130801,CAP BADAK LARUTAN PENYEGAR PUTIH BTL 350L,,,19.00,50,38.00%,24,CTN,01/07/2031,,4
51,01,3,04,0,20056219,ETERNALPLUS MINERAL WATER PH8+  BTL 500L,,,20.00,44,45.45%,20,CTN,04/09/2028,,5
51,01,4,01,1,20136745,JAPOTA POTATO CHIPS ORIGINAL PCK 68/65,,,2.00,15,13.33%,30,CTN,30/04/2027,,2
51,01,4,02,1,20012574,FRESTEA MINUMAN TEH APEL BTL 500L,,,19.00,88,21.59%,12,CTN,30/06/2027,,2
51,01,5,01,1,20077302,MILKITA CANDY MILK (30S) ASSORTED PCK 105,,,4.00,52,7.69%,20,CTN,01/12/2027,,1
51,01,5,02,1,20052629,INDOMARET AIR MINUM DENGAN OKSIGEN SPORTY BTL 600L,,,40.00,40,100.00%,24,CTN,09/09/2028,,24
51,01,6,01,1,20036198,COCA COLA SOFT DRINK ZERO  PET 1L,,,7.00,33,21.21%,12,CTN,31/03/2027,L,12
51,01,6,02,1,20142863,EWATER MINUMAN ISOTONIC LEMON BTL 380L,,,39.00,60,65.00%,24,CTN,20/05/2027,,1
51,01,7,01,1,20052860,PRINGLES POTATO CRISPS SOURCREAM&ONION KLG 42,,,8.00,153,5.23%,12,CTN,31/08/2027,,4
51,01,7,02,1,10003799,EXTRA JOSS MINUMAN KESEHATAN  PCK 6X4,,,1.00,55,1.82%,120,CTN,30/07/2028,,1
51,01,8,01,1,20136102,INDOMARET SNACK SOES STROBERI PCK 80,,,15.00,27,55.56%,30,CTN,05/07/2027,,6
51,01,8,02,1,20142907,MILKOW ACTIGROW SUSU PERTUMBUHAN 1-3 TAHUN MADU BOX 600,,,8.00,12,66.67%,12,CTN,04/03/2028,,1
51,02,3,01,1,20134367,INDOMARET TELUR GABUS KEJU PCH 70,,,4.00,30,13.33%,20,,13/09/2027,,2
51,02,3,02,1,20036198,COCA COLA SOFT DRINK ZERO  PET 1L,,,33.00,33,100.00%,12,CTN,31/03/2027,L,12
51,02,3,03,0,20015838,POCARI SWEAT MINUMAN ISOTONIK  BTL 350L,,,50.00,60,83.33%,24,CTN,04/08/2027,D,24
51,02,3,04,0,20140646,CAP ENAK KENTAL MANIS PUTIH PCH 260,,,7.00,96,7.29%,24,CTN,20/07/2027,,1
51,02,4,01,1,20134029,DELFI CHOCOLATE TREASURES MILK BDD 2X30,,,1.00,55,1.82%,48,CTN,18/01/2028,,1
51,02,4,02,1,20140636,TROPICAL MINYAK GORENG  BTL 1.5L,,,48.00,48,100.00%,8,,01/07/2028,,8
51,02,5,01,1,20140636,TROPICAL MINYAK GORENG  BTL 1.5L,,,48.00,48,100.00%,8,,01/07/2028,,8
51,02,5,02,1,20140636,TROPICAL MINYAK GORENG  BTL 1.5L,,,48.00,48,100.00%,8,,01/07/2028,,8
51,02,6,01,1,10028390,HAPPYDENT WHITE CHEWING GUM 8S/10S  PCK 14,,,11.00,60,18.33%,120,CTN,04/12/2027,,4
51,02,6,02,1,20021340,LOTTE CHEWING GUM S/F XYLITOL BLUBERI MINT BTL 26.1,,,6.00,300,2.00%,12,BOX,06/12/2027,,12
51,02,7,01,1,20139074,MENTOS CANDY BERRY GOOD ROL 37.8,,,3.00,60,5.00%,192,CTN,07/01/2028,,2
51,02,7,02,1,20125389,STT FRENCH FRIES 2000 SAOS LEVEL 3 PCK 60,,,23.00,24,95.83%,20,,31/03/2027,,5
51,02,8,01,1,20038013,PAK TANI GUNUNG TEPUNG TAPIOKA  PCK 500,,,19.00,55,34.55%,20,CTN,19/08/2028,,2
51,02,8,02,1,20036198,COCA COLA SOFT DRINK ZERO  PET 1L,,,1.00,33,3.03%,12,CTN,31/03/2027,L,12
51,03,3,01,1,20013332,KHONG GUAN CRACKERS+WAFER SALTCHEESE COMBO PCK 10X17,,,12.00,44,27.27%,12,,05/09/2027,,2
51,03,3,02,1,10002258,MONDE BISCUIT PIEBIS  PCK 190,,,9.00,30,30.00%,24,,14/07/2027,,2
51,03,3,03,0,20045610,SEDAAP MIE MIE INSTANT SOTO CUP 77/81,,,10.00,64,15.63%,12,CTN,01/05/2027,,12
51,03,3,04,0,10003799,EXTRA JOSS MINUMAN KESEHATAN  PCK 6X4,,,1.00,55,1.82%,120,CTN,04/09/2028,,1
51,03,4,01,1,10005355,GARUDA KACANG ATOM APC PEDAS PCK 220,,,9.00,27,33.33%,20,CTN,18/05/2027,,2
51,03,4,02,1,10000405,ULTRA SUSU CAIR UHT STERIL PLAIN TPK 1000L,,,56.00,56,100.00%,12,,01/06/2027,E,12
51,03,5,01,1,20019831,KUSUKA KERIPIK EMPING ORIGINAL PCK 40,,,23.00,18,127.78%,20,,01/09/2027,,2
51,03,5,02,1,20034077,FRISIAN FLAG SUSU CAIR UHT FULL CREAM TPK 225L,,,12.00,91,13.19%,36,CTN,01/08/2027,L,14
51,03,6,01,1,20131013,OISHI PANCHOS KERIPIK JAGUNG CABE PEDAS PCK 140/145,,,14.00,35,40.00%,16,,30/04/2027,,2
51,03,6,02,1,20036198,COCA COLA SOFT DRINK ZERO  PET 1L,,,33.00,33,100.00%,12,CTN,31/03/2027,L,12
51,03,7,01,1,20071780,POTABEE SNACK POTATO CHIPS BBQ PCK 68/65,,,13.00,15,86.67%,30,,24/04/2027,,2
51,03,7,02,1,20139819,TANGO BROWNIES CRISPY CHOCOLATE PCH 35,,,68.00,96,70.83%,12,,24/09/2027,,2
51,03,8,01,1,10000753,TARO SNACK (60730) SEAWEED PCK 32,,,5.00,18,27.78%,36,CTN,04/09/2027,,3
51,03,8,02,1,20111592,5 DAYS CROISSANT MIX BERRIES PCK 60,,,25.00,42,59.52%,40,CTN,28/02/2027,,2
51,04,3,01,1,20037179,HAPPYTOS SNACK TORTILLA CHIPS ROASTED CORN PCK 55,,,10.00,18,55.56%,32,,01/09/2027,,2
51,04,3,02,1,20136102,INDOMARET SNACK SOES STROBERI PCK 80,,,3.00,27,11.11%,30,CTN,05/07/2027,,6
51,04,3,03,0,20016240,FOXS CANDY CRYSTAL CLEAR BERRIES PCK 90/80,,,10.00,78,12.82%,24,CTN,01/12/2027,,2
51,04,3,04,0,20109612,CHUPA CHUPS CANDY MELODY POPS  PCS 15,,,8.00,54,14.81%,216,,11/04/2028,,4
51,04,4,01,1,20045415,KOPIKO COFFEE LATTE 78C  BTL 240L,,,78.00,78,100.00%,24,CTN,01/09/2027,,4
51,04,4,02,1,20094171,INDOMARET AIR MINUM 24X  CTN 200L,,,108.00,108,100.00%,1,,01/09/2028,S,2
51,04,5,01,1,20034686,OISHI SNACK PILLOWS UBI PCH 100,,,40.00,40,100.00%,20,CTN,21/09/2027,L,10
51,04,5,02,1,20097515,INDOMARET POPCORN CARAMEL PCK 75,,,24.00,21,114.29%,24,,01/07/2027,S,12
51,04,6,01,1,20139538,LAYS SNACK POTATO CHIPS RUMPUT LAUT PCK 105,,,15.00,20,75.00%,14,,01/07/2027,,2
51,04,6,02,1,20130511,GURIBEE SNACK KEJU PCK 65/62,,,18.00,28,64.29%,30,,17/04/2027,,10
51,04,7,01,1,20040528,DUA KELINCI SNACK CAMPUR TIC TAC MIX PCK 80,,,18.00,18,100.00%,50,,27/08/2027,,10
51,04,7,02,1,20111592,5 DAYS CROISSANT MIX BERRIES PCK 60,,,20.00,42,47.62%,40,CTN,25/02/2026,,2
51,04,8,01,1,20138241,CHEETOS SNACK KEJU PCK 120,,,25.00,20,125.00%,14,,01/07/2027,L,4
51,04,8,02,1,20138236,CHEETOS SNACK JAGUNG BKR KEJU PCK 120,,,25.00,20,125.00%,14,,10/07/2027,L,3
51,05,3,01,1,20099955,OISHI PANCHOS KERIPIK JAGUNG SAPI PANGGANG PCK 140,,,9.00,35,25.71%,16,,01/07/2027,,2
51,05,3,02,1,20142024,KAKI TIGA LARUTAN PENYEGAR COOLTOPIA MELON ORANGE KLG 320L,,,22.00,63,34.92%,24,CTN,01/07/2029,,2
51,05,3,03,0,20068906,FRISIAN FLAG SUSU KENTAL MANIS COKELAT PCH 535,,,50.00,50,100.00%,24,CTN,05/05/2027,D,12
51,05,3,04,0,10003895,HOLISTICARE VITAMIN SUPER ESTER C 30S  BTL,,,4.00,60,6.67%,1,PCS,04/09/2029,,1
51,05,4,01,1,10025006,NESTLE CEREAL BREAKFAST COMBO PACK KOKO KRUNCH CUP 30,,,15.00,30,50.00%,48,,04/06/2027,,6
51,05,4,02,1,20092857,STT FRENCH FRIES 2000 PREMIUM  PCK 130,,,6.00,12,50.00%,20,CTN,01/04/2027,D,10
51,05,5,01,1,10003426,INDOMILK SUSU CAIR STRAWBERRY BTL 190L,,,5.00,91,5.49%,24,CTN,28/05/2027,,2
51,05,5,02,1,20139291,FLOATY SNACK BAWANG PCK 60,,,12.00,12,100.00%,40,,04/08/2027,D,8
51,05,6,01,1,20002203,SOSRO FRUIT TEA APEL BTL 500L,,,16.00,40,40.00%,24,CTN,10/08/2027,,2
51,05,6,02,1,20136451,NESCAFE KOPI INSTANT ICE ROAST AMERICANO PCK 10X2,,,9.00,144,6.25%,30,CTN,01/08/2028,D,5
51,05,7,01,1,20139291,FLOATY SNACK BAWANG PCK 60,,,12.00,12,100.00%,40,CTN,18/08/2027,D,8
51,05,7,02,1,20140674,SEDAAP MIE MIE INSTANT AYAM BAWANG PCK 5X71,,,12.00,40,30.00%,8,CTN,01/04/2027,S,8
51,05,8,01,1,20132864,DUA KELINCI SNACK PILUS TIC TAC MIE GORENG PCK 80,,,11.00,27,40.74%,50,CTN,01/09/2027,,2
51,05,8,02,1,20139291,FLOATY SNACK BAWANG PCK 60,,,12.00,12,100.00%,40,CTN,18/08/2027,D,8
51,06,3,01,1,20066374,INDOMARET MIX NUTS  PCH 80,,,26.00,65,40.00%,30,,31/08/2027,,2
51,06,3,02,1,20005008,ABC TERASI UDANG (20X4.2G)  PCK 20X3.8,,,1.00,62,1.61%,36,CTN,04/05/2028,,1
51,06,3,03,0,10037013,RELAXA CANDY BARLEY MINT PCK 108/81,,,8.00,45,17.78%,24,CTN,20/02/2028,,2
51,06,3,04,0,20130801,CAP BADAK LARUTAN PENYEGAR PUTIH BTL 350L,,,40.00,50,80.00%,24,CTN,01/07/2031,,4
51,06,4,01,1,20035829,TEBS TEA WITH SODA  BTL 500L,,,25.00,36,69.44%,24,CTN,30/09/2029,S,6
51,06,4,02,1,20116411,CHIKI SNACK PUFFS CHEDDAR CHEESE PCK 60,,,5.00,15,33.33%,30,CTN,17/03/2027,,2
51,06,5,01,1,20136250,JELE MINUMAN JELLY + VIT C LYCHEE PCH 150,,,33.00,70,47.14%,36,,07/01/2028,,2
51,06,5,02,1,20019249,SEDAAP KECAP MANIS  PCH 700,,,65.00,78,83.33%,12,,23/07/2028,,2
51,06,6,01,1,20025762,PIATTOS SNACK KENTANG SAPI PANGGANG PCK 68/65,,,18.00,12,150.00%,30,,06/08/2027,,10
51,06,6,02,1,10005599,SEGITIGA BIRU TEPUNG TERIGU  PCK 1000,,,7.00,32,21.88%,12,CTN,01/09/2027,L,2
51,06,7,01,1,20122289,BON CABE SNACK MAKARONI LEVEL 2 NACHO CHEESE PCK 135,,,2.00,48,4.17%,16,CTN,07/08/2027,,2
51,06,7,02,1,20134273,POPPY POP SNACK JAGUNG BAKAR PCK 130,,,7.00,24,29.17%,12,CTN,04/07/2027,,6
51,06,8,01,1,20136745,JAPOTA POTATO CHIPS ORIGINAL PCK 68/65,,,17.00,15,113.33%,30,,04/04/2027,,2
51,06,8,02,1,20097774,JAPOTA POTATO CHIPS UM.JPNS SEAWEED PCK 68/65,,,15.00,10,150.00%,30,,04/04/2027,,2
51,07,3,01,1,10008579,DELFI WAFER STICK TWISTER MINIS BLACK VANILLA PCK 70,,,21.00,60,35.00%,20,,01/11/2027,,2
51,07,3,02,1,20052629,INDOMARET AIR MINUM DENGAN OKSIGEN SPORTY BTL 600L,,,40.00,40,100.00%,24,CTN,09/09/2028,,24
51,07,3,03,0,20126521,INDOMARET KACANG METE PEDAS PCH 80/70,,,16.00,24,66.67%,32,,01/10/2027,,1
51,07,3,04,0,20138897,JLO JELLY FRIED EGG  PCK 78,,,5.00,27,18.52%,80,,30/12/2027,,2
51,07,4,01,1,20139291,FLOATY SNACK BAWANG PCK 60,,,12.00,12,100.00%,40,,03/07/2027,D,8
51,07,4,02,1,20079972,SOSRO FRUIT TEA MARKISA BTL 350L,,,50.00,100,50.00%,12,CTN,30/09/2029,,4
51,07,5,01,1,20134367,INDOMARET TELUR GABUS KEJU PCH 70,,,30.00,30,100.00%,20,,11/09/2027,,2
51,07,5,02,1,20140912,SIDO MUNCUL JAMU TOLAK ANGIN CAIR + MADU  SCT 15L,,,5.00,60,8.33%,360,CTN,01/04/2028,,6
51,07,6,01,1,20142837,QTELA KERIPIK UBI MIX JAGUNG BAKAR PCK 45,,,15.00,20,75.00%,30,,13/05/2027,,1
51,07,6,02,1,20073871,MAMASUKA RUMPUT LAUT PANGGANG (NORI) PEDAS PCK 2X4.5,,,14.00,20,70.00%,40,,30/09/2027,,2
51,07,7,01,1,20099956,OISHI PANCHOS KERIPIK JAGUNG PEDAS PCK 140,,,11.00,35,31.43%,16,CTN,04/07/2027,,2
51,07,7,02,1,20139291,FLOATY SNACK BAWANG PCK 60,,,12.00,12,100.00%,40,,01/08/2027,D,8
51,07,8,01,1,20134456,JAPOTA POTATO CHIPS UM.JPNS SEAWEED PCK 120/115,,,15.00,14,107.14%,18,,31/03/2027,L,4
51,07,8,02,1,20139291,FLOATY SNACK BAWANG PCK 60,,,12.00,12,100.00%,40,,03/07/2027,D,8
51,08,3,01,1,20080433,RAW MATERIAL VANILLA SYRUP (DC)  BTL 750L,,,29.00,80,36.25%,12,CTN,15/09/2027,Z,1
51,08,3,02,1,20136289,OISHI SNACK SPONGE CRUNCH UBI PCH 100,,,7.00,32,21.88%,20,,17/07/2027,,1
51,08,3,03,0,20052629,INDOMARET AIR MINUM DENGAN OKSIGEN SPORTY BTL 600L,,,40.00,40,100.00%,24,CTN,09/09/2028,,24
51,08,3,04,0,20097781,KEBON AGUNG GULA KRISTAL PUTIH  PCK 1,,,28.00,28,100.00%,24,CTN,01/09/2028,,24
51,08,4,01,1,20143054,FOXS GUMMY EMOTIS CANDY  PCK 50,,,33.00,77,42.86%,24,,21/09/2027,,1
51,08,4,02,1,20064502,SIDO MUNCUL JAMU TOLAK ANGIN CAIR BEBAS GULA BOX 515L,,,2.00,60,3.33%,36,CTN,01/07/2028,,1
51,08,5,01,1,20134572,PIATTOS SNACK KENTANG SAMBAL GEPREK PCK 120/115,,,16.00,20,80.00%,16,,11/08/2027,,4
51,08,5,02,1,20122090,ADEM SARI CHING KU TEH HIJAU MADU LEMON TEA BTL 350L,,,5.00,65,7.69%,24,CTN,10/08/2027,,8
51,08,6,01,1,20143040,OBALAB SQUARE ORIGINAL FLAVOR CAKE  PCS 80 ,,,78.00,100,78.00%,24,,21/05/2027,,1
51,08,6,02,1,20003910,NISSIN WALENS CHOCO SOES  PCK 100,,,33.00,33,100.00%,30,,04/09/2027,S,5
51,08,7,01,1,20140085,OISHI TATER THINS POTATO SNACK SEAWEED PCK 100,,,18.00,18,100.00%,12,CTN,04/07/2027,,2
51,08,7,02,1,20122289,BON CABE SNACK MAKARONI LEVEL 2 NACHO CHEESE PCK 135,,,6.00,48,12.50%,16,CTN,04/08/2027,,2
51,08,8,01,1,10036957,HAPPYTOS SNACK TORTILA CHIPS HIJAU PCK 140,,,24.00,24,100.00%,16,,01/09/2027,S,16
51,08,8,02,1,10036957,HAPPYTOS SNACK TORTILA CHIPS HIJAU PCK 140,,,24.00,24,100.00%,16,,01/09/2027,S,16
51,09,3,01,1,20063488,ROMA ARDEN COOKIES CHOCO SPLENDID PCK 72,,,6.00,50,12.00%,24,,01/09/2027,,2
51,09,3,02,1,20052766,INDOMARET KACANG METE MADU PCH 80/65 ,,,10.00,78,12.82%,30,,20/11/2027,S,6
51,09,3,03,0,20015838,POCARI SWEAT MINUMAN ISOTONIK  BTL 350L,,,5.00,60,8.33%,24,CTN,27/08/2027,D,24
51,09,3,04,0,20068906,FRISIAN FLAG SUSU KENTAL MANIS COKELAT PCH 535,,,50.00,50,100.00%,24,CTN,01/05/2027,D,12
51,09,4,01,1,20071642,ADEM SARI CHING KU SPARKLING KLG 320L,,,5.00,63,7.94%,24,CTN,01/03/2028,L,2
51,09,4,02,1,20053867,TEH GELAS MINUMAN TEH ALAMI  BTL 350L,,,15.00,125,12.00%,24,CTN,31/03/2028,,24
51,09,5,01,1,20142222,RITZ CRACKERS KAYA BUTTER PCK 91,,,3.00,56,5.36%,36,CTN,11/06/2027,,1
51,09,5,02,1,20114757,GURIBEE SNACK RUMPUT LAUT PCK 65/62,,,16.00,15,106.67%,30,,30/04/2027,S,10
51,09,6,01,1,20064426,TWISTKO SNACK JAGUNG BAKAR PCK 70,,,10.00,24,41.67%,20,,30/06/2027,,5
51,09,6,02,1,20069696,OISHI SNACK POPCORN KARAMEL PCH 100,,,20.00,32,62.50%,20,,04/09/2027,S,10
51,09,7,01,1,20101402,GADING DUA AMPOK JAGUNG (ECO)  PCK 250,,,37.00,44,84.09%,20,,01/03/2027,,1
51,09,7,02,1,20136587,POP MIE INDOMIE GORENG  CUP 80,,,64.00,64,100.00%,12,,01/04/2027,L,12
51,09,8,01,1,20116670,CHITATO LITE SNACK POTATO NORI SEAWEED PCK 68/65,,,20.00,15,133.33%,30,,20/05/2027,D,6
51,09,8,02,1,20144171,KRISBEE SNACK CHICKEN NUGGET  PCK 75,,,18.00,12,150.00%,30,,01/05/2027,,1
52,01,3,01,1,20110967,MUJIGAE SUSU CAIR CHOCO BANANA BTL 250L,,,20.00,175,11.43%,12,CTN,12/12/2027,L,3
52,01,3,02,1,20098663,TOTOLE BUMBU KALDU JAMUR PCK 40,,,7.00,40,17.50%,200,CTN,04/07/2028,,5
52,01,3,03,0,20076486,MOGU-MOGU MINUMAN NATA DE COCO MELON BTL 320L,,,28.00,60,46.67%,24,CTN,01/09/2027,,3
52,01,3,04,0,20019673,YOU C1000 ISOTONIC DRINK LEMON WATER BTL 500L,,,20.00,50,40.00%,24,CTN,31/05/2027,L,8
52,01,4,01,1,20110967,MUJIGAE SUSU CAIR CHOCO BANANA BTL 250L,,,29.00,175,16.57%,12,CTN,12/12/2027,L,3
52,01,4,02,1,20113450,ICHITAN MINUMAN BROWN SUGAR MILK  BTL 300L,,,10.00,80,12.50%,24,CTN,18/07/2027,S,2
52,01,5,01,1,20110968,MUJIGAE SUSU CAIR BANANA BTL 250L,,,7.00,175,4.00%,12,CTN,10/12/2027,,2
52,01,5,02,1,20042848,MOGU-MOGU MINUMAN NATA DE COCO LYCHEE BTL 320L,,,50.00,50,100.00%,24,CTN,01/12/2027,,8
52,01,6,01,1,10000461,MONDE SNACK GOLD  PCK 60/50,,,15.00,15,100.00%,30,CTN,05/08/2027,,6
52,01,6,02,1,20140908,MILKITA MILKY PUDDING YOGURT STRAWBERRY CUP 85,,,7.00,48,14.58%,48,CTN,30/08/2027,,6
52,01,7,01,1,20122289,BON CABE SNACK MAKARONI LEVEL 2 NACHO CHEESE PCK 135,,,6.00,48,12.50%,16,CTN,07/08/2027,,2
52,01,7,02,1,20093909,REBO KUACI MILK PCH 140/120,,,27.00,27,100.00%,48,CTN,01/12/2027,S,12
52,01,8,01,1,20122289,BON CABE SNACK MAKARONI LEVEL 2 NACHO CHEESE PCK 135,,,1.00,48,2.08%,16,CTN,07/08/2027,,2
52,01,8,02,1,20134887,TOP COFFEE KOPI INSTANT 3 IN 1 (12+6) GULA AREN BAG 396,,,9.00,40,22.50%,10,CTN,01/06/2028,,1
52,02,3,01,1,20096677,INDOMARET SNACK SOES COKELAT PCK 80,,,10.00,27,37.04%,30,CTN,05/06/2027,L,10
52,02,3,02,1,20071781,POTABEE SNACK POTATO CHIPS SEAWEED PCK 68/65,,,2.00,15,13.33%,30,CTN,04/04/2028,,2
52,02,3,03,0,20133020,NISSIN CRACKERS CRISPY LEMON PCK 200,,,9.00,30,30.00%,30,,08/08/2027,,2
52,02,3,04,0,10003404,ARNOTTS BISCUIT NYAM-NYAM FNTASY STICK STRAWBERRY CUP 25,,,4.00,18,22.22%,144,,31/08/2027,,2
52,02,4,01,1,20098348,REBO KUACI ORIGINAL PCH 140/120,,,27.00,27,100.00%,48,,31/12/2027,S,3
52,02,4,02,1,20048546,HEMAVITON HEALTH DRINK VITAMIN C1000 ORANGE KLG 330L,,,11.00,70,15.71%,24,CTN,30/09/2027,L,2
52,02,5,01,1,10005599,SEGITIGA BIRU TEPUNG TERIGU  PCK 1000,,,22.00,32,68.75%,12,,31/01/2028,L,2
52,02,5,02,1,20142878,DALEZZ MUFFIN TELUR  PCK 84,,,24.00,24,100.00%,32,,04/03/2027,,1
52,02,6,01,1,20071781,POTABEE SNACK POTATO CHIPS SEAWEED PCK 68/65,,,14.00,15,93.33%,30,CTN,04/04/2028,,2
52,02,6,02,1,20068906,FRISIAN FLAG SUSU KENTAL MANIS COKELAT PCH 535,,,50.00,50,100.00%,24,CTN,01/05/2027,D,12
52,02,7,01,1,20072581,INDOMARET CRISPY SEAWEED ORIGINAL PCK 20,,,10.00,24,41.67%,42,,01/08/2027,,6
52,02,7,02,1,10000461,MONDE SNACK GOLD  PCK 60/50,,,15.00,15,100.00%,30,,08/08/2027,,6
52,02,8,01,1,20072575,KRISBEE SNACK FRENCH FRIES  PCK 68/65,,,31.00,25,124.00%,20,,04/04/2027,,4
52,02,8,02,1,20072194,MR.HOTTEST SNACK TORTILLA CHIPS MAITOS SAMBAL BALADO PCK 140/120,,,24.00,18,133.33%,16,,22/07/2027,S,16
52,03,3,01,1,20013662,BISKUAT BISCUIT ENERGI EXTRA COKLAT (106.4G) PCK 121.6,,,15.00,55,27.27%,28,,05/08/2027,,2
52,03,3,02,1,20142907,MILKOW ACTIGROW SUSU PERTUMBUHAN 1-3 TAHUN MADU BOX 600,,,12.00,12,100.00%,12,CTN,04/03/2028,,1
52,03,3,03,0,20082395,SOSRO TEH BOTOL TAWAR BTL 350L,,,2.00,110,1.82%,12,CTN,30/09/2029,,3
52,03,3,04,0,20013332,KHONG GUAN CRACKERS+WAFER SALTCHEESE COMBO PCK 10X17,,,8.00,44,18.18%,12,,10/08/2027,,2
52,03,4,01,1,20028585,MI GEMEZ SNACK MIE KERING ENAAK PREMIUM PCK 22,,,64.00,64,100.00%,60,,01/04/2027,,10
52,03,4,02,1,20137885,CHUPA CHUPS JELLY  OCEAN FUN PCK 90,,,8.00,24,33.33%,72,,01/09/2027,,1
52,03,5,01,1,20096677,INDOMARET SNACK SOES COKELAT PCK 80,,,24.00,27,88.89%,30,,01/06/2027,L,10
52,03,5,02,1,20099956,OISHI PANCHOS KERIPIK JAGUNG PEDAS PCK 140,,,10.00,35,28.57%,16,,16/05/2027,,2
52,03,6,01,1,20142878,DALEZZ MUFFIN TELUR  PCK 84,,,24.00,24,100.00%,32,,04/03/2027,,1
52,03,6,02,1,20117923,TAO KAE NOI SEASONED LAVER ORIGINAL PCK 2X4,,,16.00,21,76.19%,30,,27/09/2027,L,3
52,03,7,01,1,20138949,JAPOTA POTATO CHIPS HP.HONEY BUTTER PCK 120/115,,,14.00,14,100.00%,18,CTN,01/05/2027,L,9
52,03,7,02,1,20098334,REBO KUACI CARAMEL PCH 120,,,21.00,27,77.78%,48,,31/12/2027,,2
52,03,8,01,1,20110634,GARUDA SNACK OCORN SEA SALT PCK 70,,,16.00,12,133.33%,30,,28/06/2027,,3
52,03,8,02,1,20138230,DORITOS SNACK JAGUNG BAKAR PCK 120,,,15.00,10,150.00%,24,,01/06/2027,,2
52,04,3,01,1,20136510,MILO HEALTY DRINK 3 IN 1 ACTIV-GO PCK 400,,,6.00,30,20.00%,24,,05/09/2027,,1
52,04,3,02,1,20141051,CIMORY EAT MILK PUDDING MATCHA PCH 80,,,34.00,150,22.67%,24,,04/03/2027,,4
52,04,3,03,0,20002988,KUSUKA KERIPIK SINGKONG AYAM LADA HITAM PCK 60,,,2.00,18,11.11%,30,CTN,21/09/2027,,2
52,04,3,04,0,20002988,KUSUKA KERIPIK SINGKONG AYAM LADA HITAM PCK 60,,,18.00,18,100.00%,30,CTN,21/09/2027,,2
52,04,4,01,1,20135056,KAPAL API KOPI BUBUK SPECIAL PCK 90,,,69.00,91,75.82%,20,,30/09/2027,,5
52,04,4,02,1,20006951,BERLIAN MARNING JAGUNG(DC) BULAT PCK 180,,,26.00,40,65.00%,28,,01/09/2027,,2
52,04,5,01,1,20068906,FRISIAN FLAG SUSU KENTAL MANIS COKELAT PCH 535,,,25.00,50,50.00%,24,CTN,01/05/2027,D,12
52,04,5,02,1,20055311,NABATI RICHEESE WAFER KRIM KEJU PCK 110/100,,,37.00,80,46.25%,24,,18/09/2027,L,8
52,04,6,01,1,20136102,INDOMARET SNACK SOES STROBERI PCK 80,,,20.00,27,74.07%,30,,01/07/2027,,6
52,04,6,02,1,20141329,SO FRESH MINYAK ANGIN AROMATHERAPY CITRUS BDD 210L,,,6.00,100,6.00%,36,CTN,04/10/2029,,1
52,04,7,01,1,20091447,MI GEMEZ SNACK MIE KERING ENAK FAM.PACK SPICY PCK 3X26,,,14.00,33,42.42%,20,,31/03/2027,,2
52,04,7,02,1,20030547,OREO SANDWICH ICE CREAM BLUEBERRY PCK 110.4/105,,,52.00,100,52.00%,24,,11/08/2027,L,8
52,04,8,01,1,20116675,CHITATO LITE SNACK POTATO NORI SEAWEED PCK 115,,,14.00,21,66.67%,18,,03/05/2027,D,9
52,04,8,02,1,20131098,POTABEE SNACK POTATO CHIPS SPICY BBQ PCK 68/65,,,15.00,20,75.00%,30,,31/05/2027,,2
52,05,3,01,1,20138308,JEVI SNACK KERUPUK SEBLAK  PCK 150,,,3.00,15,20.00%,50,,03/04/2027,,2
52,05,3,02,1,20064426,TWISTKO SNACK JAGUNG BAKAR PCK 70,,,10.00,24,41.67%,20,CTN,30/06/2027,,5
52,05,3,03,0,20139538,LAYS SNACK POTATO CHIPS RUMPUT LAUT PCK 105,,,15.00,20,75.00%,14,CTN,01/07/2027,,2
52,05,3,04,0,20013662,BISKUAT BISCUIT ENERGI EXTRA COKLAT (106.4G) PCK 121.6,,,20.00,55,36.36%,28,,23/09/2027,,2
52,05,4,01,1,10006890,TWISTKO SNACK JAGUNG BAKAR PCK 40,,,13.00,15,86.67%,48,,01/09/2027,,2
52,05,4,02,1,20052766,INDOMARET KACANG METE MADU PCH 80/65 ,,,78.00,78,100.00%,30,CTN,20/11/2027,S,6
52,05,5,01,1,20116675,CHITATO LITE SNACK POTATO NORI SEAWEED PCK 115,,,14.00,21,66.67%,18,,03/05/2027,D,9
52,05,5,02,1,20116675,CHITATO LITE SNACK POTATO NORI SEAWEED PCK 115,,,14.00,21,66.67%,18,,03/05/2027,D,9
52,05,6,01,1,20072195,MR.HOTTEST SNACK TORTILLA CHIPS MAITOS JAGUNG BARBEQUE PCK 140/120,,,18.00,18,100.00%,16,,15/07/2027,L,16
52,05,6,02,1,20138464,OREO BISCUIT SANDWICH ORIGINAL PCK 147.2/140,,,10.00,85,11.76%,24,CTN,30/09/2027,S,8
52,05,7,01,1,20042632,INDOMARET SNACK KACANG ATOM PEDAS PCK 140,,,24.00,27,88.89%,35,,01/08/2027,,5
52,05,7,02,1,20139291,FLOATY SNACK BAWANG PCK 60,,,12.00,12,100.00%,40,,15/08/2027,D,8
52,05,8,01,1,20130447,TOS TOS TORTILLA CHIPS ROASTED CORN PCK 140/130,,,16.00,16,100.00%,20,CTN,01/07/2027,,2
52,05,8,02,1,20138236,CHEETOS SNACK JAGUNG BKR KEJU PCK 120,,,25.00,20,125.00%,14,,10/07/2027,L,3
52,06,3,01,1,20130447,TOS TOS TORTILLA CHIPS ROASTED CORN PCK 140/130,,,8.00,16,50.00%,20,CTN,01/07/2027,,2
52,06,3,02,1,20096677,INDOMARET SNACK SOES COKELAT PCK 80,,,4.00,27,14.81%,30,,05/06/2027,L,10
52,06,3,03,0,20143469,GADJAH KOPI TUBRUK GULA BATU BTL 200L,,,1.00,168,0.60%,12,CTN,04/09/2027,,1
52,06,3,04,0,20112444,BON CABE SNACK MAKARONI LEVEL 10 PCK 135,,,8.00,48,16.67%,16,,01/08/2027,,2
52,06,4,01,1,10026500,DUA KELINCI KACANG KULIT BAWANG PUTIH PCK 180,,,19.00,40,47.50%,24,,01/08/2027,,2
52,06,4,02,1,10026500,DUA KELINCI KACANG KULIT BAWANG PUTIH PCK 180,,,23.00,40,57.50%,24,,01/08/2027,,2
52,06,5,01,1,10008554,GOOD TIME COOKIES CHOCOCHIPS CLASSIC PCK 72,,,8.00,24,33.33%,48,,01/10/2027,,2
52,06,5,02,1,20134367,INDOMARET TELUR GABUS KEJU PCH 70,,,30.00,30,100.00%,20,,01/09/2027,,2
52,06,6,01,1,10038932,KAPAL API KOPI BUBUK SPECIAL MIX PCK 10X23,,,39.00,65,60.00%,12,,01/09/2027,L,6
52,06,6,02,1,20116675,CHITATO LITE SNACK POTATO NORI SEAWEED PCK 115,,,14.00,21,66.67%,18,,03/05/2027,D,9
52,06,7,01,1,20109612,CHUPA CHUPS CANDY MELODY POPS  PCS 15,,,32.00,54,59.26%,216,,11/04/2028,,4
52,06,7,02,1,20104000,INDOMARET KACANG ALMOND  PCH 70/65,,,68.00,72,94.44%,35,,28/09/2027,S,7
52,06,8,01,1,20093909,REBO KUACI MILK PCH 140/120,,,31.00,27,114.81%,48,,31/12/2027,S,12
52,06,8,02,1,20138949,JAPOTA POTATO CHIPS HP.HONEY BUTTER PCK 120/115,,,3.00,14,21.43%,18,CTN,01/05/2027,L,9
52,07,3,01,1,20143270,GOLDA COFFEE DRINK AREN LATTE BTL 200L,,,65.00,186,34.95%,12,CTN,15/06/2027,,12
52,07,3,02,1,10008579,DELFI WAFER STICK TWISTER MINIS BLACK VANILLA PCK 70,,,11.00,60,18.33%,20,CTN,04/09/2027,,2
52,07,3,03,0,20143270,GOLDA COFFEE DRINK AREN LATTE BTL 200L,,,65.00,186,34.95%,12,CTN,15/06/2027,,12
52,07,3,04,0,20143270,GOLDA COFFEE DRINK AREN LATTE BTL 200L,,,56.00,186,30.11%,12,CTN,15/06/2027,,12
52,07,4,01,1,20020017,A.T.B MARIE MILK  PCK 185/180,,,19.00,36,52.78%,24,CTN,01/09/2027,,4
52,07,4,02,1,20116675,CHITATO LITE SNACK POTATO NORI SEAWEED PCK 115,,,14.00,21,66.67%,18,,03/05/2027,D,9
52,07,5,01,1,20084707,DUA KELINCI KACANG SUKRO OVEN BAWANG PCK 95,,,24.00,24,100.00%,40,,01/06/2027,,10
52,07,5,02,1,20003910,NISSIN WALENS CHOCO SOES  PCK 100,,,33.00,33,100.00%,30,,01/08/2027,S,5
52,07,6,01,1,20132345,KELLOGGS CEREAL FROOT LOOPS PCH 55,,,9.00,40,22.50%,24,,12/08/2027,,1
52,07,6,02,1,20143270,GOLDA COFFEE DRINK AREN LATTE BTL 200L,,,65.00,186,34.95%,12,CTN,15/06/2027,,12
52,07,7,01,1,20140085,OISHI TATER THINS POTATO SNACK SEAWEED PCK 100,,,18.00,18,100.00%,12,,04/07/2027,,2
52,07,7,02,1,20131013,OISHI PANCHOS KERIPIK JAGUNG CABE PEDAS PCK 140/145,,,15.00,35,42.86%,16,,04/07/2027,,2
52,07,8,01,1,,,,,0.00,0.0,,,,,,
52,07,8,02,1,20092857,STT FRENCH FRIES 2000 PREMIUM  PCK 130,,,18.00,12,150.00%,20,,01/04/2027,D,10
52,08,3,01,1,,,,,0.00,0.0,,,,,,
52,08,3,02,1,20139889,WONHAE PISTACHIO CHOCO BITES  PCK 30,,,5.00,52,9.62%,72,,22/06/2027,L,2
52,08,3,03,0,20042991,INDOMARET GULA PASIR PREMIUM PUTIH PCK 1,,,25.00,25,100.00%,25,SAK,01/09/2028,L,25
52,08,3,04,0,10002258,MONDE BISCUIT PIEBIS  PCK 190,,,9.00,30,30.00%,24,,05/07/2027,,2
52,08,4,01,1,20137045,LARISST TEPUNG ROTI MIXED PCK 200,,,10.00,30,33.33%,20,,08/08/2027,,1
52,08,4,02,1,20077094,ASPPOBA BOLU MUNYES  PCK 24S,,,13.00,18,72.22%,24,,01/07/2027,,1
52,08,5,01,1,20134456,JAPOTA POTATO CHIPS UM.JPNS SEAWEED PCK 120/115,,,14.00,14,100.00%,18,,30/04/2027,L,4
52,08,5,02,1,20134456,JAPOTA POTATO CHIPS UM.JPNS SEAWEED PCK 120/115,,,14.00,14,100.00%,18,,30/04/2027,L,4
52,08,6,01,1,10001826,KHONG GUAN CRACKERS SALTCHEESE REGULAR PCK 200,,,44.00,44,100.00%,30,,05/09/2027,L,2
52,08,6,02,1,20072195,MR.HOTTEST SNACK TORTILLA CHIPS MAITOS JAGUNG BARBEQUE PCK 140/120,,,8.00,18,44.44%,16,,01/07/2027,L,16
52,08,7,01,1,20056977,GARUDA KACANG PANGGANG ROSTA BAWANG PCK 95/90,,,3.00,24,12.50%,30,CTN,01/05/2027,L,5
52,08,7,02,1,20138949,JAPOTA POTATO CHIPS HP.HONEY BUTTER PCK 120/115,,,1.00,14,7.14%,18,CTN,01/05/2027,L,9
52,08,8,01,1,20138307,JEVI SNACK BASRENG  PCK 200,,,15.00,15,100.00%,50,,01/04/2027,,2
52,08,8,02,1,20091304,POP MIE MI INSTAN GRNG PDAS SQUAD GLDK AYAM CUP 75,,,79.00,64,123.44%,12,,16/05/2027,,6
52,09,3,01,1,20143270,GOLDA COFFEE DRINK AREN LATTE BTL 200L,,,56.00,186,30.11%,12,CTN,15/06/2027,,12
52,09,3,02,1,20141452,CHOMP CHOMP COLORFUL MALLOW  PCK 50,,,12.00,50,24.00%,36,,31/01/2028,,1
52,09,3,03,0,10003324,MONDE BISCUIT GENJI PIE  PCK 70,,,8.00,60,13.33%,24,,22/07/2027,,2
52,09,3,04,0,20042991,INDOMARET GULA PASIR PREMIUM PUTIH PCK 1,,,25.00,25,100.00%,25,SAK,01/09/2028,L,25
52,09,4,01,1,20097390,MAMASUKA RUMPUT LAUT PANGGANG (NORI) BBQ PCK 2X4.5,,,8.00,20,40.00%,40,,01/07/2027,L,2
52,09,4,02,1,20104000,INDOMARET KACANG ALMOND  PCH 70/65,,,72.00,72,100.00%,35,,05/08/2027,S,7
52,09,5,01,1,20014069,FRISIAN FLAG SUSU CAIR UHT FULL CREAM TPK 946L,,,34.00,56,60.71%,12,CTN,01/06/2027,E,12
52,09,5,02,1,20136666,LARISST KACANG KULIT  PCK 370,,,15.00,15,100.00%,24,,30/09/2027,,1
52,09,6,01,1,20130511,GURIBEE SNACK KEJU PCK 65/62,,,18.00,28,64.29%,30,CTN,17/04/2027,,10
52,09,6,02,1,20036590,LUWAK WHITE KOFFIE ORIGINAL  PCK 9X20,,,15.00,50,30.00%,20,,28/02/2028,,2
52,09,7,01,1,20097390,MAMASUKA RUMPUT LAUT PANGGANG (NORI) BBQ PCK 2X4.5,,,18.00,20,90.00%,40,,30/09/2027,L,2
52,09,7,02,1,20097391,MAMASUKA RUMPUT LAUT PANGGANG (NORI) SALTED EGG PCK 2X4.5,,,9.00,20,45.00%,40,,18/07/2027,,2
52,09,8,01,1,20131098,POTABEE SNACK POTATO CHIPS SPICY BBQ PCK 68/65,,,19.00,20,95.00%,30,,18/05/2027,,2
52,09,8,02,1,20138236,CHEETOS SNACK JAGUNG BKR KEJU PCK 120,,,25.00,20,125.00%,14,,10/07/2027,L,3
53,01,3,01,1,10004237,CAP BADAK LARUTAN PENYEGAR LECI KLG 320L,,,1.00,63,1.59%,24,CTN,01/09/2028,S,6
53,01,3,02,1,20135661,WONHAE GUMMY CHOCO TRUFFLE MIXED FRUIT PCK 35/32,,,12.00,44,27.27%,72,CTN,03/08/2027,L,4
53,01,3,03,0,20098498,NISSIN WALENS CHEESE SOES  PCK 100,,,4.00,33,12.12%,30,,31/08/2027,,2
53,01,3,04,0,20086226,INDOMARET KERIPIK PISANG MADU PCK 150/90,,,7.00,44,15.91%,25,,30/09/2027,,1
53,01,4,01,1,10004237,CAP BADAK LARUTAN PENYEGAR LECI KLG 320L,,,4.00,63,6.35%,24,CTN,01/09/2028,S,6
53,01,4,02,1,20096979,PRO CHIZ KEJU GOLD SLICE 12S  PCK 156,,,15.00,104,14.42%,24,CTN,01/08/2027,,2
53,01,5,01,1,10004237,CAP BADAK LARUTAN PENYEGAR LECI KLG 320L,,,5.00,63,7.94%,24,CTN,01/09/2028,S,6
53,01,5,02,1,20002987,KUSUKA KERIPIK SINGKONG BARBEQUE PCK 60,,,8.00,18,44.44%,30,CTN,17/09/2027,,6
53,01,6,01,1,10037437,CAP BADAK LARUTAN PENYEGAR STRAWBERRY KLG 320L,,,3.00,63,4.76%,24,CTN,22/07/2028,,2
53,01,6,02,1,20115505,DILAN CHOCO  CRUNCHY CARAMEL  PCH 95,,,10.00,50,20.00%,20,CTN,23/09/2027,,2
53,01,7,01,1,20138308,JEVI SNACK KERUPUK SEBLAK  PCK 150,,,10.00,15,66.67%,50,CTN,08/04/2027,,2
53,01,7,02,1,20043381,NUTRIJELL PUDDING SUSU POWDER STRAWBERRY PCH 145,,,1.00,72,1.39%,36,CTN,01/08/2028,,1
53,01,8,01,1,20043381,NUTRIJELL PUDDING SUSU POWDER STRAWBERRY PCH 145,,,1.00,72,1.39%,36,CTN,01/08/2028,,1
53,01,8,02,1,20093909,REBO KUACI MILK PCH 140/120,,,10.00,27,37.04%,48,CTN,01/12/2027,S,12
53,02,3,01,1,20024512,LA FONTE PASTA SAUCE BOLOGNESE PCH 315,,,12.00,65,18.46%,20,,01/05/2027,,1
53,02,3,02,1,10005599,SEGITIGA BIRU TEPUNG TERIGU  PCK 1000,,,31.00,32,96.88%,12,CTN,09/09/2027,L,2
53,02,3,03,0,20104000,INDOMARET KACANG ALMOND  PCH 70/65,,,30.00,72,41.67%,35,CTN,30/09/2027,S,7
53,02,3,04,0,20098168,PIKOPI COFFEMIX INSTANT 3 IN 1  PCK 9X20,,,23.00,50,46.00%,20,,31/03/2028,,2
53,02,4,01,1,20098348,REBO KUACI ORIGINAL PCH 140/120,,,27.00,27,100.00%,48,,31/12/2027,S,3
53,02,4,02,1,20096589,SEDAAP MIE MIE INSTANT GORENG PCK 5X91,,,52.00,52,100.00%,8,,01/04/2027,E,8
53,02,5,01,1,10005599,SEGITIGA BIRU TEPUNG TERIGU  PCK 1000,,,32.00,32,100.00%,12,CTN,09/09/2027,L,2
53,02,5,02,1,20098348,REBO KUACI ORIGINAL PCH 140/120,,,27.00,27,100.00%,48,,31/12/2027,S,3
53,02,6,01,1,20092858,TWISTKO SNACK JAGUNG BAKAR PCK 145,,,7.00,15,46.67%,20,,31/05/2027,,2
53,02,6,02,1,10005599,SEGITIGA BIRU TEPUNG TERIGU  PCK 1000,,,32.00,32,100.00%,12,CTN,09/09/2027,L,2
53,02,7,01,1,20131098,POTABEE SNACK POTATO CHIPS SPICY BBQ PCK 68/65,,,19.00,20,95.00%,30,CTN,17/05/2027,,2
53,02,7,02,1,20138949,JAPOTA POTATO CHIPS HP.HONEY BUTTER PCK 120/115,,,6.00,14,42.86%,18,CTN,01/05/2027,L,9
53,02,8,01,1,20026343,KUSUKA KERIPIK SINGKONG RUMPUT LAUT PCK 60,,,12.00,18,66.67%,30,CTN,17/09/2027,,2
53,02,8,02,1,20097515,INDOMARET POPCORN CARAMEL PCK 75,,,21.00,21,100.00%,24,,01/08/2027,S,12
53,03,3,01,1,20130826,INDOMARET GULA AREN  PCH 200,,,11.00,40,27.50%,40,,07/11/2028,,1
53,03,3,02,1,20140908,MILKITA MILKY PUDDING YOGURT STRAWBERRY CUP 85,,,6.00,48,12.50%,48,,11/09/2027,,6
53,03,3,03,0,20128233,NU MINUMAN CHOCO TEA HAZELTEA BTL 330L,,,19.00,288,6.60%,24,CTN,01/06/2027,L,8
53,03,3,04,0,10008579,DELFI WAFER STICK TWISTER MINIS BLACK VANILLA PCK 70,,,4.00,60,6.67%,20,,04/11/2027,,2
53,03,4,01,1,10035165,OREO SANDWICH ORIGINAL PCK 110.4/105,,,79.00,100,79.00%,24,,04/08/2027,L,8
53,03,4,02,1,20006951,BERLIAN MARNING JAGUNG(DC) BULAT PCK 180,,,30.00,40,75.00%,28,,11/09/2027,,2
53,03,5,01,1,20142878,DALEZZ MUFFIN TELUR  PCK 84,,,24.00,24,100.00%,32,,04/03/2027,,1
53,03,5,02,1,20138230,DORITOS SNACK JAGUNG BAKAR PCK 120,,,10.00,10,100.00%,24,,01/06/2027,,2
53,03,6,01,1,10003873,KAPAL API KOPI BUBUK  PCK 350,,,29.00,50,58.00%,9,,31/08/2027,S,2
53,03,6,02,1,20129961,MISTER POTATO SNACK CRISPS ORIGINAL KLG 35,,,15.00,68,22.06%,24,CTN,14/07/2027,L,4
53,03,7,01,1,20084707,DUA KELINCI KACANG SUKRO OVEN BAWANG PCK 95,,,24.00,24,100.00%,40,,30/06/2027,,10
53,03,7,02,1,20091447,MI GEMEZ SNACK MIE KERING ENAK FAM.PACK SPICY PCK 3X26,,,20.00,33,60.61%,20,,18/03/2027,,2
53,03,8,01,1,20014506,CHITATO SNACK POTATO CHIPS CHEESE SUPREME PCK 68/65,,,17.00,10,170.00%,30,,09/05/2027,,2
53,03,8,02,1,20138236,CHEETOS SNACK JAGUNG BKR KEJU PCK 120,,,25.00,20,125.00%,14,,10/07/2027,L,3
53,04,3,01,1,20138057,NESCAFE COFFEE DRINK GULA AREN KLG 220L,,,30.00,112,26.79%,24,CTN,20/09/2027,L,24
53,04,3,02,1,20141506,RITZ CRACKERS ORIGINAL  PCS 100,,,8.00,80,10.00%,24,,01/08/2027,,2
53,04,3,03,0,20037147,KAKI TIGA LARUTAN PENYEGAR STROBERI KLG 320L,,,19.00,63,30.16%,24,CTN,01/06/2029,,2
53,04,3,04,0,20139889,WONHAE PISTACHIO CHOCO BITES  PCK 30,,,6.00,52,11.54%,72,,22/07/2027,L,2
53,04,4,01,1,20139291,FLOATY SNACK BAWANG PCK 60,,,12.00,12,100.00%,40,,15/08/2027,D,8
53,04,4,02,1,20026343,KUSUKA KERIPIK SINGKONG RUMPUT LAUT PCK 60,,,18.00,18,100.00%,30,CTN,17/09/2027,,2
53,04,5,01,1,20040383,NU MINUMAN MILK TEA  BTL 330L,,,25.00,55,45.45%,24,CTN,19/06/2027,L,2
53,04,5,02,1,20121350,5 DAYS MINI CROISSANT CHOCOLATE PCK 128,,,25.00,20,125.00%,20,,01/03/2027,,2
53,04,6,01,1,20056645,NARAYA OAT CHOCO (9S)  PCH 90,,,45.00,40,112.50%,24,,04/03/2028,,2
53,04,6,02,1,20055311,NABATI RICHEESE WAFER KRIM KEJU PCK 110/100,,,46.00,80,57.50%,24,,12/08/2027,L,8
53,04,7,01,1,20015337,MUNCHYS SANDWICH CRACKER LEXUS CHOCOLATE CREAM PCK 190,,,12.00,40,30.00%,15,,04/06/2027,,2
53,04,7,02,1,20111959,NESTLE CEREAL BREAKFAST DOUBLE CHOCO KOKO KRUNCH CUP 30,,,5.00,21,23.81%,48,,04/06/2027,,2
53,04,8,01,1,20072194,MR.HOTTEST SNACK TORTILLA CHIPS MAITOS SAMBAL BALADO PCK 140/120,,,24.00,18,133.33%,16,,22/07/2027,S,16
53,04,8,02,1,20072194,MR.HOTTEST SNACK TORTILLA CHIPS MAITOS SAMBAL BALADO PCK 140/120,,,24.00,18,133.33%,16,,22/07/2027,S,16
53,05,3,01,1,,,,,0.00,0.0,,,,,,
53,05,3,02,1,10006967,KDS POP CORN PANDAN MANIS PCK 130,,,7.00,15,46.67%,32,BAL,30/09/2027,,1
53,05,3,03,0,20118832,ION WATER MINUMAN ISOTONIK  BTL 500L,,,1.00,50,2.00%,24,CTN,09/09/2027,S,3
53,05,3,04,0,20002725,KAPAL API KOPI BUBUK SPECIAL MIX BAG 20X23,,,21.00,65,32.31%,6,,31/08/2027,,3
53,05,4,01,1,20141452,CHOMP CHOMP COLORFUL MALLOW  PCK 50,,,20.00,50,40.00%,36,,01/03/2028,,1
53,05,4,02,1,20138308,JEVI SNACK KERUPUK SEBLAK  PCK 150,,,15.00,15,100.00%,50,,01/04/2027,,2
53,05,5,01,1,20077094,ASPPOBA BOLU MUNYES  PCK 24S,,,12.00,18,66.67%,24,,01/03/2027,,1
53,05,5,02,1,20138236,CHEETOS SNACK JAGUNG BKR KEJU PCK 120,,,15.00,20,75.00%,14,,10/07/2027,L,3
53,05,6,01,1,20096677,INDOMARET SNACK SOES COKELAT PCK 80,,,24.00,27,88.89%,30,,01/06/2027,L,10
53,05,6,02,1,20056645,NARAYA OAT CHOCO (9S)  PCH 90,,,40.00,40,100.00%,24,,01/03/2028,,2
53,05,7,01,1,20052766,INDOMARET KACANG METE MADU PCH 80/65 ,,,78.00,78,100.00%,30,,20/04/2027,S,6
53,05,7,02,1,20141506,RITZ CRACKERS ORIGINAL  PCS 100,,,9.00,80,11.25%,24,CTN,23/09/2027,,2
53,05,8,01,1,10027672,GERY SNACK SEREAL  PCK 100,,,21.00,14,150.00%,40,,04/09/2027,,5
53,05,8,02,1,20140085,OISHI TATER THINS POTATO SNACK SEAWEED PCK 100,,,18.00,18,100.00%,12,CTN,04/07/2027,,2
53,06,3,01,1,20113341,EMINA CHEESE SLICE MOZZA PCK 5S,,,20.00,88,22.73%,48,,30/05/2027,,2
53,06,3,02,1,20125638,NUTRISARI INSTANT DRINK JERUK PERAS PCK 10X14,,,1.00,24,4.17%,72,CTN,30/01/2028,,1
53,06,3,03,0,20114495,NESCAFE COFFEE DRINK CAPPUCCINO KLG 220L,,,30.00,112,26.79%,24,CTN,01/09/2027,D,24
53,06,3,04,0,20133020,NISSIN CRACKERS CRISPY LEMON PCK 200,,,20.00,30,66.67%,30,,06/09/2027,,2
53,06,4,01,1,20139291,FLOATY SNACK BAWANG PCK 60,,,12.00,12,100.00%,40,,15/08/2027,D,8
53,06,4,02,1,20114756,GURIBEE SNACK BBQ BALADO PCK 65/62,,,10.00,15,66.67%,30,,30/04/2027,L,6
53,06,5,01,1,10000133,KHONG GUAN BISCUIT MINI ASSORTED  KLG 650,,,14.00,42,33.33%,6,,01/11/2027,J,6
53,06,5,02,1,20052766,INDOMARET KACANG METE MADU PCH 80/65 ,,,78.00,78,100.00%,30,CTN,20/11/2027,S,6
53,06,6,01,1,20052766,INDOMARET KACANG METE MADU PCH 80/65 ,,,78.00,78,100.00%,30,,20/11/2027,S,6
53,06,6,02,1,20056645,NARAYA OAT CHOCO (9S)  PCH 90,,,30.00,40,75.00%,24,,04/03/2028,,2
53,06,7,01,1,20122289,BON CABE SNACK MAKARONI LEVEL 2 NACHO CHEESE PCK 135,,,31.00,48,64.58%,16,,07/08/2027,,2
53,06,7,02,1,20144247,YUPI CREAMY YOGURT GUMMY  PCK 48,,,15.00,65,23.08%,72,CTN,07/08/2028,,1
53,06,8,01,1,20097390,MAMASUKA RUMPUT LAUT PANGGANG (NORI) BBQ PCK 2X4.5,,,5.00,20,25.00%,40,CTN,13/08/2027,L,2
53,06,8,02,1,20092857,STT FRENCH FRIES 2000 PREMIUM  PCK 130,,,18.00,12,150.00%,20,,01/04/2027,D,10
53,07,3,01,1,20140908,MILKITA MILKY PUDDING YOGURT STRAWBERRY CUP 85,,,11.00,48,22.92%,48,,01/08/2027,,6
53,07,3,02,1,20138897,JLO JELLY FRIED EGG  PCK 78,,,5.00,27,18.52%,80,,04/12/2027,,2
53,07,3,03,0,,,,,0.00,0.0,,,,,,
53,07,3,04,0,10037013,RELAXA CANDY BARLEY MINT PCK 108/81,,,18.00,45,40.00%,24,CTN,29/02/2028,,2
53,07,4,01,1,20135539,MISTER POTATO SNACK CRISPS ORIGINAL KLG 85,,,1.00,32,3.13%,24,CTN,09/07/2027,L,12
53,07,4,02,1,20111592,5 DAYS CROISSANT MIX BERRIES PCK 60,,,12.00,42,28.57%,40,,04/02/2027,,2
53,07,5,01,1,10005599,SEGITIGA BIRU TEPUNG TERIGU  PCK 1000,,,32.00,32,100.00%,12,,01/09/2027,L,2
53,07,5,02,1,20055204,TARO SNACK NET POTATO BARBEQUE PCK 62,,,12.00,8,150.00%,30,,01/08/2027,,3
53,07,6,01,1,20083529,INDOMARET HAPPYTOS SNACK POPCORN CHIPS SEAWEED PCK 52,,,15.00,18,83.33%,18,,01/07/2027,,1
53,07,6,02,1,20092857,STT FRENCH FRIES 2000 PREMIUM  PCK 130,,,9.00,12,75.00%,20,,01/02/2027,D,10
53,07,7,01,1,20125638,NUTRISARI INSTANT DRINK JERUK PERAS PCK 10X14,,,1.00,24,4.17%,72,CTN,19/01/2028,,1
53,07,7,02,1,20096682,INDOMARET KACANG JUMBO  PCH 80,,,44.00,44,100.00%,24,,04/09/2027,,2
53,07,8,01,1,20116670,CHITATO LITE SNACK POTATO NORI SEAWEED PCK 68/65,,,20.00,15,133.33%,30,,09/05/2027,D,6
53,07,8,02,1,20093909,REBO KUACI MILK PCH 140/120,,,25.00,27,92.59%,48,CTN,01/12/2027,S,12
53,08,3,01,1,20084884,BRON CHIPS KERIPIK BROWNIES KEJU PCK 60,,,2.00,24,8.33%,24,,11/07/2027,,2
53,08,3,02,1,,,,,0.00,0.0,,,,,,
53,08,3,03,0,20023846,PRINGLES POTATO CRISPS ORIGINAL KLG 102,,,30.00,85,35.29%,12,CTN,31/08/2027,S,2
53,08,3,04,0,20118832,ION WATER MINUMAN ISOTONIK  BTL 500L,,,12.00,50,24.00%,24,,01/09/2027,S,3
53,08,4,01,1,20125389,STT FRENCH FRIES 2000 SAOS LEVEL 3 PCK 60,,,24.00,24,100.00%,20,,04/03/2027,,5
53,08,4,02,1,20142907,MILKOW ACTIGROW SUSU PERTUMBUHAN 1-3 TAHUN MADU BOX 600,,,8.00,12,66.67%,12,,04/03/2028,,1
53,08,5,01,1,20093516,INDOMARET KUACI  PCH 80,,,39.00,78,50.00%,30,,28/08/2027,,6
53,08,5,02,1,20131098,POTABEE SNACK POTATO CHIPS SPICY BBQ PCK 68/65,,,12.00,20,60.00%,30,,12/04/2027,,2
53,08,6,01,1,,,,,0.00,0.0,,,,,,
53,08,6,02,1,20142266,DORITOS SNACK NACHO CHEESE PCK 120,,,8.00,10,80.00%,24,,05/06/2027,,1
53,08,7,01,1,20099956,OISHI PANCHOS KERIPIK JAGUNG PEDAS PCK 140,,,21.00,35,60.00%,16,CTN,04/07/2027,,2
53,08,7,02,1,20116675,CHITATO LITE SNACK POTATO NORI SEAWEED PCK 115,,,14.00,21,66.67%,18,,19/05/2027,D,9
53,08,8,01,1,20138236,CHEETOS SNACK JAGUNG BKR KEJU PCK 120,,,25.00,20,125.00%,14,,10/07/2027,L,3
53,08,8,02,1,20138307,JEVI SNACK BASRENG  PCK 200,,,15.00,15,100.00%,50,,01/04/2027,,2
53,09,3,01,1,20086181,KAPAL API KOPI BUBUK SPECIAL PCK 20X6,,,18.00,78,23.08%,10,,31/08/2027,,2
53,09,3,02,1,20141051,CIMORY EAT MILK PUDDING MATCHA PCH 80,,,22.00,150,14.67%,24,,01/05/2027,,4
53,09,3,03,0,10003324,MONDE BISCUIT GENJI PIE  PCK 70,,,6.00,60,10.00%,24,,22/07/2027,,2
53,09,3,04,0,,,,,0.00,0.0,,,,,,
53,09,4,01,1,20114757,GURIBEE SNACK RUMPUT LAUT PCK 65/62,,,18.00,15,120.00%,30,,30/04/2027,S,10
53,09,4,02,1,20116675,CHITATO LITE SNACK POTATO NORI SEAWEED PCK 115,,,14.00,21,66.67%,18,,19/05/2027,D,9
53,09,5,01,1,20025762,PIATTOS SNACK KENTANG SAPI PANGGANG PCK 68/65,,,9.00,12,75.00%,30,,03/09/2027,,10
53,09,5,02,1,,,,,0.00,0.0,,,,,,
53,09,6,01,1,20130152,LEMONILO BROWNIES CRISPY CHOCOCHIPS PCH 33/32,,,79.00,108,73.15%,12,,01/08/2027,D,12
53,09,6,02,1,20013662,BISKUAT BISCUIT ENERGI EXTRA COKLAT (106.4G) PCK 121.6,,,21.00,55,38.18%,28,,01/09/2027,,2
53,09,7,01,1,20025762,PIATTOS SNACK KENTANG SAPI PANGGANG PCK 68/65,,,18.00,12,150.00%,30,,03/09/2027,,10
53,09,7,02,1,20021029,QTELA KERIPIK SINGKONG BALADO PCK 175,,,13.00,28,46.43%,12,CTN,12/07/2027,L,2
53,09,8,01,1,20115341,RAW MATERIAL PAPER LUNCH BOX FRIED CHICKEN  PCS,,,66.00,66,100.00%,500,,18/01/2029,Z,500
53,09,8,02,1,20093909,REBO KUACI MILK PCH 140/120,,,3.00,27,11.11%,48,CTN,01/12/2027,S,12
54,01,3,01,1,,,,,0.00,0.0,,,,,,
54,01,3,02,1,,,,,0.00,0.0,,,,,,
54,01,3,03,0,,,,,0.00,0.0,,,,,,
54,01,3,04,0,,,,,0.00,0.0,,,,,,
54,01,4,01,1,,,,,0.00,0.0,,,,,,
54,01,4,02,1,20125389,STT FRENCH FRIES 2000 SAOS LEVEL 3 PCK 60,,,22.00,24,91.67%,20,CTN,04/03/2027,,5
54,01,5,01,1,20138106,TIC TIC SNACK CRUNCHY STICK BAWANG PCK 135,,,15.00,15,100.00%,20,CTN,17/03/2027,,5
54,01,5,02,1,20125389,STT FRENCH FRIES 2000 SAOS LEVEL 3 PCK 60,,,12.00,24,50.00%,20,CTN,27/02/2027,,5
54,01,6,01,1,20138106,TIC TIC SNACK CRUNCHY STICK BAWANG PCK 135,,,1.00,15,6.67%,20,CTN,17/03/2027,,5
54,01,6,02,1,,,,,0.00,0.0,,,,,,
54,01,7,01,1,10003324,MONDE BISCUIT GENJI PIE  PCK 70,,,4.00,60,6.67%,24,CTN,27/09/2027,,2
54,01,7,02,1,10033024,SIDO MUNCUL CANDY TL/ANGN HRB PPMNT SOOTH&RLIEV SCT 5X2.5,,,13.00,32,40.63%,15,BOX,01/08/2028,,3
54,01,8,01,1,20138106,TIC TIC SNACK CRUNCHY STICK BAWANG PCK 135,,,2.00,15,13.33%,20,CTN,26/05/2027,,5
54,01,8,02,1,20099956,OISHI PANCHOS KERIPIK JAGUNG PEDAS PCK 140,,,21.00,35,60.00%,16,CTN,04/07/2027,,2
54,02,3,01,1,20086181,KAPAL API KOPI BUBUK SPECIAL PCK 20X6,,,21.00,78,26.92%,10,CTN,31/08/2027,,2
54,02,3,02,1,20062816,GOOD TIME COOKIES CHOCOHIPS RAINBOW PCK 72,,,6.00,24,25.00%,48,,30/09/2027,,2
54,02,3,03,0,,,,,0.00,0.0,,,,,,
54,02,3,04,0,10025006,NESTLE CEREAL BREAKFAST COMBO PACK KOKO KRUNCH CUP 30,,,11.00,30,36.67%,48,,04/06/2027,,6
54,02,4,01,1,,,,,0.00,0.0,,,,,,
54,02,4,02,1,20134367,INDOMARET TELUR GABUS KEJU PCH 70,,,30.00,30,100.00%,20,CTN,11/09/2027,,2
54,02,5,01,1,,,,,0.00,0.0,,,,,,
54,02,5,02,1,20134367,INDOMARET TELUR GABUS KEJU PCH 70,,,10.00,30,33.33%,20,CTN,11/09/2027,,2
54,02,6,01,1,,,,,0.00,0.0,,,,,,
54,02,6,02,1,20134367,INDOMARET TELUR GABUS KEJU PCH 70,,,30.00,30,100.00%,20,CTN,11/09/2027,,2
54,02,7,01,1,20139291,FLOATY SNACK BAWANG PCK 60,,,12.00,12,100.00%,40,CTN,01/09/2027,D,8
54,02,7,02,1,20093909,REBO KUACI MILK PCH 140/120,,,1.00,27,3.70%,48,CTN,01/12/2027,S,12
54,02,8,01,1,20139291,FLOATY SNACK BAWANG PCK 60,,,4.00,12,33.33%,40,CTN,01/09/2027,D,8
54,02,8,02,1,20143961,POP MIE RAMEN KUAH SPICY TORIMEN CUP 79,,,96.00,64,150.00%,12,,01/05/2027,,12
54,03,3,01,1,20134367,INDOMARET TELUR GABUS KEJU PCH 70,,,10.00,30,33.33%,20,,11/09/2027,,2
54,03,3,02,1,20132750,CHITATO LITE SNACK POTATO AYAM BAWANG PCK 68/65,,,4.00,15,26.67%,30,CTN,21/04/2027,,2
54,03,3,03,0,20101460,CHOMP CHOMP MALLOW ICE CREAM STRAWBERRY PCK 60/50,,,9.00,32,28.13%,36,,04/02/2028,,2
54,03,3,04,0,,,,,0.00,0.0,,,,,,
54,03,4,01,1,10001826,KHONG GUAN CRACKERS SALTCHEESE REGULAR PCK 200,,,9.00,44,20.45%,30,,01/07/2027,L,2
54,03,4,02,1,,,,,0.00,0.0,,,,,,
54,03,5,01,1,20133064,KRAKER SNACK UDANG PEDAS PCK 130,,,18.00,18,100.00%,12,,06/06/2027,,2
54,03,5,02,1,20122336,NUTRIJELL PUDDING SUSU BELGIAN CHOCOLATE  PCH 130,,,1.00,24,4.17%,36,CTN,03/08/2028,,1
54,03,6,01,1,20132750,CHITATO LITE SNACK POTATO AYAM BAWANG PCK 68/65,,,15.00,15,100.00%,30,CTN,21/04/2027,,2
54,03,6,02,1,20122336,NUTRIJELL PUDDING SUSU BELGIAN CHOCOLATE  PCH 130,,,1.00,24,4.17%,36,CTN,03/08/2028,,1
54,03,7,01,1,20122336,NUTRIJELL PUDDING SUSU BELGIAN CHOCOLATE  PCH 130,,,1.00,24,4.17%,36,CTN,03/08/2028,,1
54,03,7,02,1,,,,,0.00,0.0,,,,,,
54,03,8,01,1,20133064,KRAKER SNACK UDANG PEDAS PCK 130,,,18.00,18,100.00%,12,,06/06/2027,,2
54,03,8,02,1,20055742,SAMYANG MIE INSTANT GORENG PEDAS AYAM CUP 105,,,36.00,30,120.00%,16,,03/05/2027,,2
54,04,3,01,1,20086181,KAPAL API KOPI BUBUK SPECIAL PCK 20X6,,,8.00,78,10.26%,10,,30/09/2027,,2
54,04,3,02,1,10036817,SWALLOW GLOBE AGAR AGAR POWDER PUTIH PCK 7,,,2.00,30,6.67%,288,CTN,01/08/2029,,2
54,04,3,03,0,,,,,0.00,0.0,,,,,,
54,04,3,04,0,,,,,0.00,0.0,,,,,,
54,04,4,01,1,20031907,NUTRIJELL / AR PUDDING SUSU COKLAT PCH 145,,,6.00,60,10.00%,36,CTN,01/09/2028,,2
54,04,4,02,1,,,,,0.00,0.0,,,,,,
54,04,5,01,1,10001826,KHONG GUAN CRACKERS SALTCHEESE REGULAR PCK 200,,,21.00,44,47.73%,30,CTN,05/09/2027,L,2
54,04,5,02,1,20110634,GARUDA SNACK OCORN SEA SALT PCK 70,,,1.00,12,8.33%,30,CTN,04/06/2027,,3
54,04,6,01,1,20110634,GARUDA SNACK OCORN SEA SALT PCK 70,,,5.00,12,41.67%,30,CTN,04/04/2027,,3
54,04,6,02,1,20110634,GARUDA SNACK OCORN SEA SALT PCK 70,,,1.00,12,8.33%,30,CTN,04/06/2027,,3
54,04,7,01,1,,,,,0.00,0.0,,,,,,
54,04,7,02,1,20019479,NONG SHIM INSTANT NOODLE SHIN RAMYUN SPICY MUSHROOM PCK 120,,,5.00,35,14.29%,30,CTN,06/04/2027,,1
54,04,8,01,1,,,,,0.00,0.0,,,,,,
54,04,8,02,1,20131098,POTABEE SNACK POTATO CHIPS SPICY BBQ PCK 68/65,,,27.00,20,135.00%,30,,01/03/2027,,2
54,05,3,01,1,20024512,LA FONTE PASTA SAUCE BOLOGNESE PCH 315,,,5.00,65,7.69%,20,,01/07/2027,,1
54,05,3,02,1,20122808,MAMAKOKO SANTAN  TPK 65L,,,30.00,180,16.67%,32,,01/04/2028,,2
54,05,3,03,0,,,,,0.00,0.0,,,,,,
54,05,3,04,0,,,,,0.00,0.0,,,,,,
54,05,4,01,1,20129174,SRI REJEKI JAYA KERIPIK GADUNG  PCK 100,,,10.00,16,62.50%,20,CTN,05/09/2027,,1
54,05,4,02,1,,,,,0.00,0.0,,,,,,
54,05,5,01,1,20129174,SRI REJEKI JAYA KERIPIK GADUNG  PCK 100,,,12.00,16,75.00%,20,CTN,05/09/2029,,1
54,05,5,02,1,20136929,NUTRIJELL PUDDING SUSU POWDER KOREAN STRAWBRY PCH 145,,,1.00,40,2.50%,36,CTN,31/08/2028,,1
54,05,6,01,1,,,,,0.00,0.0,,,,,,
54,05,6,02,1,,,,,0.00,0.0,,,,,,
54,05,7,01,1,20026343,KUSUKA KERIPIK SINGKONG RUMPUT LAUT PCK 60,,,18.00,18,100.00%,30,CTN,17/09/2027,,2
54,05,7,02,1,20116110,MAXICORN SNACK ROASTED CORN PCK 140/130,,,10.00,10,100.00%,20,CTN,15/05/2027,L,5
54,05,8,01,1,20014506,CHITATO SNACK POTATO CHIPS CHEESE SUPREME PCK 68/65,,,17.00,10,170.00%,30,,15/06/2027,,2
54,05,8,02,1,20071781,POTABEE SNACK POTATO CHIPS SEAWEED PCK 68/65,,,18.00,15,120.00%,30,,01/04/2027,,2
54,06,3,01,1,20086226,INDOMARET KERIPIK PISANG MADU PCK 150/90,,,5.00,44,11.36%,25,,31/08/2027,,1
54,06,3,02,1,,,,,0.00,0.0,,,,,,
54,06,3,03,0,20141597,FRUZZ CANDY GUMMY ASSORTED FRUIT PCH 36,,,6.00,42,14.29%,36,,01/08/2027,,2
54,06,3,04,0,,,,,0.00,0.0,,,,,,
54,06,4,01,1,20115438,5 DAYS CROISSANT CHEESE PCK 60,,,18.00,18,100.00%,40,CTN,26/02/2027,,2
54,06,4,02,1,20125388,OISHI SNACK POPCORN MENTEGA BELGIA PCH 100,,,28.00,48,58.33%,20,,30/09/2027,,4
54,06,5,01,1,20115438,5 DAYS CROISSANT CHEESE PCK 60,,,17.00,18,94.44%,40,CTN,26/02/2027,,2
54,06,5,02,1,20116675,CHITATO LITE SNACK POTATO NORI SEAWEED PCK 115,,,14.00,21,66.67%,18,,19/05/2027,D,9
54,06,6,01,1,20085046,JULIES SANDWICH PEANUT BUTTER  PCK 90/82.5,,,1.00,64,1.56%,24,CTN,04/11/2027,,1
54,06,6,02,1,20116675,CHITATO LITE SNACK POTATO NORI SEAWEED PCK 115,,,14.00,21,66.67%,18,,19/05/2027,D,9
54,06,7,01,1,10008882,KAPAL API KOPI BUBUK SPECIAL PCK 150,,,50.00,50,100.00%,20,CTN,14/08/2027,S,10
54,06,7,02,1,20143944,PIATTOS SNACK KENTANG KOREAN HONEY BUTTER PCK 105,,,20.00,20,100.00%,16,,05/08/2027,,1
54,06,8,01,1,20116410,CHIKI SNACK TWIST ROASTED CORN PCK 75,,,20.00,15,133.33%,30,,21/03/2027,,6
54,06,8,02,1,20006951,BERLIAN MARNING JAGUNG(DC) BULAT PCK 180,,,14.00,40,35.00%,28,CTN,11/09/2027,,2
54,07,3,01,1,,,,,0.00,0.0,,,,,,
54,07,3,02,1,,,,,0.00,0.0,,,,,,
54,07,3,03,0,20061785,INDOMARET POP CORN  PCK 200,,,15.00,140,10.71%,20,,01/04/2028,,2
54,07,3,04,0,,,,,0.00,0.0,,,,,,
54,07,4,01,1,20030547,OREO SANDWICH ICE CREAM BLUEBERRY PCK 110.4/105,,,20.00,100,20.00%,24,,11/08/2027,L,8
54,07,4,02,1,20128291,INDOMARET KACANG ALMOND LAPIS MADU PCH 70/65,,,39.00,76,51.32%,35,,01/09/2027,,5
54,07,5,01,1,20143944,PIATTOS SNACK KENTANG KOREAN HONEY BUTTER PCK 105,,,20.00,20,100.00%,16,,01/08/2027,,1
54,07,5,02,1,10028410,MAMASUKA TEPUNG BAKWAN KRISPI  PCK 225,,,1.00,40,2.50%,40,CTN,29/02/2028,,1
54,07,6,01,1,,,,,0.00,0.0,,,,,,
54,07,6,02,1,,,,,0.00,0.0,,,,,,
54,07,7,01,1,20130511,GURIBEE SNACK KEJU PCK 65/62,,,18.00,28,64.29%,30,,01/04/2027,,10
54,07,7,02,1,20006951,BERLIAN MARNING JAGUNG(DC) BULAT PCK 180,,,40.00,40,100.00%,28,CTN,11/09/2027,,2
54,07,8,01,1,20143944,PIATTOS SNACK KENTANG KOREAN HONEY BUTTER PCK 105,,,26.00,20,130.00%,16,,01/08/2027,,1
54,07,8,02,1,10005599,SEGITIGA BIRU TEPUNG TERIGU  PCK 1000,,,7.00,32,21.88%,12,CTN,01/09/2029,L,2
54,08,3,01,1,20135661,WONHAE GUMMY CHOCO TRUFFLE MIXED FRUIT PCK 35/32,,,9.00,44,20.45%,72,,20/07/2027,L,4
54,08,3,02,1,20041881,SASA TEPUNG BUMBU ALA KENTUCKY PCK 210/200,,,9.00,66,13.64%,24,,22/02/2028,,6
54,08,3,03,0,20132750,CHITATO LITE SNACK POTATO AYAM BAWANG PCK 68/65,,,5.00,15,33.33%,30,,21/04/2027,,2
54,08,3,04,0,20141597,FRUZZ CANDY GUMMY ASSORTED FRUIT PCH 36,,,4.00,42,9.52%,36,,01/08/2027,,2
54,08,4,01,1,20116684,CHITATO LITE SNACK POTATO SALMON TERIYAKI PCK 65,,,10.00,15,66.67%,30,,28/04/2027,,2
54,08,4,02,1,20138897,JLO JELLY FRIED EGG  PCK 78,,,6.00,27,22.22%,80,,31/12/2027,,2
54,08,5,01,1,,,,,0.00,0.0,,,,,,
54,08,5,02,1,,,,,0.00,0.0,,,,,,
54,08,6,01,1,20127820,SAMYANG BULDAK RAMEN CREAM CARBONARA PCK 140,,,1.00,32,3.13%,40,CTN,20/04/2027,,1
54,08,6,02,1,,,,,0.00,0.0,,,,,,
54,08,7,01,1,20026090,LENCANA MERAH TEPUNG TERIGU TRANSPARAN  PCK 1000,,,4.00,32,12.50%,12,CTN,01/08/2027,,2
54,08,7,02,1,20111959,NESTLE CEREAL BREAKFAST DOUBLE CHOCO KOKO KRUNCH CUP 30,,,3.00,21,14.29%,48,CTN,19/06/2027,,2
54,08,8,01,1,20031907,NUTRIJELL / AR PUDDING SUSU COKLAT PCH 145,,,4.00,60,6.67%,36,CTN,01/09/2028,,2
54,08,8,02,1,20116670,CHITATO LITE SNACK POTATO NORI SEAWEED PCK 68/65,,,25.00,15,166.67%,30,,04/05/2027,D,6
54,09,3,01,1,,,,,0.00,0.0,,,,,,
54,09,3,02,1,20060371,GOOD DAY KOPI INSTANT 3 IN 1 VANILLA LATTE PCK 10X20,,,11.00,60,18.33%,25,,01/03/2028,,1
54,09,3,03,0,20072582,INDOMARET CRISPY SEAWEED BARBEQUE PCK 20,,,10.00,16,62.50%,42,,01/08/2027,,1
54,09,3,04,0,20070867,UFO INSTANT CUP NOODLES SAUS JEPANG CUP 88,,,11.00,48,22.92%,12,,01/07/2027,,2
54,09,4,01,1,,,,,0.00,0.0,,,,,,
54,09,4,02,1,10005599,SEGITIGA BIRU TEPUNG TERIGU  PCK 1000,,,32.00,32,100.00%,12,,01/09/2029,L,2
54,09,5,01,1,,,,,0.00,0.0,,,,,,
54,09,5,02,1,,,,,0.00,0.0,,,,,,
54,09,6,01,1,,,,,0.00,0.0,,,,,,
54,09,6,02,1,,,,,0.00,0.0,,,,,,
54,09,7,01,1,20111959,NESTLE CEREAL BREAKFAST DOUBLE CHOCO KOKO KRUNCH CUP 30,,,3.00,21,14.29%,48,CTN,19/07/2027,,2
54,09,7,02,1,20043807,FRESCO KOPI+GULA (BELI 6 GRATIS 2)  PCK 8X23,,,48.00,65,73.85%,12,CTN,30/09/2027,,2
54,09,8,01,1,10033024,SIDO MUNCUL CANDY TL/ANGN HRB PPMNT SOOTH&RLIEV SCT 5X2.5,,,8.00,32,25.00%,15,BOX,01/08/2028,,3
54,09,8,02,1,10001094,CHITATO SNACK POTATO CHIPS SAPI PANGGANG PCK 68/65,,,25.00,25,100.00%,30,,02/05/2027,D,10
55,01,3,01,1,,,,,0.00,0.0,,,,,,
55,01,3,02,1,,,,,0.00,0.0,,,,,,
55,01,3,03,0,,,,,0.00,0.0,,,,,,
55,01,3,04,0,,,,,0.00,0.0,,,,,,
55,01,4,01,1,,,,,0.00,0.0,,,,,,
55,01,4,02,1,,,,,0.00,0.0,,,,,,
55,01,5,01,1,,,,,0.00,0.0,,,,,,
55,01,5,02,1,,,,,0.00,0.0,,,,,,
55,01,6,01,1,,,,,0.00,0.0,,,,,,
55,01,6,02,1,20097390,MAMASUKA RUMPUT LAUT PANGGANG (NORI) BBQ PCK 2X4.5,,,5.00,20,25.00%,40,CTN,13/08/2027,L,2
55,01,7,01,1,10000304,KAPAL API KOPI BUBUK SPECIAL PCK 60,,,6.00,50,12.00%,50,CTN,20/02/2028,,2
55,01,7,02,1,20116110,MAXICORN SNACK ROASTED CORN PCK 140/130,,,3.00,10,30.00%,20,CTN,11/05/2027,L,5
55,01,8,01,1,,,,,0.00,0.0,,,,,,
55,01,8,02,1,20043807,FRESCO KOPI+GULA (BELI 6 GRATIS 2)  PCK 8X23,,,17.00,65,26.15%,12,CTN,20/08/2027,,2
55,02,3,01,1,20019831,KUSUKA KERIPIK EMPING ORIGINAL PCK 40,,,15.00,18,83.33%,20,CTN,29/09/2027,,2
55,02,3,02,1,20063488,ROMA ARDEN COOKIES CHOCO SPLENDID PCK 72,,,6.00,50,12.00%,24,CTN,01/09/2027,,2
55,02,3,03,0,,,,,0.00,0.0,,,,,,
55,02,3,04,0,,,,,0.00,0.0,,,,,,
55,02,4,01,1,20063488,ROMA ARDEN COOKIES CHOCO SPLENDID PCK 72,,,2.00,50,4.00%,24,CTN,01/09/2027,,2
55,02,4,02,1,20015029,KRAFT KEJU CHEDDAR OLAHAN  PCK 35/30,,,2.00,56,3.57%,144,CTN,30/05/2027,,8
55,02,5,01,1,20019831,KUSUKA KERIPIK EMPING ORIGINAL PCK 40,,,6.00,18,33.33%,20,CTN,29/09/2027,,2
55,02,5,02,1,20063488,ROMA ARDEN COOKIES CHOCO SPLENDID PCK 72,,,50.00,50,100.00%,24,CTN,01/09/2027,,2
55,02,6,01,1,20019831,KUSUKA KERIPIK EMPING ORIGINAL PCK 40,,,2.00,18,11.11%,20,CTN,29/09/2027,,2
55,02,6,02,1,20063488,ROMA ARDEN COOKIES CHOCO SPLENDID PCK 72,,,2.00,50,4.00%,24,CTN,01/09/2027,,2
55,02,7,01,1,20026343,KUSUKA KERIPIK SINGKONG RUMPUT LAUT PCK 60,,,2.00,18,11.11%,30,CTN,17/09/2027,,2
55,02,7,02,1,20116411,CHIKI SNACK PUFFS CHEDDAR CHEESE PCK 60,,,1.00,15,6.67%,30,CTN,17/03/2027,,2
55,02,8,01,1,10033024,SIDO MUNCUL CANDY TL/ANGN HRB PPMNT SOOTH&RLIEV SCT 5X2.5,,,5.00,32,15.63%,15,BOX,01/08/2028,,3
55,02,8,02,1,20080459,INDOMARET KACANG KULIT  PCK 180,,,17.00,20,85.00%,40,,01/09/2027,,2
55,03,3,01,1,20061785,INDOMARET POP CORN  PCK 200,,,18.00,140,12.86%,20,,01/02/2028,,2
55,03,3,02,1,20131013,OISHI PANCHOS KERIPIK JAGUNG CABE PEDAS PCK 140/145,,,1.00,35,2.86%,16,CTN,04/07/2027,,2
55,03,3,03,0,,,,,0.00,0.0,,,,,,
55,03,3,04,0,20013662,BISKUAT BISCUIT ENERGI EXTRA COKLAT (106.4G) PCK 121.6,,,7.00,55,12.73%,28,,13/09/2027,,2
55,03,4,01,1,,,,,0.00,0.0,,,,,,
55,03,4,02,1,20063488,ROMA ARDEN COOKIES CHOCO SPLENDID PCK 72,,,39.00,50,78.00%,24,,30/09/2027,,2
55,03,5,01,1,20131013,OISHI PANCHOS KERIPIK JAGUNG CABE PEDAS PCK 140/145,,,14.00,35,40.00%,16,CTN,04/07/2027,,2
55,03,5,02,1,,,,,0.00,0.0,,,,,,
55,03,6,01,1,20040434,MY VLA BUBUK INSTANT VLA COKLAT PCK 63,,,1.00,60,1.67%,72,CTN,02/12/2027,,1
55,03,6,02,1,,,,,0.00,0.0,,,,,,
55,03,7,01,1,10036821,SWALLOW GLOBE AGAR AGAR POWDER HIJAU PCK 7,,,1.00,30,3.33%,288,CTN,01/08/2029,,1
55,03,7,02,1,20092857,STT FRENCH FRIES 2000 PREMIUM  PCK 130,,,12.00,12,100.00%,20,,11/03/2027,D,10
55,03,8,01,1,20127820,SAMYANG BULDAK RAMEN CREAM CARBONARA PCK 140,,,2.00,32,6.25%,40,CTN,04/05/2027,,1
55,03,8,02,1,20072581,INDOMARET CRISPY SEAWEED ORIGINAL PCK 20,,,20.00,24,83.33%,42,,01/08/2027,,6
55,04,3,01,1,20032880,NUTRIJELL PUDDING SUSU MANGGA PCH 145/170,,,2.00,91,2.20%,36,CTN,31/08/2028,,1
55,04,3,02,1,,,,,0.00,0.0,,,,,,
55,04,3,03,0,,,,,0.00,0.0,,,,,,
55,04,3,04,0,,,,,0.00,0.0,,,,,,
55,04,4,01,1,10005599,SEGITIGA BIRU TEPUNG TERIGU  PCK 1000,,,31.00,32,96.88%,12,,01/09/2027,L,2
55,04,4,02,1,,,,,0.00,0.0,,,,,,
55,04,5,01,1,,,,,0.00,0.0,,,,,,
55,04,5,02,1,20032880,NUTRIJELL PUDDING SUSU MANGGA PCH 145/170,,,2.00,91,2.20%,36,CTN,31/08/2028,,1
55,04,6,01,1,20032880,NUTRIJELL PUDDING SUSU MANGGA PCH 145/170,,,2.00,91,2.20%,36,CTN,24/08/2028,,1
55,04,6,02,1,,,,,0.00,0.0,,,,,,
55,04,7,01,1,20122264,CHITATO SNACK POTATO CHIPS MI GORENG PCK 68/65,,,15.00,15,100.00%,30,CTN,01/05/2027,,6
55,04,7,02,1,20129224,MUJIGAE RAPOKKI SPICY PCK 260/155,,,4.00,42,9.52%,40,CTN,08/08/2027,,1
55,04,8,01,1,20122264,CHITATO SNACK POTATO CHIPS MI GORENG PCK 68/65,,,5.00,15,33.33%,30,CTN,01/05/2027,,6
55,04,8,02,1,20120442,GOOD DAY COFFEE FREEZE 3IN1 COOKIES N CREAM PCK 5X30,,,29.00,68,42.65%,24,CTN,31/03/2028,,1
55,05,3,01,1,20129224,MUJIGAE RAPOKKI SPICY PCK 260/155,,,2.00,42,4.76%,40,CTN,15/08/2027,,1
55,05,3,02,1,20117923,TAO KAE NOI SEASONED LAVER ORIGINAL PCK 2X4,,,7.00,21,33.33%,30,CTN,27/07/2027,L,3
55,05,3,03,0,,,,,0.00,0.0,,,,,,
55,05,3,04,0,,,,,0.00,0.0,,,,,,
55,05,4,01,1,10033424,NISSIN BISCUIT BUTTER COCONUT PCK 200,,,16.00,42,38.10%,24,,01/08/2027,,1
55,05,4,02,1,20130147,REBO KUACI COCONUT PCH 140/120,,,15.00,27,55.56%,48,,01/11/2027,,2
55,05,5,01,1,20117923,TAO KAE NOI SEASONED LAVER ORIGINAL PCK 2X4,,,15.00,21,71.43%,30,CTN,01/09/2027,L,3
55,05,5,02,1,20129224,MUJIGAE RAPOKKI SPICY PCK 260/155,,,2.00,42,4.76%,40,CTN,01/08/2027,,1
55,05,6,01,1,20130147,REBO KUACI COCONUT PCH 140/120,,,4.00,27,14.81%,48,CTN,08/12/2027,,2
55,05,6,02,1,,,,,0.00,0.0,,,,,,
55,05,7,01,1,20142837,QTELA KERIPIK UBI MIX JAGUNG BAKAR PCK 45,,,9.00,20,45.00%,30,,31/03/2027,,1
55,05,7,02,1,20116110,MAXICORN SNACK ROASTED CORN PCK 140/130,,,5.00,10,50.00%,20,CTN,15/05/2027,L,5
55,05,8,01,1,20101064,CHIKI SNACK BALLS CHEESE PCK 55/50,,,20.00,15,133.33%,30,,07/03/2027,,6
55,05,8,02,1,20116110,MAXICORN SNACK ROASTED CORN PCK 140/130,,,10.00,10,100.00%,20,CTN,15/05/2027,L,5
55,06,3,01,1,20142266,DORITOS SNACK NACHO CHEESE PCK 120,,,8.00,10,80.00%,24,CTN,05/06/2027,,1
55,06,3,02,1,20031983,MENTOS CANDY RAINBOW  ROL 37,,,7.00,88,7.95%,192,,01/01/2028,,2
55,06,3,03,0,,,,,0.00,0.0,,,,,,
55,06,3,04,0,20142447,ROYCO BUMBU KALDU ZIPLOCK SAPI PCH 210,,,10.00,110,9.09%,24,,04/08/2027,,1
55,06,4,01,1,,,,,0.00,0.0,,,,,,
55,06,4,02,1,,,,,0.00,0.0,,,,,,
55,06,5,01,1,,,,,0.00,0.0,,,,,,
55,06,5,02,1,20143944,PIATTOS SNACK KENTANG KOREAN HONEY BUTTER PCK 105,,,20.00,20,100.00%,16,,01/08/2027,,1
55,06,6,01,1,,,,,0.00,0.0,,,,,,
55,06,6,02,1,,,,,0.00,0.0,,,,,,
55,06,7,01,1,10008882,KAPAL API KOPI BUBUK SPECIAL PCK 150,,,30.00,50,60.00%,20,CTN,01/09/2027,S,10
55,06,7,02,1,10008882,KAPAL API KOPI BUBUK SPECIAL PCK 150,,,5.00,50,10.00%,20,CTN,01/09/2027,S,10
55,06,8,01,1,20141452,CHOMP CHOMP COLORFUL MALLOW  PCK 50,,,9.00,50,18.00%,36,CTN,31/01/2028,,1
55,06,8,02,1,20116110,MAXICORN SNACK ROASTED CORN PCK 140/130,,,5.00,10,50.00%,20,CTN,15/05/2027,L,5
55,07,3,01,1,10002258,MONDE BISCUIT PIEBIS  PCK 190,,,6.00,30,20.00%,24,,01/07/2027,,2
55,07,3,02,1,20141198,WONHAE TOPOKKI KIDS CARBONARA  PCK 80,,,18.00,100,18.00%,40,,01/08/2027,,4
55,07,3,03,0,,,,,0.00,0.0,,,,,,
55,07,3,04,0,,,,,0.00,0.0,,,,,,
55,07,4,01,1,20122057,DELFI CHOCOLATE CHA CHA MINIS PULLBACK CAR PCS 12.5,,,8.00,30,26.67%,72,CTN,04/01/2028,,12
55,07,4,02,1,20099297,SEDAAP MIE MIE INSTANT KOREAN SPICY CHICKEN CUP 81,,,64.00,64,100.00%,12,,01/04/2027,,12
55,07,5,01,1,20129174,SRI REJEKI JAYA KERIPIK GADUNG  PCK 100,,,8.00,16,50.00%,20,,04/09/2027,,1
55,07,5,02,1,20133064,KRAKER SNACK UDANG PEDAS PCK 130,,,7.00,18,38.89%,12,,01/07/2027,,2
55,07,6,01,1,,,,,0.00,0.0,,,,,,
55,07,6,02,1,,,,,0.00,0.0,,,,,,
55,07,7,01,1,10008882,KAPAL API KOPI BUBUK SPECIAL PCK 150,,,4.00,50,8.00%,20,CTN,01/09/2027,S,10
55,07,7,02,1,20116675,CHITATO LITE SNACK POTATO NORI SEAWEED PCK 115,,,14.00,21,66.67%,18,,19/05/2027,D,9
55,07,8,01,1,10008882,KAPAL API KOPI BUBUK SPECIAL PCK 150,,,5.00,50,10.00%,20,CTN,01/09/2027,S,10
55,07,8,02,1,20120442,GOOD DAY COFFEE FREEZE 3IN1 COOKIES N CREAM PCK 5X30,,,2.00,68,2.94%,24,CTN,20/02/2028,,1
55,08,3,01,1,20000412,INDOMARET KACANG HIJAU  PCK 500,,,18.00,55,32.73%,24,,01/11/2027,,1
55,08,3,02,1,20128517,TOS TOS TORTILLA CHIPS KOREAN BBQ PCK 140/130,,,16.00,16,100.00%,20,CTN,01/07/2027,,2
55,08,3,03,0,20095220,GERY CRACKERS MALKIST SALUUT COKLAT COCONUT PCK 105,,,4.00,60,6.67%,30,,07/04/2027,,2
55,08,3,04,0,20098498,NISSIN WALENS CHEESE SOES  PCK 100,,,5.00,33,15.15%,30,,29/07/2027,,2
55,08,4,01,1,20128517,TOS TOS TORTILLA CHIPS KOREAN BBQ PCK 140/130,,,10.00,16,62.50%,20,CTN,01/07/2027,,2
55,08,4,02,1,20112444,BON CABE SNACK MAKARONI LEVEL 10 PCK 135,,,12.00,48,25.00%,16,,13/08/2027,,2
55,08,5,01,1,20101395,PUTRI SEKAR KERIPIK TEMPE (ECO) PCK 100,,,1.00,48,2.08%,12,CTN,04/07/2027,,1
55,08,5,02,1,20142232,INDOMARET POPCORN CHOCOLATE PCK 65,,,5.00,21,23.81%,24,CTN,22/08/2027,,1
55,08,6,01,1,20128517,TOS TOS TORTILLA CHIPS KOREAN BBQ PCK 140/130,,,16.00,16,100.00%,20,CTN,01/07/2027,,2
55,08,6,02,1,20141198,WONHAE TOPOKKI KIDS CARBONARA  PCK 80,,,18.00,100,18.00%,40,,01/08/2027,,4
55,08,7,01,1,,,,,0.00,0.0,,,,,,
55,08,7,02,1,20072194,MR.HOTTEST SNACK TORTILLA CHIPS MAITOS SAMBAL BALADO PCK 140/120,,,24.00,18,133.33%,16,,22/07/2027,S,16
55,08,8,01,1,20136640,KIN BULGARIAN YOGURT SLURP XL MANG-GO PCH 80,,,24.00,125,19.20%,24,CTN,30/09/2027,,2
55,08,8,02,1,20115362,CHUBA KERIPIK SINGKONG BALADO PCK 140/120,,,24.00,18,133.33%,16,,01/07/2027,,2
55,09,3,01,1,20104490,HESTYNA RENGGINANG (ECO) PCK 105,,,72.00,40,180.00%,,,,,2
55,09,3,02,1,20126527,KEWPIE MAYONNAISE ORIGINAL SCT 70,,,5.00,30,16.67%,100,CTN,04/08/2027,,1
55,09,3,03,0,,,,,0.00,0.0,,,,,,
55,09,3,04,0,20072582,INDOMARET CRISPY SEAWEED BARBEQUE PCK 20,,,10.00,16,62.50%,42,,01/08/2027,,1
55,09,4,01,1,,,,,0.00,0.0,,,,,,
55,09,4,02,1,20126527,KEWPIE MAYONNAISE ORIGINAL SCT 70,,,2.00,30,6.67%,100,CTN,04/08/2027,,1
55,09,5,01,1,,,,,0.00,0.0,,,,,,
55,09,5,02,1,20072194,MR.HOTTEST SNACK TORTILLA CHIPS MAITOS SAMBAL BALADO PCK 140/120,,,24.00,18,133.33%,16,,22/07/2027,S,16
55,09,6,01,1,20072194,MR.HOTTEST SNACK TORTILLA CHIPS MAITOS SAMBAL BALADO PCK 140/120,,,24.00,18,133.33%,16,,22/07/2027,S,16
55,09,6,02,1,20119437,POTABEE SNACK POTATO CHIPS BEEF BBQ PCK 120/115,,,7.00,14,50.00%,18,,31/05/2027,L,2
55,09,7,01,1,20140908,MILKITA MILKY PUDDING YOGURT STRAWBERRY CUP 85,,,11.00,48,22.92%,48,CTN,01/08/2027,,6
55,09,7,02,1,20092857,STT FRENCH FRIES 2000 PREMIUM  PCK 130,,,12.00,12,100.00%,20,,11/02/2027,D,10
55,09,8,01,1,20144193,LADANG LIMA COOKIES BLACKTHINS COKLAT PCH 45,,,44.00,100,44.00%,24,,24/09/2027,,1
55,09,8,02,1,20072195,MR.HOTTEST SNACK TORTILLA CHIPS MAITOS JAGUNG BARBEQUE PCK 140/120,,,24.00,18,133.33%,16,,01/07/2027,L,16
56,01,3,01,1,,,,,0.00,0.0,,,,,,
56,01,3,02,1,,,,,0.00,0.0,,,,,,
56,01,3,03,0,,,,,0.00,0.0,,,,,,
56,01,3,04,0,,,,,0.00,0.0,,,,,,
56,01,4,01,1,,,,,0.00,0.0,,,,,,
56,01,4,02,1,,,,,0.00,0.0,,,,,,
56,01,5,01,1,,,,,0.00,0.0,,,,,,
56,01,5,02,1,,,,,0.00,0.0,,,,,,
56,01,6,01,1,,,,,0.00,0.0,,,,,,
56,01,6,02,1,,,,,0.00,0.0,,,,,,
56,01,7,01,1,20140085,OISHI TATER THINS POTATO SNACK SEAWEED PCK 100,,,6.00,18,33.33%,12,CTN,07/07/2027,,2
56,01,7,02,1,20140085,OISHI TATER THINS POTATO SNACK SEAWEED PCK 100,,,6.00,18,33.33%,12,CTN,07/07/2027,,2
56,01,8,01,1,20140085,OISHI TATER THINS POTATO SNACK SEAWEED PCK 100,,,18.00,18,100.00%,12,CTN,07/07/2027,,2
56,01,8,02,1,20111009,PRINGLES POTATO CRISPS CHEESY CHEESE KLG 42,,,1.00,153,0.65%,12,CTN,31/07/2027,L,2
56,02,3,01,1,20125388,OISHI SNACK POPCORN MENTEGA BELGIA PCH 100,,,32.00,48,66.67%,20,CTN,07/10/2027,,4
56,02,3,02,1,,,,,0.00,0.0,,,,,,
56,02,3,03,0,,,,,0.00,0.0,,,,,,
56,02,3,04,0,,,,,0.00,0.0,,,,,,
56,02,4,01,1,20125388,OISHI SNACK POPCORN MENTEGA BELGIA PCH 100,,,3.00,48,6.25%,20,CTN,07/10/2027,,4
56,02,4,02,1,,,,,0.00,0.0,,,,,,
56,02,5,01,1,20125388,OISHI SNACK POPCORN MENTEGA BELGIA PCH 100,,,5.00,48,10.42%,20,CTN,04/09/2027,,4
56,02,5,02,1,,,,,0.00,0.0,,,,,,
56,02,6,01,1,20098334,REBO KUACI CARAMEL PCH 120,,,9.00,27,33.33%,48,CTN,27/11/2027,,2
56,02,6,02,1,,,,,0.00,0.0,,,,,,
56,02,7,01,1,20133020,NISSIN CRACKERS CRISPY LEMON PCK 200,,,12.00,30,40.00%,30,CTN,23/09/2027,,2
56,02,7,02,1,20111009,PRINGLES POTATO CRISPS CHEESY CHEESE KLG 42,,,12.00,153,7.84%,12,CTN,31/07/2027,L,2
56,02,8,01,1,,,,,0.00,0.0,,,,,,
56,02,8,02,1,20002987,KUSUKA KERIPIK SINGKONG BARBEQUE PCK 60,,,18.00,18,100.00%,30,CTN,17/09/2027,,6
56,03,3,01,1,,,,,0.00,0.0,,,,,,
56,03,3,02,1,,,,,0.00,0.0,,,,,,
56,03,3,03,0,,,,,0.00,0.0,,,,,,
56,03,3,04,0,,,,,0.00,0.0,,,,,,
56,03,4,01,1,,,,,0.00,0.0,,,,,,
56,03,4,02,1,,,,,0.00,0.0,,,,,,
56,03,5,01,1,,,,,0.00,0.0,,,,,,
56,03,5,02,1,,,,,0.00,0.0,,,,,,
56,03,6,01,1,,,,,0.00,0.0,,,,,,
56,03,6,02,1,,,,,0.00,0.0,,,,,,
56,03,7,01,1,20002987,KUSUKA KERIPIK SINGKONG BARBEQUE PCK 60,,,12.00,18,66.67%,30,CTN,17/09/2027,,6
56,03,7,02,1,20002987,KUSUKA KERIPIK SINGKONG BARBEQUE PCK 60,,,12.00,18,66.67%,30,CTN,17/09/2027,,6
56,03,8,01,1,20002987,KUSUKA KERIPIK SINGKONG BARBEQUE PCK 60,,,18.00,18,100.00%,30,CTN,17/09/2027,,6
56,03,8,02,1,,,,,0.00,0.0,,,,,,
56,04,3,01,1,20055358,AJINOMOTO MAYONNAISE MAYUMI PEDAS PCK 100,,,5.00,60,8.33%,40,CTN,06/06/2027,,1
56,04,3,02,1,20143290,NISSIN WAFER LUXURY BITES CHOCOLAVA PCH 50,,,1.00,40,2.50%,24,CTN,01/09/2027,,1
56,04,3,03,0,,,,,0.00,0.0,,,,,,
56,04,3,04,0,,,,,0.00,0.0,,,,,,
56,04,4,01,1,,,,,0.00,0.0,,,,,,
56,04,4,02,1,,,,,0.00,0.0,,,,,,
56,04,5,01,1,,,,,0.00,0.0,,,,,,
56,04,5,02,1,20143286,AMOS PEELZ MANGO GUMMY  PCH 65,,,4.00,100,4.00%,36,CTN,31/03/2028,,1
56,04,6,01,1,,,,,0.00,0.0,,,,,,
56,04,6,02,1,,,,,0.00,0.0,,,,,,
56,04,7,01,1,,,,,0.00,0.0,,,,,,
56,04,7,02,1,20136102,INDOMARET SNACK SOES STROBERI PCK 80,,,3.00,27,11.11%,30,CTN,05/07/2027,,6
56,04,8,01,1,20136102,INDOMARET SNACK SOES STROBERI PCK 80,,,27.00,27,100.00%,30,CTN,05/07/2027,,6
56,04,8,02,1,20116110,MAXICORN SNACK ROASTED CORN PCK 140/130,,,10.00,10,100.00%,20,CTN,15/05/2027,L,5
56,05,3,01,1,20138236,CHEETOS SNACK JAGUNG BKR KEJU PCK 120,,,13.00,20,65.00%,14,CTN,01/07/2027,L,3
56,05,3,02,1,20098348,REBO KUACI ORIGINAL PCH 140/120,,,11.00,27,40.74%,48,CTN,08/12/2027,S,3
56,05,3,03,0,,,,,0.00,0.0,,,,,,
56,05,3,04,0,,,,,0.00,0.0,,,,,,
56,05,4,01,1,20098348,REBO KUACI ORIGINAL PCH 140/120,,,27.00,27,100.00%,48,CTN,08/12/2027,S,3
56,05,4,02,1,20098348,REBO KUACI ORIGINAL PCH 140/120,,,9.00,27,33.33%,48,CTN,08/12/2027,S,3
56,05,5,01,1,20098348,REBO KUACI ORIGINAL PCH 140/120,,,1.00,27,3.70%,48,CTN,08/12/2027,S,3
56,05,5,02,1,,,,,0.00,0.0,,,,,,
56,05,6,01,1,20098348,REBO KUACI ORIGINAL PCH 140/120,,,25.00,27,92.59%,48,CTN,08/12/2027,S,3
56,05,6,02,1,,,,,0.00,0.0,,,,,,
56,05,7,01,1,20096677,INDOMARET SNACK SOES COKELAT PCK 80,,,27.00,27,100.00%,30,CTN,05/06/2027,L,10
56,05,7,02,1,20096677,INDOMARET SNACK SOES COKELAT PCK 80,,,3.00,27,11.11%,30,CTN,05/06/2027,L,10
56,05,8,01,1,20063488,ROMA ARDEN COOKIES CHOCO SPLENDID PCK 72,,,15.00,50,30.00%,24,CTN,01/09/2027,,2
56,05,8,02,1,20096677,INDOMARET SNACK SOES COKELAT PCK 80,,,10.00,27,37.04%,30,CTN,05/06/2027,L,10
56,06,3,01,1,,,,,0.00,0.0,,,,,,
56,06,3,02,1,,,,,0.00,0.0,,,,,,
56,06,3,03,0,20142448,ROYCO BUMBU KALDU ZIPLOCK AYAM PCH 210,,,10.00,110,9.09%,24,,01/07/2027,,1
56,06,3,04,0,,,,,0.00,0.0,,,,,,
56,06,4,01,1,,,,,0.00,0.0,,,,,,
56,06,4,02,1,,,,,0.00,0.0,,,,,,
56,06,5,01,1,,,,,0.00,0.0,,,,,,
56,06,5,02,1,,,,,0.00,0.0,,,,,,
56,06,6,01,1,,,,,0.00,0.0,,,,,,
56,06,6,02,1,,,,,0.00,0.0,,,,,,
56,06,7,01,1,20096677,INDOMARET SNACK SOES COKELAT PCK 80,,,10.00,27,37.04%,30,CTN,08/06/2027,L,10
56,06,7,02,1,20037179,HAPPYTOS SNACK TORTILLA CHIPS ROASTED CORN PCK 55,,,5.00,18,27.78%,32,CTN,01/09/2027,,2
56,06,8,01,1,20037179,HAPPYTOS SNACK TORTILLA CHIPS ROASTED CORN PCK 55,,,5.00,18,27.78%,32,CTN,01/09/2027,,2
56,06,8,02,1,20125638,NUTRISARI INSTANT DRINK JERUK PERAS PCK 10X14,,,1.00,24,4.17%,72,CTN,19/01/2028,,1
56,07,3,01,1,20111009,PRINGLES POTATO CRISPS CHEESY CHEESE KLG 42,,,21.00,153,13.73%,12,CTN,31/08/2027,L,2
56,07,3,02,1,,,,,0.00,0.0,,,,,,
56,07,3,03,0,,,,,0.00,0.0,,,,,,
56,07,3,04,0,,,,,0.00,0.0,,,,,,
56,07,4,01,1,,,,,0.00,0.0,,,,,,
56,07,4,02,1,,,,,0.00,0.0,,,,,,
56,07,5,01,1,,,,,0.00,0.0,,,,,,
56,07,5,02,1,20111009,PRINGLES POTATO CRISPS CHEESY CHEESE KLG 42,,,15.00,153,9.80%,12,CTN,31/07/2027,L,2
56,07,6,01,1,,,,,0.00,0.0,,,,,,
56,07,6,02,1,20111009,PRINGLES POTATO CRISPS CHEESY CHEESE KLG 42,,,5.00,153,3.27%,12,CTN,31/07/2027,L,2
56,07,7,01,1,20096677,INDOMARET SNACK SOES COKELAT PCK 80,,,5.00,27,18.52%,30,CTN,09/06/2027,L,10
56,07,7,02,1,,,,,0.00,0.0,,,,,,
56,07,8,01,1,,,,,0.00,0.0,,,,,,
56,07,8,02,1,20116110,MAXICORN SNACK ROASTED CORN PCK 140/130,,,5.00,10,50.00%,20,CTN,15/05/2027,L,5
56,08,3,01,1,20000516,KUSUKA KERIPIK SINGKONG BERBEQUE PCK 180,,,30.00,30,100.00%,10,CTN,11/09/2027,,5
56,08,3,02,1,,,,,0.00,0.0,,,,,,
56,08,3,03,0,,,,,0.00,0.0,,,,,,
56,08,3,04,0,,,,,0.00,0.0,,,,,,
56,08,4,01,1,20000516,KUSUKA KERIPIK SINGKONG BERBEQUE PCK 180,,,12.00,30,40.00%,10,CTN,11/09/2027,,5
56,08,4,02,1,,,,,0.00,0.0,,,,,,
56,08,5,01,1,20000516,KUSUKA KERIPIK SINGKONG BERBEQUE PCK 180,,,1.00,30,3.33%,10,CTN,11/09/2027,,5
56,08,5,02,1,,,,,0.00,0.0,,,,,,
56,08,6,01,1,,,,,0.00,0.0,,,,,,
56,08,6,02,1,,,,,0.00,0.0,,,,,,
56,08,7,01,1,20116110,MAXICORN SNACK ROASTED CORN PCK 140/130,,,10.00,10,100.00%,20,CTN,15/05/2027,L,5
56,08,7,02,1,20116110,MAXICORN SNACK ROASTED CORN PCK 140/130,,,5.00,10,50.00%,20,CTN,15/05/2027,L,5
56,08,8,01,1,10036938,SERENA BISCUIT SHORT CAKE CREAM CHOCOLATE PCK 225,,,10.00,40,25.00%,30,CTN,09/09/2027,,2
56,08,8,02,1,20116110,MAXICORN SNACK ROASTED CORN PCK 140/130,,,10.00,10,100.00%,20,CTN,15/05/2027,L,5
56,09,3,01,1,,,,,0.00,0.0,,,,,,
56,09,3,02,1,,,,,0.00,0.0,,,,,,
56,09,3,03,0,,,,,0.00,0.0,,,,,,
56,09,3,04,0,20109048,HEXOS CANDY MINT PCK 8X2.5,,,6.00,44,13.64%,120,,01/09/2028,,3
56,09,4,01,1,,,,,0.00,0.0,,,,,,
56,09,4,02,1,,,,,0.00,0.0,,,,,,
56,09,5,01,1,,,,,0.00,0.0,,,,,,
56,09,5,02,1,,,,,0.00,0.0,,,,,,
56,09,6,01,1,,,,,0.00,0.0,,,,,,
56,09,6,02,1,,,,,0.00,0.0,,,,,,
56,09,7,01,1,,,,,0.00,0.0,,,,,,
56,09,7,02,1,,,,,0.00,0.0,,,,,,
56,09,8,01,1,,,,,0.00,0.0,,,,,,
56,09,8,02,1,,,,,0.00,0.0,,,,,,
59,01,5,01,1,20139964,MAGIC POWER ANTISEPTIC WET TISSUE 6S ICE BLAST BOX,,73,2.00,4200,0.05%,420,,01/01/2029,,1
59,01,5,02,1,20085198,RAW MATERIAL LYCHEE SYRUP (DC)  BTL 750L,,74,4.00,60,6.67%,12,CTN,17/09/2028,Z,1
59,01,5,03,1,20134253,SO FRESH MINYAK ANGIN AROMATHERAPY HOT BDD 210L,,75,2.00,96,2.08%,36,,01/07/2029,,3
59,01,5,04,1,20040719,FRESH CARE MINYAK ANGIN AROMA THERAPY STRONG BTL 10L,,76,60.00,480,12.50%,12,,01/01/2028,,2
59,02,5,01,1,20133187,HANSAPLAST PLESTER KAIN ELASTIS FUN 10S JUNIOR PCK,,79,12.00,324,3.70%,30,,01/01/2028,,2
59,02,5,02,1,20113377,FLORIDINA JUICE PULP COCO BIT  BTL 350L,,80,29.00,125,23.20%,12,CTN,18/06/2027,L,12
59,02,5,03,1,20099297,SEDAAP MIE MIE INSTANT KOREAN SPICY CHICKEN CUP 81,,81,1.00,64,1.56%,12,CTN,01/05/2027,,12
59,02,5,04,1,20041621,ANTANGIN JRG OBAT MASUK ANGIN (SIRUP)  BOX 515L,,82,4.00,60,6.67%,60,,01/07/2028,,5
59,03,5,01,1,10003980,VICEE VITAMIN C 2S LEMON STR,,85,40.00,600,6.67%,50,,01/08/2028,,5
59,03,5,02,1,20137510,CAP LANG MINYAK KAYU PUTIH ROLL ON  BTL 15L,,86,96.00,132,72.73%,12,,01/09/2030,,2
59,03,5,03,1,20040313,MY BABY MINYAK TELON PLUS  BTL 30L,,87,10.00,120,8.33%,72,,01/07/2028,,2
59,03,5,04,1,10003514,HANSAPLAST KAIN ELASTIS 76109/10S MIXED PCK,,88,12.00,720,1.67%,30,,01/01/2028,,2
59,04,5,01,1,20069696,OISHI SNACK POPCORN KARAMEL PCH 100,,,10.00,32,31.25%,20,CTN,04/09/2027,S,10
59,04,5,02,1,20072006,MY BABY MINYAK TELON PLUS LONGER PROTECTION BTL 90L,,,1.00,60,1.67%,60,,01/01/2028,,1
59,04,5,03,1,20037413,MY BABY MINYAK TELON PLUS  BTL 90L,,,15.00,30,50.00%,60,,01/07/2028,,2
59,04,5,04,1,20054589,TIGA SAPI KREMER KENTAL MANIS  KLG 490,,,3.00,28,10.71%,48,CTN,30/04/2027,S,8
59,04,5,05,1,20139960,EJ SPORT SUPLEMEN GO EXTRA LEVEL ORANGE BOX 250L,,,6.00,120,5.00%,30,,01/07/2027,,1
59,04,5,06,1,20142024,KAKI TIGA LARUTAN PENYEGAR COOLTOPIA MELON ORANGE KLG 320L,,,33.00,63,52.38%,24,CTN,31/07/2029,,2
59,05,5,01,1,10002941,CAP LANG MINYAK KAYU PUTIH  BTL 120L,,153,12.00,414,2.90%,12,,01/01/2028,L,1
59,05,5,02,1,20138150,CIMORY EAT MILK PUDDING CHOCOLATE PCH 80,,154,10.00,150,6.67%,24,CTN,22/05/2027,,4
59,05,5,03,1,20139612,FRESH CARE SMASH INHALER + ROLL ON FRUITY PCS 8,,155,24.00,960,2.50%,12,,01/01/2028,,2
59,05,5,04,1,20014069,FRISIAN FLAG SUSU CAIR UHT FULL CREAM TPK 946L,,156,56.00,56,100.00%,12,CTN,01/06/2027,E,12
59,06,5,01,1,20082403,CAP LANG MINYAK TELON LANG PLUS TRIPLE ACTION BTL 150L,,185,8.00,144,5.56%,6,,01/09/2030,,1
59,06,5,02,1,20139593,FRESH CARE VAPOBALM MATCHA PCS 10,,186,36.00,500,7.20%,12,,12/09/2029,,1
59,06,5,03,1,20141439,FRESH CARE VAPOBALM SAKURA PCS 10,,187,48.00,100,48.00%,12,,12/09/2029,,2
59,06,5,04,1,20139593,FRESH CARE VAPOBALM MATCHA PCS 10,,188,9.00,500,1.80%,12,BOX,12/09/2029,,1
59,07,5,01,1,20091326,PLOSSA PRESS & SOOTH AROMATICS EUCALYPTUS PCS 10L,,,5.00,105,4.76%,72,,01/09/2028,,1
59,07,5,02,1,20116110,MAXICORN SNACK ROASTED CORN PCK 140/130,,,5.00,10,50.00%,20,CTN,15/05/2027,L,5
59,07,5,03,1,20054022,TAWON 912 MINYAK TAWON OBAT GOSOK  BTL 50L,,,36.00,60,60.00%,24,,01/06/2029,,1
59,07,5,04,1,20139611,FRESH CARE MINYAK ANGIN AROMA THERAPY STRONG BTL 15+5,,,120.00,960,12.50%,12,,01/07/2028,,2
59,08,5,01,1,20131218,FRESH CARE SMASH INHALER + ROLL ON  PCS 8L,,,12.00,240,5.00%,12,,01/01/2028,,2
59,08,5,02,1,10004655,SUTRA KONDOM (12S)  BOX 0.02,,,26.00,480,5.42%,12,,01/10/2030,,2
59,08,5,03,1,20141329,SO FRESH MINYAK ANGIN AROMATHERAPY CITRUS BDD 210L,,,2.00,100,2.00%,36,,01/01/2028,,1
59,08,5,04,1,20141438,FRESH CARE SMASH INHALER   ROLL ON SAKURA BTL 8,,,84.00,100,84.00%,12,,01/01/2028,L,2
59,09,5,01,1,20055623,ANTANGIN JRG OBAT MASUK ANGIN CAIR (NEW)  SCT 15L,,,13.00,1500,0.87%,12,BOX,01/08/2028,,12
59,09,5,02,1,10000103,REGAL MARIE  PCK 230,,,5.00,48,10.42%,24,CTN,14/02/2028,L,2
59,09,5,03,1,20134254,SO FRESH MINYAK ANGIN AROMATHERAPY EUCALYPTUS BDD 210L,,,18.00,96,18.75%,36,,01/01/2029,,1
59,09,5,04,1,20059240,ANTANGIN JUNIOR OBAT MASUK ANGIN(SIRUP)  BOX 510L,,,1.00,180,0.56%,60,,30/06/2028,,1
59,10,5,01,1,20142358,POWERADE MINUMAN ISOTONIK ACTIVE WHITE BTL 400L,,,1.00,108,0.93%,12,CTN,04/05/2027,,1
59,10,5,02,1,20137415,MIXAGRIP HERBAL GREGES JAHE LEMON MADU BOX 615L,,,7.00,77,9.09%,30,,01/06/2028,,1
59,10,5,03,1,20052643,PROMAG HERBAL OBAT KEMBUNG LIQUID  BOX 610/15L,,,5.00,48,10.42%,72,,01/01/2028,,1
59,10,5,04,1,20135134,FRESH CARE SMASH INHALER + ROLL ON MATCHA PCS 8L,,,60.00,8,750.00%,12,,01/01/2028,,2
A1,01,1,01,1,,,,,0.00,0.0,,,,,,
A1,01,1,02,1,,,,,0.00,0.0,,,,,,
A1,01,1,03,1,,,,,0.00,0.0,,,,,,
A1,01,1,04,1,,,,,0.00,0.0,,,,,,
A1,01,1,05,1,,,,,0.00,0.0,,,,,,
A1,01,1,06,1,,,,,0.00,0.0,,,,,,
A1,01,1,07,1,,,,,0.00,0.0,,,,,,
A1,01,1,08,1,,,,,0.00,0.0,,,,,,
A1,01,1,09,1,,,,,0.00,0.0,,,,,,
A1,01,1,10,1,,,,,0.00,0.0,,,,,,
A1,01,1,11,1,,,,,0.00,0.0,,,,,,
A1,01,1,12,1,,,,,0.00,0.0,,,,,,
A1,01,1,13,1,,,,,0.00,0.0,,,,,,
A1,01,1,14,1,,,,,0.00,0.0,,,,,,
A1,01,1,15,1,,,,,0.00,0.0,,,,,,
A1,01,1,16,1,,,,,0.00,0.0,,,,,,
A1,01,1,17,1,,,,,0.00,0.0,,,,,,
A1,01,1,18,1,,,,,0.00,0.0,,,,,,
A1,01,1,19,1,,,,,0.00,0.0,,,,,,
A1,01,1,20,1,,,,,0.00,0.0,,,,,,
A1,01,1,21,1,,,,,0.00,0.0,,,,,,
A1,01,1,22,1,,,,,0.00,0.0,,,,,,
A1,01,1,23,1,,,,,0.00,0.0,,,,,,
A1,01,1,24,1,,,,,0.00,0.0,,,,,,
A1,01,1,25,1,,,,,0.00,0.0,,,,,,
A1,01,1,26,1,,,,,0.00,0.0,,,,,,
A1,01,1,27,1,,,,,0.00,0.0,,,,,,
A1,01,1,28,1,,,,,0.00,0.0,,,,,,
A1,01,1,29,1,,,,,0.00,0.0,,,,,,
A1,01,1,30,1,,,,,0.00,0.0,,,,,,
A1,01,1,31,1,,,,,0.00,0.0,,,,,,
A1,01,1,32,1,,,,,0.00,0.0,,,,,,
A1,01,1,33,1,,,,,0.00,0.0,,,,,,
A1,01,1,34,1,,,,,0.00,0.0,,,,,,
A1,01,1,35,1,,,,,0.00,0.0,,,,,,
A1,01,1,36,1,,,,,0.00,0.0,,,,,,
A1,01,1,37,1,,,,,0.00,0.0,,,,,,
A1,01,1,38,1,,,,,0.00,0.0,,,,,,
A1,01,1,39,1,,,,,0.00,0.0,,,,,,
A1,01,1,40,1,,,,,0.00,0.0,,,,,,
A1,01,1,41,1,,,,,0.00,0.0,,,,,,
A1,01,1,42,1,,,,,0.00,0.0,,,,,,
A1,01,1,43,1,,,,,0.00,0.0,,,,,,
A1,01,1,44,1,,,,,0.00,0.0,,,,,,
A1,01,1,45,1,,,,,0.00,0.0,,,,,,
A1,01,1,46,1,,,,,0.00,0.0,,,,,,
A1,01,1,47,1,,,,,0.00,0.0,,,,,,
A1,01,1,48,1,,,,,0.00,0.0,,,,,,
A1,01,1,49,1,,,,,0.00,0.0,,,,,,
A1,01,1,50,1,,,,,0.00,0.0,,,,,,
A1,01,1,51,1,,,,,0.00,0.0,,,,,,
A1,01,1,52,1,,,,,0.00,0.0,,,,,,
A1,01,1,53,1,,,,,0.00,0.0,,,,,,
A1,01,1,54,1,,,,,0.00,0.0,,,,,,
A1,01,1,55,1,,,,,0.00,0.0,,,,,,
A1,01,1,56,1,,,,,0.00,0.0,,,,,,
A1,01,1,57,1,,,,,0.00,0.0,,,,,,
A1,01,1,58,1,,,,,0.00,0.0,,,,,,
A1,01,1,59,1,,,,,0.00,0.0,,,,,,
A1,01,1,60,1,,,,,0.00,0.0,,,,,,
A1,01,1,61,1,,,,,0.00,0.0,,,,,,
A1,01,1,62,1,,,,,0.00,0.0,,,,,,
A1,01,1,63,1,,,,,0.00,0.0,,,,,,
A1,01,1,64,1,,,,,0.00,0.0,,,,,,
A1,01,1,65,1,,,,,0.00,0.0,,,,,,
A1,01,1,66,1,,,,,0.00,0.0,,,,,,
A1,01,1,67,1,,,,,0.00,0.0,,,,,,
A1,01,1,68,1,,,,,0.00,0.0,,,,,,
A1,01,1,69,1,,,,,0.00,0.0,,,,,,
A1,01,1,70,1,,,,,0.00,0.0,,,,,,
A1,01,1,71,1,,,,,0.00,0.0,,,,,,
A1,01,1,72,1,,,,,0.00,0.0,,,,,,
A1,01,1,73,1,,,,,0.00,0.0,,,,,,
A1,01,1,74,1,,,,,0.00,0.0,,,,,,
A1,01,1,75,1,,,,,0.00,0.0,,,,,,
A1,01,1,76,1,,,,,0.00,0.0,,,,,,
A1,01,1,77,1,,,,,0.00,0.0,,,,,,
A1,01,1,78,1,,,,,0.00,0.0,,,,,,
A1,01,1,79,1,,,,,0.00,0.0,,,,,,
A1,01,1,80,1,,,,,0.00,0.0,,,,,,
A1,01,1,81,1,,,,,0.00,0.0,,,,,,
A1,01,1,82,1,,,,,0.00,0.0,,,,,,
A1,01,1,83,1,,,,,0.00,0.0,,,,,,
A1,01,1,84,1,,,,,0.00,0.0,,,,,,
A1,01,1,85,1,,,,,0.00,0.0,,,,,,
A1,01,1,86,1,,,,,0.00,0.0,,,,,,
A1,01,1,87,1,,,,,0.00,0.0,,,,,,
A1,01,1,88,1,,,,,0.00,0.0,,,,,,
A1,01,1,89,1,,,,,0.00,0.0,,,,,,
A1,01,1,90,1,,,,,0.00,0.0,,,,,,
A1,01,1,91,1,,,,,0.00,0.0,,,,,,
A1,01,1,92,1,,,,,0.00,0.0,,,,,,
A1,01,1,93,1,,,,,0.00,0.0,,,,,,
A1,01,1,94,1,,,,,0.00,0.0,,,,,,
A1,01,1,95,1,,,,,0.00,0.0,,,,,,
A1,01,1,96,1,,,,,0.00,0.0,,,,,,
A1,01,1,97,1,,,,,0.00,0.0,,,,,,
A1,01,1,98,1,,,,,0.00,0.0,,,,,,
A1,01,1,99,1,,,,,0.00,0.0,,,,,,
A1,01,2,01,1,,,,,0.00,0.0,,,,,,
A1,01,2,02,1,,,,,0.00,0.0,,,,,,
A1,01,2,03,1,,,,,0.00,0.0,,,,,,
A1,01,2,04,1,,,,,0.00,0.0,,,,,,
A1,01,2,05,1,,,,,0.00,0.0,,,,,,
A1,01,2,06,1,,,,,0.00,0.0,,,,,,
A1,01,2,07,1,,,,,0.00,0.0,,,,,,
A1,01,2,08,1,,,,,0.00,0.0,,,,,,
A1,01,2,09,1,,,,,0.00,0.0,,,,,,
A1,01,2,10,1,,,,,0.00,0.0,,,,,,
A1,01,2,11,1,,,,,0.00,0.0,,,,,,
A1,01,2,12,1,,,,,0.00,0.0,,,,,,
A1,01,2,13,1,,,,,0.00,0.0,,,,,,
A1,01,2,14,1,,,,,0.00,0.0,,,,,,
A1,01,2,15,1,,,,,0.00,0.0,,,,,,
A1,01,2,16,1,,,,,0.00,0.0,,,,,,
A1,01,2,17,1,,,,,0.00,0.0,,,,,,
A1,01,2,18,1,,,,,0.00,0.0,,,,,,
A1,01,2,19,1,,,,,0.00,0.0,,,,,,
A1,01,2,20,1,,,,,0.00,0.0,,,,,,
A1,01,2,21,1,,,,,0.00,0.0,,,,,,
A1,01,2,22,1,,,,,0.00,0.0,,,,,,
A1,01,2,23,1,,,,,0.00,0.0,,,,,,
A1,01,2,24,1,,,,,0.00,0.0,,,,,,
A1,01,2,25,1,,,,,0.00,0.0,,,,,,
A1,01,2,26,1,,,,,0.00,0.0,,,,,,
A1,01,2,27,1,,,,,0.00,0.0,,,,,,
A1,01,2,28,1,,,,,0.00,0.0,,,,,,
A1,01,2,29,1,,,,,0.00,0.0,,,,,,
A1,01,2,30,1,,,,,0.00,0.0,,,,,,
A1,01,2,31,1,,,,,0.00,0.0,,,,,,
A1,01,2,32,1,,,,,0.00,0.0,,,,,,
A1,01,2,33,1,,,,,0.00,0.0,,,,,,
A1,01,2,34,1,,,,,0.00,0.0,,,,,,
A1,01,2,35,1,,,,,0.00,0.0,,,,,,
A1,01,2,36,1,,,,,0.00,0.0,,,,,,
A1,01,2,37,1,,,,,0.00,0.0,,,,,,
A1,01,2,38,1,20101309,POKEMON GAME KARTU HADIAH SERIES 5 PCS,,,1.00,0.0,,1,PCS,,Z,1
A1,01,2,39,1,,,,,0.00,0.0,,,,,,
A1,01,2,40,1,20038946,CONTAINER BOX PLASTIK  PCS,,,27802.00,0.0,,1,PCS,,Z,1
A1,01,2,41,1,,,,,0.00,0.0,,,,,,
A1,01,2,42,1,,,,,0.00,0.0,,,,,,
A1,01,2,43,1,,,,,0.00,0.0,,,,,,
A1,01,2,44,1,,,,,0.00,0.0,,,,,,
A1,01,2,45,1,,,,,0.00,0.0,,,,,,
A1,01,2,46,1,,,,,0.00,0.0,,,,,,
A1,01,2,47,1,,,,,0.00,0.0,,,,,,
A1,01,2,48,1,,,,,0.00,0.0,,,,,,
A1,01,2,49,1,,,,,0.00,0.0,,,,,,
A1,01,2,50,1,,,,,0.00,0.0,,,,,,
A1,01,2,51,1,,,,,0.00,0.0,,,,,,
A1,01,2,52,1,,,,,0.00,0.0,,,,,,
A1,01,2,53,1,,,,,0.00,0.0,,,,,,
A1,01,2,54,1,,,,,0.00,0.0,,,,,,
A1,01,2,55,1,,,,,0.00,0.0,,,,,,
A1,01,2,56,1,,,,,0.00,0.0,,,,,,
A1,01,2,57,1,,,,,0.00,0.0,,,,,,
A1,01,2,58,1,,,,,0.00,0.0,,,,,,
A1,01,2,59,1,,,,,0.00,0.0,,,,,,
A1,01,2,60,1,,,,,0.00,0.0,,,,,,
A1,01,2,61,1,,,,,0.00,0.0,,,,,,
A1,01,2,62,1,,,,,0.00,0.0,,,,,,
A1,01,2,63,1,,,,,0.00,0.0,,,,,,
A1,01,2,64,1,,,,,0.00,0.0,,,,,,
A1,01,2,65,1,,,,,0.00,0.0,,,,,,
A1,01,2,66,1,,,,,0.00,0.0,,,,,,
A1,01,2,67,1,,,,,0.00,0.0,,,,,,
A1,01,2,68,1,,,,,0.00,0.0,,,,,,
A1,01,2,69,1,,,,,0.00,0.0,,,,,,
A1,01,2,70,1,,,,,0.00,0.0,,,,,,
A1,01,2,71,1,,,,,0.00,0.0,,,,,,
A1,01,2,72,1,,,,,0.00,0.0,,,,,,
A1,01,2,73,1,,,,,0.00,0.0,,,,,,
A1,01,2,74,1,,,,,0.00,0.0,,,,,,
A1,01,2,75,1,,,,,0.00,0.0,,,,,,
A1,01,2,76,1,,,,,0.00,0.0,,,,,,
A1,01,2,77,1,,,,,0.00,0.0,,,,,,
A1,01,2,78,1,,,,,0.00,0.0,,,,,,
A1,01,2,79,1,,,,,0.00,0.0,,,,,,
A1,01,2,80,1,,,,,0.00,0.0,,,,,,
A1,01,2,81,1,,,,,0.00,0.0,,,,,,
A1,01,2,82,1,,,,,0.00,0.0,,,,,,
A1,01,2,83,1,,,,,0.00,0.0,,,,,,
A1,01,2,84,1,,,,,0.00,0.0,,,,,,
A1,01,2,85,1,,,,,0.00,0.0,,,,,,
A1,01,2,86,1,,,,,0.00,0.0,,,,,,
A1,01,2,87,1,,,,,0.00,0.0,,,,,,
A1,01,2,88,1,,,,,0.00,0.0,,,,,,
A1,01,2,89,1,,,,,0.00,0.0,,,,,,
A1,01,2,90,1,,,,,0.00,0.0,,,,,,
A1,01,2,91,1,,,,,0.00,0.0,,,,,,
A1,01,2,92,1,,,,,0.00,0.0,,,,,,
A1,01,2,93,1,,,,,0.00,0.0,,,,,,
A1,01,2,94,1,,,,,0.00,0.0,,,,,,
A1,01,2,95,1,,,,,0.00,0.0,,,,,,
A1,01,2,96,1,,,,,0.00,0.0,,,,,,
A1,01,2,97,1,,,,,0.00,0.0,,,,,,
A1,01,2,98,1,,,,,0.00,0.0,,,,,,
A1,01,2,99,1,,,,,0.00,0.0,,,,,,
A1,01,3,01,1,,,,,0.00,0.0,,,,,,
A1,01,3,02,1,,,,,0.00,0.0,,,,,,
A1,01,3,03,1,,,,,0.00,0.0,,,,,,
A1,01,3,04,1,,,,,0.00,0.0,,,,,,
A1,01,3,05,1,,,,,0.00,0.0,,,,,,
A1,01,3,06,1,,,,,0.00,0.0,,,,,,
A1,01,3,07,1,,,,,0.00,0.0,,,,,,
A1,01,3,08,1,,,,,0.00,0.0,,,,,,
A1,01,3,09,1,,,,,0.00,0.0,,,,,,
A1,01,3,10,1,,,,,0.00,0.0,,,,,,
A1,01,3,11,1,,,,,0.00,0.0,,,,,,
A1,01,3,12,1,,,,,0.00,0.0,,,,,,
A1,01,3,13,1,,,,,0.00,0.0,,,,,,
A1,01,3,14,1,,,,,0.00,0.0,,,,,,
A1,01,3,15,1,,,,,0.00,0.0,,,,,,
A1,01,3,16,1,,,,,0.00,0.0,,,,,,
A1,01,3,17,1,,,,,0.00,0.0,,,,,,
A1,01,3,18,1,,,,,0.00,0.0,,,,,,
A1,01,3,19,1,,,,,0.00,0.0,,,,,,
A1,01,3,20,1,,,,,0.00,0.0,,,,,,
A1,01,3,21,1,,,,,0.00,0.0,,,,,,
A1,01,3,22,1,,,,,0.00,0.0,,,,,,
A1,01,3,23,1,,,,,0.00,0.0,,,,,,
A1,01,3,24,1,,,,,0.00,0.0,,,,,,
A1,01,3,25,1,,,,,0.00,0.0,,,,,,
A1,01,3,26,1,,,,,0.00,0.0,,,,,,
A1,01,3,27,1,,,,,0.00,0.0,,,,,,
A1,01,3,28,1,,,,,0.00,0.0,,,,,,
A1,01,3,29,1,,,,,0.00,0.0,,,,,,
A1,01,3,30,1,,,,,0.00,0.0,,,,,,
A1,01,3,31,1,,,,,0.00,0.0,,,,,,
A1,01,3,32,1,,,,,0.00,0.0,,,,,,
A1,01,3,33,1,,,,,0.00,0.0,,,,,,
A1,01,3,34,1,,,,,0.00,0.0,,,,,,
A1,01,3,35,1,,,,,0.00,0.0,,,,,,
A1,01,3,36,1,,,,,0.00,0.0,,,,,,
A1,01,3,37,1,,,,,0.00,0.0,,,,,,
A1,01,3,38,1,,,,,0.00,0.0,,,,,,
A1,01,3,39,1,,,,,0.00,0.0,,,,,,
A1,01,3,40,1,,,,,0.00,0.0,,,,,,
A1,01,3,41,1,,,,,0.00,0.0,,,,,,
A1,01,3,42,1,,,,,0.00,0.0,,,,,,
A1,01,3,43,1,,,,,0.00,0.0,,,,,,
A1,01,3,44,1,,,,,0.00,0.0,,,,,,
A1,01,3,45,1,,,,,0.00,0.0,,,,,,
A1,01,3,46,1,,,,,0.00,0.0,,,,,,
A1,01,3,47,1,,,,,0.00,0.0,,,,,,
A1,01,3,48,1,,,,,0.00,0.0,,,,,,
A1,01,3,49,1,,,,,0.00,0.0,,,,,,
A1,01,3,50,1,,,,,0.00,0.0,,,,,,
A1,01,3,51,1,,,,,0.00,0.0,,,,,,
A1,01,3,52,1,,,,,0.00,0.0,,,,,,
A1,01,3,53,1,,,,,0.00,0.0,,,,,,
A1,01,3,54,1,,,,,0.00,0.0,,,,,,
A1,01,3,55,1,,,,,0.00,0.0,,,,,,
A1,01,3,56,1,,,,,0.00,0.0,,,,,,
A1,01,3,57,1,,,,,0.00,0.0,,,,,,
A1,01,3,58,1,,,,,0.00,0.0,,,,,,
A1,01,3,59,1,,,,,0.00,0.0,,,,,,
A1,01,3,60,1,,,,,0.00,0.0,,,,,,
A1,01,3,61,1,,,,,0.00,0.0,,,,,,
A1,01,3,62,1,,,,,0.00,0.0,,,,,,
A1,01,3,63,1,,,,,0.00,0.0,,,,,,
A1,01,3,64,1,,,,,0.00,0.0,,,,,,
A1,01,3,65,1,,,,,0.00,0.0,,,,,,
A1,01,3,66,1,,,,,0.00,0.0,,,,,,
A1,01,3,67,1,,,,,0.00,0.0,,,,,,
A1,01,3,68,1,,,,,0.00,0.0,,,,,,
A1,01,3,69,1,,,,,0.00,0.0,,,,,,
A1,01,3,70,1,,,,,0.00,0.0,,,,,,
A1,01,3,71,1,,,,,0.00,0.0,,,,,,
A1,01,3,72,1,,,,,0.00,0.0,,,,,,
A1,01,3,73,1,,,,,0.00,0.0,,,,,,
A1,01,3,74,1,,,,,0.00,0.0,,,,,,
A1,01,3,75,1,,,,,0.00,0.0,,,,,,
A1,01,3,76,1,,,,,0.00,0.0,,,,,,
A1,01,3,77,1,,,,,0.00,0.0,,,,,,
A1,01,3,78,1,,,,,0.00,0.0,,,,,,
A1,01,3,79,1,,,,,0.00,0.0,,,,,,
A1,01,3,80,1,,,,,0.00,0.0,,,,,,
A1,01,3,81,1,,,,,0.00,0.0,,,,,,
A1,01,3,82,1,,,,,0.00,0.0,,,,,,
A1,01,3,83,1,,,,,0.00,0.0,,,,,,
A1,01,3,84,1,,,,,0.00,0.0,,,,,,
A1,01,3,85,1,,,,,0.00,0.0,,,,,,
A1,01,3,86,1,,,,,0.00,0.0,,,,,,
A1,01,3,87,1,,,,,0.00,0.0,,,,,,
A1,01,3,88,1,,,,,0.00,0.0,,,,,,
A1,01,3,89,1,,,,,0.00,0.0,,,,,,
A1,01,3,90,1,,,,,0.00,0.0,,,,,,
A1,01,3,91,1,,,,,0.00,0.0,,,,,,
A1,01,3,92,1,,,,,0.00,0.0,,,,,,
A1,01,3,93,1,,,,,0.00,0.0,,,,,,
A1,01,3,94,1,,,,,0.00,0.0,,,,,,
A1,01,3,95,1,,,,,0.00,0.0,,,,,,
A1,01,3,96,1,,,,,0.00,0.0,,,,,,
A1,01,3,97,1,,,,,0.00,0.0,,,,,,
A1,01,3,98,1,,,,,0.00,0.0,,,,,,
A1,01,3,99,1,,,,,0.00,0.0,,,,,,
A1,01,4,01,1,,,,,0.00,0.0,,,,,,
A1,01,4,02,1,,,,,0.00,0.0,,,,,,
A1,01,4,03,1,,,,,0.00,0.0,,,,,,
A1,01,4,04,1,,,,,0.00,0.0,,,,,,
A1,01,4,05,1,,,,,0.00,0.0,,,,,,
A1,01,4,06,1,,,,,0.00,0.0,,,,,,
A1,01,4,07,1,,,,,0.00,0.0,,,,,,
A1,01,4,08,1,,,,,0.00,0.0,,,,,,
A1,01,4,09,1,,,,,0.00,0.0,,,,,,
A1,01,4,10,1,,,,,0.00,0.0,,,,,,
A1,01,4,11,1,,,,,0.00,0.0,,,,,,
A1,01,4,12,1,,,,,0.00,0.0,,,,,,
A1,01,4,13,1,,,,,0.00,0.0,,,,,,
A1,01,4,14,1,,,,,0.00,0.0,,,,,,
A1,01,4,15,1,,,,,0.00,0.0,,,,,,
A1,01,4,16,1,,,,,0.00,0.0,,,,,,
A1,01,4,17,1,,,,,0.00,0.0,,,,,,
A1,01,4,18,1,,,,,0.00,0.0,,,,,,
A1,01,4,19,1,,,,,0.00,0.0,,,,,,
A1,01,4,20,1,,,,,0.00,0.0,,,,,,
A1,01,4,21,1,,,,,0.00,0.0,,,,,,
A1,01,4,22,1,,,,,0.00,0.0,,,,,,
A1,01,4,23,1,,,,,0.00,0.0,,,,,,
A1,01,4,24,1,,,,,0.00,0.0,,,,,,
A1,01,4,25,1,,,,,0.00,0.0,,,,,,
A1,01,4,26,1,,,,,0.00,0.0,,,,,,
A1,01,4,27,1,,,,,0.00,0.0,,,,,,
A1,01,4,28,1,,,,,0.00,0.0,,,,,,
A1,01,4,29,1,,,,,0.00,0.0,,,,,,
A1,01,4,30,1,,,,,0.00,0.0,,,,,,
A1,01,4,31,1,,,,,0.00,0.0,,,,,,
A1,01,4,32,1,,,,,0.00,0.0,,,,,,
A1,01,4,33,1,,,,,0.00,0.0,,,,,,
A1,01,4,34,1,,,,,0.00,0.0,,,,,,
A1,01,4,35,1,,,,,0.00,0.0,,,,,,
A1,01,4,36,1,,,,,0.00,0.0,,,,,,
A1,01,4,37,1,,,,,0.00,0.0,,,,,,
A1,01,4,38,1,,,,,0.00,0.0,,,,,,
A1,01,4,39,1,,,,,0.00,0.0,,,,,,
A1,01,4,40,1,,,,,0.00,0.0,,,,,,
A1,01,4,41,1,,,,,0.00,0.0,,,,,,
A1,01,4,42,1,,,,,0.00,0.0,,,,,,
A1,01,4,43,1,,,,,0.00,0.0,,,,,,
A1,01,4,44,1,,,,,0.00,0.0,,,,,,
A1,01,4,45,1,,,,,0.00,0.0,,,,,,
A1,01,4,46,1,,,,,0.00,0.0,,,,,,
A1,01,4,47,1,,,,,0.00,0.0,,,,,,
A1,01,4,48,1,,,,,0.00,0.0,,,,,,
A1,01,4,49,1,,,,,0.00,0.0,,,,,,
A1,01,4,50,1,,,,,0.00,0.0,,,,,,
A1,01,4,51,1,,,,,0.00,0.0,,,,,,
A1,01,4,52,1,,,,,0.00,0.0,,,,,,
A1,01,4,53,1,,,,,0.00,0.0,,,,,,
A1,01,4,54,1,,,,,0.00,0.0,,,,,,
A1,01,4,55,1,,,,,0.00,0.0,,,,,,
A1,01,4,56,1,,,,,0.00,0.0,,,,,,
A1,01,4,57,1,,,,,0.00,0.0,,,,,,
A1,01,4,58,1,,,,,0.00,0.0,,,,,,
A1,01,4,59,1,,,,,0.00,0.0,,,,,,
A1,01,4,60,1,,,,,0.00,0.0,,,,,,
A1,01,4,61,1,,,,,0.00,0.0,,,,,,
A1,01,4,62,1,,,,,0.00,0.0,,,,,,
A1,01,4,63,1,,,,,0.00,0.0,,,,,,
A1,01,4,64,1,,,,,0.00,0.0,,,,,,
A1,01,4,65,1,,,,,0.00,0.0,,,,,,
A1,01,4,66,1,,,,,0.00,0.0,,,,,,
A1,01,4,67,1,,,,,0.00,0.0,,,,,,
A1,01,4,68,1,,,,,0.00,0.0,,,,,,
A1,01,4,69,1,,,,,0.00,0.0,,,,,,
A1,01,4,70,1,,,,,0.00,0.0,,,,,,
A1,01,4,71,1,,,,,0.00,0.0,,,,,,
A1,01,4,72,1,,,,,0.00,0.0,,,,,,
A1,01,4,73,1,,,,,0.00,0.0,,,,,,
A1,01,4,74,1,,,,,0.00,0.0,,,,,,
A1,01,4,75,1,,,,,0.00,0.0,,,,,,
A1,01,4,76,1,,,,,0.00,0.0,,,,,,
A1,01,4,77,1,,,,,0.00,0.0,,,,,,
A1,01,4,78,1,,,,,0.00,0.0,,,,,,
A1,01,4,79,1,,,,,0.00,0.0,,,,,,
A1,01,4,80,1,,,,,0.00,0.0,,,,,,
A1,01,4,81,1,,,,,0.00,0.0,,,,,,
A1,01,4,82,1,,,,,0.00,0.0,,,,,,
A1,01,4,83,1,,,,,0.00,0.0,,,,,,
A1,01,4,84,1,,,,,0.00,0.0,,,,,,
A1,01,4,85,1,,,,,0.00,0.0,,,,,,
A1,01,4,86,1,,,,,0.00,0.0,,,,,,
A1,01,4,87,1,,,,,0.00,0.0,,,,,,
A1,01,4,88,1,,,,,0.00,0.0,,,,,,
A1,01,4,89,1,,,,,0.00,0.0,,,,,,
A1,01,4,90,1,,,,,0.00,0.0,,,,,,
A1,01,4,91,1,,,,,0.00,0.0,,,,,,
A1,01,4,92,1,,,,,0.00,0.0,,,,,,
A1,01,4,93,1,,,,,0.00,0.0,,,,,,
A1,01,4,94,1,,,,,0.00,0.0,,,,,,
A1,01,4,95,1,,,,,0.00,0.0,,,,,,
A1,01,4,96,1,,,,,0.00,0.0,,,,,,
A1,01,4,97,1,,,,,0.00,0.0,,,,,,
A1,01,4,98,1,,,,,0.00,0.0,,,,,,
A1,01,4,99,1,,,,,0.00,0.0,,,,,,
A1,01,5,01,1,,,,,0.00,0.0,,,,,,
A1,01,5,02,1,,,,,0.00,0.0,,,,,,
A1,01,5,03,1,,,,,0.00,0.0,,,,,,
A1,01,5,04,1,,,,,0.00,0.0,,,,,,
A1,01,5,05,1,,,,,0.00,0.0,,,,,,
A1,01,5,06,1,,,,,0.00,0.0,,,,,,
A1,01,5,07,1,,,,,0.00,0.0,,,,,,
A1,01,5,08,1,,,,,0.00,0.0,,,,,,
A1,01,5,09,1,,,,,0.00,0.0,,,,,,
A1,01,5,10,1,,,,,0.00,0.0,,,,,,
A1,01,5,11,1,,,,,0.00,0.0,,,,,,
A1,01,5,12,1,,,,,0.00,0.0,,,,,,
A1,01,5,13,1,,,,,0.00,0.0,,,,,,
A1,01,5,14,1,,,,,0.00,0.0,,,,,,
A1,01,5,15,1,,,,,0.00,0.0,,,,,,
A1,01,5,16,1,,,,,0.00,0.0,,,,,,
A1,01,5,17,1,,,,,0.00,0.0,,,,,,
A1,01,5,18,1,,,,,0.00,0.0,,,,,,
A1,01,5,19,1,,,,,0.00,0.0,,,,,,
A1,01,5,20,1,,,,,0.00,0.0,,,,,,
A1,01,5,21,1,,,,,0.00,0.0,,,,,,
A1,01,5,22,1,,,,,0.00,0.0,,,,,,
A1,01,5,23,1,,,,,0.00,0.0,,,,,,
A1,01,5,24,1,,,,,0.00,0.0,,,,,,
A1,01,5,25,1,,,,,0.00,0.0,,,,,,
A1,01,5,26,1,,,,,0.00,0.0,,,,,,
A1,01,5,27,1,,,,,0.00,0.0,,,,,,
A1,01,5,28,1,,,,,0.00,0.0,,,,,,
A1,01,5,29,1,,,,,0.00,0.0,,,,,,
A1,01,5,30,1,,,,,0.00,0.0,,,,,,
A1,01,5,31,1,,,,,0.00,0.0,,,,,,
A1,01,5,32,1,,,,,0.00,0.0,,,,,,
A1,01,5,33,1,,,,,0.00,0.0,,,,,,
A1,01,5,34,1,,,,,0.00,0.0,,,,,,
A1,01,5,35,1,,,,,0.00,0.0,,,,,,
A1,01,5,36,1,,,,,0.00,0.0,,,,,,
A1,01,5,37,1,,,,,0.00,0.0,,,,,,
A1,01,5,38,1,,,,,0.00,0.0,,,,,,
A1,01,5,39,1,,,,,0.00,0.0,,,,,,
A1,01,5,40,1,,,,,0.00,0.0,,,,,,
A1,01,5,41,1,,,,,0.00,0.0,,,,,,
A1,01,5,42,1,,,,,0.00,0.0,,,,,,
A1,01,5,43,1,,,,,0.00,0.0,,,,,,
A1,01,5,44,1,,,,,0.00,0.0,,,,,,
A1,01,5,45,1,,,,,0.00,0.0,,,,,,
A1,01,5,46,1,,,,,0.00,0.0,,,,,,
A1,01,5,47,1,,,,,0.00,0.0,,,,,,
A1,01,5,48,1,,,,,0.00,0.0,,,,,,
A1,01,5,49,1,,,,,0.00,0.0,,,,,,
A1,01,5,50,1,,,,,0.00,0.0,,,,,,
A1,01,5,51,1,,,,,0.00,0.0,,,,,,
A1,01,5,52,1,,,,,0.00,0.0,,,,,,
A1,01,5,53,1,,,,,0.00,0.0,,,,,,
A1,01,5,54,1,,,,,0.00,0.0,,,,,,
A1,01,5,55,1,,,,,0.00,0.0,,,,,,
A1,01,5,56,1,,,,,0.00,0.0,,,,,,
A1,01,5,57,1,,,,,0.00,0.0,,,,,,
A1,01,5,58,1,,,,,0.00,0.0,,,,,,
A1,01,5,59,1,,,,,0.00,0.0,,,,,,
A1,01,5,60,1,,,,,0.00,0.0,,,,,,
A1,01,5,61,1,,,,,0.00,0.0,,,,,,
A1,01,5,62,1,,,,,0.00,0.0,,,,,,
A1,01,5,63,1,,,,,0.00,0.0,,,,,,
A1,01,5,64,1,,,,,0.00,0.0,,,,,,
A1,01,5,65,1,,,,,0.00,0.0,,,,,,
A1,01,5,66,1,,,,,0.00,0.0,,,,,,
A1,01,5,67,1,,,,,0.00,0.0,,,,,,
A1,01,5,68,1,,,,,0.00,0.0,,,,,,
A1,01,5,69,1,,,,,0.00,0.0,,,,,,
A1,01,5,70,1,,,,,0.00,0.0,,,,,,
A1,01,5,71,1,,,,,0.00,0.0,,,,,,
A1,01,5,72,1,,,,,0.00,0.0,,,,,,
A1,01,5,73,1,,,,,0.00,0.0,,,,,,
A1,01,5,74,1,,,,,0.00,0.0,,,,,,
A1,01,5,75,1,,,,,0.00,0.0,,,,,,
A1,01,5,76,1,,,,,0.00,0.0,,,,,,
A1,01,5,77,1,,,,,0.00,0.0,,,,,,
A1,01,5,78,1,,,,,0.00,0.0,,,,,,
A1,01,5,79,1,,,,,0.00,0.0,,,,,,
A1,01,5,80,1,,,,,0.00,0.0,,,,,,
A1,01,5,81,1,,,,,0.00,0.0,,,,,,
A1,01,5,82,1,,,,,0.00,0.0,,,,,,
A1,01,5,83,1,,,,,0.00,0.0,,,,,,
A1,01,5,84,1,,,,,0.00,0.0,,,,,,
A1,01,5,85,1,,,,,0.00,0.0,,,,,,
A1,01,5,86,1,,,,,0.00,0.0,,,,,,
A1,01,5,87,1,,,,,0.00,0.0,,,,,,
A1,01,5,88,1,,,,,0.00,0.0,,,,,,
A1,01,5,89,1,,,,,0.00,0.0,,,,,,
A1,01,5,90,1,,,,,0.00,0.0,,,,,,
A1,01,5,91,1,,,,,0.00,0.0,,,,,,
A1,01,5,92,1,,,,,0.00,0.0,,,,,,
A1,01,5,93,1,,,,,0.00,0.0,,,,,,
A1,01,5,94,1,,,,,0.00,0.0,,,,,,
A1,01,5,95,1,,,,,0.00,0.0,,,,,,
A1,01,5,96,1,,,,,0.00,0.0,,,,,,
A1,01,5,97,1,,,,,0.00,0.0,,,,,,
A1,01,5,98,1,,,,,0.00,0.0,,,,,,
A1,01,5,99,1,,,,,0.00,0.0,,,,,,
A1,01,6,01,1,,,,,0.00,0.0,,,,,,
A1,01,6,02,1,,,,,0.00,0.0,,,,,,
A1,01,6,03,1,,,,,0.00,0.0,,,,,,
A1,01,6,04,1,,,,,0.00,0.0,,,,,,
A1,01,6,05,1,,,,,0.00,0.0,,,,,,
A1,01,6,06,1,,,,,0.00,0.0,,,,,,
A1,01,6,07,1,,,,,0.00,0.0,,,,,,
A1,01,6,08,1,,,,,0.00,0.0,,,,,,
A1,01,6,09,1,,,,,0.00,0.0,,,,,,
A1,01,6,10,1,,,,,0.00,0.0,,,,,,
A1,01,6,11,1,,,,,0.00,0.0,,,,,,
A1,01,6,12,1,,,,,0.00,0.0,,,,,,
A1,01,6,13,1,,,,,0.00,0.0,,,,,,
A1,01,6,14,1,,,,,0.00,0.0,,,,,,
A1,01,6,15,1,,,,,0.00,0.0,,,,,,
A1,01,6,16,1,,,,,0.00,0.0,,,,,,
A1,01,6,17,1,,,,,0.00,0.0,,,,,,
A1,01,6,18,1,,,,,0.00,0.0,,,,,,
A1,01,6,19,1,,,,,0.00,0.0,,,,,,
A1,01,6,20,1,,,,,0.00,0.0,,,,,,
A1,01,6,21,1,,,,,0.00,0.0,,,,,,
A1,01,6,22,1,,,,,0.00,0.0,,,,,,
A1,01,6,23,1,,,,,0.00,0.0,,,,,,
A1,01,6,24,1,,,,,0.00,0.0,,,,,,
A1,01,6,25,1,,,,,0.00,0.0,,,,,,
A1,01,6,26,1,,,,,0.00,0.0,,,,,,
A1,01,6,27,1,,,,,0.00,0.0,,,,,,
A1,01,6,28,1,,,,,0.00,0.0,,,,,,
A1,01,6,29,1,,,,,0.00,0.0,,,,,,
A1,01,6,30,1,,,,,0.00,0.0,,,,,,
A1,01,6,31,1,,,,,0.00,0.0,,,,,,
A1,01,6,32,1,,,,,0.00,0.0,,,,,,
A1,01,6,33,1,,,,,0.00,0.0,,,,,,
A1,01,6,34,1,,,,,0.00,0.0,,,,,,
A1,01,6,35,1,,,,,0.00,0.0,,,,,,
A1,01,6,36,1,,,,,0.00,0.0,,,,,,
A1,01,6,37,1,,,,,0.00,0.0,,,,,,
A1,01,6,38,1,,,,,0.00,0.0,,,,,,
A1,01,6,39,1,,,,,0.00,0.0,,,,,,
A1,01,6,40,1,,,,,0.00,0.0,,,,,,
A1,01,6,41,1,,,,,0.00,0.0,,,,,,
A1,01,6,42,1,,,,,0.00,0.0,,,,,,
A1,01,6,43,1,,,,,0.00,0.0,,,,,,
A1,01,6,44,1,,,,,0.00,0.0,,,,,,
A1,01,6,45,1,,,,,0.00,0.0,,,,,,
A1,01,6,46,1,,,,,0.00,0.0,,,,,,
A1,01,6,47,1,,,,,0.00,0.0,,,,,,
A1,01,6,48,1,,,,,0.00,0.0,,,,,,
A1,01,6,49,1,,,,,0.00,0.0,,,,,,
A1,01,6,50,1,,,,,0.00,0.0,,,,,,
A1,01,6,51,1,,,,,0.00,0.0,,,,,,
A1,01,6,52,1,,,,,0.00,0.0,,,,,,
A1,01,6,53,1,,,,,0.00,0.0,,,,,,
A1,01,6,54,1,,,,,0.00,0.0,,,,,,
A1,01,6,55,1,,,,,0.00,0.0,,,,,,
A1,01,6,56,1,,,,,0.00,0.0,,,,,,
A1,01,6,57,1,,,,,0.00,0.0,,,,,,
A1,01,6,58,1,,,,,0.00,0.0,,,,,,
A1,01,6,59,1,,,,,0.00,0.0,,,,,,
A1,01,6,60,1,,,,,0.00,0.0,,,,,,
A1,01,6,61,1,,,,,0.00,0.0,,,,,,
A1,01,6,62,1,,,,,0.00,0.0,,,,,,
A1,01,6,63,1,,,,,0.00,0.0,,,,,,
A1,01,6,64,1,,,,,0.00,0.0,,,,,,
A1,01,6,65,1,,,,,0.00,0.0,,,,,,
A1,01,6,66,1,,,,,0.00,0.0,,,,,,
A1,01,6,67,1,,,,,0.00,0.0,,,,,,
A1,01,6,68,1,,,,,0.00,0.0,,,,,,
A1,01,6,69,1,,,,,0.00,0.0,,,,,,
A1,01,6,70,1,,,,,0.00,0.0,,,,,,
A1,01,6,71,1,,,,,0.00,0.0,,,,,,
A1,01,6,72,1,,,,,0.00,0.0,,,,,,
A1,01,6,73,1,,,,,0.00,0.0,,,,,,
A1,01,6,74,1,,,,,0.00,0.0,,,,,,
A1,01,6,75,1,,,,,0.00,0.0,,,,,,
A1,01,6,76,1,,,,,0.00,0.0,,,,,,
A1,01,6,77,1,,,,,0.00,0.0,,,,,,
A1,01,6,78,1,,,,,0.00,0.0,,,,,,
A1,01,6,79,1,,,,,0.00,0.0,,,,,,
A1,01,6,80,1,,,,,0.00,0.0,,,,,,
A1,01,6,81,1,,,,,0.00,0.0,,,,,,
A1,01,6,82,1,,,,,0.00,0.0,,,,,,
A1,01,6,83,1,,,,,0.00,0.0,,,,,,
A1,01,6,84,1,,,,,0.00,0.0,,,,,,
A1,01,6,85,1,,,,,0.00,0.0,,,,,,
A1,01,6,86,1,,,,,0.00,0.0,,,,,,
A1,01,6,87,1,,,,,0.00,0.0,,,,,,
A1,01,6,88,1,,,,,0.00,0.0,,,,,,
A1,01,6,89,1,,,,,0.00,0.0,,,,,,
A1,01,6,90,1,,,,,0.00,0.0,,,,,,
A1,01,6,91,1,,,,,0.00,0.0,,,,,,
A1,01,6,92,1,,,,,0.00,0.0,,,,,,
A1,01,6,93,1,,,,,0.00,0.0,,,,,,
A1,01,6,94,1,,,,,0.00,0.0,,,,,,
A1,01,6,95,1,,,,,0.00,0.0,,,,,,
A1,01,6,96,1,,,,,0.00,0.0,,,,,,
A1,01,6,97,1,,,,,0.00,0.0,,,,,,
A1,01,6,98,1,,,,,0.00,0.0,,,,,,
A1,01,6,99,1,,,,,0.00,0.0,,,,,,
A1,01,7,01,1,,,,,0.00,0.0,,,,,,
A1,01,7,02,1,,,,,0.00,0.0,,,,,,
A1,01,7,03,1,,,,,0.00,0.0,,,,,,
A1,01,7,04,1,,,,,0.00,0.0,,,,,,
A1,01,7,05,1,,,,,0.00,0.0,,,,,,
A1,01,7,06,1,,,,,0.00,0.0,,,,,,
A1,01,7,07,1,,,,,0.00,0.0,,,,,,
A1,01,7,08,1,,,,,0.00,0.0,,,,,,
A1,01,7,09,1,,,,,0.00,0.0,,,,,,
A1,01,7,10,1,,,,,0.00,0.0,,,,,,
A1,01,7,11,1,,,,,0.00,0.0,,,,,,
A1,01,7,12,1,,,,,0.00,0.0,,,,,,
A1,01,7,13,1,,,,,0.00,0.0,,,,,,
A1,01,7,14,1,,,,,0.00,0.0,,,,,,
A1,01,7,15,1,,,,,0.00,0.0,,,,,,
A1,01,7,16,1,,,,,0.00,0.0,,,,,,
A1,01,7,17,1,,,,,0.00,0.0,,,,,,
A1,01,7,18,1,,,,,0.00,0.0,,,,,,
A1,01,7,19,1,,,,,0.00,0.0,,,,,,
A1,01,7,20,1,,,,,0.00,0.0,,,,,,
A1,01,7,21,1,,,,,0.00,0.0,,,,,,
A1,01,7,22,1,,,,,0.00,0.0,,,,,,
A1,01,7,23,1,,,,,0.00,0.0,,,,,,
A1,01,7,24,1,,,,,0.00,0.0,,,,,,
A1,01,7,25,1,,,,,0.00,0.0,,,,,,
A1,01,7,26,1,,,,,0.00,0.0,,,,,,
A1,01,7,27,1,,,,,0.00,0.0,,,,,,
A1,01,7,28,1,,,,,0.00,0.0,,,,,,
A1,01,7,29,1,,,,,0.00,0.0,,,,,,
A1,01,7,30,1,,,,,0.00,0.0,,,,,,
A1,01,7,31,1,,,,,0.00,0.0,,,,,,
A1,01,7,32,1,,,,,0.00,0.0,,,,,,
A1,01,7,33,1,,,,,0.00,0.0,,,,,,
A1,01,7,34,1,,,,,0.00,0.0,,,,,,
A1,01,7,35,1,,,,,0.00,0.0,,,,,,
A1,01,7,36,1,,,,,0.00,0.0,,,,,,
A1,01,7,37,1,,,,,0.00,0.0,,,,,,
A1,01,7,38,1,,,,,0.00,0.0,,,,,,
A1,01,7,39,1,,,,,0.00,0.0,,,,,,
A1,01,7,40,1,,,,,0.00,0.0,,,,,,
A1,01,7,41,1,,,,,0.00,0.0,,,,,,
A1,01,7,42,1,,,,,0.00,0.0,,,,,,
A1,01,7,43,1,,,,,0.00,0.0,,,,,,
A1,01,7,44,1,,,,,0.00,0.0,,,,,,
A1,01,7,45,1,,,,,0.00,0.0,,,,,,
A1,01,7,46,1,,,,,0.00,0.0,,,,,,
A1,01,7,47,1,,,,,0.00,0.0,,,,,,
A1,01,7,48,1,,,,,0.00,0.0,,,,,,
A1,01,7,49,1,,,,,0.00,0.0,,,,,,
A1,01,7,50,1,,,,,0.00,0.0,,,,,,
A1,01,7,51,1,,,,,0.00,0.0,,,,,,
A1,01,7,52,1,,,,,0.00,0.0,,,,,,
A1,01,7,53,1,,,,,0.00,0.0,,,,,,
A1,01,7,54,1,,,,,0.00,0.0,,,,,,
A1,01,7,55,1,,,,,0.00,0.0,,,,,,
A1,01,7,56,1,,,,,0.00,0.0,,,,,,
A1,01,7,57,1,,,,,0.00,0.0,,,,,,
A1,01,7,58,1,,,,,0.00,0.0,,,,,,
A1,01,7,59,1,,,,,0.00,0.0,,,,,,
A1,01,7,60,1,,,,,0.00,0.0,,,,,,
A1,01,7,61,1,,,,,0.00,0.0,,,,,,
A1,01,7,62,1,,,,,0.00,0.0,,,,,,
A1,01,7,63,1,,,,,0.00,0.0,,,,,,
A1,01,7,64,1,,,,,0.00,0.0,,,,,,
A1,01,7,65,1,,,,,0.00,0.0,,,,,,
A1,01,7,66,1,,,,,0.00,0.0,,,,,,
A1,01,7,67,1,,,,,0.00,0.0,,,,,,
A1,01,7,68,1,,,,,0.00,0.0,,,,,,
A1,01,7,69,1,,,,,0.00,0.0,,,,,,
A1,01,7,70,1,,,,,0.00,0.0,,,,,,
A1,01,7,71,1,,,,,0.00,0.0,,,,,,
A1,01,7,72,1,,,,,0.00,0.0,,,,,,
A1,01,7,73,1,,,,,0.00,0.0,,,,,,
A1,01,7,74,1,,,,,0.00,0.0,,,,,,
A1,01,7,75,1,,,,,0.00,0.0,,,,,,
A1,01,7,76,1,,,,,0.00,0.0,,,,,,
A1,01,7,77,1,,,,,0.00,0.0,,,,,,
A1,01,7,78,1,,,,,0.00,0.0,,,,,,
A1,01,7,79,1,,,,,0.00,0.0,,,,,,
A1,01,7,80,1,,,,,0.00,0.0,,,,,,
A1,01,7,81,1,,,,,0.00,0.0,,,,,,
A1,01,7,82,1,,,,,0.00,0.0,,,,,,
A1,01,7,83,1,,,,,0.00,0.0,,,,,,
A1,01,7,84,1,,,,,0.00,0.0,,,,,,
A1,01,7,85,1,,,,,0.00,0.0,,,,,,
A1,01,7,86,1,,,,,0.00,0.0,,,,,,
A1,01,7,87,1,,,,,0.00,0.0,,,,,,
A1,01,7,88,1,,,,,0.00,0.0,,,,,,
A1,01,7,89,1,,,,,0.00,0.0,,,,,,
A1,01,7,90,1,,,,,0.00,0.0,,,,,,
A1,01,7,91,1,,,,,0.00,0.0,,,,,,
A1,01,7,92,1,,,,,0.00,0.0,,,,,,
A1,01,7,93,1,,,,,0.00,0.0,,,,,,
A1,01,7,94,1,,,,,0.00,0.0,,,,,,
A1,01,7,95,1,,,,,0.00,0.0,,,,,,
A1,01,7,96,1,,,,,0.00,0.0,,,,,,
A1,01,7,97,1,,,,,0.00,0.0,,,,,,
A1,01,7,98,1,,,,,0.00,0.0,,,,,,
A1,01,7,99,1,,,,,0.00,0.0,,,,,,
A1,01,8,01,1,,,,,0.00,0.0,,,,,,
A1,01,8,02,1,,,,,0.00,0.0,,,,,,
A1,01,8,03,1,,,,,0.00,0.0,,,,,,
A1,01,8,04,1,,,,,0.00,0.0,,,,,,
A1,01,8,05,1,,,,,0.00,0.0,,,,,,
A1,01,8,06,1,,,,,0.00,0.0,,,,,,
A1,01,8,07,1,,,,,0.00,0.0,,,,,,
A1,01,8,08,1,,,,,0.00,0.0,,,,,,
A1,01,8,09,1,,,,,0.00,0.0,,,,,,
A1,01,8,10,1,,,,,0.00,0.0,,,,,,
A1,01,8,11,1,,,,,0.00,0.0,,,,,,
A1,01,8,12,1,,,,,0.00,0.0,,,,,,
A1,01,8,13,1,,,,,0.00,0.0,,,,,,
A1,01,8,14,1,,,,,0.00,0.0,,,,,,
A1,01,8,15,1,,,,,0.00,0.0,,,,,,
A1,01,8,16,1,,,,,0.00,0.0,,,,,,
A1,01,8,17,1,,,,,0.00,0.0,,,,,,
A1,01,8,18,1,,,,,0.00,0.0,,,,,,
A1,01,8,19,1,,,,,0.00,0.0,,,,,,
A1,01,8,20,1,,,,,0.00,0.0,,,,,,
A1,01,8,21,1,,,,,0.00,0.0,,,,,,
A1,01,8,22,1,,,,,0.00,0.0,,,,,,
A1,01,8,23,1,,,,,0.00,0.0,,,,,,
A1,01,8,24,1,,,,,0.00,0.0,,,,,,
A1,01,8,25,1,,,,,0.00,0.0,,,,,,
A1,01,8,26,1,,,,,0.00,0.0,,,,,,
A1,01,8,27,1,,,,,0.00,0.0,,,,,,
A1,01,8,28,1,,,,,0.00,0.0,,,,,,
A1,01,8,29,1,,,,,0.00,0.0,,,,,,
A1,01,8,30,1,,,,,0.00,0.0,,,,,,
A1,01,8,31,1,,,,,0.00,0.0,,,,,,
A1,01,8,32,1,,,,,0.00,0.0,,,,,,
A1,01,8,33,1,,,,,0.00,0.0,,,,,,
A1,01,8,34,1,,,,,0.00,0.0,,,,,,
A1,01,8,35,1,,,,,0.00,0.0,,,,,,
A1,01,8,36,1,,,,,0.00,0.0,,,,,,
A1,01,8,37,1,,,,,0.00,0.0,,,,,,
A1,01,8,38,1,,,,,0.00,0.0,,,,,,
A1,01,8,39,1,,,,,0.00,0.0,,,,,,
A1,01,8,40,1,,,,,0.00,0.0,,,,,,
A1,01,8,41,1,,,,,0.00,0.0,,,,,,
A1,01,8,42,1,,,,,0.00,0.0,,,,,,
A1,01,8,43,1,,,,,0.00,0.0,,,,,,
A1,01,8,44,1,,,,,0.00,0.0,,,,,,
A1,01,8,45,1,,,,,0.00,0.0,,,,,,
A1,01,8,46,1,,,,,0.00,0.0,,,,,,
A1,01,8,47,1,,,,,0.00,0.0,,,,,,
A1,01,8,48,1,,,,,0.00,0.0,,,,,,
A1,01,8,49,1,,,,,0.00,0.0,,,,,,
A1,01,8,50,1,,,,,0.00,0.0,,,,,,
A1,01,8,51,1,,,,,0.00,0.0,,,,,,
A1,01,8,52,1,,,,,0.00,0.0,,,,,,
A1,01,8,53,1,,,,,0.00,0.0,,,,,,
A1,01,8,54,1,,,,,0.00,0.0,,,,,,
A1,01,8,55,1,,,,,0.00,0.0,,,,,,
A1,01,8,56,1,,,,,0.00,0.0,,,,,,
A1,01,8,57,1,,,,,0.00,0.0,,,,,,
A1,01,8,58,1,,,,,0.00,0.0,,,,,,
A1,01,8,59,1,,,,,0.00,0.0,,,,,,
A1,01,8,60,1,,,,,0.00,0.0,,,,,,
A1,01,8,61,1,,,,,0.00,0.0,,,,,,
A1,01,8,62,1,,,,,0.00,0.0,,,,,,
A1,01,8,63,1,,,,,0.00,0.0,,,,,,
A1,01,8,64,1,,,,,0.00,0.0,,,,,,
A1,01,8,65,1,,,,,0.00,0.0,,,,,,
A1,01,8,66,1,,,,,0.00,0.0,,,,,,
A1,01,8,67,1,,,,,0.00,0.0,,,,,,
A1,01,8,68,1,,,,,0.00,0.0,,,,,,
A1,01,8,69,1,,,,,0.00,0.0,,,,,,
A1,01,8,70,1,,,,,0.00,0.0,,,,,,
A1,01,8,71,1,,,,,0.00,0.0,,,,,,
A1,01,8,72,1,,,,,0.00,0.0,,,,,,
A1,01,8,73,1,,,,,0.00,0.0,,,,,,
A1,01,8,74,1,,,,,0.00,0.0,,,,,,
A1,01,8,75,1,,,,,0.00,0.0,,,,,,
A1,01,8,76,1,,,,,0.00,0.0,,,,,,
A1,01,8,77,1,,,,,0.00,0.0,,,,,,
A1,01,8,78,1,,,,,0.00,0.0,,,,,,
A1,01,8,79,1,,,,,0.00,0.0,,,,,,
A1,01,8,80,1,,,,,0.00,0.0,,,,,,
A1,01,8,81,1,,,,,0.00,0.0,,,,,,
A1,01,8,82,1,,,,,0.00,0.0,,,,,,
A1,01,8,83,1,,,,,0.00,0.0,,,,,,
A1,01,8,84,1,,,,,0.00,0.0,,,,,,
A1,01,8,85,1,,,,,0.00,0.0,,,,,,
A1,01,8,86,1,,,,,0.00,0.0,,,,,,
A1,01,8,87,1,,,,,0.00,0.0,,,,,,
A1,01,8,88,1,,,,,0.00,0.0,,,,,,
A1,01,8,89,1,,,,,0.00,0.0,,,,,,
A1,01,8,90,1,,,,,0.00,0.0,,,,,,
A1,01,8,91,1,,,,,0.00,0.0,,,,,,
A1,01,8,92,1,,,,,0.00,0.0,,,,,,
A1,01,8,93,1,,,,,0.00,0.0,,,,,,
A1,01,8,94,1,,,,,0.00,0.0,,,,,,
A1,01,8,95,1,,,,,0.00,0.0,,,,,,
A1,01,8,96,1,,,,,0.00,0.0,,,,,,
A1,01,8,97,1,,,,,0.00,0.0,,,,,,
A1,01,8,98,1,,,,,0.00,0.0,,,,,,
A1,01,8,99,1,,,,,0.00,0.0,,,,,,
A1,01,9,01,1,,,,,0.00,0.0,,,,,,
A1,01,9,02,1,,,,,0.00,0.0,,,,,,
A1,01,9,03,1,,,,,0.00,0.0,,,,,,
A1,01,9,04,1,,,,,0.00,0.0,,,,,,
A1,01,9,05,1,,,,,0.00,0.0,,,,,,
A1,01,9,06,1,,,,,0.00,0.0,,,,,,
A1,01,9,07,1,,,,,0.00,0.0,,,,,,
A1,01,9,08,1,,,,,0.00,0.0,,,,,,
A1,01,9,09,1,,,,,0.00,0.0,,,,,,
A1,01,9,10,1,,,,,0.00,0.0,,,,,,
A1,01,9,11,1,,,,,0.00,0.0,,,,,,
A1,01,9,12,1,,,,,0.00,0.0,,,,,,
A1,01,9,13,1,,,,,0.00,0.0,,,,,,
A1,01,9,14,1,,,,,0.00,0.0,,,,,,
A1,01,9,15,1,,,,,0.00,0.0,,,,,,
A1,01,9,16,1,,,,,0.00,0.0,,,,,,
A1,01,9,17,1,,,,,0.00,0.0,,,,,,
A1,01,9,18,1,,,,,0.00,0.0,,,,,,
A1,01,9,19,1,,,,,0.00,0.0,,,,,,
A1,01,9,20,1,,,,,0.00,0.0,,,,,,
A1,01,9,21,1,,,,,0.00,0.0,,,,,,
A1,01,9,22,1,,,,,0.00,0.0,,,,,,
A1,01,9,23,1,,,,,0.00,0.0,,,,,,
A1,01,9,24,1,,,,,0.00,0.0,,,,,,
A1,01,9,25,1,,,,,0.00,0.0,,,,,,
AA,01,2,01,1,,,,,0.00,0.0,,,,,,
AA,01,2,02,1,,,,,0.00,0.0,,,,,,
AA,01,2,03,1,,,,,0.00,0.0,,,,,,
AA,01,2,04,1,,,,,0.00,0.0,,,,,,
AA,01,3,01,1,,,,,0.00,0.0,,,,,,
AA,01,3,02,1,,,,,0.00,0.0,,,,,,
AA,01,4,01,1,,,,,0.00,0.0,,,,,,
AA,01,4,02,1,,,,,0.00,0.0,,,,,,
AA,01,5,01,1,,,,,0.00,0.0,,,,,,
AA,01,5,02,1,,,,,0.00,0.0,,,,,,
AA,01,6,01,1,,,,,0.00,0.0,,,,,,
AA,01,6,02,1,,,,,0.00,0.0,,,,,,
AA,01,7,01,1,,,,,0.00,0.0,,,,,,
AA,01,7,02,1,,,,,0.00,0.0,,,,,,
AA,02,2,01,1,,,,,0.00,0.0,,,,,,
AA,02,2,02,1,,,,,0.00,0.0,,,,,,
AA,02,2,03,1,,,,,0.00,0.0,,,,,,
AA,02,2,04,1,,,,,0.00,0.0,,,,,,
AA,02,3,01,1,,,,,0.00,0.0,,,,,,
AA,02,3,02,1,,,,,0.00,0.0,,,,,,
AA,02,4,01,1,,,,,0.00,0.0,,,,,,
AA,02,4,02,1,,,,,0.00,0.0,,,,,,
AA,02,5,01,1,,,,,0.00,0.0,,,,,,
AA,02,5,02,1,,,,,0.00,0.0,,,,,,
AA,02,6,01,1,,,,,0.00,0.0,,,,,,
AA,02,6,02,1,,,,,0.00,0.0,,,,,,
AA,02,7,01,1,,,,,0.00,0.0,,,,,,
AA,02,7,02,1,,,,,0.00,0.0,,,,,,
AA,03,2,01,1,,,,,0.00,0.0,,,,,,
AA,03,2,02,1,,,,,0.00,0.0,,,,,,
AA,03,2,03,1,,,,,0.00,0.0,,,,,,
AA,03,2,04,1,,,,,0.00,0.0,,,,,,
AA,03,3,01,1,,,,,0.00,0.0,,,,,,
AA,03,3,02,1,,,,,0.00,0.0,,,,,,
AA,03,4,01,1,,,,,0.00,0.0,,,,,,
AA,03,4,02,1,,,,,0.00,0.0,,,,,,
AA,03,5,01,1,,,,,0.00,0.0,,,,,,
AA,03,5,02,1,,,,,0.00,0.0,,,,,,
AA,03,6,01,1,,,,,0.00,0.0,,,,,,
AA,03,6,02,1,,,,,0.00,0.0,,,,,,
AA,03,7,01,1,,,,,0.00,0.0,,,,,,
AA,03,7,02,1,,,,,0.00,0.0,,,,,,
AA,04,2,01,1,,,,,0.00,0.0,,,,,,
AA,04,2,02,1,,,,,0.00,0.0,,,,,,
AA,04,2,03,1,,,,,0.00,0.0,,,,,,
AA,04,2,04,1,,,,,0.00,0.0,,,,,,
AA,04,3,01,1,,,,,0.00,0.0,,,,,,
AA,04,3,02,1,,,,,0.00,0.0,,,,,,
AA,04,4,01,1,,,,,0.00,0.0,,,,,,
AA,04,4,02,1,,,,,0.00,0.0,,,,,,
AA,04,5,01,1,,,,,0.00,0.0,,,,,,
AA,04,5,02,1,,,,,0.00,0.0,,,,,,
AA,04,6,01,1,,,,,0.00,0.0,,,,,,
AA,04,6,02,1,,,,,0.00,0.0,,,,,,
AA,04,7,01,1,,,,,0.00,0.0,,,,,,
AA,04,7,02,1,,,,,0.00,0.0,,,,,,
AA,05,2,01,1,,,,,0.00,0.0,,,,,,
AA,05,2,02,1,,,,,0.00,0.0,,,,,,
AA,05,2,03,1,,,,,0.00,0.0,,,,,,
AA,05,2,04,1,,,,,0.00,0.0,,,,,,
AA,05,3,01,1,,,,,0.00,0.0,,,,,,
AA,05,3,02,1,,,,,0.00,0.0,,,,,,
AA,05,4,01,1,,,,,0.00,0.0,,,,,,
AA,05,4,02,1,,,,,0.00,0.0,,,,,,
AA,05,5,01,1,,,,,0.00,0.0,,,,,,
AA,05,5,02,1,,,,,0.00,0.0,,,,,,
AA,05,6,01,1,,,,,0.00,0.0,,,,,,
AA,05,6,02,1,,,,,0.00,0.0,,,,,,
AA,05,7,01,1,,,,,0.00,0.0,,,,,,
AA,05,7,02,1,,,,,0.00,0.0,,,,,,
AA,06,2,01,1,,,,,0.00,0.0,,,,,,
AA,06,2,02,1,,,,,0.00,0.0,,,,,,
AA,06,2,03,1,,,,,0.00,0.0,,,,,,
AA,06,2,04,1,,,,,0.00,0.0,,,,,,
AA,06,3,01,1,,,,,0.00,0.0,,,,,,
AA,06,3,02,1,,,,,0.00,0.0,,,,,,
AA,06,4,01,1,,,,,0.00,0.0,,,,,,
AA,06,4,02,1,,,,,0.00,0.0,,,,,,
AA,06,5,01,1,,,,,0.00,0.0,,,,,,
AA,06,5,02,1,,,,,0.00,0.0,,,,,,
AA,06,6,01,1,,,,,0.00,0.0,,,,,,
AA,06,6,02,1,,,,,0.00,0.0,,,,,,
AA,06,7,01,1,,,,,0.00,0.0,,,,,,
AA,06,7,02,1,,,,,0.00,0.0,,,,,,
AA,07,2,01,1,,,,,0.00,0.0,,,,,,
AA,07,2,02,1,,,,,0.00,0.0,,,,,,
AA,07,2,03,1,,,,,0.00,0.0,,,,,,
AA,07,2,04,1,,,,,0.00,0.0,,,,,,
AA,07,3,01,1,,,,,0.00,0.0,,,,,,
AA,07,3,02,1,,,,,0.00,0.0,,,,,,
AA,07,4,01,1,,,,,0.00,0.0,,,,,,
AA,07,4,02,1,,,,,0.00,0.0,,,,,,
AA,07,5,01,1,,,,,0.00,0.0,,,,,,
AA,07,5,02,1,,,,,0.00,0.0,,,,,,
AA,07,6,01,1,,,,,0.00,0.0,,,,,,
AA,07,6,02,1,,,,,0.00,0.0,,,,,,
AA,07,7,01,1,,,,,0.00,0.0,,,,,,
AA,07,7,02,1,,,,,0.00,0.0,,,,,,
AA,08,2,01,1,,,,,0.00,0.0,,,,,,
AA,08,2,02,1,,,,,0.00,0.0,,,,,,
AA,08,2,03,1,,,,,0.00,0.0,,,,,,
AA,08,2,04,1,,,,,0.00,0.0,,,,,,
AA,08,3,01,1,,,,,0.00,0.0,,,,,,
AA,08,3,02,1,,,,,0.00,0.0,,,,,,
AA,08,4,01,1,,,,,0.00,0.0,,,,,,
AA,08,4,02,1,,,,,0.00,0.0,,,,,,
AA,08,5,01,1,,,,,0.00,0.0,,,,,,
AA,08,5,02,1,,,,,0.00,0.0,,,,,,
AA,08,6,01,1,,,,,0.00,0.0,,,,,,
AA,08,6,02,1,,,,,0.00,0.0,,,,,,
AA,08,7,01,1,,,,,0.00,0.0,,,,,,
AA,08,7,02,1,,,,,0.00,0.0,,,,,,
AB,01,2,01,1,,,,,0.00,0.0,,,,,,
AB,01,2,02,1,,,,,0.00,0.0,,,,,,
AB,01,3,01,1,,,,,0.00,0.0,,,,,,
AB,01,3,02,1,,,,,0.00,0.0,,,,,,
AB,01,4,01,1,,,,,0.00,0.0,,,,,,
AB,01,4,02,1,,,,,0.00,0.0,,,,,,
AB,01,5,01,1,,,,,0.00,0.0,,,,,,
AB,01,5,02,1,,,,,0.00,0.0,,,,,,
AB,01,6,01,1,,,,,0.00,0.0,,,,,,
AB,01,6,02,1,,,,,0.00,0.0,,,,,,
AB,01,7,01,1,,,,,0.00,0.0,,,,,,
AB,01,7,02,1,,,,,0.00,0.0,,,,,,
AB,02,2,01,1,,,,,0.00,0.0,,,,,,
AB,02,2,02,1,,,,,0.00,0.0,,,,,,
AB,02,3,01,1,,,,,0.00,0.0,,,,,,
AB,02,3,02,1,,,,,0.00,0.0,,,,,,
AB,02,4,01,1,,,,,0.00,0.0,,,,,,
AB,02,4,02,1,,,,,0.00,0.0,,,,,,
AB,02,5,01,1,,,,,0.00,0.0,,,,,,
AB,02,5,02,1,,,,,0.00,0.0,,,,,,
AB,02,6,01,1,,,,,0.00,0.0,,,,,,
AB,02,6,02,1,,,,,0.00,0.0,,,,,,
AB,02,7,01,1,,,,,0.00,0.0,,,,,,
AB,02,7,02,1,20069691,POINT COFFEE BOTTLE  PCS 250L,,,12.00,8,150.00%,300,,14/08/2029,Z,300
AB,03,2,01,1,,,,,0.00,0.0,,,,,,
AB,03,2,02,1,20054876,INDOMARET KANTONG PLASTIK(32/21X35X0.02) 1 WARNA WHL SEDANG,,,360.00,360,100.00%,1000,,04/08/2028,Z,5000
AB,03,3,01,1,,,,,0.00,0.0,,,,,,
AB,03,3,02,1,,,,,0.00,0.0,,,,,,
AB,03,4,01,1,,,,,0.00,0.0,,,,,,
AB,03,4,02,1,,,,,0.00,0.0,,,,,,
AB,03,5,01,1,,,,,0.00,0.0,,,,,,
AB,03,5,02,1,,,,,0.00,0.0,,,,,,
AB,03,6,01,1,,,,,0.00,0.0,,,,,,
AB,03,6,02,1,,,,,0.00,0.0,,,,,,
AB,03,7,01,1,,,,,0.00,0.0,,,,,,
AB,03,7,02,1,,,,,0.00,0.0,,,,,,
AB,04,2,01,1,20054876,INDOMARET KANTONG PLASTIK(32/21X35X0.02) 1 WARNA WHL SEDANG,,,360.00,360,100.00%,1000,,01/08/2028,Z,5000
AB,04,2,02,1,20054876,INDOMARET KANTONG PLASTIK(32/21X35X0.02) 1 WARNA WHL SEDANG,,,360.00,360,100.00%,1000,,01/08/2028,Z,5000
AB,04,3,01,1,,,,,0.00,0.0,,,,,,
AB,04,3,02,1,,,,,0.00,0.0,,,,,,
AB,04,4,01,1,,,,,0.00,0.0,,,,,,
AB,04,4,02,1,,,,,0.00,0.0,,,,,,
AB,04,5,01,1,,,,,0.00,0.0,,,,,,
AB,04,5,02,1,,,,,0.00,0.0,,,,,,
AB,04,6,01,1,,,,,0.00,0.0,,,,,,
AB,04,6,02,1,,,,,0.00,0.0,,,,,,
AB,04,7,01,1,,,,,0.00,0.0,,,,,,
AB,04,7,02,1,,,,,0.00,0.0,,,,,,
AB,05,2,01,1,,,,,0.00,0.0,,,,,,
AB,05,2,02,1,,,,,0.00,0.0,,,,,,
AB,05,3,01,1,,,,,0.00,0.0,,,,,,
AB,05,3,02,1,,,,,0.00,0.0,,,,,,
AB,05,4,01,1,,,,,0.00,0.0,,,,,,
AB,05,4,02,1,,,,,0.00,0.0,,,,,,
AB,05,5,01,1,,,,,0.00,0.0,,,,,,
AB,05,5,02,1,,,,,0.00,0.0,,,,,,
AB,05,6,01,1,,,,,0.00,0.0,,,,,,
AB,05,6,02,1,,,,,0.00,0.0,,,,,,
AB,05,7,01,1,20069691,POINT COFFEE BOTTLE  PCS 250L,,,12.00,8,150.00%,300,,01/07/2029,Z,300
AB,05,7,02,1,20069691,POINT COFFEE BOTTLE  PCS 250L,,,12.00,8,150.00%,300,,01/07/2029,Z,300
AB,06,2,01,1,,,,,0.00,0.0,,,,,,
AB,06,2,02,1,,,,,0.00,0.0,,,,,,
AB,06,3,01,1,,,,,0.00,0.0,,,,,,
AB,06,3,02,1,,,,,0.00,0.0,,,,,,
AB,06,4,01,1,,,,,0.00,0.0,,,,,,
AB,06,4,02,1,,,,,0.00,0.0,,,,,,
AB,06,5,01,1,,,,,0.00,0.0,,,,,,
AB,06,5,02,1,,,,,0.00,0.0,,,,,,
AB,06,6,01,1,,,,,0.00,0.0,,,,,,
AB,06,6,02,1,,,,,0.00,0.0,,,,,,
AB,06,7,01,1,20069691,POINT COFFEE BOTTLE  PCS 250L,,,12.00,8,150.00%,300,,01/07/2029,Z,300
AB,06,7,02,1,20069691,POINT COFFEE BOTTLE  PCS 250L,,,12.00,8,150.00%,300,,01/07/2029,Z,300
AB,07,2,01,1,,,,,0.00,0.0,,,,,,
AB,07,2,02,1,,,,,0.00,0.0,,,,,,
AB,07,3,01,1,,,,,0.00,0.0,,,,,,
AB,07,3,02,1,,,,,0.00,0.0,,,,,,
AB,07,4,01,1,,,,,0.00,0.0,,,,,,
AB,07,4,02,1,,,,,0.00,0.0,,,,,,
AB,07,5,01,1,,,,,0.00,0.0,,,,,,
AB,07,5,02,1,,,,,0.00,0.0,,,,,,
AB,07,6,01,1,,,,,0.00,0.0,,,,,,
AB,07,6,02,1,,,,,0.00,0.0,,,,,,
AB,07,7,01,1,20069691,POINT COFFEE BOTTLE  PCS 250L,,,12.00,8,150.00%,300,,01/07/2029,Z,300
AB,07,7,02,1,,,,,0.00,0.0,,,,,,
AB,08,2,01,1,,,,,0.00,0.0,,,,,,
AB,08,2,02,1,,,,,0.00,0.0,,,,,,
AB,08,3,01,1,,,,,0.00,0.0,,,,,,
AB,08,3,02,1,,,,,0.00,0.0,,,,,,
AB,08,4,01,1,,,,,0.00,0.0,,,,,,
AB,08,4,02,1,,,,,0.00,0.0,,,,,,
AB,08,5,01,1,,,,,0.00,0.0,,,,,,
AB,08,5,02,1,,,,,0.00,0.0,,,,,,
AB,08,6,01,1,,,,,0.00,0.0,,,,,,
AB,08,6,02,1,,,,,0.00,0.0,,,,,,
AB,08,7,01,1,,,,,0.00,0.0,,,,,,
AB,08,7,02,1,20069691,POINT COFFEE BOTTLE  PCS 250L,,,12.00,8,150.00%,300,,01/07/2029,Z,300
AC,01,1,01,1,,,,,0.00,0.0,,,,,,
AC,01,1,02,1,,,,,0.00,0.0,,,,,,
AC,01,2,01,1,,,,,0.00,0.0,,,,,,
AC,01,2,02,1,20107742,INDOMARET TAS RAMAH LINGKUNGAN KECIL PCS 40X30,,,168.00,600,28.00%,12,,01/08/2027,S,12
AC,01,3,01,1,,,,,0.00,0.0,,,,,,
AC,01,3,02,1,,,,,0.00,0.0,,,,,,
AC,01,4,01,1,,,,,0.00,0.0,,,,,,
AC,01,4,02,1,,,,,0.00,0.0,,,,,,
AC,01,5,01,1,20122043,INDOMARET TAS RAMAH LINGKUNGAN BESAR PCS 45X37X15,,,120.00,168,71.43%,12,,01/07/2029,,12
AC,01,5,02,1,20054875,INDOMARET KANTONG PLASTIK(40/28X50X0.02) 1 WARNA WHL BESAR,,,300.00,400,75.00%,1000,,01/07/2029,Z,5000
AC,01,6,01,1,,,,,0.00,0.0,,,,,,
AC,01,6,02,1,,,,,0.00,0.0,,,,,,
AC,01,7,01,1,,,,,0.00,0.0,,,,,,
AC,01,7,02,1,,,,,0.00,0.0,,,,,,
AC,02,1,01,1,,,,,0.00,0.0,,,,,,
AC,02,1,02,1,,,,,0.00,0.0,,,,,,
AC,02,2,01,1,20107742,INDOMARET TAS RAMAH LINGKUNGAN KECIL PCS 40X30,,,432.00,600,72.00%,12,,01/07/2028,S,12
AC,02,2,02,1,20118913,INDOMARET TAS RAMAH LINGKUNGAN SEDANG PCS 383010.5,,,250.00,600,41.67%,10,,01/07/2028,,10
AC,02,3,01,1,,,,,0.00,0.0,,,,,,
AC,02,3,02,1,20118913,INDOMARET TAS RAMAH LINGKUNGAN SEDANG PCS 383010.5,,,250.00,600,41.67%,10,,01/07/2028,,10
AC,02,4,01,1,20118913,INDOMARET TAS RAMAH LINGKUNGAN SEDANG PCS 383010.5,,,250.00,600,41.67%,10,,01/07/2028,,10
AC,02,4,02,1,20118913,INDOMARET TAS RAMAH LINGKUNGAN SEDANG PCS 383010.5,,,250.00,600,41.67%,10,,01/07/2028,,10
AC,02,5,01,1,20054875,INDOMARET KANTONG PLASTIK(40/28X50X0.02) 1 WARNA WHL BESAR,,,200.00,400,50.00%,1000,,01/07/2029,Z,5000
AC,02,5,02,1,20122043,INDOMARET TAS RAMAH LINGKUNGAN BESAR PCS 45X37X15,,,60.00,168,35.71%,12,,01/08/2027,,12
AC,02,6,01,1,,,,,0.00,0.0,,,,,,
AC,02,6,02,1,,,,,0.00,0.0,,,,,,
AC,02,7,01,1,,,,,0.00,0.0,,,,,,
AC,02,7,02,1,,,,,0.00,0.0,,,,,,
AC,03,1,01,1,,,,,0.00,0.0,,,,,,
AC,03,1,02,1,,,,,0.00,0.0,,,,,,
AC,03,2,01,1,20118913,INDOMARET TAS RAMAH LINGKUNGAN SEDANG PCS 383010.5,,,250.00,600,41.67%,10,,01/08/2027,,10
AC,03,2,02,1,,,,,0.00,0.0,,,,,,
AC,03,3,01,1,,,,,0.00,0.0,,,,,,
AC,03,3,02,1,20122043,INDOMARET TAS RAMAH LINGKUNGAN BESAR PCS 45X37X15,,,120.00,168,71.43%,12,,01/08/2027,,12
AC,03,4,01,1,20118913,INDOMARET TAS RAMAH LINGKUNGAN SEDANG PCS 383010.5,,,250.00,600,41.67%,10,,01/08/2027,,10
AC,03,4,02,1,20118913,INDOMARET TAS RAMAH LINGKUNGAN SEDANG PCS 383010.5,,,250.00,600,41.67%,10,,01/08/2027,,10
AC,03,5,01,1,,,,,0.00,0.0,,,,,,
AC,03,5,02,1,,,,,0.00,0.0,,,,,,
AC,03,6,01,1,20069691,POINT COFFEE BOTTLE  PCS 250L,,,8.00,8,100.00%,300,,01/08/2027,Z,300
AC,03,6,02,1,20069691,POINT COFFEE BOTTLE  PCS 250L,,,8.00,8,100.00%,300,,01/08/2027,Z,300
AC,03,7,01,1,20069691,POINT COFFEE BOTTLE  PCS 250L,,,12.00,8,150.00%,300,,01/07/2029,Z,300
AC,03,7,02,1,20069691,POINT COFFEE BOTTLE  PCS 250L,,,12.00,8,150.00%,300,,01/07/2029,Z,300
AC,04,1,01,1,,,,,0.00,0.0,,,,,,
AC,04,1,02,1,,,,,0.00,0.0,,,,,,
AC,04,2,01,1,20054876,INDOMARET KANTONG PLASTIK(32/21X35X0.02) 1 WARNA WHL SEDANG,,,360.00,360,100.00%,1000,,01/08/2028,Z,5000
AC,04,2,02,1,20054876,INDOMARET KANTONG PLASTIK(32/21X35X0.02) 1 WARNA WHL SEDANG,,,360.00,360,100.00%,1000,,01/08/2028,Z,5000
AC,04,3,01,1,20054875,INDOMARET KANTONG PLASTIK(40/28X50X0.02) 1 WARNA WHL BESAR,,,400.00,400,100.00%,1000,,01/08/2028,Z,5000
AC,04,3,02,1,20054876,INDOMARET KANTONG PLASTIK(32/21X35X0.02) 1 WARNA WHL SEDANG,,,360.00,360,100.00%,1000,,01/08/2028,Z,5000
AC,04,4,01,1,20054875,INDOMARET KANTONG PLASTIK(40/28X50X0.02) 1 WARNA WHL BESAR,,,400.00,400,100.00%,1000,,01/08/2028,Z,5000
AC,04,4,02,1,20054875,INDOMARET KANTONG PLASTIK(40/28X50X0.02) 1 WARNA WHL BESAR,,,400.00,400,100.00%,1000,,01/08/2028,Z,5000
AC,04,5,01,1,20054875,INDOMARET KANTONG PLASTIK(40/28X50X0.02) 1 WARNA WHL BESAR,,,400.00,400,100.00%,1000,,01/08/2028,Z,5000
AC,04,5,02,1,20054875,INDOMARET KANTONG PLASTIK(40/28X50X0.02) 1 WARNA WHL BESAR,,,400.00,400,100.00%,1000,,01/08/2028,Z,5000
AC,04,6,01,1,20054876,INDOMARET KANTONG PLASTIK(32/21X35X0.02) 1 WARNA WHL SEDANG,,,320.00,360,88.89%,1000,,02/03/2030,Z,5000
AC,04,6,02,1,20054876,INDOMARET KANTONG PLASTIK(32/21X35X0.02) 1 WARNA WHL SEDANG,,,300.00,360,83.33%,1000,,01/07/2028,Z,5000
AC,04,7,01,1,20069691,POINT COFFEE BOTTLE  PCS 250L,,,12.00,8,150.00%,300,,01/07/2029,Z,300
AC,04,7,02,1,20069691,POINT COFFEE BOTTLE  PCS 250L,,,12.00,8,150.00%,300,,14/08/2029,Z,300
AC,05,1,01,1,,,,,0.00,0.0,,,,,,
AC,05,1,02,1,,,,,0.00,0.0,,,,,,
AC,05,2,01,1,,,,,0.00,0.0,,,,,,
AC,05,2,02,1,,,,,0.00,0.0,,,,,,
AC,05,3,01,1,,,,,0.00,0.0,,,,,,
AC,05,3,02,1,,,,,0.00,0.0,,,,,,
AC,05,4,01,1,,,,,0.00,0.0,,,,,,
AC,05,4,02,1,,,,,0.00,0.0,,,,,,
AC,05,5,01,1,,,,,0.00,0.0,,,,,,
AC,05,5,02,1,,,,,0.00,0.0,,,,,,
AC,05,6,01,1,,,,,0.00,0.0,,,,,,
AC,05,6,02,1,,,,,0.00,0.0,,,,,,
AC,05,7,01,1,20069691,POINT COFFEE BOTTLE  PCS 250L,,,12.00,8,150.00%,300,,01/07/2029,Z,300
AC,05,7,02,1,20069691,POINT COFFEE BOTTLE  PCS 250L,,,12.00,8,150.00%,300,,01/07/2029,Z,300
AC,06,1,01,1,,,,,0.00,0.0,,,,,,
AC,06,1,02,1,,,,,0.00,0.0,,,,,,
AC,06,2,01,1,,,,,0.00,0.0,,,,,,
AC,06,2,02,1,,,,,0.00,0.0,,,,,,
AC,06,3,01,1,,,,,0.00,0.0,,,,,,
AC,06,3,02,1,,,,,0.00,0.0,,,,,,
AC,06,4,01,1,,,,,0.00,0.0,,,,,,
AC,06,4,02,1,,,,,0.00,0.0,,,,,,
AC,06,5,01,1,,,,,0.00,0.0,,,,,,
AC,06,5,02,1,,,,,0.00,0.0,,,,,,
AC,06,6,01,1,,,,,0.00,0.0,,,,,,
AC,06,6,02,1,,,,,0.00,0.0,,,,,,
AC,06,7,01,1,20069691,POINT COFFEE BOTTLE  PCS 250L,,,12.00,8,150.00%,300,,01/07/2029,Z,300
AC,06,7,02,1,20069691,POINT COFFEE BOTTLE  PCS 250L,,,12.00,8,150.00%,300,,01/07/2029,Z,300
AC,07,1,01,1,,,,,0.00,0.0,,,,,,
AC,07,1,02,1,,,,,0.00,0.0,,,,,,
AC,07,2,01,1,,,,,0.00,0.0,,,,,,
AC,07,2,02,1,,,,,0.00,0.0,,,,,,
AC,07,3,01,1,,,,,0.00,0.0,,,,,,
AC,07,3,02,1,,,,,0.00,0.0,,,,,,
AC,07,4,01,1,,,,,0.00,0.0,,,,,,
AC,07,4,02,1,,,,,0.00,0.0,,,,,,
AC,07,5,01,1,,,,,0.00,0.0,,,,,,
AC,07,5,02,1,,,,,0.00,0.0,,,,,,
AC,07,6,01,1,,,,,0.00,0.0,,,,,,
AC,07,6,02,1,,,,,0.00,0.0,,,,,,
AC,07,7,01,1,20069691,POINT COFFEE BOTTLE  PCS 250L,,,12.00,8,150.00%,300,,01/07/2029,Z,300
AC,07,7,02,1,20069691,POINT COFFEE BOTTLE  PCS 250L,,,12.00,8,150.00%,300,,01/07/2029,Z,300
AC,08,1,01,1,,,,,0.00,0.0,,,,,,
AC,08,1,02,1,,,,,0.00,0.0,,,,,,
AC,08,2,01,1,,,,,0.00,0.0,,,,,,
AC,08,2,02,1,,,,,0.00,0.0,,,,,,
AC,08,3,01,1,,,,,0.00,0.0,,,,,,
AC,08,3,02,1,,,,,0.00,0.0,,,,,,
AC,08,4,01,1,,,,,0.00,0.0,,,,,,
AC,08,4,02,1,,,,,0.00,0.0,,,,,,
AC,08,5,01,1,,,,,0.00,0.0,,,,,,
AC,08,5,02,1,,,,,0.00,0.0,,,,,,
AC,08,6,01,1,,,,,0.00,0.0,,,,,,
AC,08,6,02,1,,,,,0.00,0.0,,,,,,
AC,08,7,01,1,20069691,POINT COFFEE BOTTLE  PCS 250L,,,12.00,8,150.00%,300,,01/07/2029,Z,300
AC,08,7,02,1,20069691,POINT COFFEE BOTTLE  PCS 250L,,,6.00,8,75.00%,300,,01/07/2029,Z,300
AD,01,1,01,1,,,,,0.00,0.0,,,,,,
AD,01,1,02,1,,,,,0.00,0.0,,,,,,
AD,01,2,01,1,,,,,0.00,0.0,,,,,,
AD,01,2,02,1,,,,,0.00,0.0,,,,,,
AD,01,3,01,1,,,,,0.00,0.0,,,,,,
AD,01,3,02,1,,,,,0.00,0.0,,,,,,
AD,01,4,01,1,,,,,0.00,0.0,,,,,,
AD,01,4,02,1,,,,,0.00,0.0,,,,,,
AD,01,5,01,1,,,,,0.00,0.0,,,,,,
AD,01,5,02,1,,,,,0.00,0.0,,,,,,
AD,01,6,01,1,,,,,0.00,0.0,,,,,,
AD,01,6,02,1,,,,,0.00,0.0,,,,,,
AD,01,7,01,1,,,,,0.00,0.0,,,,,,
AD,01,7,02,1,,,,,0.00,0.0,,,,,,
AD,02,1,01,1,,,,,0.00,0.0,,,,,,
AD,02,1,02,1,,,,,0.00,0.0,,,,,,
AD,02,2,01,1,,,,,0.00,0.0,,,,,,
AD,02,2,02,1,,,,,0.00,0.0,,,,,,
AD,02,3,01,1,,,,,0.00,0.0,,,,,,
AD,02,3,02,1,,,,,0.00,0.0,,,,,,
AD,02,4,01,1,,,,,0.00,0.0,,,,,,
AD,02,4,02,1,,,,,0.00,0.0,,,,,,
AD,02,5,01,1,,,,,0.00,0.0,,,,,,
AD,02,5,02,1,,,,,0.00,0.0,,,,,,
AD,02,6,01,1,,,,,0.00,0.0,,,,,,
AD,02,6,02,1,,,,,0.00,0.0,,,,,,
AD,02,7,01,1,,,,,0.00,0.0,,,,,,
AD,02,7,02,1,,,,,0.00,0.0,,,,,,
AD,03,1,01,1,,,,,0.00,0.0,,,,,,
AD,03,1,02,1,,,,,0.00,0.0,,,,,,
AD,03,2,01,1,,,,,0.00,0.0,,,,,,
AD,03,2,02,1,,,,,0.00,0.0,,,,,,
AD,03,3,01,1,,,,,0.00,0.0,,,,,,
AD,03,3,02,1,,,,,0.00,0.0,,,,,,
AD,03,4,01,1,,,,,0.00,0.0,,,,,,
AD,03,4,02,1,,,,,0.00,0.0,,,,,,
AD,03,5,01,1,,,,,0.00,0.0,,,,,,
AD,03,5,02,1,,,,,0.00,0.0,,,,,,
AD,03,6,01,1,,,,,0.00,0.0,,,,,,
AD,03,6,02,1,,,,,0.00,0.0,,,,,,
AD,03,7,01,1,,,,,0.00,0.0,,,,,,
AD,03,7,02,1,,,,,0.00,0.0,,,,,,
AD,04,1,01,1,,,,,0.00,0.0,,,,,,
AD,04,1,02,1,,,,,0.00,0.0,,,,,,
AD,04,2,01,1,,,,,0.00,0.0,,,,,,
AD,04,2,02,1,,,,,0.00,0.0,,,,,,
AD,04,3,01,1,,,,,0.00,0.0,,,,,,
AD,04,3,02,1,,,,,0.00,0.0,,,,,,
AD,04,4,01,1,,,,,0.00,0.0,,,,,,
AD,04,4,02,1,,,,,0.00,0.0,,,,,,
AD,04,5,01,1,,,,,0.00,0.0,,,,,,
AD,04,5,02,1,,,,,0.00,0.0,,,,,,
AD,04,6,01,1,,,,,0.00,0.0,,,,,,
AD,04,6,02,1,,,,,0.00,0.0,,,,,,
AD,04,7,01,1,,,,,0.00,0.0,,,,,,
AD,04,7,02,1,,,,,0.00,0.0,,,,,,
AD,05,1,01,1,,,,,0.00,0.0,,,,,,
AD,05,1,02,1,,,,,0.00,0.0,,,,,,
AD,05,2,01,1,,,,,0.00,0.0,,,,,,
AD,05,2,02,1,,,,,0.00,0.0,,,,,,
AD,05,3,01,1,,,,,0.00,0.0,,,,,,
AD,05,3,02,1,,,,,0.00,0.0,,,,,,
AD,05,4,01,1,,,,,0.00,0.0,,,,,,
AD,05,4,02,1,,,,,0.00,0.0,,,,,,
AD,05,5,01,1,,,,,0.00,0.0,,,,,,
AD,05,5,02,1,,,,,0.00,0.0,,,,,,
AD,05,6,01,1,,,,,0.00,0.0,,,,,,
AD,05,6,02,1,,,,,0.00,0.0,,,,,,
AD,05,7,01,1,,,,,0.00,0.0,,,,,,
AD,05,7,02,1,,,,,0.00,0.0,,,,,,
AD,06,1,01,1,,,,,0.00,0.0,,,,,,
AD,06,1,02,1,,,,,0.00,0.0,,,,,,
AD,06,2,01,1,,,,,0.00,0.0,,,,,,
AD,06,2,02,1,,,,,0.00,0.0,,,,,,
AD,06,3,01,1,,,,,0.00,0.0,,,,,,
AD,06,3,02,1,,,,,0.00,0.0,,,,,,
AD,06,4,01,1,,,,,0.00,0.0,,,,,,
AD,06,4,02,1,,,,,0.00,0.0,,,,,,
AD,06,5,01,1,,,,,0.00,0.0,,,,,,
AD,06,5,02,1,,,,,0.00,0.0,,,,,,
AD,06,6,01,1,,,,,0.00,0.0,,,,,,
AD,06,6,02,1,,,,,0.00,0.0,,,,,,
AD,06,7,01,1,,,,,0.00,0.0,,,,,,
AD,06,7,02,1,,,,,0.00,0.0,,,,,,
AD,07,1,01,1,,,,,0.00,0.0,,,,,,
AD,07,1,02,1,,,,,0.00,0.0,,,,,,
AD,07,2,01,1,,,,,0.00,0.0,,,,,,
AD,07,2,02,1,,,,,0.00,0.0,,,,,,
AD,07,3,01,1,,,,,0.00,0.0,,,,,,
AD,07,3,02,1,,,,,0.00,0.0,,,,,,
AD,07,4,01,1,,,,,0.00,0.0,,,,,,
AD,07,4,02,1,,,,,0.00,0.0,,,,,,
AD,07,5,01,1,,,,,0.00,0.0,,,,,,
AD,07,5,02,1,,,,,0.00,0.0,,,,,,
AD,07,6,01,1,,,,,0.00,0.0,,,,,,
AD,07,6,02,1,,,,,0.00,0.0,,,,,,
AD,07,7,01,1,,,,,0.00,0.0,,,,,,
AD,07,7,02,1,,,,,0.00,0.0,,,,,,
AD,08,1,01,1,,,,,0.00,0.0,,,,,,
AD,08,1,02,1,,,,,0.00,0.0,,,,,,
AD,08,2,01,1,,,,,0.00,0.0,,,,,,
AD,08,2,02,1,,,,,0.00,0.0,,,,,,
AD,08,3,01,1,,,,,0.00,0.0,,,,,,
AD,08,3,02,1,,,,,0.00,0.0,,,,,,
AD,08,4,01,1,,,,,0.00,0.0,,,,,,
AD,08,4,02,1,,,,,0.00,0.0,,,,,,
AD,08,5,01,1,,,,,0.00,0.0,,,,,,
AD,08,5,02,1,,,,,0.00,0.0,,,,,,
AD,08,6,01,1,,,,,0.00,0.0,,,,,,
AD,08,6,02,1,,,,,0.00,0.0,,,,,,
AD,08,7,01,1,,,,,0.00,0.0,,,,,,
AD,08,7,02,1,,,,,0.00,0.0,,,,,,
AE,01,1,01,1,,,,,0.00,0.0,,,,,,
AE,01,1,02,1,,,,,0.00,0.0,,,,,,
AE,01,2,01,1,,,,,0.00,0.0,,,,,,
AE,01,2,02,1,,,,,0.00,0.0,,,,,,
AE,01,3,01,1,,,,,0.00,0.0,,,,,,
AE,01,3,02,1,,,,,0.00,0.0,,,,,,
AE,01,4,01,1,,,,,0.00,0.0,,,,,,
AE,01,4,02,1,,,,,0.00,0.0,,,,,,
AE,01,5,01,1,,,,,0.00,0.0,,,,,,
AE,01,5,02,1,,,,,0.00,0.0,,,,,,
AE,01,6,01,1,,,,,0.00,0.0,,,,,,
AE,01,6,02,1,,,,,0.00,0.0,,,,,,
AE,01,7,01,1,,,,,0.00,0.0,,,,,,
AE,01,7,02,1,,,,,0.00,0.0,,,,,,
AE,02,1,01,1,,,,,0.00,0.0,,,,,,
AE,02,1,02,1,,,,,0.00,0.0,,,,,,
AE,02,2,01,1,,,,,0.00,0.0,,,,,,
AE,02,2,02,1,,,,,0.00,0.0,,,,,,
AE,02,3,01,1,,,,,0.00,0.0,,,,,,
AE,02,3,02,1,,,,,0.00,0.0,,,,,,
AE,02,4,01,1,,,,,0.00,0.0,,,,,,
AE,02,4,02,1,,,,,0.00,0.0,,,,,,
AE,02,5,01,1,,,,,0.00,0.0,,,,,,
AE,02,5,02,1,,,,,0.00,0.0,,,,,,
AE,02,6,01,1,,,,,0.00,0.0,,,,,,
AE,02,6,02,1,,,,,0.00,0.0,,,,,,
AE,02,7,01,1,,,,,0.00,0.0,,,,,,
AE,02,7,02,1,,,,,0.00,0.0,,,,,,
AE,03,1,01,1,,,,,0.00,0.0,,,,,,
AE,03,1,02,1,,,,,0.00,0.0,,,,,,
AE,03,2,01,1,,,,,0.00,0.0,,,,,,
AE,03,2,02,1,,,,,0.00,0.0,,,,,,
AE,03,3,01,1,,,,,0.00,0.0,,,,,,
AE,03,3,02,1,,,,,0.00,0.0,,,,,,
AE,03,4,01,1,,,,,0.00,0.0,,,,,,
AE,03,4,02,1,,,,,0.00,0.0,,,,,,
AE,03,5,01,1,,,,,0.00,0.0,,,,,,
AE,03,5,02,1,,,,,0.00,0.0,,,,,,
AE,03,6,01,1,,,,,0.00,0.0,,,,,,
AE,03,6,02,1,,,,,0.00,0.0,,,,,,
AE,03,7,01,1,,,,,0.00,0.0,,,,,,
AE,03,7,02,1,,,,,0.00,0.0,,,,,,
AE,04,1,01,1,,,,,0.00,0.0,,,,,,
AE,04,1,02,1,,,,,0.00,0.0,,,,,,
AE,04,2,01,1,,,,,0.00,0.0,,,,,,
AE,04,2,02,1,,,,,0.00,0.0,,,,,,
AE,04,3,01,1,,,,,0.00,0.0,,,,,,
AE,04,3,02,1,,,,,0.00,0.0,,,,,,
AE,04,4,01,1,,,,,0.00,0.0,,,,,,
AE,04,4,02,1,,,,,0.00,0.0,,,,,,
AE,04,5,01,1,,,,,0.00,0.0,,,,,,
AE,04,5,02,1,,,,,0.00,0.0,,,,,,
AE,04,6,01,1,,,,,0.00,0.0,,,,,,
AE,04,6,02,1,,,,,0.00,0.0,,,,,,
AE,04,7,01,1,,,,,0.00,0.0,,,,,,
AE,04,7,02,1,,,,,0.00,0.0,,,,,,
AE,05,1,01,1,,,,,0.00,0.0,,,,,,
AE,05,1,02,1,,,,,0.00,0.0,,,,,,
AE,05,2,01,1,,,,,0.00,0.0,,,,,,
AE,05,2,02,1,,,,,0.00,0.0,,,,,,
AE,05,3,01,1,,,,,0.00,0.0,,,,,,
AE,05,3,02,1,,,,,0.00,0.0,,,,,,
AE,05,4,01,1,,,,,0.00,0.0,,,,,,
AE,05,4,02,1,,,,,0.00,0.0,,,,,,
AE,05,5,01,1,,,,,0.00,0.0,,,,,,
AE,05,5,02,1,,,,,0.00,0.0,,,,,,
AE,05,6,01,1,,,,,0.00,0.0,,,,,,
AE,05,6,02,1,,,,,0.00,0.0,,,,,,
AE,05,7,01,1,,,,,0.00,0.0,,,,,,
AE,05,7,02,1,,,,,0.00,0.0,,,,,,
AE,06,1,01,1,,,,,0.00,0.0,,,,,,
AE,06,1,02,1,,,,,0.00,0.0,,,,,,
AE,06,2,01,1,,,,,0.00,0.0,,,,,,
AE,06,2,02,1,,,,,0.00,0.0,,,,,,
AE,06,3,01,1,,,,,0.00,0.0,,,,,,
AE,06,3,02,1,,,,,0.00,0.0,,,,,,
AE,06,4,01,1,,,,,0.00,0.0,,,,,,
AE,06,4,02,1,,,,,0.00,0.0,,,,,,
AE,06,5,01,1,,,,,0.00,0.0,,,,,,
AE,06,5,02,1,,,,,0.00,0.0,,,,,,
AE,06,6,01,1,,,,,0.00,0.0,,,,,,
AE,06,6,02,1,,,,,0.00,0.0,,,,,,
AE,06,7,01,1,,,,,0.00,0.0,,,,,,
AE,06,7,02,1,,,,,0.00,0.0,,,,,,
AE,07,1,01,1,,,,,0.00,0.0,,,,,,
AE,07,1,02,1,,,,,0.00,0.0,,,,,,
AE,07,2,01,1,,,,,0.00,0.0,,,,,,
AE,07,2,02,1,,,,,0.00,0.0,,,,,,
AE,07,3,01,1,,,,,0.00,0.0,,,,,,
AE,07,3,02,1,,,,,0.00,0.0,,,,,,
AE,07,4,01,1,,,,,0.00,0.0,,,,,,
AE,07,4,02,1,,,,,0.00,0.0,,,,,,
AE,07,5,01,1,,,,,0.00,0.0,,,,,,
AE,07,5,02,1,,,,,0.00,0.0,,,,,,
AE,07,6,01,1,,,,,0.00,0.0,,,,,,
AE,07,6,02,1,,,,,0.00,0.0,,,,,,
AE,07,7,01,1,,,,,0.00,0.0,,,,,,
AE,07,7,02,1,,,,,0.00,0.0,,,,,,
AE,08,1,01,1,,,,,0.00,0.0,,,,,,
AE,08,1,02,1,,,,,0.00,0.0,,,,,,
AE,08,2,01,1,,,,,0.00,0.0,,,,,,
AE,08,2,02,1,,,,,0.00,0.0,,,,,,
AE,08,3,01,1,,,,,0.00,0.0,,,,,,
AE,08,3,02,1,,,,,0.00,0.0,,,,,,
AE,08,4,01,1,,,,,0.00,0.0,,,,,,
AE,08,4,02,1,,,,,0.00,0.0,,,,,,
AE,08,5,01,1,,,,,0.00,0.0,,,,,,
AE,08,5,02,1,,,,,0.00,0.0,,,,,,
AE,08,6,01,1,,,,,0.00,0.0,,,,,,
AE,08,6,02,1,,,,,0.00,0.0,,,,,,
AE,08,7,01,1,,,,,0.00,0.0,,,,,,
AE,08,7,02,1,,,,,0.00,0.0,,,,,,
AF,01,1,01,1,,,,,0.00,0.0,,,,,,
AF,01,1,02,1,,,,,0.00,0.0,,,,,,
AF,01,2,01,1,,,,,0.00,0.0,,,,,,
AF,01,2,02,1,,,,,0.00,0.0,,,,,,
AF,01,3,01,1,,,,,0.00,0.0,,,,,,
AF,01,3,02,1,,,,,0.00,0.0,,,,,,
AF,01,4,01,1,,,,,0.00,0.0,,,,,,
AF,01,4,02,1,,,,,0.00,0.0,,,,,,
AF,01,5,01,1,,,,,0.00,0.0,,,,,,
AF,01,5,02,1,,,,,0.00,0.0,,,,,,
AF,01,6,01,1,,,,,0.00,0.0,,,,,,
AF,01,6,02,1,,,,,0.00,0.0,,,,,,
AF,01,7,01,1,,,,,0.00,0.0,,,,,,
AF,01,7,02,1,,,,,0.00,0.0,,,,,,
AF,02,1,01,1,,,,,0.00,0.0,,,,,,
AF,02,1,02,1,,,,,0.00,0.0,,,,,,
AF,02,2,01,1,,,,,0.00,0.0,,,,,,
AF,02,2,02,1,,,,,0.00,0.0,,,,,,
AF,02,3,01,1,,,,,0.00,0.0,,,,,,
AF,02,3,02,1,,,,,0.00,0.0,,,,,,
AF,02,4,01,1,,,,,0.00,0.0,,,,,,
AF,02,4,02,1,,,,,0.00,0.0,,,,,,
AF,02,5,01,1,,,,,0.00,0.0,,,,,,
AF,02,5,02,1,,,,,0.00,0.0,,,,,,
AF,02,6,01,1,,,,,0.00,0.0,,,,,,
AF,02,6,02,1,,,,,0.00,0.0,,,,,,
AF,02,7,01,1,,,,,0.00,0.0,,,,,,
AF,02,7,02,1,,,,,0.00,0.0,,,,,,
AF,03,1,01,1,,,,,0.00,0.0,,,,,,
AF,03,1,02,1,,,,,0.00,0.0,,,,,,
AF,03,2,01,1,,,,,0.00,0.0,,,,,,
AF,03,2,02,1,20054875,INDOMARET KANTONG PLASTIK(40/28X50X0.02) 1 WARNA WHL BESAR,,,200.00,400,50.00%,1000,,01/08/2027,Z,5000
AF,03,3,01,1,,,,,0.00,0.0,,,,,,
AF,03,3,02,1,,,,,0.00,0.0,,,,,,
AF,03,4,01,1,,,,,0.00,0.0,,,,,,
AF,03,4,02,1,,,,,0.00,0.0,,,,,,
AF,03,5,01,1,,,,,0.00,0.0,,,,,,
AF,03,5,02,1,,,,,0.00,0.0,,,,,,
AF,03,6,01,1,,,,,0.00,0.0,,,,,,
AF,03,6,02,1,,,,,0.00,0.0,,,,,,
AF,03,7,01,1,,,,,0.00,0.0,,,,,,
AF,03,7,02,1,,,,,0.00,0.0,,,,,,
AF,04,1,01,1,,,,,0.00,0.0,,,,,,
AF,04,1,02,1,,,,,0.00,0.0,,,,,,
AF,04,2,01,1,,,,,0.00,0.0,,,,,,
AF,04,2,02,1,,,,,0.00,0.0,,,,,,
AF,04,3,01,1,,,,,0.00,0.0,,,,,,
AF,04,3,02,1,,,,,0.00,0.0,,,,,,
AF,04,4,01,1,,,,,0.00,0.0,,,,,,
AF,04,4,02,1,,,,,0.00,0.0,,,,,,
AF,04,5,01,1,,,,,0.00,0.0,,,,,,
AF,04,5,02,1,,,,,0.00,0.0,,,,,,
AF,04,6,01,1,,,,,0.00,0.0,,,,,,
AF,04,6,02,1,,,,,0.00,0.0,,,,,,
AF,04,7,01,1,,,,,0.00,0.0,,,,,,
AF,04,7,02,1,,,,,0.00,0.0,,,,,,
AF,05,1,01,1,,,,,0.00,0.0,,,,,,
AF,05,1,02,1,,,,,0.00,0.0,,,,,,
AF,05,2,01,1,,,,,0.00,0.0,,,,,,
AF,05,2,02,1,,,,,0.00,0.0,,,,,,
AF,05,3,01,1,,,,,0.00,0.0,,,,,,
AF,05,3,02,1,,,,,0.00,0.0,,,,,,
AF,05,4,01,1,,,,,0.00,0.0,,,,,,
AF,05,4,02,1,,,,,0.00,0.0,,,,,,
AF,05,5,01,1,,,,,0.00,0.0,,,,,,
AF,05,5,02,1,,,,,0.00,0.0,,,,,,
AF,05,6,01,1,,,,,0.00,0.0,,,,,,
AF,05,6,02,1,,,,,0.00,0.0,,,,,,
AF,05,7,01,1,,,,,0.00,0.0,,,,,,
AF,05,7,02,1,,,,,0.00,0.0,,,,,,
AF,06,1,01,1,,,,,0.00,0.0,,,,,,
AF,06,1,02,1,,,,,0.00,0.0,,,,,,
AF,06,2,01,1,,,,,0.00,0.0,,,,,,
AF,06,2,02,1,,,,,0.00,0.0,,,,,,
AF,06,3,01,1,,,,,0.00,0.0,,,,,,
AF,06,3,02,1,,,,,0.00,0.0,,,,,,
AF,06,4,01,1,,,,,0.00,0.0,,,,,,
AF,06,4,02,1,,,,,0.00,0.0,,,,,,
AF,06,5,01,1,,,,,0.00,0.0,,,,,,
AF,06,5,02,1,,,,,0.00,0.0,,,,,,
AF,06,6,01,1,,,,,0.00,0.0,,,,,,
AF,06,6,02,1,,,,,0.00,0.0,,,,,,
AF,06,7,01,1,,,,,0.00,0.0,,,,,,
AF,06,7,02,1,,,,,0.00,0.0,,,,,,
AF,07,1,01,1,,,,,0.00,0.0,,,,,,
AF,07,1,02,1,,,,,0.00,0.0,,,,,,
AF,07,2,01,1,,,,,0.00,0.0,,,,,,
AF,07,2,02,1,,,,,0.00,0.0,,,,,,
AF,07,3,01,1,,,,,0.00,0.0,,,,,,
AF,07,3,02,1,,,,,0.00,0.0,,,,,,
AF,07,4,01,1,,,,,0.00,0.0,,,,,,
AF,07,4,02,1,,,,,0.00,0.0,,,,,,
AF,07,5,01,1,,,,,0.00,0.0,,,,,,
AF,07,5,02,1,,,,,0.00,0.0,,,,,,
AF,07,6,01,1,,,,,0.00,0.0,,,,,,
AF,07,6,02,1,,,,,0.00,0.0,,,,,,
AF,07,7,01,1,,,,,0.00,0.0,,,,,,
AF,07,7,02,1,,,,,0.00,0.0,,,,,,
AF,08,1,01,1,,,,,0.00,0.0,,,,,,
AF,08,1,02,1,,,,,0.00,0.0,,,,,,
AF,08,2,01,1,,,,,0.00,0.0,,,,,,
AF,08,2,02,1,,,,,0.00,0.0,,,,,,
AF,08,3,01,1,,,,,0.00,0.0,,,,,,
AF,08,3,02,1,,,,,0.00,0.0,,,,,,
AF,08,4,01,1,,,,,0.00,0.0,,,,,,
AF,08,4,02,1,,,,,0.00,0.0,,,,,,
AF,08,5,01,1,,,,,0.00,0.0,,,,,,
AF,08,5,02,1,,,,,0.00,0.0,,,,,,
AF,08,6,01,1,,,,,0.00,0.0,,,,,,
AF,08,6,02,1,,,,,0.00,0.0,,,,,,
AF,08,7,01,1,,,,,0.00,0.0,,,,,,
AF,08,7,02,1,,,,,0.00,0.0,,,,,,
AG,01,1,01,1,,,,,0.00,0.0,,,,,,
AG,01,1,02,1,,,,,0.00,0.0,,,,,,
AG,01,2,01,1,,,,,0.00,0.0,,,,,,
AG,01,2,02,1,,,,,0.00,0.0,,,,,,
AG,01,2,03,1,,,,,0.00,0.0,,,,,,
AG,01,2,04,1,,,,,0.00,0.0,,,,,,
AG,01,2,05,1,,,,,0.00,0.0,,,,,,
AG,01,2,06,1,,,,,0.00,0.0,,,,,,
AG,01,2,07,1,,,,,0.00,0.0,,,,,,
AG,01,2,08,1,,,,,0.00,0.0,,,,,,
AG,01,2,09,1,,,,,0.00,0.0,,,,,,
AG,01,2,10,1,,,,,0.00,0.0,,,,,,
AG,01,3,01,1,,,,,0.00,0.0,,,,,,
AG,01,3,02,1,,,,,0.00,0.0,,,,,,
AG,01,3,03,1,,,,,0.00,0.0,,,,,,
AG,01,3,04,1,,,,,0.00,0.0,,,,,,
AG,01,3,05,1,,,,,0.00,0.0,,,,,,
AG,01,3,06,1,,,,,0.00,0.0,,,,,,
AG,01,3,07,1,,,,,0.00,0.0,,,,,,
AG,01,3,08,1,,,,,0.00,0.0,,,,,,
AG,01,3,09,1,,,,,0.00,0.0,,,,,,
AG,01,3,10,1,,,,,0.00,0.0,,,,,,
AG,01,4,01,1,,,,,0.00,0.0,,,,,,
AG,01,4,02,1,,,,,0.00,0.0,,,,,,
AG,01,4,03,1,,,,,0.00,0.0,,,,,,
AG,01,4,04,1,,,,,0.00,0.0,,,,,,
AG,01,4,05,1,,,,,0.00,0.0,,,,,,
AG,01,4,06,1,,,,,0.00,0.0,,,,,,
AG,01,4,07,1,,,,,0.00,0.0,,,,,,
AG,01,4,08,1,,,,,0.00,0.0,,,,,,
AG,01,4,09,1,,,,,0.00,0.0,,,,,,
AG,01,4,10,1,,,,,0.00,0.0,,,,,,
AG,01,5,01,1,,,,,0.00,0.0,,,,,,
AG,01,5,02,1,,,,,0.00,0.0,,,,,,
AG,01,5,03,1,,,,,0.00,0.0,,,,,,
AG,01,5,04,1,,,,,0.00,0.0,,,,,,
AG,01,5,05,1,,,,,0.00,0.0,,,,,,
AG,01,5,06,1,,,,,0.00,0.0,,,,,,
AG,01,5,07,1,,,,,0.00,0.0,,,,,,
AG,01,5,08,1,,,,,0.00,0.0,,,,,,
AG,01,5,09,1,,,,,0.00,0.0,,,,,,
AG,01,5,10,1,,,,,0.00,0.0,,,,,,
AG,01,6,01,1,,,,,0.00,0.0,,,,,,
AG,01,6,02,1,,,,,0.00,0.0,,,,,,
AG,01,6,03,1,,,,,0.00,0.0,,,,,,
AG,01,6,04,1,,,,,0.00,0.0,,,,,,
AG,01,6,05,1,,,,,0.00,0.0,,,,,,
AG,01,6,06,1,,,,,0.00,0.0,,,,,,
AG,01,6,07,1,,,,,0.00,0.0,,,,,,
AG,01,6,08,1,,,,,0.00,0.0,,,,,,
AG,01,6,09,1,,,,,0.00,0.0,,,,,,
AG,01,6,10,1,,,,,0.00,0.0,,,,,,
AG,01,7,01,1,,,,,0.00,0.0,,,,,,
AG,01,7,02,1,,,,,0.00,0.0,,,,,,
AG,01,7,03,1,,,,,0.00,0.0,,,,,,
AG,01,7,04,1,,,,,0.00,0.0,,,,,,
AG,01,7,05,1,,,,,0.00,0.0,,,,,,
AG,01,7,06,1,,,,,0.00,0.0,,,,,,
AG,01,7,07,1,,,,,0.00,0.0,,,,,,
AG,01,7,08,1,,,,,0.00,0.0,,,,,,
AG,01,7,09,1,,,,,0.00,0.0,,,,,,
AG,01,7,10,1,,,,,0.00,0.0,,,,,,
AG,02,1,01,1,,,,,0.00,0.0,,,,,,
AG,02,1,02,1,,,,,0.00,0.0,,,,,,
AG,02,2,01,1,,,,,0.00,0.0,,,,,,
AG,02,2,02,1,,,,,0.00,0.0,,,,,,
AG,02,2,03,1,,,,,0.00,0.0,,,,,,
AG,02,2,04,1,,,,,0.00,0.0,,,,,,
AG,02,2,05,1,,,,,0.00,0.0,,,,,,
AG,02,2,06,1,,,,,0.00,0.0,,,,,,
AG,02,2,07,1,,,,,0.00,0.0,,,,,,
AG,02,2,08,1,,,,,0.00,0.0,,,,,,
AG,02,2,09,1,,,,,0.00,0.0,,,,,,
AG,02,2,10,1,,,,,0.00,0.0,,,,,,
AG,02,3,01,1,,,,,0.00,0.0,,,,,,
AG,02,3,02,1,,,,,0.00,0.0,,,,,,
AG,02,3,03,1,,,,,0.00,0.0,,,,,,
AG,02,3,04,1,,,,,0.00,0.0,,,,,,
AG,02,3,05,1,,,,,0.00,0.0,,,,,,
AG,02,3,06,1,,,,,0.00,0.0,,,,,,
AG,02,3,07,1,,,,,0.00,0.0,,,,,,
AG,02,3,08,1,,,,,0.00,0.0,,,,,,
AG,02,3,09,1,,,,,0.00,0.0,,,,,,
AG,02,3,10,1,,,,,0.00,0.0,,,,,,
AG,02,4,01,1,,,,,0.00,0.0,,,,,,
AG,02,4,02,1,,,,,0.00,0.0,,,,,,
AG,02,4,03,1,,,,,0.00,0.0,,,,,,
AG,02,4,04,1,,,,,0.00,0.0,,,,,,
AG,02,4,05,1,,,,,0.00,0.0,,,,,,
AG,02,4,06,1,,,,,0.00,0.0,,,,,,
AG,02,4,07,1,,,,,0.00,0.0,,,,,,
AG,02,4,08,1,,,,,0.00,0.0,,,,,,
AG,02,4,09,1,,,,,0.00,0.0,,,,,,
AG,02,4,10,1,,,,,0.00,0.0,,,,,,
AG,02,5,01,1,,,,,0.00,0.0,,,,,,
AG,02,5,02,1,,,,,0.00,0.0,,,,,,
AG,02,5,03,1,,,,,0.00,0.0,,,,,,
AG,02,5,04,1,,,,,0.00,0.0,,,,,,
AG,02,5,05,1,,,,,0.00,0.0,,,,,,
AG,02,5,06,1,,,,,0.00,0.0,,,,,,
AG,02,5,07,1,,,,,0.00,0.0,,,,,,
AG,02,5,08,1,,,,,0.00,0.0,,,,,,
AG,02,5,09,1,,,,,0.00,0.0,,,,,,
AG,02,5,10,1,,,,,0.00,0.0,,,,,,
AG,02,6,01,1,,,,,0.00,0.0,,,,,,
AG,02,6,02,1,,,,,0.00,0.0,,,,,,
AG,02,6,03,1,,,,,0.00,0.0,,,,,,
AG,02,6,04,1,,,,,0.00,0.0,,,,,,
AG,02,6,05,1,,,,,0.00,0.0,,,,,,
AG,02,6,06,1,,,,,0.00,0.0,,,,,,
AG,02,6,07,1,,,,,0.00,0.0,,,,,,
AG,02,6,08,1,,,,,0.00,0.0,,,,,,
AG,02,6,09,1,,,,,0.00,0.0,,,,,,
AG,02,6,10,1,,,,,0.00,0.0,,,,,,
AG,02,7,01,1,,,,,0.00,0.0,,,,,,
AG,02,7,02,1,,,,,0.00,0.0,,,,,,
AG,02,7,03,1,,,,,0.00,0.0,,,,,,
AG,02,7,04,1,,,,,0.00,0.0,,,,,,
AG,02,7,05,1,,,,,0.00,0.0,,,,,,
AG,02,7,06,1,,,,,0.00,0.0,,,,,,
AG,02,7,07,1,,,,,0.00,0.0,,,,,,
AG,02,7,08,1,,,,,0.00,0.0,,,,,,
AG,02,7,09,1,,,,,0.00,0.0,,,,,,
AG,02,7,10,1,,,,,0.00,0.0,,,,,,
AG,03,1,01,1,,,,,0.00,0.0,,,,,,
AG,03,1,02,1,,,,,0.00,0.0,,,,,,
AG,03,2,01,1,,,,,0.00,0.0,,,,,,
AG,03,2,02,1,,,,,0.00,0.0,,,,,,
AG,03,2,03,1,,,,,0.00,0.0,,,,,,
AG,03,2,04,1,,,,,0.00,0.0,,,,,,
AG,03,2,05,1,,,,,0.00,0.0,,,,,,
AG,03,2,06,1,,,,,0.00,0.0,,,,,,
AG,03,2,07,1,,,,,0.00,0.0,,,,,,
AG,03,2,08,1,,,,,0.00,0.0,,,,,,
AG,03,2,09,1,,,,,0.00,0.0,,,,,,
AG,03,2,10,1,,,,,0.00,0.0,,,,,,
AG,03,3,01,1,,,,,0.00,0.0,,,,,,
AG,03,3,02,1,,,,,0.00,0.0,,,,,,
AG,03,3,03,1,,,,,0.00,0.0,,,,,,
AG,03,3,04,1,,,,,0.00,0.0,,,,,,
AG,03,3,05,1,,,,,0.00,0.0,,,,,,
AG,03,3,06,1,,,,,0.00,0.0,,,,,,
AG,03,3,07,1,,,,,0.00,0.0,,,,,,
AG,03,3,08,1,,,,,0.00,0.0,,,,,,
AG,03,3,09,1,,,,,0.00,0.0,,,,,,
AG,03,3,10,1,,,,,0.00,0.0,,,,,,
AG,03,4,01,1,,,,,0.00,0.0,,,,,,
AG,03,4,02,1,,,,,0.00,0.0,,,,,,
AG,03,4,03,1,,,,,0.00,0.0,,,,,,
AG,03,4,04,1,,,,,0.00,0.0,,,,,,
AG,03,4,05,1,,,,,0.00,0.0,,,,,,
AG,03,4,06,1,,,,,0.00,0.0,,,,,,
AG,03,4,07,1,,,,,0.00,0.0,,,,,,
AG,03,4,08,1,,,,,0.00,0.0,,,,,,
AG,03,4,09,1,,,,,0.00,0.0,,,,,,
AG,03,4,10,1,,,,,0.00,0.0,,,,,,
AG,03,5,01,1,,,,,0.00,0.0,,,,,,
AG,03,5,02,1,,,,,0.00,0.0,,,,,,
AG,03,5,03,1,,,,,0.00,0.0,,,,,,
AG,03,5,04,1,,,,,0.00,0.0,,,,,,
AG,03,5,05,1,,,,,0.00,0.0,,,,,,
AG,03,5,06,1,,,,,0.00,0.0,,,,,,
AG,03,5,07,1,,,,,0.00,0.0,,,,,,
AG,03,5,08,1,,,,,0.00,0.0,,,,,,
AG,03,5,09,1,,,,,0.00,0.0,,,,,,
AG,03,5,10,1,,,,,0.00,0.0,,,,,,
AG,03,6,01,1,,,,,0.00,0.0,,,,,,
AG,03,6,02,1,,,,,0.00,0.0,,,,,,
AG,03,6,03,1,,,,,0.00,0.0,,,,,,
AG,03,6,04,1,,,,,0.00,0.0,,,,,,
AG,03,6,05,1,,,,,0.00,0.0,,,,,,
AG,03,6,06,1,,,,,0.00,0.0,,,,,,
AG,03,6,07,1,,,,,0.00,0.0,,,,,,
AG,03,6,08,1,,,,,0.00,0.0,,,,,,
AG,03,6,09,1,,,,,0.00,0.0,,,,,,
AG,03,6,10,1,,,,,0.00,0.0,,,,,,
AG,03,7,01,1,,,,,0.00,0.0,,,,,,
AG,03,7,02,1,,,,,0.00,0.0,,,,,,
AG,03,7,03,1,,,,,0.00,0.0,,,,,,
AG,03,7,04,1,,,,,0.00,0.0,,,,,,
AG,03,7,05,1,,,,,0.00,0.0,,,,,,
AG,03,7,06,1,,,,,0.00,0.0,,,,,,
AG,03,7,07,1,,,,,0.00,0.0,,,,,,
AG,03,7,08,1,,,,,0.00,0.0,,,,,,
AG,03,7,09,1,,,,,0.00,0.0,,,,,,
AG,03,7,10,1,,,,,0.00,0.0,,,,,,
AG,04,1,01,1,,,,,0.00,0.0,,,,,,
AG,04,1,02,1,,,,,0.00,0.0,,,,,,
AG,04,2,01,1,,,,,0.00,0.0,,,,,,
AG,04,2,02,1,,,,,0.00,0.0,,,,,,
AG,04,2,03,1,,,,,0.00,0.0,,,,,,
AG,04,2,04,1,,,,,0.00,0.0,,,,,,
AG,04,2,05,1,,,,,0.00,0.0,,,,,,
AG,04,2,06,1,,,,,0.00,0.0,,,,,,
AG,04,2,07,1,,,,,0.00,0.0,,,,,,
AG,04,2,08,1,,,,,0.00,0.0,,,,,,
AG,04,2,09,1,,,,,0.00,0.0,,,,,,
AG,04,2,10,1,,,,,0.00,0.0,,,,,,
AG,04,3,01,1,,,,,0.00,0.0,,,,,,
AG,04,3,02,1,,,,,0.00,0.0,,,,,,
AG,04,3,03,1,,,,,0.00,0.0,,,,,,
AG,04,3,04,1,,,,,0.00,0.0,,,,,,
AG,04,3,05,1,,,,,0.00,0.0,,,,,,
AG,04,3,06,1,,,,,0.00,0.0,,,,,,
AG,04,3,07,1,,,,,0.00,0.0,,,,,,
AG,04,3,08,1,,,,,0.00,0.0,,,,,,
AG,04,3,09,1,,,,,0.00,0.0,,,,,,
AG,04,3,10,1,,,,,0.00,0.0,,,,,,
AG,04,4,01,1,,,,,0.00,0.0,,,,,,
AG,04,4,02,1,,,,,0.00,0.0,,,,,,
AG,04,4,03,1,,,,,0.00,0.0,,,,,,
AG,04,4,04,1,,,,,0.00,0.0,,,,,,
AG,04,4,05,1,,,,,0.00,0.0,,,,,,
AG,04,4,06,1,,,,,0.00,0.0,,,,,,
AG,04,4,07,1,,,,,0.00,0.0,,,,,,
AG,04,4,08,1,,,,,0.00,0.0,,,,,,
AG,04,4,09,1,,,,,0.00,0.0,,,,,,
AG,04,4,10,1,,,,,0.00,0.0,,,,,,
AG,04,5,01,1,,,,,0.00,0.0,,,,,,
AG,04,5,02,1,,,,,0.00,0.0,,,,,,
AG,04,5,03,1,,,,,0.00,0.0,,,,,,
AG,04,5,04,1,,,,,0.00,0.0,,,,,,
AG,04,5,05,1,,,,,0.00,0.0,,,,,,
AG,04,5,06,1,,,,,0.00,0.0,,,,,,
AG,04,5,07,1,,,,,0.00,0.0,,,,,,
AG,04,5,08,1,,,,,0.00,0.0,,,,,,
AG,04,5,09,1,,,,,0.00,0.0,,,,,,
AG,04,5,10,1,,,,,0.00,0.0,,,,,,
AG,04,6,01,1,,,,,0.00,0.0,,,,,,
AG,04,6,02,1,,,,,0.00,0.0,,,,,,
AG,04,6,03,1,,,,,0.00,0.0,,,,,,
AG,04,6,04,1,,,,,0.00,0.0,,,,,,
AG,04,6,05,1,,,,,0.00,0.0,,,,,,
AG,04,6,06,1,,,,,0.00,0.0,,,,,,
AG,04,6,07,1,,,,,0.00,0.0,,,,,,
AG,04,6,08,1,,,,,0.00,0.0,,,,,,
AG,04,6,09,1,,,,,0.00,0.0,,,,,,
AG,04,6,10,1,,,,,0.00,0.0,,,,,,
AG,04,7,01,1,,,,,0.00,0.0,,,,,,
AG,04,7,02,1,,,,,0.00,0.0,,,,,,
AG,04,7,03,1,,,,,0.00,0.0,,,,,,
AG,04,7,04,1,,,,,0.00,0.0,,,,,,
AG,04,7,05,1,,,,,0.00,0.0,,,,,,
AG,04,7,06,1,,,,,0.00,0.0,,,,,,
AG,04,7,07,1,,,,,0.00,0.0,,,,,,
AG,04,7,08,1,,,,,0.00,0.0,,,,,,
AG,04,7,09,1,,,,,0.00,0.0,,,,,,
AG,04,7,10,1,,,,,0.00,0.0,,,,,,
AG,05,1,01,1,,,,,0.00,0.0,,,,,,
AG,05,1,02,1,,,,,0.00,0.0,,,,,,
AG,05,2,01,1,20135483,EMCO VORTEX SUPER ROPE LOOPER  BOX,,,26.00,72,36.11%,12,,01/05/2026,R,1
AG,05,2,02,1,20034119,FRISIAN FLAG 1+ SUSU BUBUK PERTUMBUHAN MADU BOX 360,,,5.00,25,20.00%,24,,01/05/2026,R,1
AG,05,2,03,1,20139855,SOLO LEVELING  PUZZLE STANDEE  PCS,,,1.00,240,0.42%,50,,01/06/2026,R,2
AG,05,2,04,1,20138021,SUNSILK POWER SHOT CREAMBATH SILKY GLOSS SCT 30,,,11.00,150,7.33%,48,,01/06/2026,R,1
AG,05,2,05,1,,,,,0.00,0.0,,,,,,
AG,05,2,06,1,20110964,KRISBOW SCREWDRIVER (+)  PCS 5100,,,33.00,40,82.50%,12,,01/06/2026,R,1
AG,05,2,07,1,20110965,KRISBOW SCREWDRIVER (-)  PCS 5100,,,52.00,64,81.25%,12,,01/07/2026,R,1
AG,05,2,08,1,,,,,0.00,0.0,,,,,,
AG,05,2,09,1,,,,,0.00,0.0,,,,,,
AG,05,2,10,1,,,,,0.00,0.0,,,,,,
AG,05,3,01,1,20089665,INDOMARET PENGHILANG NODA  PCH 450L,,,23.00,32,71.88%,24,,01/05/2026,R,1
AG,05,3,02,1,,,,,0.00,0.0,,,,,,
AG,05,3,03,1,,,,,0.00,0.0,,,,,,
AG,05,3,04,1,,,,,0.00,0.0,,,,,,
AG,05,3,05,1,,,,,0.00,0.0,,,,,,
AG,05,3,06,1,20034118,FRISIAN FLAG 1+ SUSU BUBUK PERTUMBUHAN VANILA BOX 360,,,3.00,25,12.00%,24,,01/06/2026,R,1
AG,05,3,07,1,20034122,FRISIAN FLAG 3+ SUSU BUBUK PERTUMBUHAN MADU BOX 360,,,3.00,25,12.00%,24,,01/06/2026,R,1
AG,05,3,08,1,20128561,INDOMARET COCONUT WATER ORANGE TPK 250L,,,3.00,50,6.00%,24,,01/06/2026,R,1
AG,05,3,09,1,20137071,CRAYOLA SCRIBBLE SCRUBBIE PETS BLIND  BAG PCS LARGE,,,54.00,120,45.00%,12,,01/06/2026,R,1
AG,05,3,10,1,,,,,0.00,0.0,,,,,,
AG,05,4,01,1,,,,,0.00,0.0,,,,,,
AG,05,4,02,1,,,,,0.00,0.0,,,,,,
AG,05,4,03,1,,,,,0.00,0.0,,,,,,
AG,05,4,04,1,,,,,0.00,0.0,,,,,,
AG,05,4,05,1,,,,,0.00,0.0,,,,,,
AG,05,4,06,1,,,,,0.00,0.0,,,,,,
AG,05,4,07,1,,,,,0.00,0.0,,,,,,
AG,05,4,08,1,,,,,0.00,0.0,,,,,,
AG,05,4,09,1,,,,,0.00,0.0,,,,,,
AG,05,4,10,1,,,,,0.00,0.0,,,,,,
AG,05,5,01,1,,,,,0.00,0.0,,,,,,
AG,05,5,02,1,,,,,0.00,0.0,,,,,,
AG,05,5,03,1,,,,,0.00,0.0,,,,,,
AG,05,5,04,1,,,,,0.00,0.0,,,,,,
AG,05,5,05,1,,,,,0.00,0.0,,,,,,
AG,05,5,06,1,,,,,0.00,0.0,,,,,,
AG,05,5,07,1,,,,,0.00,0.0,,,,,,
AG,05,5,08,1,,,,,0.00,0.0,,,,,,
AG,05,5,09,1,,,,,0.00,0.0,,,,,,
AG,05,5,10,1,,,,,0.00,0.0,,,,,,
AG,05,6,01,1,,,,,0.00,0.0,,,,,,
AG,05,6,02,1,,,,,0.00,0.0,,,,,,
AG,05,6,03,1,,,,,0.00,0.0,,,,,,
AG,05,6,04,1,,,,,0.00,0.0,,,,,,
AG,05,6,05,1,,,,,0.00,0.0,,,,,,
AG,05,6,06,1,,,,,0.00,0.0,,,,,,
AG,05,6,07,1,,,,,0.00,0.0,,,,,,
AG,05,6,08,1,,,,,0.00,0.0,,,,,,
AG,05,6,09,1,,,,,0.00,0.0,,,,,,
AG,05,6,10,1,,,,,0.00,0.0,,,,,,
AG,05,7,01,1,,,,,0.00,0.0,,,,,,
AG,05,7,02,1,,,,,0.00,0.0,,,,,,
AG,05,7,03,1,,,,,0.00,0.0,,,,,,
AG,05,7,04,1,,,,,0.00,0.0,,,,,,
AG,05,7,05,1,,,,,0.00,0.0,,,,,,
AG,05,7,06,1,,,,,0.00,0.0,,,,,,
AG,05,7,07,1,,,,,0.00,0.0,,,,,,
AG,05,7,08,1,,,,,0.00,0.0,,,,,,
AG,05,7,09,1,,,,,0.00,0.0,,,,,,
AG,05,7,10,1,,,,,0.00,0.0,,,,,,
AG,06,1,01,1,,,,,0.00,0.0,,,,,,
AG,06,1,02,1,,,,,0.00,0.0,,,,,,
AG,06,2,01,1,20060210,INDOMARET MINUMAN TEH HIJAU MELATI BTL 450/330L,,,32.00,100,32.00%,12,,01/05/2026,R,1
AG,06,2,02,1,20077509,INDOMARET MINUMAN LEMON TEA  BTL 330L,,,31.00,100,31.00%,12,,01/05/2026,R,2
AG,06,2,03,1,20090425,INDOMARET SOFT DETERGEN CAIR BATIK / ZAITUN & SIRIH PCH 450L,,,15.00,90,16.67%,12,,01/05/2026,R,1
AG,06,2,04,1,20092899,INDOMARET I-VOUCHER SEASONAL HUT-RI FSK  PCS,,,4641.00,10,46410.00%,1,,01/05/2026,R,1
AG,06,2,05,1,,,,,0.00,0.0,,,,,,
AG,06,2,06,1,20055268,INDOMARET MALKIST CRACKERS  PCK 125,,,20.00,40,50.00%,30,,01/02/2026,R,2
AG,06,2,07,1,,,,,0.00,0.0,,,,,,
AG,06,2,08,1,,,,,0.00,0.0,,,,,,
AG,06,2,09,1,,,,,0.00,0.0,,,,,,
AG,06,2,10,1,,,,,0.00,0.0,,,,,,
AG,06,3,01,1,20123496,CRAYOLA COLORING PACK  PCK,,,50.00,168,29.76%,18,,01/04/2026,R,1
AG,06,3,02,1,20138689,EMCO INFINI-TWIST PYRAMAGIC  PCS,,,12.00,30,40.00%,24,,01/04/2026,R,1
AG,06,3,03,1,20139395,EMCO WASHY KITTIES  BOX,,,2.00,12,16.67%,128,,01/04/2026,R,1
AG,06,3,04,1,20139522,REXONA DEO.ROLL ON MEN GARUDA EDITION DRY DEFENDER BTL 40,,,21.00,78,26.92%,24,,01/04/2026,R,1
AG,06,3,05,1,,,,,0.00,0.0,,,,,,
AG,06,3,06,1,,,,,0.00,0.0,,,,,,
AG,06,3,07,1,20086327,RINSO DETERGENT POWDER MATIC (99878) FRONT LOAD PCK 1/900,,,6.00,40,15.00%,12,,01/03/2026,R,1
AG,06,3,08,1,,,,,0.00,0.0,,,,,,
AG,06,3,09,1,,,,,0.00,0.0,,,,,,
AG,06,3,10,1,,,,,0.00,0.0,,,,,,
AG,06,4,01,1,,,,,0.00,0.0,,,,,,
AG,06,4,02,1,,,,,0.00,0.0,,,,,,
AG,06,4,03,1,,,,,0.00,0.0,,,,,,
AG,06,4,04,1,,,,,0.00,0.0,,,,,,
AG,06,4,05,1,,,,,0.00,0.0,,,,,,
AG,06,4,06,1,,,,,0.00,0.0,,,,,,
AG,06,4,07,1,,,,,0.00,0.0,,,,,,
AG,06,4,08,1,,,,,0.00,0.0,,,,,,
AG,06,4,09,1,,,,,0.00,0.0,,,,,,
AG,06,4,10,1,,,,,0.00,0.0,,,,,,
AG,06,5,01,1,,,,,0.00,0.0,,,,,,
AG,06,5,02,1,,,,,0.00,0.0,,,,,,
AG,06,5,03,1,,,,,0.00,0.0,,,,,,
AG,06,5,04,1,,,,,0.00,0.0,,,,,,
AG,06,5,05,1,,,,,0.00,0.0,,,,,,
AG,06,5,06,1,,,,,0.00,0.0,,,,,,
AG,06,5,07,1,,,,,0.00,0.0,,,,,,
AG,06,5,08,1,,,,,0.00,0.0,,,,,,
AG,06,5,09,1,,,,,0.00,0.0,,,,,,
AG,06,5,10,1,,,,,0.00,0.0,,,,,,
AG,06,6,01,1,,,,,0.00,0.0,,,,,,
AG,06,6,02,1,,,,,0.00,0.0,,,,,,
AG,06,6,03,1,,,,,0.00,0.0,,,,,,
AG,06,6,04,1,,,,,0.00,0.0,,,,,,
AG,06,6,05,1,,,,,0.00,0.0,,,,,,
AG,06,6,06,1,,,,,0.00,0.0,,,,,,
AG,06,6,07,1,,,,,0.00,0.0,,,,,,
AG,06,6,08,1,,,,,0.00,0.0,,,,,,
AG,06,6,09,1,,,,,0.00,0.0,,,,,,
AG,06,6,10,1,,,,,0.00,0.0,,,,,,
AG,06,7,01,1,20035267,INDOMARET SAPU IJUK  PCS,,,3.00,10,30.00%,24,,01/04/2028,R,1
AG,06,7,02,1,,,,,0.00,0.0,,,,,,
AG,06,7,03,1,,,,,0.00,0.0,,,,,,
AG,06,7,04,1,,,,,0.00,0.0,,,,,,
AG,06,7,05,1,,,,,0.00,0.0,,,,,,
AG,06,7,06,1,,,,,0.00,0.0,,,,,,
AG,06,7,07,1,,,,,0.00,0.0,,,,,,
AG,06,7,08,1,,,,,0.00,0.0,,,,,,
AG,06,7,09,1,,,,,0.00,0.0,,,,,,
AG,06,7,10,1,,,,,0.00,0.0,,,,,,
AG,07,1,01,1,,,,,0.00,0.0,,,,,,
AG,07,1,02,1,,,,,0.00,0.0,,,,,,
AG,07,2,01,1,20135617,LARISST FRENCH FRIES PEDAS PCK 65,,,1.00,12,8.33%,30,,01/01/2026,R,1
AG,07,2,02,1,20034120,FRISIAN FLAG 1+ SUSU BUBUK PERTUMBUHAN COKELAT BOX 360,,,4.00,20,20.00%,24,,01/01/2026,R,1
AG,07,2,03,1,,,,,0.00,0.0,,,,,,
AG,07,2,04,1,,,,,0.00,0.0,,,,,,
AG,07,2,05,1,,,,,0.00,0.0,,,,,,
AG,07,2,06,1,20071671,INDOMARET CREAM CRACKERS  PCK 120,,,3.00,40,7.50%,30,,01/03/2026,R,1
AG,07,2,07,1,,,,,0.00,0.0,,,,,,
AG,07,2,08,1,20082080,INDOMARET ZIPPER BAG 18X20  BOX 25S,,,3.00,50,6.00%,30,,01/04/2026,R,1
AG,07,2,09,1,20125692,INDOMARET DETERGENT MATIC CAIR  PCH 700L,,,14.00,40,35.00%,12,,01/03/2026,R,1
AG,07,2,10,1,20130354,LARISST MINUMAN TEH HITAM JASMINE BTL 350L,,,1.00,65,1.54%,24,,01/03/2026,R,1
AG,07,3,01,1,20029296,INDOMARET WET TISSUE 10S NON ALCOHOL PCK,,,1.00,50,2.00%,108,,01/05/2028,R,2
AG,07,3,02,1,20055209,INDOMARET SENDOK PLASTIK 10S  PCK,,,5.00,30,16.67%,48,,01/05/2028,R,1
AG,07,3,03,1,20055211,INDOMARET GARPU PLASTIK 10S  PCK,,,8.00,30,26.67%,48,,01/05/2026,R,1
AG,07,3,04,1,20089952,INDOMARET PLASTIK SAMPAH 20S BIRU/HIJAU PCK 440600,,,11.00,65,16.92%,48,,01/05/2028,R,1
AG,07,3,05,1,20103575,INDOMARET NATA DE COCO SELASIH STRAWBERRY CUP 200,,,4.00,81,4.94%,24,,01/05/2027,R,2
AG,07,3,06,1,20103576,INDOMARET NATA DE COCO LYCHEE CUP 200,,,2.00,81,2.47%,24,,01/05/2027,R,2
AG,07,3,07,1,,,,,0.00,0.0,,,,,,
AG,07,3,08,1,20132814,FRISIAN FLAG SUSU KENTAL MANIS KOREAN STRAWBERRY PCH 260,,,1.00,98,1.02%,24,,01/12/2026,R,1
AG,07,3,09,1,20132940,INDOMARET PENCUCI PIRING LEMON PCH 650L,,,7.00,44,15.91%,12,,01/12/2026,R,1
AG,07,3,10,1,,,,,0.00,0.0,,,,,,
AG,07,4,01,1,20115145,LIFEBUOY SABUN MANDI CAIR REFILL JPN SHISO GLWNG PCH 400/380,,,21.00,52,40.38%,24,,14/07/2026,R,1
AG,07,4,02,1,20139354,REXONA DEO.ROLL ON MEN GARUDA EDITION FRESH STRIKE BTL 40L,,,13.00,36100,0.04%,24,,14/07/2026,R,1
AG,07,4,03,1,20123524,LIFEBUOY 3 IN 1 ANTI BACTERIAL  PCH 450L,,,15.00,20,75.00%,24,,14/07/2026,R,1
AG,07,4,04,1,,,,,0.00,0.0,,,,,,
AG,07,4,05,1,,,,,0.00,0.0,,,,,,
AG,07,4,06,1,20048965,DOVE ROLL ON DEODORANT REPAIR / ULTIMATE WHITE BTL 40L,,,25.00,90,27.78%,24,,14/07/2026,R,1
AG,07,4,07,1,20140799,LUX BRIGHTENING SERUM BODY WASH SANDALWOOD PCH 360,,,12.00,32,37.50%,24,,14/07/2026,R,1
AG,07,4,08,1,20119092,PEPSODENT SIKAT GIGI SIWAK 2S  PCK SOFT,,,7.00,32,21.88%,36,,14/07/2026,R,1
AG,07,4,09,1,,,,,0.00,0.0,,,,,,
AG,07,4,10,1,,,,,0.00,0.0,,,,,,
AG,07,5,01,1,20129405,VICKS OBAT BATUK FORMULA JAHE MADU BTL 105L,,,22.00,96,22.92%,48,,14/07/2026,R,1
AG,07,5,02,1,,,,,0.00,0.0,,,,,,
AG,07,5,03,1,20138022,SUNSILK POWER SHOT CREAMBATH SILKY SMOOTH SCT 30,,,6.00,150,4.00%,48,,30/06/2026,R,1
AG,07,5,04,1,,,,,0.00,0.0,,,,,,
AG,07,5,05,1,,,,,0.00,0.0,,,,,,
AG,07,5,06,1,20120878,LIFEBUOY SABUN MANDI CAIR REFILL MTCHA&ALOE VERA PCH 450L/380,,,21.00,20,105.00%,24,,14/07/2026,R,1
AG,07,5,07,1,,,,,0.00,0.0,,,,,,
AG,07,5,08,1,,,,,0.00,0.0,,,,,,
AG,07,5,09,1,,,,,0.00,0.0,,,,,,
AG,07,5,10,1,,,,,0.00,0.0,,,,,,
AG,07,6,01,1,20139598,SUNSILK SHAMPOO ANTI DANDRUFF & SILKY BTL 320,,,22.00,40,55.00%,18,,14/07/2026,R,1
AG,07,6,02,1,20140800,LUX BRIGHTENING SERUM BODY WASH FREESIA PCH 360,,,12.00,32,37.50%,24,,14/07/2026,R,1
AG,07,6,03,1,20079628,PONDS MEN PEMBERSIH WAJAH WHITE BOOST TUB 50L,,,27.00,154,17.53%,24,,14/07/2026,R,1
AG,07,6,04,1,,,,,0.00,0.0,,,,,,
AG,07,6,05,1,,,,,0.00,0.0,,,,,,
AG,07,6,06,1,20140969,PANTENE PANTENE INTENSIVE SHOTS  BOX 412,,,76.00,100,76.00%,12,,14/07/2026,R,1
AG,07,6,07,1,,,,,0.00,0.0,,,,,,
AG,07,6,08,1,,,,,0.00,0.0,,,,,,
AG,07,6,09,1,,,,,0.00,0.0,,,,,,
AG,07,6,10,1,,,,,0.00,0.0,,,,,,
AG,07,7,01,1,20044698,INDOMARET TISSUE ROLL 2 PLY (6S) NON EMBOSSED BAG,,,8.00,8,100.00%,20,,01/03/2028,R,4
AG,07,7,02,1,,,,,0.00,0.0,,,,,,
AG,07,7,03,1,,,,,0.00,0.0,,,,,,
AG,07,7,04,1,,,,,0.00,0.0,,,,,,
AG,07,7,05,1,,,,,0.00,0.0,,,,,,
AG,07,7,06,1,,,,,0.00,0.0,,,,,,
AG,07,7,07,1,,,,,0.00,0.0,,,,,,
AG,07,7,08,1,,,,,0.00,0.0,,,,,,
AG,07,7,09,1,,,,,0.00,0.0,,,,,,
AG,07,7,10,1,,,,,0.00,0.0,,,,,,
AG,08,1,01,1,,,,,0.00,0.0,,,,,,
AG,08,1,02,1,,,,,0.00,0.0,,,,,,
AG,08,2,01,1,20071828,RINSO DETERJEN POWDER ANTI NODA ROSE FRESH BAG 1.8/1.6,,,35.00,24,145.83%,6,,31/10/2026,R,1
AG,08,2,02,1,20131366,RINSO DETERGEN LIQUID MATIC TOP LOAD PCH 700L,,,50.00,50,100.00%,12,,31/03/2027,R,1
AG,08,2,03,1,,,,,0.00,0.0,,,,,,
AG,08,2,04,1,,,,,0.00,0.0,,,,,,
AG,08,2,05,1,,,,,0.00,0.0,,,,,,
AG,08,2,06,1,,,,,0.00,0.0,,,,,,
AG,08,2,07,1,,,,,0.00,0.0,,,,,,
AG,08,2,08,1,,,,,0.00,0.0,,,,,,
AG,08,2,09,1,,,,,0.00,0.0,,,,,,
AG,08,2,10,1,,,,,0.00,0.0,,,,,,
AG,08,3,01,1,20071828,RINSO DETERJEN POWDER ANTI NODA ROSE FRESH BAG 1.8/1.6,,,35.00,24,145.83%,6,,31/10/2026,R,1
AG,08,3,02,1,20105340,LIFEBUOY SABUN MANDI CAIR REFILL YOGHURT CARE PCH 400/380,,,35.00,52,67.31%,24,,31/03/2028,R,1
AG,08,3,03,1,,,,,0.00,0.0,,,,,,
AG,08,3,04,1,,,,,0.00,0.0,,,,,,
AG,08,3,05,1,,,,,0.00,0.0,,,,,,
AG,08,3,06,1,,,,,0.00,0.0,,,,,,
AG,08,3,07,1,,,,,0.00,0.0,,,,,,
AG,08,3,08,1,,,,,0.00,0.0,,,,,,
AG,08,3,09,1,,,,,0.00,0.0,,,,,,
AG,08,3,10,1,,,,,0.00,0.0,,,,,,
AG,08,4,01,1,20126740,MOLTO PELEMBUT & PEWANGI PAKAIAN FRSH CASABLANCA PCH 650L,,,37.00,120,30.83%,12,,14/05/2026,R,1
AG,08,4,02,1,20115364,CHARM SLEEP PROTECT PANTIES 2S  PCK M-L,,,24.00,24,100.00%,24,,31/03/2026,R,1
AG,08,4,03,1,,,,,0.00,0.0,,,,,,
AG,08,4,04,1,,,,,0.00,0.0,,,,,,
AG,08,4,05,1,,,,,0.00,0.0,,,,,,
AG,08,4,06,1,,,,,0.00,0.0,,,,,,
AG,08,4,07,1,,,,,0.00,0.0,,,,,,
AG,08,4,08,1,,,,,0.00,0.0,,,,,,
AG,08,4,09,1,,,,,0.00,0.0,,,,,,
AG,08,4,10,1,,,,,0.00,0.0,,,,,,
AG,08,5,01,1,20121206,CHARM PEMBALUT DAUN SIRIH+HRBL 23 NON WING PCK 18S,,,19.00,36,52.78%,24,,01/01/2026,R,1
AG,08,5,02,1,20131366,RINSO DETERGEN LIQUID MATIC TOP LOAD PCH 700L,,,26.00,50,52.00%,12,,31/03/2027,R,1
AG,08,5,03,1,,,,,0.00,0.0,,,,,,
AG,08,5,04,1,,,,,0.00,0.0,,,,,,
AG,08,5,05,1,,,,,0.00,0.0,,,,,,
AG,08,5,06,1,,,,,0.00,0.0,,,,,,
AG,08,5,07,1,,,,,0.00,0.0,,,,,,
AG,08,5,08,1,,,,,0.00,0.0,,,,,,
AG,08,5,09,1,,,,,0.00,0.0,,,,,,
AG,08,5,10,1,,,,,0.00,0.0,,,,,,
AG,08,6,01,1,20133907,INDOMARET KERIPIK PISANG ASIN PCH 65,,,10.00,44,22.73%,25,,01/02/2027,R,1
AG,08,6,02,1,20096159,EMCO POP A TOY  PCS,,,43.00,40,107.50%,72,,30/04/2026,R,1
AG,08,6,03,1,,,,,0.00,0.0,,,,,,
AG,08,6,04,1,,,,,0.00,0.0,,,,,,
AG,08,6,05,1,,,,,0.00,0.0,,,,,,
AG,08,6,06,1,,,,,0.00,0.0,,,,,,
AG,08,6,07,1,,,,,0.00,0.0,,,,,,
AG,08,6,08,1,,,,,0.00,0.0,,,,,,
AG,08,6,09,1,,,,,0.00,0.0,,,,,,
AG,08,6,10,1,,,,,0.00,0.0,,,,,,
AG,08,7,01,1,,,,,0.00,0.0,,,,,,
AG,08,7,02,1,20071828,RINSO DETERJEN POWDER ANTI NODA ROSE FRESH BAG 1.8/1.6,,,14.33,24,59.71%,6,,31/10/2026,R,1
AG,08,7,03,1,,,,,0.00,0.0,,,,,,
AG,08,7,04,1,,,,,0.00,0.0,,,,,,
AG,08,7,05,1,,,,,0.00,0.0,,,,,,
AG,08,7,06,1,,,,,0.00,0.0,,,,,,
AG,08,7,07,1,,,,,0.00,0.0,,,,,,
AG,08,7,08,1,,,,,0.00,0.0,,,,,,
AG,08,7,09,1,,,,,0.00,0.0,,,,,,
AG,08,7,10,1,,,,,0.00,0.0,,,,,,
AH,01,1,01,1,,,,,0.00,0.0,,,,,,
AH,01,1,02,1,,,,,0.00,0.0,,,,,,
AH,01,2,01,1,20143788,INDOMARET FOOD CONTAINER  PCS 1040 L,,,52.00,65,80.00%,6,,21/09/2029,,6
AH,01,2,02,1,20143788,INDOMARET FOOD CONTAINER  PCS 1040 L,,,52.00,65,80.00%,6,,21/09/2029,,6
AH,01,3,01,1,,,,,0.00,0.0,,,,,,
AH,01,3,02,1,20143788,INDOMARET FOOD CONTAINER  PCS 1040 L,,,52.00,65,80.00%,6,,21/09/2029,,6
AH,01,4,01,1,20143788,INDOMARET FOOD CONTAINER  PCS 1040 L,,,41.00,65,63.08%,6,,21/09/2029,,6
AH,01,4,02,1,20143788,INDOMARET FOOD CONTAINER  PCS 1040 L,,,52.00,65,80.00%,6,,21/09/2029,,6
AH,01,5,01,1,20143788,INDOMARET FOOD CONTAINER  PCS 1040 L,,,52.00,65,80.00%,6,,21/09/2029,,6
AH,01,5,02,1,20143788,INDOMARET FOOD CONTAINER  PCS 1040 L,,,26.00,65,40.00%,6,,21/09/2029,,6
AH,01,6,01,1,,,,,0.00,0.0,,,,,,
AH,01,6,02,1,,,,,0.00,0.0,,,,,,
AH,01,7,01,1,,,,,0.00,0.0,,,,,,
AH,01,7,02,1,,,,,0.00,0.0,,,,,,
AH,02,1,01,1,,,,,0.00,0.0,,,,,,
AH,02,1,02,1,,,,,0.00,0.0,,,,,,
AH,02,2,01,1,,,,,0.00,0.0,,,,,,
AH,02,2,02,1,,,,,0.00,0.0,,,,,,
AH,02,3,01,1,,,,,0.00,0.0,,,,,,
AH,02,3,02,1,,,,,0.00,0.0,,,,,,
AH,02,4,01,1,,,,,0.00,0.0,,,,,,
AH,02,4,02,1,,,,,0.00,0.0,,,,,,
AH,02,5,01,1,,,,,0.00,0.0,,,,,,
AH,02,5,02,1,,,,,0.00,0.0,,,,,,
AH,02,6,01,1,,,,,0.00,0.0,,,,,,
AH,02,6,02,1,,,,,0.00,0.0,,,,,,
AH,02,7,01,1,20069664,POINT COFFEE CUP COLD  PCK 16 OZ,,,12.00,15,80.00%,1000,,01/08/2029,Z,50
AH,02,7,02,1,,,,,0.00,0.0,,,,,,
AH,03,1,01,1,,,,,0.00,0.0,,,,,,
AH,03,1,02,1,,,,,0.00,0.0,,,,,,
AH,03,2,01,1,,,,,0.00,0.0,,,,,,
AH,03,2,02,1,,,,,0.00,0.0,,,,,,
AH,03,3,01,1,,,,,0.00,0.0,,,,,,
AH,03,3,02,1,,,,,0.00,0.0,,,,,,
AH,03,4,01,1,,,,,0.00,0.0,,,,,,
AH,03,4,02,1,,,,,0.00,0.0,,,,,,
AH,03,5,01,1,,,,,0.00,0.0,,,,,,
AH,03,5,02,1,,,,,0.00,0.0,,,,,,
AH,03,6,01,1,,,,,0.00,0.0,,,,,,
AH,03,6,02,1,,,,,0.00,0.0,,,,,,
AH,03,7,01,1,20069664,POINT COFFEE CUP COLD  PCK 16 OZ,,,12.00,15,80.00%,1000,,01/08/2029,Z,50
AH,03,7,02,1,,,,,0.00,0.0,,,,,,
AH,04,1,01,1,,,,,0.00,0.0,,,,,,
AH,04,1,02,1,,,,,0.00,0.0,,,,,,
AH,04,2,01,1,,,,,0.00,0.0,,,,,,
AH,04,2,02,1,,,,,0.00,0.0,,,,,,
AH,04,3,01,1,,,,,0.00,0.0,,,,,,
AH,04,3,02,1,,,,,0.00,0.0,,,,,,
AH,04,4,01,1,,,,,0.00,0.0,,,,,,
AH,04,4,02,1,,,,,0.00,0.0,,,,,,
AH,04,5,01,1,,,,,0.00,0.0,,,,,,
AH,04,5,02,1,,,,,0.00,0.0,,,,,,
AH,04,6,01,1,20122043,INDOMARET TAS RAMAH LINGKUNGAN BESAR PCS 45X37X15,,,120.00,168,71.43%,12,,01/07/2028,,12
AH,04,6,02,1,20122043,INDOMARET TAS RAMAH LINGKUNGAN BESAR PCS 45X37X15,,,120.00,168,71.43%,12,,01/07/2028,,12
AH,04,7,01,1,,,,,0.00,0.0,,,,,,
AH,04,7,02,1,,,,,0.00,0.0,,,,,,
AH,05,1,01,1,,,,,0.00,0.0,,,,,,
AH,05,1,02,1,,,,,0.00,0.0,,,,,,
AH,05,2,01,1,,,,,0.00,0.0,,,,,,
AH,05,2,02,1,,,,,0.00,0.0,,,,,,
AH,05,3,01,1,,,,,0.00,0.0,,,,,,
AH,05,3,02,1,,,,,0.00,0.0,,,,,,
AH,05,4,01,1,,,,,0.00,0.0,,,,,,
AH,05,4,02,1,,,,,0.00,0.0,,,,,,
AH,05,5,01,1,,,,,0.00,0.0,,,,,,
AH,05,5,02,1,,,,,0.00,0.0,,,,,,
AH,05,6,01,1,,,,,0.00,0.0,,,,,,
AH,05,6,02,1,,,,,0.00,0.0,,,,,,
AH,05,7,01,1,20069664,POINT COFFEE CUP COLD  PCK 16 OZ,,,12.00,15,80.00%,1000,,01/08/2029,Z,50
AH,05,7,02,1,,,,,0.00,0.0,,,,,,
AH,06,1,01,1,,,,,0.00,0.0,,,,,,
AH,06,1,02,1,,,,,0.00,0.0,,,,,,
AH,06,2,01,1,,,,,0.00,0.0,,,,,,
AH,06,2,02,1,,,,,0.00,0.0,,,,,,
AH,06,3,01,1,,,,,0.00,0.0,,,,,,
AH,06,3,02,1,,,,,0.00,0.0,,,,,,
AH,06,4,01,1,,,,,0.00,0.0,,,,,,
AH,06,4,02,1,,,,,0.00,0.0,,,,,,
AH,06,5,01,1,,,,,0.00,0.0,,,,,,
AH,06,5,02,1,,,,,0.00,0.0,,,,,,
AH,06,6,01,1,,,,,0.00,0.0,,,,,,
AH,06,6,02,1,,,,,0.00,0.0,,,,,,
AH,06,7,01,1,20069664,POINT COFFEE CUP COLD  PCK 16 OZ,,,12.00,15,80.00%,1000,,01/08/2029,Z,50
AH,06,7,02,1,20069664,POINT COFFEE CUP COLD  PCK 16 OZ,,,12.00,15,80.00%,1000,,01/08/2029,Z,50
AH,07,1,01,1,,,,,0.00,0.0,,,,,,
AH,07,1,02,1,,,,,0.00,0.0,,,,,,
AH,07,2,01,1,,,,,0.00,0.0,,,,,,
AH,07,2,02,1,,,,,0.00,0.0,,,,,,
AH,07,3,01,1,,,,,0.00,0.0,,,,,,
AH,07,3,02,1,,,,,0.00,0.0,,,,,,
AH,07,4,01,1,20115341,RAW MATERIAL PAPER LUNCH BOX FRIED CHICKEN  PCS,,,66.00,66,100.00%,500,,01/04/2027,Z,500
AH,07,4,02,1,20115341,RAW MATERIAL PAPER LUNCH BOX FRIED CHICKEN  PCS,,,66.00,66,100.00%,500,,01/12/2027,Z,500
AH,07,5,01,1,,,,,0.00,0.0,,,,,,
AH,07,5,02,1,20069776,POINT COFFEE LID DOME  PCS 16 OZ,,,87.00,60,145.00%,250,,01/07/2028,Z,50
AH,07,6,01,1,20115341,RAW MATERIAL PAPER LUNCH BOX FRIED CHICKEN  PCS,,,66.00,66,100.00%,500,,01/01/2028,Z,500
AH,07,6,02,1,20115341,RAW MATERIAL PAPER LUNCH BOX FRIED CHICKEN  PCS,,,66.00,66,100.00%,500,,01/04/2027,Z,500
AH,07,7,01,1,20069664,POINT COFFEE CUP COLD  PCK 16 OZ,,,12.00,15,80.00%,1000,,01/08/2029,Z,50
AH,07,7,02,1,20069664,POINT COFFEE CUP COLD  PCK 16 OZ,,,15.00,15,100.00%,1000,,01/07/2029,Z,50
AH,08,1,01,1,,,,,0.00,0.0,,,,,,
AH,08,1,02,1,,,,,0.00,0.0,,,,,,
AH,08,2,01,1,20069776,POINT COFFEE LID DOME  PCS 16 OZ,,,84.00,60,140.00%,250,,01/07/2028,Z,50
AH,08,2,02,1,,,,,0.00,0.0,,,,,,
AH,08,3,01,1,,,,,0.00,0.0,,,,,,
AH,08,4,01,1,,,,,0.00,0.0,,,,,,
AH,08,4,02,1,,,,,0.00,0.0,,,,,,
AH,08,5,01,1,,,,,0.00,0.0,,,,,,
AH,08,5,02,1,,,,,0.00,0.0,,,,,,
AH,08,6,01,1,,,,,0.00,0.0,,,,,,
AH,08,6,02,1,,,,,0.00,0.0,,,,,,
AH,08,7,01,1,20069664,POINT COFFEE CUP COLD  PCK 16 OZ,,,12.00,15,80.00%,1000,,01/08/2029,Z,50
AH,08,7,02,1,20069664,POINT COFFEE CUP COLD  PCK 16 OZ,,,12.00,15,80.00%,1000,,02/08/2029,Z,50
AI,01,3,01,1,20009722,POCARI SWEAT MINUMAN ISOTONIK  BTL 500L,,,32.00,480,6.67%,24,,20/09/2027,E,24
AI,01,3,02,1,,,,,0.00,0.0,,,,,,
AI,01,4,01,1,20024699,STT FRENCH FRIES 2000 PREMIUM  PCK 62,,,24.00,24,100.00%,20,,01/04/2027,S,20
AI,01,4,02,1,,,,,0.00,0.0,,,,,,
AI,01,5,01,1,20037565,PUCUK HARUM MINUMAN TEH MELATI BTL 500L,,,72.00,72,100.00%,12,,01/08/2027,E,12
AI,01,5,02,1,20141944,CHITATO SNACK POTATO CHIPS RENDANG SAPI PCK 68/65,,,15.00,20,75.00%,30,,01/04/2027,,1
AI,01,6,01,1,,,,,0.00,0.0,,,,,,
AI,01,6,02,1,20116675,CHITATO LITE SNACK POTATO NORI SEAWEED PCK 115,,,14.00,21,66.67%,18,,19/05/2027,D,9
AI,01,7,01,1,20092857,STT FRENCH FRIES 2000 PREMIUM  PCK 130,,,18.00,12,150.00%,20,,01/04/2027,D,10
AI,01,7,02,1,,,,,0.00,0.0,,,,,,
AI,02,3,01,1,,,,,0.00,0.0,,,,,,
AI,02,3,02,1,,,,,0.00,0.0,,,,,,
AI,02,4,01,1,20139025,LARISST GULA KRISTAL PUTIH  PCK 1,,,32.00,32,100.00%,20,,01/01/2028,E,20
AI,02,4,02,1,20139025,LARISST GULA KRISTAL PUTIH  PCK 1,,,32.00,32,100.00%,20,,01/09/2028,E,20
AI,02,5,01,1,20140431,NESCAFE COFFEE DRINK KITKAT LATTE  KLG 220,,,112.00,112,100.00%,24,,01/08/2027,S,3
AI,02,5,02,1,20140260,COCA COLA SOFT DRINK VANILLA BTL 390L,,,100.00,104,96.15%,12,,31/03/2027,,6
AI,02,6,01,1,20116675,CHITATO LITE SNACK POTATO NORI SEAWEED PCK 115,,,14.00,21,66.67%,18,,19/05/2027,D,9
AI,02,6,02,1,,,,,0.00,0.0,,,,,,
AI,02,7,01,1,,,,,0.00,0.0,,,,,,
AI,02,7,02,1,,,,,0.00,0.0,,,,,,
AI,03,3,01,1,20085988,LE MINERALE AIR MINERAL  BTL 1500L,,,33.00,33,100.00%,12,,01/02/2028,E,24
AI,03,3,02,1,20085988,LE MINERALE AIR MINERAL  BTL 1500L,,,33.00,33,100.00%,12,,01/02/2028,E,24
AI,03,4,01,1,20085988,LE MINERALE AIR MINERAL  BTL 1500L,,,33.00,33,100.00%,12,,01/02/2028,E,24
AI,03,4,02,1,20137991,AQUVIVA AIR MINERAL  BTL 700L,,,48.00,64,75.00%,12,,01/03/2028,D,24
AI,03,5,01,1,20085988,LE MINERALE AIR MINERAL  BTL 1500L,,,33.00,33,100.00%,12,,01/02/2028,E,24
AI,03,5,02,1,20139025,LARISST GULA KRISTAL PUTIH  PCK 1,,,32.00,32,100.00%,20,,01/09/2028,E,20
AI,03,6,01,1,20114757,GURIBEE SNACK RUMPUT LAUT PCK 65/62,,,18.00,15,120.00%,30,,08/04/2027,S,10
AI,03,6,02,1,10002101,HAPPYTOS SNACK TORTILA CHIPS MERAH PCK 140,,,24.00,24,100.00%,16,,20/09/2027,E,16
AI,03,7,01,1,,,,,0.00,0.0,,,,,,
AI,03,7,02,1,,,,,0.00,0.0,,,,,,
AI,04,3,01,1,20085988,LE MINERALE AIR MINERAL  BTL 1500L,,,33.00,33,100.00%,12,,01/02/2028,E,24
AI,04,3,02,1,20068905,FRISIAN FLAG SUSU KENTAL MANIS PUTIH PCH 535,,,50.00,50,100.00%,24,,01/05/2027,E,24
AI,04,4,01,1,20068905,FRISIAN FLAG SUSU KENTAL MANIS PUTIH PCH 535,,,50.00,50,100.00%,24,,01/05/2027,E,24
AI,04,4,02,1,20068905,FRISIAN FLAG SUSU KENTAL MANIS PUTIH PCH 535,,,50.00,50,100.00%,24,,01/05/2027,E,24
AI,04,5,01,1,20009737,YOU C1000 HEALTH DRINK VITAMIN ORANGE BTL 140L,,,30.00,77,38.96%,30,,18/08/2027,E,30
AI,04,5,02,1,,,,,0.00,0.0,,,,,,
AI,04,6,01,1,20116675,CHITATO LITE SNACK POTATO NORI SEAWEED PCK 115,,,14.00,21,66.67%,18,,19/05/2027,D,9
AI,04,6,02,1,20116675,CHITATO LITE SNACK POTATO NORI SEAWEED PCK 115,,,13.00,21,61.90%,18,,19/05/2027,D,9
AI,04,7,01,1,,,,,0.00,0.0,,,,,,
AI,04,7,02,1,20138241,CHEETOS SNACK KEJU PCK 120,,,25.00,20,125.00%,14,,19/05/2027,L,4
AI,05,3,01,1,20018435,HYDRO COCO NATURAL HEALTH DRINK  TPK 250L,,,96.00,112,85.71%,24,,01/07/2027,D,24
AI,05,3,02,1,20143270,GOLDA COFFEE DRINK AREN LATTE BTL 200L,,,164.00,186,88.17%,12,,15/06/2027,,12
AI,05,4,01,1,,,,,0.00,0.0,,,,,,
AI,05,4,02,1,,,,,0.00,0.0,,,,,,
AI,05,5,01,1,20110968,MUJIGAE SUSU CAIR BANANA BTL 250L,,,45.00,175,25.71%,12,,01/12/2027,,2
AI,05,5,02,1,,,,,0.00,0.0,,,,,,
AI,05,6,01,1,,,,,0.00,0.0,,,,,,
AI,05,6,02,1,20096677,INDOMARET SNACK SOES COKELAT PCK 80,,,24.00,27,88.89%,30,,01/07/2027,L,10
AI,05,7,01,1,,,,,0.00,0.0,,,,,,
AI,05,7,02,1,,,,,0.00,0.0,,,,,,
AI,06,3,01,1,20140636,TROPICAL MINYAK GORENG  BTL 1.5L,,,31.00,48,64.58%,8,,01/08/2028,,8
AI,06,3,02,1,20140636,TROPICAL MINYAK GORENG  BTL 1.5L,,,48.00,48,100.00%,8,,01/08/2028,,8
AI,06,4,01,1,20139698,AJE BIG SOFT DRINK NIPIS MADU BTL 350,,,108.00,108,100.00%,12,,01/04/2027,,4
AI,06,4,02,1,20137992,AQUVIVA AIR MINERAL  BTL 1600L,,,44.00,60,73.33%,6,,03/03/2028,S,6
AI,06,5,01,1,20083795,FRISIAN FLAG SUSU CAIR UHT MILKY/NUTRIBRAIN CHOCO BDD 6X110L,,,150.00,154,97.40%,6,,01/07/2027,D,6
AI,06,5,02,1,20138167,KOPI KENANGAN HANYA UNTUKMU COFFEE DRINK JAPANESE MATCHA BTL 200L,,,65.00,78,83.33%,24,,01/08/2027,,2
AI,06,6,01,1,20004229,SMAX SNACK RING RASA CHEESE PCK 40,,,24.00,24,100.00%,24,,21/03/2027,,4
AI,06,6,02,1,,,,,0.00,0.0,,,,,,
AI,06,7,01,1,20072195,MR.HOTTEST SNACK TORTILLA CHIPS MAITOS JAGUNG BARBEQUE PCK 140/120,,,24.00,18,133.33%,16,,21/07/2027,L,16
AI,06,7,02,1,,,,,0.00,0.0,,,,,,
AI,07,3,01,1,20056219,ETERNALPLUS MINERAL WATER PH8+  BTL 500L,,,44.00,44,100.00%,20,,03/09/2029,,5
AI,07,3,02,1,20140636,TROPICAL MINYAK GORENG  BTL 1.5L,,,45.00,48,93.75%,8,,01/07/2028,,8
AI,07,4,01,1,20137992,AQUVIVA AIR MINERAL  BTL 1600L,,,44.00,60,73.33%,6,,03/03/2028,S,6
AI,07,4,02,1,20139025,LARISST GULA KRISTAL PUTIH  PCK 1,,,32.00,32,100.00%,20,,01/09/2028,E,20
AI,07,5,01,1,20123322,GOLDA COFFEE DRINK CAPPUCCINO BTL 200L,,,186.00,186,100.00%,12,,01/06/2027,E,12
AI,07,5,02,1,20139025,LARISST GULA KRISTAL PUTIH  PCK 1,,,32.00,32,100.00%,20,,01/09/2028,E,20
AI,07,6,01,1,10036957,HAPPYTOS SNACK TORTILA CHIPS HIJAU PCK 140,,,7.00,24,29.17%,16,,01/07/2027,S,16
AI,07,6,02,1,20134456,JAPOTA POTATO CHIPS UM.JPNS SEAWEED PCK 120/115,,,16.00,14,114.29%,18,,01/03/2027,L,4
AI,07,7,01,1,,,,,0.00,0.0,,,,,,
AI,07,7,02,1,10000185,INDOMIE MIE INSTANT KARI AYAM PCK 72,,,52.00,52,100.00%,40,,31/05/2027,D,40
AI,08,3,01,1,20123322,GOLDA COFFEE DRINK CAPPUCCINO BTL 200L,,,186.00,186,100.00%,12,,01/05/2027,E,12
AI,08,3,02,1,20123322,GOLDA COFFEE DRINK CAPPUCCINO BTL 200L,,,186.00,186,100.00%,12,,01/05/2027,E,12
AI,08,4,01,1,20139025,LARISST GULA KRISTAL PUTIH  PCK 1,,,32.00,32,100.00%,20,,01/09/2028,E,20
AI,08,4,02,1,20018435,HYDRO COCO NATURAL HEALTH DRINK  TPK 250L,,,80.00,112,71.43%,24,,01/07/2027,D,24
AI,08,5,01,1,20139025,LARISST GULA KRISTAL PUTIH  PCK 1,,,32.00,32,100.00%,20,,01/09/2028,E,20
AI,08,5,02,1,20139025,LARISST GULA KRISTAL PUTIH  PCK 1,,,32.00,32,100.00%,20,,01/09/2028,E,20
AI,08,6,01,1,20072194,MR.HOTTEST SNACK TORTILLA CHIPS MAITOS SAMBAL BALADO PCK 140/120,,,18.00,18,100.00%,16,,18/07/2027,S,16
AI,08,6,02,1,,,,,0.00,0.0,,,,,,
AI,08,7,01,1,,,,,0.00,0.0,,,,,,
AI,08,7,02,1,10036957,HAPPYTOS SNACK TORTILA CHIPS HIJAU PCK 140,,,24.00,24,100.00%,16,,01/09/2027,S,16
AI,09,3,01,1,20018435,HYDRO COCO NATURAL HEALTH DRINK  TPK 250L,,,78.00,112,69.64%,24,,20/07/2027,D,24
AI,09,3,02,1,10004676,ULTRA SUSU UHT STERIL SLIM PLAIN TPK 250L,,,126.00,126,100.00%,24,,20/06/2027,D,24
AI,09,4,01,1,20139025,LARISST GULA KRISTAL PUTIH  PCK 1,,,32.00,32,100.00%,20,,01/09/2028,E,20
AI,09,4,02,1,20120906,KOPI KENANGAN HANYA UNTUKMU COFFEE DRINK MANTANCINO BTL 220L,,,78.00,78,100.00%,24,,01/08/2027,,8
AI,09,5,01,1,,,,,0.00,0.0,,,,,,
AI,09,5,02,1,20123322,GOLDA COFFEE DRINK CAPPUCCINO BTL 200L,,,186.00,186,100.00%,12,,01/05/2027,E,12
AI,09,6,01,1,,,,,0.00,0.0,,,,,,
AI,09,6,02,1,,,,,0.00,0.0,,,,,,
AI,09,7,01,1,,,,,0.00,0.0,,,,,,
AI,09,7,02,1,20070033,HAPPYTOS SNACK TORTILLA CHIPS NACHO CHEESE PCK 140,,,36.00,18,200.00%,16,,01/09/2027,,2
AI,10,3,01,1,20015838,POCARI SWEAT MINUMAN ISOTONIK  BTL 350L,,,50.00,60,83.33%,24,,01/08/2027,D,24
AI,10,3,02,1,20137992,AQUVIVA AIR MINERAL  BTL 1600L,,,44.00,60,73.33%,6,,03/03/2028,S,6
AI,10,4,01,1,20012574,FRESTEA MINUMAN TEH APEL BTL 500L,,,66.00,88,75.00%,12,,01/05/2027,,2
AI,10,4,02,1,20140260,COCA COLA SOFT DRINK VANILLA BTL 390L,,,80.00,104,76.92%,12,,31/03/2027,,6
AI,10,5,01,1,20065248,ION WATER MINUMAN ISOTONIK  BTL 350L,,,20.00,60,33.33%,24,,01/08/2027,,2
AI,10,5,02,1,,,,,0.00,0.0,,,,,,
AI,10,6,01,1,,,,,0.00,0.0,,,,,,
AI,10,6,02,1,,,,,0.00,0.0,,,,,,
AI,10,7,01,1,20136587,POP MIE INDOMIE GORENG  CUP 80,,,85.00,64,132.81%,12,,01/05/2027,L,12
AI,10,7,02,1,10002101,HAPPYTOS SNACK TORTILA CHIPS MERAH PCK 140,,,24.00,24,100.00%,16,,01/09/2027,E,16
AI,11,3,01,1,20137992,AQUVIVA AIR MINERAL  BTL 1600L,,,44.00,60,73.33%,6,,03/03/2028,S,6
AI,11,3,02,1,20137992,AQUVIVA AIR MINERAL  BTL 1600L,,,44.00,60,73.33%,6,,03/03/2028,S,6
AI,11,4,01,1,20087542,GOLDA COFFEE DRINK DOLCE LATTE BTL 200L,,,186.00,186,100.00%,12,,01/05/2027,D,12
AI,11,4,02,1,10036640,ULTRA TEH KOTAK JASMINE TEA TPK 300L,,,98.00,98,100.00%,24,,21/08/2027,D,24
AI,11,5,01,1,,,,,0.00,0.0,,,,,,
AI,11,5,02,1,20019674,YOU C1000 ISOTONIC DRINK ORANGE WATER BTL 500L,,,40.00,40,100.00%,24,,01/05/2027,D,24
AI,11,6,01,1,20134572,PIATTOS SNACK KENTANG SAMBAL GEPREK PCK 120/115,,,20.00,20,100.00%,16,,08/08/2027,,4
AI,11,6,02,1,,,,,0.00,0.0,,,,,,
AI,11,7,01,1,20120421,TARO SNACK NET POTATO BARBEQUE PCK 115,,,12.00,9,133.33%,16,,01/07/2027,,2
AI,11,7,02,1,,,,,0.00,0.0,,,,,,
AI,12,3,01,1,20045674,GOOD DAY COFFEE DRINK FUNTS.MOCACINNO BTL 250/230L,,,60.00,60,100.00%,24,,01/08/2027,S,12
AI,12,3,02,1,10003842,CAP BADAK LARUTAN PENYEGAR JAMBU KLG 320L,,,63.00,63,100.00%,24,,01/09/2028,L,2
AI,12,4,01,1,20073495,SOSRO FRUIT TEA FREEZE BTL 350L,,,46.00,125,36.80%,12,,04/09/2027,L,12
AI,12,4,02,1,20046315,MINUTE MAID JUICE NUTRIBOOST STRAWBERRY BTL 300L,,,66.00,130,50.77%,12,,31/03/2027,,3
AI,12,5,01,1,20035484,PUCUK HARUM MINUMAN TEH MELATI BTL 350L,,,65.00,65,100.00%,24,,01/09/2027,E,24
AI,12,5,02,1,20077499,PRISTINE 8.6+ AIR MINERAL  BTL 600L,,,40.00,40,100.00%,24,,01/08/2028,S,24
AI,12,6,01,1,,,,,0.00,0.0,,,,,,
AI,12,6,02,1,20045104,QTELA KERIPIK TEMPE CABE RAWIT PCK 55,,,20.00,20,100.00%,30,,21/05/2027,L,5
AI,12,7,01,1,10000861,POP MIE MI INSTAN LAPEER TIME BASO CUP 75,,,32.00,32,100.00%,24,,01/05/2027,L,12
AI,12,7,02,1,20120421,TARO SNACK NET POTATO BARBEQUE PCK 115,,,12.00,9,133.33%,16,,01/07/2027,,2
AJ,01,3,01,1,20139700,PRISTINE 8.6+ AIR MINERAL  BTL 1500L,,,33.00,33,100.00%,12,,01/09/2028,L,12
AJ,01,3,02,1,,,,,0.00,0.0,,,,,,
AJ,01,4,01,1,20139700,PRISTINE 8.6+ AIR MINERAL  BTL 1500L,,,33.00,33,100.00%,12,,01/09/2028,L,12
AJ,01,4,02,1,20139700,PRISTINE 8.6+ AIR MINERAL  BTL 1500L,,,33.00,33,100.00%,12,,01/09/2028,L,12
AJ,01,5,01,1,20139700,PRISTINE 8.6+ AIR MINERAL  BTL 1500L,,,33.00,33,100.00%,12,,01/09/2028,L,12
AJ,01,5,02,1,20139700,PRISTINE 8.6+ AIR MINERAL  BTL 1500L,,,33.00,33,100.00%,12,,01/09/2028,L,12
AJ,01,6,01,1,,,,,0.00,0.0,,,,,,
AJ,01,6,02,1,,,,,0.00,0.0,,,,,,
AJ,01,7,01,1,,,,,0.00,0.0,,,,,,
AJ,01,7,02,1,,,,,0.00,0.0,,,,,,
AJ,02,3,01,1,20076770,GOOD DAY COFFEE DRINK CAPPUCCINO BTL 250/230L,,,60.00,60,100.00%,24,,01/08/2027,S,24
AJ,02,3,02,1,20079972,SOSRO FRUIT TEA MARKISA BTL 350L,,,77.00,100,77.00%,12,,01/09/2029,,4
AJ,02,4,01,1,,,,,0.00,0.0,,,,,,
AJ,02,4,02,1,,,,,0.00,0.0,,,,,,
AJ,02,5,01,1,20056193,GOOD DAY COFFEE DRINK AVOCADO DELIGHT BTL 250/230L,,,36.00,50,72.00%,24,,01/07/2027,,3
AJ,02,5,02,1,,,,,0.00,0.0,,,,,,
AJ,02,6,01,1,,,,,0.00,0.0,,,,,,
AJ,02,6,02,1,,,,,0.00,0.0,,,,,,
AJ,02,7,01,1,,,,,0.00,0.0,,,,,,
AJ,02,7,02,1,,,,,0.00,0.0,,,,,,
AJ,03,3,01,1,10008581,CAP BADAK LARUTAN PENYEGAR PUTIH BTL 500L,,,30.00,30,100.00%,24,,01/08/2031,S,8
AJ,03,3,02,1,20021178,MINUTE MAID JUICE PULPY ORANGE BTL 300L,,,125.00,145,86.21%,12,,31/03/2027,L,6
AJ,03,4,01,1,20036157,SOSRO TEH BOTOL JASMINE TEA BTL 450L,,,22.00,40,55.00%,24,,01/06/2027,S,8
AJ,03,4,02,1,20129102,OATSIDE OAT MILK BARISTA BLEND TPK 200ML / BTL 240L,,,74.00,112,66.07%,24,,31/08/2027,,2
AJ,03,5,01,1,,,,,0.00,0.0,,,,,,
AJ,03,5,02,1,,,,,0.00,0.0,,,,,,
AJ,03,6,01,1,,,,,0.00,0.0,,,,,,
AJ,03,6,02,1,10000861,POP MIE MI INSTAN LAPEER TIME BASO CUP 75,,,32.00,32,100.00%,24,,01/03/2027,L,12
AJ,03,7,01,1,,,,,0.00,0.0,,,,,,
AJ,03,7,02,1,,,,,0.00,0.0,,,,,,
AJ,04,3,01,1,10015532,AQUA AIR MINERAL  BTL 330L,,,48.00,60,80.00%,24,,01/09/2028,L,24
AJ,04,3,02,1,20065778,COCA COLA SOFT DRINK  PET 390L,,,104.00,104,100.00%,12,,01/03/2027,S,12
AJ,04,4,01,1,20045674,GOOD DAY COFFEE DRINK FUNTS.MOCACINNO BTL 250/230L,,,60.00,60,100.00%,24,,31/08/2027,S,12
AJ,04,4,02,1,20036198,COCA COLA SOFT DRINK ZERO  PET 1L,,,33.00,33,100.00%,12,,01/03/2027,L,12
AJ,04,5,01,1,,,,,0.00,0.0,,,,,,
AJ,04,5,02,1,,,,,0.00,0.0,,,,,,
AJ,04,6,01,1,,,,,0.00,0.0,,,,,,
AJ,04,6,02,1,20135991,POP MIE MI INSTAN SPICY RAMYEON CUP 71,,,50.00,70,71.43%,12,,01/05/2027,,3
AJ,04,7,01,1,20131037,CHITATO LITE SNACK POTATO ABURI SEAWEED PCK 65,,,25.00,25,100.00%,30,,01/04/2027,,2
AJ,04,7,02,1,,,,,0.00,0.0,,,,,,
AJ,05,3,01,1,20036157,SOSRO TEH BOTOL JASMINE TEA BTL 450L,,,35.00,40,87.50%,24,,01/06/2027,S,8
AJ,05,3,02,1,,,,,0.00,0.0,,,,,,
AJ,05,4,01,1,20087542,GOLDA COFFEE DRINK DOLCE LATTE BTL 200L,,,186.00,186,100.00%,12,,01/05/2027,D,12
AJ,05,4,02,1,20087542,GOLDA COFFEE DRINK DOLCE LATTE BTL 200L,,,109.00,186,58.60%,12,,01/05/2027,D,12
AJ,05,5,01,1,20053540,ADEM SARI CHING KU LEMON BTL 350L,,,40.00,65,61.54%,24,,01/08/2027,L,6
AJ,05,5,02,1,20090527,CRYSTALIN AIR MINERAL  BTL 600L,,,36.00,36,100.00%,24,,14/03/2028,D,24
AJ,05,6,01,1,,,,,0.00,0.0,,,,,,
AJ,05,6,02,1,,,,,0.00,0.0,,,,,,
AJ,05,7,01,1,,,,,0.00,0.0,,,,,,
AJ,05,7,02,1,,,,,0.00,0.0,,,,,,
AJ,06,3,01,1,20066455,SOSRO FRUIT TEA APPLE BTL 350L,,,100.00,125,80.00%,12,,01/09/2027,L,12
AJ,06,3,02,1,20139699,OASIS AIR MINERAL PH9  BTL 500L,,,40.00,40,100.00%,24,,01/06/2028,,24
AJ,06,4,01,1,20038726,NARAYA SOYA BOTOL KEDELAI  BTL 320/300L,,,50.00,50,100.00%,24,,01/07/2027,,8
AJ,06,4,02,1,20138202,NU MINUMAN MATCHA LATTEA BTL 330L,,,34.00,55,61.82%,24,,04/05/2027,S,4
AJ,06,5,01,1,20015838,POCARI SWEAT MINUMAN ISOTONIK  BTL 350L,,,40.00,60,66.67%,24,,01/08/2027,D,24
AJ,06,5,02,1,20015838,POCARI SWEAT MINUMAN ISOTONIK  BTL 350L,,,50.00,60,83.33%,24,,01/08/2027,D,24
AJ,06,6,01,1,,,,,0.00,0.0,,,,,,
AJ,06,6,02,1,,,,,0.00,0.0,,,,,,
AJ,06,7,01,1,,,,,0.00,0.0,,,,,,
AJ,06,7,02,1,20045104,QTELA KERIPIK TEMPE CABE RAWIT PCK 55,,,25.00,20,125.00%,30,,04/08/2027,L,5
AJ,07,3,01,1,20139699,OASIS AIR MINERAL PH9  BTL 500L,,,40.00,40,100.00%,24,,01/06/2028,,24
AJ,07,3,02,1,,,,,0.00,0.0,,,,,,
AJ,07,4,01,1,20036200,SPRITE SOFT DRINK  PET 1L,,,33.00,33,100.00%,12,,31/03/2027,S,12
AJ,07,4,02,1,20036200,SPRITE SOFT DRINK  PET 1L,,,33.00,33,100.00%,12,,31/03/2027,S,12
AJ,07,5,01,1,20085988,LE MINERALE AIR MINERAL  BTL 1500L,,,31.00,33,93.94%,12,,01/02/2028,E,24
AJ,07,5,02,1,20085988,LE MINERALE AIR MINERAL  BTL 1500L,,,33.00,33,100.00%,12,,01/02/2028,E,24
AJ,07,6,01,1,,,,,0.00,0.0,,,,,,
AJ,07,6,02,1,,,,,0.00,0.0,,,,,,
AJ,07,7,01,1,,,,,0.00,0.0,,,,,,
AJ,07,7,02,1,,,,,0.00,0.0,,,,,,
AJ,08,3,01,1,10000405,ULTRA SUSU CAIR UHT STERIL PLAIN TPK 1000L,,,23.00,56,41.07%,12,,01/07/2027,E,12
AJ,08,3,02,1,20068905,FRISIAN FLAG SUSU KENTAL MANIS PUTIH PCH 535,,,50.00,50,100.00%,24,,01/05/2027,E,24
AJ,08,4,01,1,,,,,0.00,0.0,,,,,,
AJ,08,4,02,1,20118832,ION WATER MINUMAN ISOTONIK  BTL 500L,,,45.00,50,90.00%,24,,01/08/2027,S,3
AJ,08,5,01,1,,,,,0.00,0.0,,,,,,
AJ,08,5,02,1,20085988,LE MINERALE AIR MINERAL  BTL 1500L,,,33.00,33,100.00%,12,,01/02/2028,E,24
AJ,08,6,01,1,20138599,JETZ TORTILLA SNACK JAGUNG BAKAR PCK 140,,,10.00,10,100.00%,20,,01/04/2027,,2
AJ,08,6,02,1,,,,,0.00,0.0,,,,,,
AJ,08,7,01,1,20138236,CHEETOS SNACK JAGUNG BKR KEJU PCK 120,,,25.00,20,125.00%,14,,01/07/2027,L,3
AJ,08,7,02,1,,,,,0.00,0.0,,,,,,
AJ,09,3,01,1,20057867,HYDRO COCO NATURAL HEALTH DRINK  TPK 500 L,,,80.00,90,88.89%,12,,01/09/2027,D,12
AJ,09,3,02,1,20002209,TEBS SPARKLING MIX FRUIT KLG 330L,,,33.00,70,47.14%,20,,01/11/2027,,2
AJ,09,4,01,1,20085988,LE MINERALE AIR MINERAL  BTL 1500L,,,33.00,33,100.00%,12,,01/02/2028,E,24
AJ,09,4,02,1,20085988,LE MINERALE AIR MINERAL  BTL 1500L,,,33.00,33,100.00%,12,,01/02/2028,E,24
AJ,09,5,01,1,10036640,ULTRA TEH KOTAK JASMINE TEA TPK 300L,,,98.00,98,100.00%,24,,01/08/2027,D,24
AJ,09,5,02,1,20034079,FRISIAN FLAG SUSU CAIR UHT COKELAT TPK 225L,,,30.00,78,38.46%,36,,01/07/2027,D,36
AJ,09,6,01,1,20096677,INDOMARET SNACK SOES COKELAT PCK 80,,,27.00,27,100.00%,30,,30/04/2027,L,10
AJ,09,6,02,1,,,,,0.00,0.0,,,,,,
AJ,09,7,01,1,,,,,0.00,0.0,,,,,,
AJ,09,7,02,1,,,,,0.00,0.0,,,,,,
AJ,10,3,01,1,10015532,AQUA AIR MINERAL  BTL 330L,,,60.00,60,100.00%,24,,30/09/2028,L,24
AJ,10,3,02,1,20094167,MIZONE MOOD UP MINUMAN ISOTONIK CRANBERRY BTL 500L,,,49.00,80,61.25%,12,,01/08/2027,L,3
AJ,10,4,01,1,20047247,AQUA AIR MINERAL CLICK N GO  BTL 750L,,,26.00,40,65.00%,18,,11/08/2028,L,18
AJ,10,4,02,1,20045673,GOOD DAY COFFEE DRINK TIRAMISU BLISS BTL 250/230L,,,55.00,60,91.67%,24,,31/08/2027,L,4
AJ,10,5,01,1,20142024,KAKI TIGA LARUTAN PENYEGAR COOLTOPIA MELON ORANGE KLG 320L,,,33.00,63,52.38%,24,,01/07/2029,,2
AJ,10,5,02,1,20085988,LE MINERALE AIR MINERAL  BTL 1500L,,,33.00,33,100.00%,12,,01/02/2028,E,24
AJ,10,6,01,1,,,,,0.00,0.0,,,,,,
AJ,10,6,02,1,,,,,0.00,0.0,,,,,,
AJ,10,7,01,1,,,,,0.00,0.0,,,,,,
AJ,10,7,02,1,,,,,0.00,0.0,,,,,,
AJ,11,3,01,1,20118832,ION WATER MINUMAN ISOTONIK  BTL 500L,,,45.00,50,90.00%,24,,01/09/2027,S,3
AJ,11,3,02,1,20143270,GOLDA COFFEE DRINK AREN LATTE BTL 200L,,,186.00,186,100.00%,12,,15/06/2027,,12
AJ,11,4,01,1,20139699,OASIS AIR MINERAL PH9  BTL 500L,,,40.00,40,100.00%,24,,30/06/2028,,24
AJ,11,4,02,1,20139699,OASIS AIR MINERAL PH9  BTL 500L,,,40.00,40,100.00%,24,,30/06/2028,,24
AJ,11,5,01,1,20018904,NU MINUMAN GREEN TEA HONEY BTL 330L,,,28.00,55,50.91%,24,,30/09/2027,,2
AJ,11,5,02,1,20139699,OASIS AIR MINERAL PH9  BTL 500L,,,20.00,40,50.00%,24,,30/06/2028,,24
AJ,11,6,01,1,,,,,0.00,0.0,,,,,,
AJ,11,6,02,1,,,,,0.00,0.0,,,,,,
AJ,11,7,01,1,20116110,MAXICORN SNACK ROASTED CORN PCK 140/130,,,15.00,10,150.00%,20,,16/05/2027,L,5
AJ,11,7,02,1,20116110,MAXICORN SNACK ROASTED CORN PCK 140/130,,,15.00,10,150.00%,20,,15/05/2027,L,5
AJ,12,3,01,1,20102790,ABC COFFEE DRINK MILK COFFEE BTL 200/180L,,,78.00,78,100.00%,24,,03/09/2027,S,24
AJ,12,3,02,1,10004669,ULTRA SUSU UHT STERIL SLIM CHOCOLATE TPK 250L,,,122.00,126,96.83%,24,,06/07/2027,E,24
AJ,12,4,01,1,20090527,CRYSTALIN AIR MINERAL  BTL 600L,,,36.00,36,100.00%,24,,01/03/2028,D,24
AJ,12,4,02,1,20129966,NIPIS MADU MINUMAN BERKARBONASI LIME SODA BTL 330L,,,100.00,100,100.00%,12,,31/05/2027,D,12
AJ,12,5,01,1,20053867,TEH GELAS MINUMAN TEH ALAMI  BTL 350L,,,25.00,125,20.00%,24,,31/03/2028,,24
AJ,12,5,02,1,20129966,NIPIS MADU MINUMAN BERKARBONASI LIME SODA BTL 330L,,,100.00,100,100.00%,12,,31/05/2027,D,12
AJ,12,6,01,1,,,,,0.00,0.0,,,,,,
AJ,12,6,02,1,,,,,0.00,0.0,,,,,,
AJ,12,7,01,1,20129566,INDOMARET KERUPUK SLONDOK  UDANG  PCK 100/90,,,15.00,35,42.86%,20,,27/03/2027,,1
AJ,12,7,02,1,20116675,CHITATO LITE SNACK POTATO NORI SEAWEED PCK 115,,,21.00,21,100.00%,18,,01/05/2027,D,9
AK,01,3,01,1,20089542,INDOMARET AIR MINUM PH TINGGI 8+  BTL 500L,,,72.00,72,100.00%,12,,01/09/2028,,6
AK,01,3,02,1,,,,,0.00,0.0,,,,,,
AK,01,4,01,1,20089542,INDOMARET AIR MINUM PH TINGGI 8+  BTL 500L,,,72.00,72,100.00%,12,,01/09/2028,,6
AK,01,4,02,1,,,,,0.00,0.0,,,,,,
AK,01,5,01,1,20089542,INDOMARET AIR MINUM PH TINGGI 8+  BTL 500L,,,72.00,72,100.00%,12,,01/09/2028,,6
AK,01,5,02,1,20089542,INDOMARET AIR MINUM PH TINGGI 8+  BTL 500L,,,72.00,72,100.00%,12,,01/09/2028,,6
AK,01,6,01,1,,,,,0.00,0.0,,,,,,
AK,01,6,02,1,,,,,0.00,0.0,,,,,,
AK,01,7,01,1,,,,,0.00,0.0,,,,,,
AK,01,7,02,1,,,,,0.00,0.0,,,,,,
AK,02,3,01,1,20036200,SPRITE SOFT DRINK  PET 1L,,,22.00,33,66.67%,12,,31/03/2027,S,12
AK,02,3,02,1,20072249,SOSRO TEH BOTOL ORIGINAL BTL 350L,,,110.00,110,100.00%,12,,22/09/2027,D,12
AK,02,4,01,1,10000405,ULTRA SUSU CAIR UHT STERIL PLAIN TPK 1000L,,,56.00,56,100.00%,12,,01/07/2027,E,12
AK,02,4,02,1,10000405,ULTRA SUSU CAIR UHT STERIL PLAIN TPK 1000L,,,56.00,56,100.00%,12,,01/07/2027,E,12
AK,02,5,01,1,,,,,0.00,0.0,,,,,,
AK,02,5,02,1,10000405,ULTRA SUSU CAIR UHT STERIL PLAIN TPK 1000L,,,56.00,56,100.00%,12,,01/07/2027,E,12
AK,02,6,01,1,,,,,0.00,0.0,,,,,,
AK,02,6,02,1,10000861,POP MIE MI INSTAN LAPEER TIME BASO CUP 75,,,32.00,32,100.00%,24,,01/04/2027,L,12
AK,02,7,01,1,,,,,0.00,0.0,,,,,,
AK,02,7,02,1,,,,,0.00,0.0,,,,,,
AK,03,3,01,1,20094283,INDOMILK KENTAL MANIS PUTIH PCH 545/535,,,50.00,50,100.00%,24,,01/09/2027,E,24
AK,03,3,02,1,10004237,CAP BADAK LARUTAN PENYEGAR LECI KLG 320L,,,68.00,63,107.94%,24,,01/09/2028,S,6
AK,03,4,01,1,20094283,INDOMILK KENTAL MANIS PUTIH PCH 545/535,,,50.00,50,100.00%,24,,01/09/2027,E,24
AK,03,4,02,1,20094283,INDOMILK KENTAL MANIS PUTIH PCH 545/535,,,20.00,50,40.00%,24,,01/08/2027,E,24
AK,03,5,01,1,10000405,ULTRA SUSU CAIR UHT STERIL PLAIN TPK 1000L,,,56.00,56,100.00%,12,,01/07/2027,E,12
AK,03,5,02,1,20094283,INDOMILK KENTAL MANIS PUTIH PCH 545/535,,,50.00,50,100.00%,24,,01/09/2027,E,24
AK,03,6,01,1,,,,,0.00,0.0,,,,,,
AK,03,6,02,1,,,,,0.00,0.0,,,,,,
AK,03,7,01,1,,,,,0.00,0.0,,,,,,
AK,03,7,02,1,,,,,0.00,0.0,,,,,,
AK,04,3,01,1,20142467,FIT ME UP MINUMAN BERKARBONASI RELAX  BTL 160L,,,58.00,78,74.36%,24,,01/09/2027,,2
AK,04,3,02,1,20009722,POCARI SWEAT MINUMAN ISOTONIK  BTL 500L,,,40.00,480,8.33%,24,,01/08/2027,E,24
AK,04,4,01,1,,,,,0.00,0.0,,,,,,
AK,04,4,02,1,20142495,INDOMARET AIR MINERAL  BTL 1L,,,40.00,50,80.00%,12,,01/02/2028,S,12
AK,04,5,01,1,,,,,0.00,0.0,,,,,,
AK,04,5,02,1,,,,,0.00,0.0,,,,,,
AK,04,6,01,1,,,,,0.00,0.0,,,,,,
AK,04,6,02,1,,,,,0.00,0.0,,,,,,
AK,04,7,01,1,,,,,0.00,0.0,,,,,,
AK,04,7,02,1,20136587,POP MIE INDOMIE GORENG  CUP 80,,,80.00,64,125.00%,12,,01/05/2027,L,12
AK,05,3,01,1,20113377,FLORIDINA JUICE PULP COCO BIT  BTL 350L,,,102.00,125,81.60%,12,,01/06/2027,L,12
AK,05,3,02,1,20139699,OASIS AIR MINERAL PH9  BTL 500L,,,40.00,40,100.00%,24,,01/06/2028,,24
AK,05,4,01,1,20139699,OASIS AIR MINERAL PH9  BTL 500L,,,40.00,40,100.00%,24,,01/06/2028,,24
AK,05,4,02,1,,,,,0.00,0.0,,,,,,
AK,05,5,01,1,20009722,POCARI SWEAT MINUMAN ISOTONIK  BTL 500L,,,40.00,480,8.33%,24,,01/09/2027,E,24
AK,05,5,02,1,,,,,0.00,0.0,,,,,,
AK,05,6,01,1,,,,,0.00,0.0,,,,,,
AK,05,6,02,1,20045104,QTELA KERIPIK TEMPE CABE RAWIT PCK 55,,,20.00,20,100.00%,30,,01/05/2027,L,5
AK,05,7,01,1,,,,,0.00,0.0,,,,,,
AK,05,7,02,1,20012680,QTELA KERIPIK SINGKONG ORIGINAL PCK 175,,,28.00,21,133.33%,12,,01/07/2027,,4
AK,06,3,01,1,20009737,YOU C1000 HEALTH DRINK VITAMIN ORANGE BTL 140L,,,75.00,77,97.40%,30,,19/08/2027,E,30
AK,06,3,02,1,20123322,GOLDA COFFEE DRINK CAPPUCCINO BTL 200L,,,100.00,186,53.76%,12,,01/06/2027,E,12
AK,06,4,01,1,20138202,NU MINUMAN MATCHA LATTEA BTL 330L,,,41.00,55,74.55%,24,,01/09/2027,S,4
AK,06,4,02,1,20135311,HYDROPLUS ISOTONIC DRINK  BTL 350L,,,98.00,125,78.40%,12,,04/08/2027,,2
AK,06,5,01,1,20137992,AQUVIVA AIR MINERAL  BTL 1600L,,,44.00,60,73.33%,6,,01/03/2028,S,6
AK,06,5,02,1,20137992,AQUVIVA AIR MINERAL  BTL 1600L,,,42.00,60,70.00%,6,,01/03/2028,S,6
AK,06,6,01,1,20092063,CHITATO SNACK POTATO CHIPS SAPI PANGGANG PCK 120/115,,,13.00,14,92.86%,18,,01/05/2027,D,6
AK,06,6,02,1,10000562,MONDE BISCUIT EGG DROPS  PCK 110,,,20.00,20,100.00%,24,,01/09/2027,,3
AK,06,7,01,1,10001093,CHITATO SNACK POTATO CHIPS AYAM BUMBU PCK 68/65,,,25.00,25,100.00%,30,,01/04/2027,,2
AK,06,7,02,1,,,,,0.00,0.0,,,,,,
AK,07,3,01,1,,,,,0.00,0.0,,,,,,
AK,07,3,02,1,20009722,POCARI SWEAT MINUMAN ISOTONIK  BTL 500L,,,40.00,480,8.33%,24,,01/08/2027,E,24
AK,07,4,01,1,10004676,ULTRA SUSU UHT STERIL SLIM PLAIN TPK 250L,,,126.00,126,100.00%,24,,01/07/2027,D,24
AK,07,4,02,1,20130667,SPRITE SOFT DRINK ZERO SUGAR LIME PET 390L,,,104.00,104,100.00%,12,,31/03/2027,,12
AK,07,5,01,1,10004676,ULTRA SUSU UHT STERIL SLIM PLAIN TPK 250L,,,126.00,126,100.00%,24,,01/07/2027,D,24
AK,07,5,02,1,,,,,0.00,0.0,,,,,,
AK,07,6,01,1,20092063,CHITATO SNACK POTATO CHIPS SAPI PANGGANG PCK 120/115,,,14.00,14,100.00%,18,,01/05/2027,D,6
AK,07,6,02,1,,,,,0.00,0.0,,,,,,
AK,07,7,01,1,,,,,0.00,0.0,,,,,,
AK,07,7,02,1,,,,,0.00,0.0,,,,,,
AK,08,3,01,1,10004676,ULTRA SUSU UHT STERIL SLIM PLAIN TPK 250L,,,126.00,126,100.00%,24,,06/07/2027,D,24
AK,08,3,02,1,10003426,INDOMILK SUSU CAIR STRAWBERRY BTL 190L,,,54.00,91,59.34%,24,,28/05/2027,,2
AK,08,4,01,1,20019674,YOU C1000 ISOTONIC DRINK ORANGE WATER BTL 500L,,,25.00,40,62.50%,24,,01/06/2027,D,24
AK,08,4,02,1,10004676,ULTRA SUSU UHT STERIL SLIM PLAIN TPK 250L,,,85.00,126,67.46%,24,,01/07/2027,D,24
AK,08,5,01,1,20065248,ION WATER MINUMAN ISOTONIK  BTL 350L,,,25.00,60,41.67%,24,,10/08/2027,,2
AK,08,5,02,1,20036197,COCA COLA SOFT DRINK  PET 1L,,,33.00,33,100.00%,12,,03/03/2027,S,2
AK,08,6,01,1,10000185,INDOMIE MIE INSTANT KARI AYAM PCK 72,,,52.00,52,100.00%,40,,05/05/2027,D,40
AK,08,6,02,1,20132760,CAFFINO COFFEE READY TO DRINK MILKY ESPRESSO BTL 200L,,,80.00,186,43.01%,12,,01/09/2027,,2
AK,08,7,01,1,20116670,CHITATO LITE SNACK POTATO NORI SEAWEED PCK 68/65,,,20.00,15,133.33%,30,,01/05/2027,D,6
AK,08,7,02,1,,,,,0.00,0.0,,,,,,
AK,09,3,01,1,20045673,GOOD DAY COFFEE DRINK TIRAMISU BLISS BTL 250/230L,,,60.00,60,100.00%,24,,01/09/2027,L,4
AK,09,3,02,1,20139698,AJE BIG SOFT DRINK NIPIS MADU BTL 350,,,108.00,108,100.00%,12,,01/04/2027,,4
AK,09,4,01,1,20068905,FRISIAN FLAG SUSU KENTAL MANIS PUTIH PCH 535,,,50.00,50,100.00%,24,,01/05/2027,E,24
AK,09,4,02,1,20129966,NIPIS MADU MINUMAN BERKARBONASI LIME SODA BTL 330L,,,79.00,100,79.00%,12,,31/05/2027,D,12
AK,09,5,01,1,,,,,0.00,0.0,,,,,,
AK,09,5,02,1,20118832,ION WATER MINUMAN ISOTONIK  BTL 500L,,,40.00,50,80.00%,24,,31/08/2027,S,3
AK,09,6,01,1,,,,,0.00,0.0,,,,,,
AK,09,6,02,1,10000185,INDOMIE MIE INSTANT KARI AYAM PCK 72,,,52.00,52,100.00%,40,,01/05/2027,D,40
AK,09,7,01,1,20138228,LAYS SNACK POTATO CHIPS RUMPUT LAUT PCK 64,,,25.00,25,100.00%,22,,01/06/2027,,6
AK,09,7,02,1,20116112,MAXICORN SNACK BARBECUE PCK 140/130,,,15.00,20,75.00%,20,,20/05/2027,S,5
AK,10,3,01,1,20143270,GOLDA COFFEE DRINK AREN LATTE BTL 200L,,,186.00,186,100.00%,12,,15/06/2027,,12
AK,10,3,02,1,20079972,SOSRO FRUIT TEA MARKISA BTL 350L,,,86.00,100,86.00%,12,,01/09/2027,,4
AK,10,4,01,1,20094171,INDOMARET AIR MINUM 24X  CTN 200L,,,88.00,108,81.48%,1,,01/08/2028,S,2
AK,10,4,02,1,20099547,CRYSTALIN AIR MINERAL  BTL 1500L,,,33.00,30,110.00%,12,,01/03/2028,,12
AK,10,5,01,1,10000405,ULTRA SUSU CAIR UHT STERIL PLAIN TPK 1000L,,,56.00,56,100.00%,12,,01/07/2027,E,12
AK,10,5,02,1,20102789,ABC COFFEE DRINK CHOCOMALT COFFE BTL 200/180L,,,78.00,78,100.00%,24,,01/08/2027,S,24
AK,10,6,01,1,20099687,MONDE SNACK SPICY TOMATO PCK 50/60,,,11.00,15,73.33%,30,,01/08/2027,,2
AK,10,6,02,1,10008554,GOOD TIME COOKIES CHOCOCHIPS CLASSIC PCK 72,,,26.00,24,108.33%,48,,01/10/2027,,2
AK,10,7,01,1,10001093,CHITATO SNACK POTATO CHIPS AYAM BUMBU PCK 68/65,,,17.00,25,68.00%,30,,01/04/2027,,2
AK,10,7,02,1,20116112,MAXICORN SNACK BARBECUE PCK 140/130,,,15.00,20,75.00%,20,,01/05/2027,S,5
AK,11,3,01,1,10038881,TROPICAL MINYAK GORENG  BTL 1000L,,,45.00,32,140.63%,12,,04/09/2028,D,6
AK,11,3,02,1,20135619,TEBS ZERO SPARKLING LYCHEE BTL 300L,,,45.00,110,40.91%,12,,01/08/2027,,3
AK,11,4,01,1,10038881,TROPICAL MINYAK GORENG  BTL 1000L,,,45.00,32,140.63%,12,,04/09/2028,D,6
AK,11,4,02,1,20066455,SOSRO FRUIT TEA APPLE BTL 350L,,,100.00,125,80.00%,12,,01/09/2027,L,12
AK,11,5,01,1,20040383,NU MINUMAN MILK TEA  BTL 330L,,,25.00,55,45.45%,24,,19/06/2027,L,2
AK,11,5,02,1,20142024,KAKI TIGA LARUTAN PENYEGAR COOLTOPIA MELON ORANGE KLG 320L,,,22.00,63,34.92%,24,,01/07/2029,,2
AK,11,6,01,1,,,,,0.00,0.0,,,,,,
AK,11,6,02,1,,,,,0.00,0.0,,,,,,
AK,11,7,01,1,,,,,0.00,0.0,,,,,,
AK,11,7,02,1,20116110,MAXICORN SNACK ROASTED CORN PCK 140/130,,,15.00,10,150.00%,20,,15/05/2027,L,5
AK,12,3,01,1,20045415,KOPIKO COFFEE LATTE 78C  BTL 240L,,,78.00,78,100.00%,24,,01/09/2027,,4
AK,12,3,02,1,20043877,FLORIDINA JUICE PULP ORANGE BTL 350L,,,83.00,125,66.40%,12,,01/06/2027,L,12
AK,12,4,01,1,20094283,INDOMILK KENTAL MANIS PUTIH PCH 545/535,,,25.00,50,50.00%,24,,01/08/2027,E,24
AK,12,4,02,1,20019674,YOU C1000 ISOTONIC DRINK ORANGE WATER BTL 500L,,,40.00,40,100.00%,24,,01/05/2027,D,24
AK,12,5,01,1,20130801,CAP BADAK LARUTAN PENYEGAR PUTIH BTL 350L,,,40.00,50,80.00%,24,,01/07/2031,,4
AK,12,5,02,1,,,,,0.00,0.0,,,,,,
AK,12,6,01,1,,,,,0.00,0.0,,,,,,
AK,12,6,02,1,20092063,CHITATO SNACK POTATO CHIPS SAPI PANGGANG PCK 120/115,,,14.00,14,100.00%,18,,01/05/2027,D,6
AK,12,7,01,1,20122571,PIATTOS SNACK KENTANG SAPI PANGGANG PCK 120/115,,,24.00,20,120.00%,16,,01/07/2027,S,16
AK,12,7,02,1,20116110,MAXICORN SNACK ROASTED CORN PCK 140/130,,,15.00,10,150.00%,20,,01/05/2027,L,5
AL,01,3,01,1,20110967,MUJIGAE SUSU CAIR CHOCO BANANA BTL 250L,,,133.00,175,76.00%,12,CTN,04/12/2027,L,3
AL,01,3,02,1,10004237,CAP BADAK LARUTAN PENYEGAR LECI KLG 320L,,,15.00,63,23.81%,24,CTN,01/09/2028,S,6
AL,01,4,01,1,10036703,INDOFOOD KECAP ASIN BTL 140L,,,12.00,55,21.82%,48,CTN,31/07/2029,,1
AL,01,4,02,1,10028190,LOTTE MINUMAN BERSODA MILKIS  KLG 250L,,,5.00,55,9.09%,30,CTN,31/07/2028,,1
AL,01,5,01,1,20006422,TESSA FACIAL TISSUE REF.TP-09 50S  BAG,,,4.00,26,15.38%,48,CTN,30/09/2029,,4
AL,01,5,02,1,20142358,POWERADE MINUMAN ISOTONIK ACTIVE WHITE BTL 400L,,,25.00,108,23.15%,12,CTN,30/04/2027,,1
AL,01,6,01,1,20134254,SO FRESH MINYAK ANGIN AROMATHERAPY EUCALYPTUS BDD 210L,,,2.42,96,2.52%,36,CTN,01/09/2029,,1
AL,01,6,02,1,20137991,AQUVIVA AIR MINERAL  BTL 700L,,,64.00,64,100.00%,12,CTN,20/03/2028,D,24
AL,01,7,01,1,20087542,GOLDA COFFEE DRINK DOLCE LATTE BTL 200L,,,186.00,186,100.00%,12,CTN,20/05/2027,D,12
AL,01,7,02,1,20087542,GOLDA COFFEE DRINK DOLCE LATTE BTL 200L,,,78.00,186,41.94%,12,CTN,20/05/2027,D,12
AL,02,3,01,1,20077499,PRISTINE 8.6+ AIR MINERAL  BTL 600L,,,40.00,40,100.00%,24,,01/09/2028,S,24
AL,02,3,02,1,20077499,PRISTINE 8.6+ AIR MINERAL  BTL 600L,,,40.00,40,100.00%,24,,01/09/2028,S,24
AL,02,4,01,1,20077499,PRISTINE 8.6+ AIR MINERAL  BTL 600L,,,40.00,40,100.00%,24,,01/08/2028,S,24
AL,02,4,02,1,20077499,PRISTINE 8.6+ AIR MINERAL  BTL 600L,,,40.00,40,100.00%,24,,01/08/2028,S,24
AL,02,5,01,1,20077499,PRISTINE 8.6+ AIR MINERAL  BTL 600L,,,40.00,40,100.00%,24,,01/08/2028,S,24
AL,02,5,02,1,20077499,PRISTINE 8.6+ AIR MINERAL  BTL 600L,,,40.00,40,100.00%,24,,01/08/2028,S,24
AL,02,6,01,1,20087542,GOLDA COFFEE DRINK DOLCE LATTE BTL 200L,,,62.00,186,33.33%,12,CTN,20/05/2027,D,12
AL,02,6,02,1,20137991,AQUVIVA AIR MINERAL  BTL 700L,,,64.00,64,100.00%,12,CTN,20/03/2028,D,24
AL,02,7,01,1,20005529,NESTLE AIR MINERAL PURE LIFE BTL 600L,,,40.00,40,100.00%,24,CTN,28/03/2028,D,24
AL,02,7,02,1,20137991,AQUVIVA AIR MINERAL  BTL 700L,,,36.00,64,56.25%,12,CTN,20/03/2028,D,24
AL,03,3,01,1,20077499,PRISTINE 8.6+ AIR MINERAL  BTL 600L,,,40.00,40,100.00%,24,,01/09/2028,S,24
AL,03,3,02,1,20077499,PRISTINE 8.6+ AIR MINERAL  BTL 600L,,,40.00,40,100.00%,24,,01/09/2028,S,24
AL,03,4,01,1,20077499,PRISTINE 8.6+ AIR MINERAL  BTL 600L,,,40.00,40,100.00%,24,,01/08/2028,S,24
AL,03,4,02,1,20077499,PRISTINE 8.6+ AIR MINERAL  BTL 600L,,,40.00,40,100.00%,24,,01/08/2028,S,24
AL,03,5,01,1,20077499,PRISTINE 8.6+ AIR MINERAL  BTL 600L,,,40.00,40,100.00%,24,,01/08/2028,S,24
AL,03,5,02,1,20077499,PRISTINE 8.6+ AIR MINERAL  BTL 600L,,,40.00,40,100.00%,24,,01/08/2028,S,24
AL,03,6,01,1,20137991,AQUVIVA AIR MINERAL  BTL 700L,,,64.00,64,100.00%,12,CTN,03/03/2028,D,24
AL,03,6,02,1,20137991,AQUVIVA AIR MINERAL  BTL 700L,,,64.00,64,100.00%,12,CTN,03/03/2028,D,24
AL,03,7,01,1,20137991,AQUVIVA AIR MINERAL  BTL 700L,,,64.00,64,100.00%,12,CTN,03/03/2028,D,24
AL,03,7,02,1,20137991,AQUVIVA AIR MINERAL  BTL 700L,,,64.00,64,100.00%,12,CTN,03/03/2028,D,24
AL,04,3,01,1,20072249,SOSRO TEH BOTOL ORIGINAL BTL 350L,,,110.00,110,100.00%,12,,01/08/2027,D,12
AL,04,3,02,1,20118832,ION WATER MINUMAN ISOTONIK  BTL 500L,,,40.00,50,80.00%,24,,01/09/2027,S,3
AL,04,4,01,1,20019674,YOU C1000 ISOTONIC DRINK ORANGE WATER BTL 500L,,,40.00,40,100.00%,24,,01/06/2027,D,24
AL,04,4,02,1,20038777,POCARI SWEAT MINUMAN ISOTONIK  BTL 900L,,,40.00,40,100.00%,15,,01/08/2027,S,15
AL,04,5,01,1,20077499,PRISTINE 8.6+ AIR MINERAL  BTL 600L,,,40.00,40,100.00%,24,,01/08/2028,S,24
AL,04,5,02,1,20077499,PRISTINE 8.6+ AIR MINERAL  BTL 600L,,,40.00,40,100.00%,24,,01/08/2028,S,24
AL,04,6,01,1,20137991,AQUVIVA AIR MINERAL  BTL 700L,,,64.00,64,100.00%,12,CTN,03/03/2028,D,24
AL,04,6,02,1,20137991,AQUVIVA AIR MINERAL  BTL 700L,,,64.00,64,100.00%,12,CTN,03/03/2028,D,24
AL,04,7,01,1,20137991,AQUVIVA AIR MINERAL  BTL 700L,,,64.00,64,100.00%,12,CTN,03/03/2028,D,24
AL,04,7,02,1,20137991,AQUVIVA AIR MINERAL  BTL 700L,,,64.00,64,100.00%,12,CTN,03/03/2028,D,24
AL,05,3,01,1,20048155,PUCUK HARUM MINUMAN TEH LESS SUGAR BTL 350L,,,65.00,480,13.54%,24,,01/08/2027,D,24
AL,05,3,02,1,20130667,SPRITE SOFT DRINK ZERO SUGAR LIME PET 390L,,,73.00,104,70.19%,12,,31/03/2027,,12
AL,05,4,01,1,20066455,SOSRO FRUIT TEA APPLE BTL 350L,,,100.00,125,80.00%,12,,30/09/2027,L,12
AL,05,4,02,1,20072249,SOSRO TEH BOTOL ORIGINAL BTL 350L,,,71.00,110,64.55%,12,,30/09/2027,D,12
AL,05,5,01,1,20142495,INDOMARET AIR MINERAL  BTL 1L,,,40.00,50,80.00%,12,,01/09/2028,S,12
AL,05,5,02,1,20009973,AJINOMOTO SAUS TERIYAKI SAORI  BTL 135L,,,1.00,240,0.42%,24,CTN,10/07/2027,,1
AL,05,6,01,1,20137991,AQUVIVA AIR MINERAL  BTL 700L,,,3.00,64,4.69%,12,CTN,03/03/2028,D,24
AL,05,6,02,1,20034685,OISHI SNACK PILLOWS CHOCOLATE PCH 100,,,11.00,40,27.50%,20,CTN,22/09/2027,S,5
AL,05,7,01,1,10036640,ULTRA TEH KOTAK JASMINE TEA TPK 300L,,,60.00,98,61.22%,24,CTN,05/08/2027,D,24
AL,05,7,02,1,20034078,FRISIAN FLAG SUSU CAIR UHT STROBERI TPK 225L,,,78.00,91,85.71%,36,CTN,01/06/2027,S,36
AL,06,3,01,1,20036200,SPRITE SOFT DRINK  PET 1L,,,40.00,33,121.21%,12,,01/09/2028,S,12
AL,06,3,02,1,10004676,ULTRA SUSU UHT STERIL SLIM PLAIN TPK 250L,,,78.00,126,61.90%,24,,01/07/2027,D,24
AL,06,4,01,1,20036200,SPRITE SOFT DRINK  PET 1L,,,33.00,33,100.00%,12,,01/03/2027,S,12
AL,06,4,02,1,20110968,MUJIGAE SUSU CAIR BANANA BTL 250L,,,66.00,175,37.71%,12,CTN,10/12/2027,,2
AL,06,5,01,1,20066454,SOSRO FRUIT TEA BLACKCURRANT BTL 350L,,,100.00,100,100.00%,12,,30/09/2027,S,12
AL,06,5,02,1,20133192,ROCHO WAFER CHOCOLATE KACANG  PCH 84,,,28.00,28,100.00%,24,CTN,01/12/2027,,2
AL,06,6,01,1,,,,,0.00,0.0,,,,,,
AL,06,6,02,1,,,,,0.00,0.0,,,,,,
AL,06,7,01,1,20085010,PORORO MINUMAN BERPERISA MANGO BTL 235L,,,20.00,65,30.77%,24,CTN,01/08/2027,,8
AL,06,7,02,1,20085010,PORORO MINUMAN BERPERISA MANGO BTL 235L,,,3.00,65,4.62%,24,CTN,01/08/2027,,8
AL,07,3,01,1,20142495,INDOMARET AIR MINERAL  BTL 1L,,,40.00,50,80.00%,12,,01/09/2028,S,12
AL,07,3,02,1,20142495,INDOMARET AIR MINERAL  BTL 1L,,,40.00,50,80.00%,12,,01/09/2028,S,12
AL,07,4,01,1,20052629,INDOMARET AIR MINUM DENGAN OKSIGEN SPORTY BTL 600L,,,40.00,40,100.00%,24,,01/09/2028,,24
AL,07,4,02,1,20052629,INDOMARET AIR MINUM DENGAN OKSIGEN SPORTY BTL 600L,,,40.00,40,100.00%,24,,01/09/2028,,24
AL,07,5,01,1,20142495,INDOMARET AIR MINERAL  BTL 1L,,,40.00,50,80.00%,12,,01/09/2028,S,12
AL,07,5,02,1,10038881,TROPICAL MINYAK GORENG  BTL 1000L,,,45.00,32,140.63%,12,,01/09/2028,D,6
AL,07,6,01,1,20085010,PORORO MINUMAN BERPERISA MANGO BTL 235L,,,6.00,65,9.23%,24,CTN,01/08/2027,,8
AL,07,6,02,1,20009722,POCARI SWEAT MINUMAN ISOTONIK  BTL 500L,,,40.00,480,8.33%,24,CTN,04/08/2027,E,24
AL,07,7,01,1,20139538,LAYS SNACK POTATO CHIPS RUMPUT LAUT PCK 105,,,30.00,20,150.00%,14,,01/01/2027,,2
AL,07,7,02,1,10000425,CAP LANG MINYAK KAYU PUTIH  BTL 60L,,,19.00,480,3.96%,12,LSN,30/08/2031,S,4
AL,08,3,01,1,20090527,CRYSTALIN AIR MINERAL  BTL 600L,,,36.00,36,100.00%,24,,01/03/2028,D,24
AL,08,3,02,1,20090527,CRYSTALIN AIR MINERAL  BTL 600L,,,36.00,36,100.00%,24,,01/03/2028,D,24
AL,08,4,01,1,20094283,INDOMILK KENTAL MANIS PUTIH PCH 545/535,,,50.00,50,100.00%,24,,01/09/2027,E,24
AL,08,4,02,1,20094283,INDOMILK KENTAL MANIS PUTIH PCH 545/535,,,50.00,50,100.00%,24,,01/09/2027,E,24
AL,08,5,01,1,20094283,INDOMILK KENTAL MANIS PUTIH PCH 545/535,,,50.00,50,100.00%,24,,01/09/2027,E,24
AL,08,5,02,1,20094283,INDOMILK KENTAL MANIS PUTIH PCH 545/535,,,50.00,50,100.00%,24,,01/09/2027,E,24
AL,08,6,01,1,20009722,POCARI SWEAT MINUMAN ISOTONIK  BTL 500L,,,16.00,480,3.33%,24,CTN,04/08/2027,E,24
AL,08,6,02,1,20044199,INDOMIE MIE GORENG CABE IJO PCK 85,,,18.00,52,34.62%,40,CTN,22/05/2027,S,40
AL,08,7,01,1,20009722,POCARI SWEAT MINUMAN ISOTONIK  BTL 500L,,,27.00,480,5.63%,24,CTN,04/08/2027,E,24
AL,08,7,02,1,20116110,MAXICORN SNACK ROASTED CORN PCK 140/130,,,5.00,10,50.00%,20,CTN,15/05/2027,L,5
AL,09,3,01,1,20052629,INDOMARET AIR MINUM DENGAN OKSIGEN SPORTY BTL 600L,,,40.00,40,100.00%,24,,08/09/2028,,24
AL,09,3,02,1,20009722,POCARI SWEAT MINUMAN ISOTONIK  BTL 500L,,,40.00,480,8.33%,24,CTN,20/09/2027,E,24
AL,09,4,01,1,20094283,INDOMILK KENTAL MANIS PUTIH PCH 545/535,,,50.00,50,100.00%,24,,01/09/2027,E,24
AL,09,4,02,1,20094283,INDOMILK KENTAL MANIS PUTIH PCH 545/535,,,50.00,50,100.00%,24,,01/09/2027,E,24
AL,09,5,01,1,20094283,INDOMILK KENTAL MANIS PUTIH PCH 545/535,,,50.00,50,100.00%,24,,01/09/2027,E,24
AL,09,5,02,1,20094283,INDOMILK KENTAL MANIS PUTIH PCH 545/535,,,50.00,50,100.00%,24,,01/09/2027,E,24
AL,09,6,01,1,10008580,DELFI WAFER STICK TWISTER MINIS CHOCO CREAM PCK 70,,,23.00,60,38.33%,20,,01/08/2027,,2
AL,09,6,02,1,20136644,DIAMOND SUSU UHT MARSHMALLOW TPK 200L,,,11.00,128,8.59%,24,CTN,01/08/2027,,2
AL,09,7,01,1,20116675,CHITATO LITE SNACK POTATO NORI SEAWEED PCK 115,,,14.00,21,66.67%,18,CTN,19/05/2027,D,9
AL,09,7,02,1,20036157,SOSRO TEH BOTOL JASMINE TEA BTL 450L,,,35.00,40,87.50%,24,CTN,30/06/2027,S,8
AL,10,3,01,1,20123322,GOLDA COFFEE DRINK CAPPUCCINO BTL 200L,,,155.00,186,83.33%,12,,31/05/2027,E,12
AL,10,3,02,1,20068905,FRISIAN FLAG SUSU KENTAL MANIS PUTIH PCH 535,,,50.00,50,100.00%,24,,30/09/2027,E,24
AL,10,4,01,1,20142495,INDOMARET AIR MINERAL  BTL 1L,,,40.00,50,80.00%,12,,01/09/2028,S,12
AL,10,4,02,1,20097781,KEBON AGUNG GULA KRISTAL PUTIH  PCK 1,,,28.00,28,100.00%,24,CTN,01/09/2028,,24
AL,10,5,01,1,20090527,CRYSTALIN AIR MINERAL  BTL 600L,,,36.00,36,100.00%,24,,01/03/2028,D,24
AL,10,5,02,1,20090527,CRYSTALIN AIR MINERAL  BTL 600L,,,36.00,36,100.00%,24,,01/03/2028,D,24
AL,10,6,01,1,20023845,PRINGLES POTATO CRISPS CHEESY CHEESE KLG 102,,,3.00,68,4.41%,12,CTN,17/07/2027,L,2
AL,10,6,02,1,20143734,CHOCOLATOS SNACK PILLOW CHOCOLATE PCH 97.5,,,28.00,28,100.00%,20,,01/05/2027,,1
AL,10,7,01,1,20116112,MAXICORN SNACK BARBECUE PCK 140/130,,,15.00,20,75.00%,20,,05/05/2027,S,5
AL,10,7,02,1,20116110,MAXICORN SNACK ROASTED CORN PCK 140/130,,,15.00,10,150.00%,20,,01/05/2027,L,5
AL,11,3,01,1,10021010,GULAKU GULA TEBU (PUTIH) PREMIUM PCK 1000,,,32.00,32,100.00%,24,,01/08/2028,,24
AL,11,3,02,1,20032503,MINUTE MAID JUICE PULPY ORANGE BTL 1L,,,21.00,33,63.64%,12,,01/03/2027,S,3
AL,11,4,01,1,20036200,SPRITE SOFT DRINK  PET 1L,,,33.00,33,100.00%,12,,01/03/2027,S,12
AL,11,4,02,1,20052629,INDOMARET AIR MINUM DENGAN OKSIGEN SPORTY BTL 600L,,,40.00,40,100.00%,24,,01/09/2028,,24
AL,11,5,01,1,20077499,PRISTINE 8.6+ AIR MINERAL  BTL 600L,,,40.00,40,100.00%,24,,01/09/2028,S,24
AL,11,5,02,1,20077499,PRISTINE 8.6+ AIR MINERAL  BTL 600L,,,40.00,40,100.00%,24,,01/09/2028,S,24
AL,11,6,01,1,20143734,CHOCOLATOS SNACK PILLOW CHOCOLATE PCH 97.5,,,28.00,28,100.00%,20,,01/05/2027,,1
AL,11,6,02,1,20143734,CHOCOLATOS SNACK PILLOW CHOCOLATE PCH 97.5,,,28.00,28,100.00%,20,,01/05/2027,,1
AL,11,7,01,1,20034682,RIN-BEE SNACK STICK KEJU PCK 60,,,24.00,16,150.00%,24,,01/06/2027,,2
AL,11,7,02,1,20116675,CHITATO LITE SNACK POTATO NORI SEAWEED PCK 115,,,21.00,21,100.00%,18,,01/05/2027,D,9
AL,12,3,01,1,20090527,CRYSTALIN AIR MINERAL  BTL 600L,,,36.00,36,100.00%,24,,01/03/2028,D,24
AL,12,3,02,1,20085988,LE MINERALE AIR MINERAL  BTL 1500L,,,33.00,33,100.00%,12,,01/02/2028,E,24
AL,12,4,01,1,20085988,LE MINERALE AIR MINERAL  BTL 1500L,,,33.00,33,100.00%,12,,01/02/2028,E,24
AL,12,4,02,1,20085988,LE MINERALE AIR MINERAL  BTL 1500L,,,33.00,33,100.00%,12,,01/02/2028,E,24
AL,12,5,01,1,20085988,LE MINERALE AIR MINERAL  BTL 1500L,,,33.00,33,100.00%,12,,01/02/2028,E,24
AL,12,5,02,1,20090527,CRYSTALIN AIR MINERAL  BTL 600L,,,36.00,36,100.00%,24,,01/03/2028,D,24
AL,12,6,01,1,20005529,NESTLE AIR MINERAL PURE LIFE BTL 600L,,,40.00,40,100.00%,24,CTN,28/03/2028,D,24
AL,12,6,02,1,20005529,NESTLE AIR MINERAL PURE LIFE BTL 600L,,,40.00,40,100.00%,24,CTN,28/03/2028,D,24
AL,12,7,01,1,20126424,TARO SNACK NET SEAWEED PCK 115,,,12.00,9,133.33%,16,,01/05/2027,,2
AL,12,7,02,1,20116110,MAXICORN SNACK ROASTED CORN PCK 140/130,,,15.00,10,150.00%,20,,01/05/2027,L,5
AM,01,3,01,1,20139700,PRISTINE 8.6+ AIR MINERAL  BTL 1500L,,,33.00,33,100.00%,12,,01/09/2028,L,12
AM,01,3,02,1,20139700,PRISTINE 8.6+ AIR MINERAL  BTL 1500L,,,33.00,33,100.00%,12,,01/09/2028,L,12
AM,01,4,01,1,20139700,PRISTINE 8.6+ AIR MINERAL  BTL 1500L,,,33.00,33,100.00%,12,,01/09/2028,L,12
AM,01,4,02,1,20139700,PRISTINE 8.6+ AIR MINERAL  BTL 1500L,,,33.00,33,100.00%,12,,01/09/2028,L,12
AM,01,5,01,1,20139700,PRISTINE 8.6+ AIR MINERAL  BTL 1500L,,,33.00,33,100.00%,12,,01/09/2028,L,12
AM,01,5,02,1,20139700,PRISTINE 8.6+ AIR MINERAL  BTL 1500L,,,33.00,33,100.00%,12,,01/09/2028,L,12
AM,01,6,01,1,20085444,GAGA MIE GORENG 100 EXTRA PEDAS JALAPENO PCK 85,,,3.00,64,4.69%,40,CTN,05/08/2027,,40
AM,01,6,02,1,20139555,PUNOKAWAN BERAS PREMIUM  SAK 10,,,48.00,48,100.00%,1,SAK,28/02/2028,,1
AM,01,7,01,1,20085444,GAGA MIE GORENG 100 EXTRA PEDAS JALAPENO PCK 85,,,31.00,64,48.44%,40,CTN,05/08/2027,,40
AM,01,7,02,1,20097781,KEBON AGUNG GULA KRISTAL PUTIH  PCK 1,,,28.00,28,100.00%,24,CTN,01/09/2028,,24
AM,02,3,01,1,20139700,PRISTINE 8.6+ AIR MINERAL  BTL 1500L,,,33.00,33,100.00%,12,,01/09/2028,L,12
AM,02,3,02,1,20139700,PRISTINE 8.6+ AIR MINERAL  BTL 1500L,,,33.00,33,100.00%,12,,01/09/2028,L,12
AM,02,4,01,1,20036199,FANTA SOFT DRINK STRAWBERRY PET 1L,,,20.00,33,60.61%,12,,01/03/2027,L,4
AM,02,4,02,1,20139700,PRISTINE 8.6+ AIR MINERAL  BTL 1500L,,,33.00,33,100.00%,12,,01/09/2028,L,12
AM,02,5,01,1,20077116,SOVIA MINYAK GORENG  PCH 1L,,,50.00,50,100.00%,12,,01/08/2028,S,12
AM,02,5,02,1,20077116,SOVIA MINYAK GORENG  PCH 1L,,,50.00,50,100.00%,12,,01/08/2028,S,12
AM,02,6,01,1,20143503,CHOCOLATOS CHOCOLATE DRINK SMOOTH MATCHA PCK 5X24,,,3.00,100,3.00%,24,CTN,19/08/2027,,1
AM,02,6,02,1,20087542,GOLDA COFFEE DRINK DOLCE LATTE BTL 200L,,,16.00,186,8.60%,12,CTN,04/05/2027,D,12
AM,02,7,01,1,20087542,GOLDA COFFEE DRINK DOLCE LATTE BTL 200L,,,93.00,186,50.00%,12,CTN,04/05/2027,D,12
AM,02,7,02,1,10003426,INDOMILK SUSU CAIR STRAWBERRY BTL 190L,,,49.00,91,53.85%,24,CTN,28/05/2027,,2
AM,03,3,01,1,20065779,SPRITE SOFT DRINK  PET 390L,,,101.00,480,21.04%,12,,01/03/2027,S,12
AM,03,3,02,1,10003627,CAP BADAK LARUTAN PENYEGAR ORANGE KLG 320L,,,28.00,72,38.89%,24,,01/08/2028,L,2
AM,03,4,01,1,20077499,PRISTINE 8.6+ AIR MINERAL  BTL 600L,,,40.00,40,100.00%,24,,01/09/2028,S,24
AM,03,4,02,1,20077499,PRISTINE 8.6+ AIR MINERAL  BTL 600L,,,40.00,40,100.00%,24,,01/09/2028,S,24
AM,03,5,01,1,20048096,V-SOY SOYA BEAN MILK MULTI GRAIN  BTL 300L,,,5.00,720,0.69%,24,CTN,01/09/2027,S,6
AM,03,5,02,1,20015838,POCARI SWEAT MINUMAN ISOTONIK  BTL 350L,,,60.00,60,100.00%,24,,01/08/2027,D,24
AM,03,6,01,1,20139555,PUNOKAWAN BERAS PREMIUM  SAK 10,,,48.00,48,100.00%,1,SAK,28/02/2028,,1
AM,03,6,02,1,20072249,SOSRO TEH BOTOL ORIGINAL BTL 350L,,,19.00,110,17.27%,12,CTN,18/08/2027,D,12
AM,03,7,01,1,20072249,SOSRO TEH BOTOL ORIGINAL BTL 350L,,,110.00,110,100.00%,12,CTN,18/08/2027,D,12
AM,03,7,02,1,20139555,PUNOKAWAN BERAS PREMIUM  SAK 10,,,48.00,48,100.00%,1,SAK,28/02/2028,,1
AM,04,3,01,1,20128821,COCA COLA SOFT DRINK ZERO SUGAR PET 390L,,,104.00,104,100.00%,12,,01/03/2027,,12
AM,04,3,02,1,20094171,INDOMARET AIR MINUM 24X  CTN 200L,,,108.00,108,100.00%,1,,15/09/2028,S,2
AM,04,4,01,1,20036197,COCA COLA SOFT DRINK  PET 1L,,,33.00,33,100.00%,12,,01/03/2027,S,2
AM,04,4,02,1,20036197,COCA COLA SOFT DRINK  PET 1L,,,33.00,33,100.00%,12,,01/03/2027,S,2
AM,04,5,01,1,20139700,PRISTINE 8.6+ AIR MINERAL  BTL 1500L,,,33.00,33,100.00%,12,,01/08/2029,L,12
AM,04,5,02,1,20139700,PRISTINE 8.6+ AIR MINERAL  BTL 1500L,,,33.00,33,100.00%,12,,01/08/2029,L,12
AM,04,6,01,1,20131788,MAMA LEMON CAIRAN PENCUCI PIRING JERUK NIPIS PCH 950/920 ,,,38.00,55,69.09%,6,CTN,30/09/2029,S,6
AM,04,6,02,1,20087542,GOLDA COFFEE DRINK DOLCE LATTE BTL 200L,,,100.00,186,53.76%,12,CTN,17/05/2027,D,12
AM,04,7,01,1,,,,,0.00,0.0,,,,,,
AM,04,7,02,1,20087542,GOLDA COFFEE DRINK DOLCE LATTE BTL 200L,,,5.00,186,2.69%,12,CTN,17/05/2027,D,12
AM,05,3,01,1,20068906,FRISIAN FLAG SUSU KENTAL MANIS COKELAT PCH 535,,,50.00,50,100.00%,24,CTN,01/05/2027,D,12
AM,05,3,02,1,20068906,FRISIAN FLAG SUSU KENTAL MANIS COKELAT PCH 535,,,50.00,50,100.00%,24,CTN,01/05/2027,D,12
AM,05,4,01,1,20052629,INDOMARET AIR MINUM DENGAN OKSIGEN SPORTY BTL 600L,,,40.00,40,100.00%,24,,08/09/2028,,24
AM,05,4,02,1,20139700,PRISTINE 8.6+ AIR MINERAL  BTL 1500L,,,33.00,33,100.00%,12,,01/09/2028,L,12
AM,05,5,01,1,20139700,PRISTINE 8.6+ AIR MINERAL  BTL 1500L,,,23.00,33,69.70%,12,,01/09/2028,L,12
AM,05,5,02,1,20139700,PRISTINE 8.6+ AIR MINERAL  BTL 1500L,,,33.00,33,100.00%,12,,01/09/2028,L,12
AM,05,6,01,1,20087542,GOLDA COFFEE DRINK DOLCE LATTE BTL 200L,,,4.00,186,2.15%,12,CTN,17/05/2027,D,12
AM,05,6,02,1,20087542,GOLDA COFFEE DRINK DOLCE LATTE BTL 200L,,,151.00,186,81.18%,12,CTN,20/05/2027,D,12
AM,05,7,01,1,20087542,GOLDA COFFEE DRINK DOLCE LATTE BTL 200L,,,77.00,186,41.40%,12,CTN,20/05/2027,D,12
AM,05,7,02,1,20087542,GOLDA COFFEE DRINK DOLCE LATTE BTL 200L,,,186.00,186,100.00%,12,CTN,20/05/2027,D,12
AM,06,3,01,1,20072249,SOSRO TEH BOTOL ORIGINAL BTL 350L,,,99.00,110,90.00%,12,,30/09/2027,D,12
AM,06,3,02,1,10000104,REGAL MARIE  PCK 120,,,2.00,44,4.55%,48,CTN,20/02/2028,S,4
AM,06,4,01,1,20130801,CAP BADAK LARUTAN PENYEGAR PUTIH BTL 350L,,,6.00,50,12.00%,24,CTN,01/07/2031,,4
AM,06,4,02,1,20036157,SOSRO TEH BOTOL JASMINE TEA BTL 450L,,,40.00,40,100.00%,24,,01/08/2027,S,8
AM,06,5,01,1,10036899,REGAL MARIE BARU KLG 550,,,5.00,48,10.42%,6,CTN,25/12/2027,,1
AM,06,5,02,1,20142358,POWERADE MINUMAN ISOTONIK ACTIVE WHITE BTL 400L,,,4.00,108,3.70%,12,CTN,04/05/2027,,1
AM,06,6,01,1,20123322,GOLDA COFFEE DRINK CAPPUCCINO BTL 200L,,,186.00,186,100.00%,12,CTN,14/06/2027,E,12
AM,06,6,02,1,20123322,GOLDA COFFEE DRINK CAPPUCCINO BTL 200L,,,40.00,186,21.51%,12,CTN,14/06/2027,E,12
AM,06,7,01,1,20123322,GOLDA COFFEE DRINK CAPPUCCINO BTL 200L,,,100.00,186,53.76%,12,CTN,14/06/2027,E,12
AM,06,7,02,1,20123322,GOLDA COFFEE DRINK CAPPUCCINO BTL 200L,,,2.00,186,1.08%,12,CTN,14/06/2027,E,12
AM,07,3,01,1,20042206,S-26 PROMISEGLD SUSU BUBUK PERTUMBUHAN 4 VANILLA (NEW) KLG 900,,,10.00,36,27.78%,6,CTN,07/05/2028,,1
AM,07,3,02,1,20112042,RAW MATERIAL CARAMEL SAUCE  BTL 1L,,,2.00,66,3.03%,6,CTN,11/09/2027,Z,2
AM,07,4,01,1,20042206,S-26 PROMISEGLD SUSU BUBUK PERTUMBUHAN 4 VANILLA (NEW) KLG 900,,,3.00,36,8.33%,6,CTN,07/05/2028,,1
AM,07,4,02,1,20082395,SOSRO TEH BOTOL TAWAR BTL 350L,,,15.00,110,13.64%,12,CTN,30/09/2029,,3
AM,07,5,01,1,20040306,S-26 PROMILGOLD SUSU BUBUK LANJUTAN 6-12 (2) VANILA KLG 400,,,1.00,32,3.13%,24,CTN,31/05/2028,,1
AM,07,5,02,1,10004237,CAP BADAK LARUTAN PENYEGAR LECI KLG 320L,,,8.00,63,12.70%,24,CTN,01/09/2028,S,6
AM,07,6,01,1,20123322,GOLDA COFFEE DRINK CAPPUCCINO BTL 200L,,,144.00,186,77.42%,12,CTN,14/06/2027,E,12
AM,07,6,02,1,20009722,POCARI SWEAT MINUMAN ISOTONIK  BTL 500L,,,3.00,480,0.63%,24,CTN,03/09/2027,E,24
AM,07,7,01,1,20009722,POCARI SWEAT MINUMAN ISOTONIK  BTL 500L,,,30.00,480,6.25%,24,CTN,03/09/2027,E,24
AM,07,7,02,1,20009722,POCARI SWEAT MINUMAN ISOTONIK  BTL 500L,,,7.00,480,1.46%,24,CTN,03/09/2027,E,24
AM,08,3,01,1,20003786,NU MINUMAN GREEN TEA HONEY BTL 450L,,,15.00,40,37.50%,24,CTN,01/08/2027,,2
AM,08,3,02,1,20036197,COCA COLA SOFT DRINK  PET 1L,,,33.00,33,100.00%,12,,01/03/2027,S,2
AM,08,4,01,1,20035829,TEBS TEA WITH SODA  BTL 500L,,,25.00,36,69.44%,24,,30/09/2029,S,6
AM,08,4,02,1,,,,,0.00,0.0,,,,,,
AM,08,5,01,1,20057867,HYDRO COCO NATURAL HEALTH DRINK  TPK 500 L,,,81.00,90,90.00%,12,,09/09/2027,D,12
AM,08,5,02,1,20065780,FANTA SOFT DRINK STRAWBERRY PET 390L,,,47.00,104,45.19%,12,CTN,31/03/2027,,6
AM,08,6,01,1,20137991,AQUVIVA AIR MINERAL  BTL 700L,,,64.00,64,100.00%,12,CTN,22/03/2028,D,24
AM,08,6,02,1,20139555,PUNOKAWAN BERAS PREMIUM  SAK 10,,,48.00,48,100.00%,1,SAK,28/02/2028,,1
AM,08,7,01,1,20009722,POCARI SWEAT MINUMAN ISOTONIK  BTL 500L,,,20.00,480,4.17%,24,CTN,03/09/2027,E,24
AM,08,7,02,1,20009722,POCARI SWEAT MINUMAN ISOTONIK  BTL 500L,,,14.00,480,2.92%,24,CTN,03/09/2027,E,24
AM,09,3,01,1,20036200,SPRITE SOFT DRINK  PET 1L,,,33.00,33,100.00%,12,,31/03/2027,S,12
AM,09,3,02,1,20048096,V-SOY SOYA BEAN MILK MULTI GRAIN  BTL 300L,,,7.00,720,0.97%,24,CTN,01/09/2027,S,6
AM,09,4,01,1,20045674,GOOD DAY COFFEE DRINK FUNTS.MOCACINNO BTL 250/230L,,,60.00,60,100.00%,24,,01/08/2027,S,12
AM,09,4,02,1,20130801,CAP BADAK LARUTAN PENYEGAR PUTIH BTL 350L,,,40.00,50,80.00%,24,,01/07/2031,,4
AM,09,5,01,1,20036198,COCA COLA SOFT DRINK ZERO  PET 1L,,,33.00,33,100.00%,12,CTN,30/03/2027,L,12
AM,09,5,02,1,20036200,SPRITE SOFT DRINK  PET 1L,,,22.00,33,66.67%,12,CTN,31/03/2027,S,12
AM,09,6,01,1,20036200,SPRITE SOFT DRINK  PET 1L,,,33.00,33,100.00%,12,CTN,31/03/2027,S,12
AM,09,6,02,1,10004237,CAP BADAK LARUTAN PENYEGAR LECI KLG 320L,,,40.00,63,63.49%,24,CTN,01/09/2028,S,6
AM,09,7,01,1,20036200,SPRITE SOFT DRINK  PET 1L,,,33.00,33,100.00%,12,CTN,31/03/2027,S,12
AM,09,7,02,1,20072249,SOSRO TEH BOTOL ORIGINAL BTL 350L,,,71.00,110,64.55%,12,CTN,30/09/2027,D,12
AM,10,3,01,1,20036198,COCA COLA SOFT DRINK ZERO  PET 1L,,,33.00,33,100.00%,12,,01/03/2027,L,12
AM,10,3,02,1,20085988,LE MINERALE AIR MINERAL  BTL 1500L,,,33.00,33,100.00%,12,,01/02/2028,E,24
AM,10,4,01,1,20085988,LE MINERALE AIR MINERAL  BTL 1500L,,,33.00,33,100.00%,12,,01/02/2028,E,24
AM,10,4,02,1,20139699,OASIS AIR MINERAL PH9  BTL 500L,,,40.00,40,100.00%,24,,01/06/2028,,24
AM,10,5,01,1,20052629,INDOMARET AIR MINUM DENGAN OKSIGEN SPORTY BTL 600L,,,50.00,40,125.00%,24,,08/09/2028,,24
AM,10,5,02,1,20085988,LE MINERALE AIR MINERAL  BTL 1500L,,,33.00,33,100.00%,12,,01/02/2028,E,24
AM,10,6,01,1,20097781,KEBON AGUNG GULA KRISTAL PUTIH  PCK 1,,,28.00,28,100.00%,24,CTN,01/09/2028,,24
AM,10,6,02,1,20019930,INDOMIE MIE GORENG RENDANG PCK 91,,,52.00,52,100.00%,40,,01/05/2027,S,40
AM,10,7,01,1,,,,,0.00,0.0,,,,,,
AM,10,7,02,1,20116110,MAXICORN SNACK ROASTED CORN PCK 140/130,,,18.00,10,180.00%,20,,01/05/2027,L,5
AM,11,3,01,1,20094283,INDOMILK KENTAL MANIS PUTIH PCH 545/535,,,50.00,50,100.00%,24,,01/09/2027,E,24
AM,11,3,02,1,20077499,PRISTINE 8.6+ AIR MINERAL  BTL 600L,,,21.00,40,52.50%,24,,01/05/2028,S,24
AM,11,4,01,1,20085988,LE MINERALE AIR MINERAL  BTL 1500L,,,33.00,33,100.00%,12,,01/02/2028,E,24
AM,11,4,02,1,20131788,MAMA LEMON CAIRAN PENCUCI PIRING JERUK NIPIS PCH 950/920 ,,,55.00,55,100.00%,6,CTN,01/10/2029,S,6
AM,11,5,01,1,20139699,OASIS AIR MINERAL PH9  BTL 500L,,,40.00,40,100.00%,24,,01/06/2028,,24
AM,11,5,02,1,20085988,LE MINERALE AIR MINERAL  BTL 1500L,,,33.00,33,100.00%,12,,01/02/2028,E,24
AM,11,6,01,1,20141375,CHOMP CHOMP WHOOSS WHOOSS MALLOW  PCK 50,,,6.00,50,12.00%,36,CTN,29/02/2028,,1
AM,11,6,02,1,20133409,KOPI KENANGAN HANYA UNTUKMU COFFEE DRINK CAFFE LATTE BTL 200L,,,6.00,52,11.54%,24,CTN,31/07/2027,,6
AM,11,7,01,1,20099297,SEDAAP MIE MIE INSTANT KOREAN SPICY CHICKEN CUP 81,,,6.00,64,9.38%,12,CTN,01/05/2027,,12
AM,11,7,02,1,20126424,TARO SNACK NET SEAWEED PCK 115,,,12.00,9,133.33%,16,,01/07/2027,,2
AM,12,3,01,1,20005529,NESTLE AIR MINERAL PURE LIFE BTL 600L,,,37.00,40,92.50%,24,,01/03/2028,D,24
AM,12,3,02,1,20139555,PUNOKAWAN BERAS PREMIUM  SAK 10,,,39.00,48,81.25%,1,,28/02/2028,,1
AM,12,4,01,1,20085988,LE MINERALE AIR MINERAL  BTL 1500L,,,33.00,33,100.00%,12,,01/02/2028,E,24
AM,12,4,02,1,20139555,PUNOKAWAN BERAS PREMIUM  SAK 10,,,48.00,48,100.00%,1,,28/02/2028,,1
AM,12,5,01,1,20129966,NIPIS MADU MINUMAN BERKARBONASI LIME SODA BTL 330L,,,100.00,100,100.00%,12,,01/05/2027,D,12
AM,12,5,02,1,20120904,KOPI KENANGAN HANYA UNTUKMU COFFEE DRINK BLACK AREN BTL 220L,,,5.00,78,6.41%,24,CTN,31/07/2027,,4
AM,12,6,01,1,20137991,AQUVIVA AIR MINERAL  BTL 700L,,,64.00,64,100.00%,12,CTN,22/03/2028,D,24
AM,12,6,02,1,10003517,INDOMIE MIE GORENG PLUS SPECIAL PCK 80,,,52.00,52,100.00%,40,,01/05/2027,E,40
AM,12,7,01,1,10001094,CHITATO SNACK POTATO CHIPS SAPI PANGGANG PCK 68/65,,,25.00,25,100.00%,30,,01/05/2027,D,10
AM,12,7,02,1,20137991,AQUVIVA AIR MINERAL  BTL 700L,,,64.00,64,100.00%,12,CTN,22/03/2028,D,24
AN,01,3,01,1,20052031,MAMA LIME LIQUID PENCUCI PIRING GREEN TEA PCH 690/650 ,,,50.00,40,125.00%,12,,01/01/2029,,6
AN,01,3,02,1,20052321,DAIA DETERGENT POWDER+SOFTENER ROMANTIC PINK PCK 1.5/1.4 ,,,34.00,40,85.00%,6,CTN,01/09/2029,D,6
AN,01,4,01,1,20123812,EKONOMI PENCUCI PIRING POWER LIQUID SEREH PCH 650L/675,,,50.00,60,83.33%,12,,01/09/2029,L,6
AN,01,4,02,1,20112492,SUNLIGHT PENCUCI PIRING JERUK NIPIS PCH 420L/400,,,61.00,50,122.00%,12,,01/06/2028,,6
AN,01,5,01,1,20112491,SUNLIGHT PENCUCI PIRING (NEW) LIME PCH 1L/910L,,,44.00,44,100.00%,6,,01/08/2029,S,6
AN,01,5,02,1,20136124,EKONOMI PENCUCI PIRING LIQUID NATURAL NANAS&JERUK NPS PCH 650L/675,,,50.00,50,100.00%,12,CTN,01/09/2029,S,12
AN,01,6,01,1,20136124,EKONOMI PENCUCI PIRING LIQUID NATURAL NANAS&JERUK NPS PCH 650L/675,,,50.00,50,100.00%,12,,04/09/2029,S,12
AN,01,6,02,1,20136124,EKONOMI PENCUCI PIRING LIQUID NATURAL NANAS&JERUK NPS PCH 650L/675,,,50.00,50,100.00%,12,,01/09/2029,S,12
AN,01,7,01,1,20130191,HANASUI COLLAGEN WATER SUNSCREEN SPF30PA++ TUB 30L,,,1.00,65,1.54%,48,CTN,31/07/2029,,1
AN,01,7,02,1,10032483,FORMULA SIKAT GIGI PLATINUM PROTECTOR DISC EXTR.CLEAN PCS SOFT,,,1.00,90,1.11%,72,CTN,01/09/2030,,2
AN,02,3,01,1,20107240,EKONOMI PENCUCI PIRING POWER LIQUID SIWAK&JRK LIMAU PCH 650L/675,,,59.00,50,118.00%,12,,30/06/2030,,12
AN,02,3,02,1,20141204,INDOMARET PENCUCI PIRING JERUK NIPIS PCH 950,,,44.00,52,84.62%,6,,01/09/2029,,2
AN,02,4,01,1,20112491,SUNLIGHT PENCUCI PIRING (NEW) LIME PCH 1L/910L,,,44.00,44,100.00%,6,,01/08/2028,S,6
AN,02,4,02,1,20112491,SUNLIGHT PENCUCI PIRING (NEW) LIME PCH 1L/910L,,,44.00,44,100.00%,6,,01/08/2029,S,6
AN,02,5,01,1,20137793,RINSO DETERJEN LIQUID   MOLTO ROSE FRESH PCH 510,,,36.00,60,60.00%,12,,01/06/2029,,2
AN,02,5,02,1,20112492,SUNLIGHT PENCUCI PIRING JERUK NIPIS PCH 420L/400,,,62.00,50,124.00%,12,,01/08/2028,,6
AN,02,6,01,1,20118913,INDOMARET TAS RAMAH LINGKUNGAN SEDANG PCS 383010.5,,,200.00,600,33.33%,10,,01/09/2029,,10
AN,02,6,02,1,20091352,DAIA DETERGENT POWDER+SOFTENER VIOLET PASSION PCK 1.5/1.4 ,,,34.00,48,70.83%,6,,01/01/2029,D,6
AN,02,7,01,1,20137969,INDOMARET UNDERPAD 10S  BAG,,,6.00,12,50.00%,12,CTN,30/09/2029,,2
AN,02,7,02,1,20107742,INDOMARET TAS RAMAH LINGKUNGAN KECIL PCS 40X30,,,288.00,600,48.00%,12,,01/07/2027,S,12
AN,03,3,01,1,20136124,EKONOMI PENCUCI PIRING LIQUID NATURAL NANAS&JERUK NPS PCH 650L/675,,,39.00,50,78.00%,12,,01/09/2030,S,12
AN,03,3,02,1,20036047,DAIA DETERGENT POWDER+SOFTENER ROMANTIC PINK PCK 800/725 ,,,40.00,40,100.00%,12,,01/09/2029,,6
AN,03,4,01,1,20144100,CHARM PEMBALUT DAUN SIRIH MAXI 26S NON WING PCK 23,,,15.00,15,100.00%,24,CTN,30/09/2029,,1
AN,03,4,02,1,20092331,EKONOMI PENCUCI PIRING POWER LIQUID JERUK NIPIS PCH 650/675 ,,,50.00,60,83.33%,12,,01/09/2029,S,12
AN,03,5,01,1,20092331,EKONOMI PENCUCI PIRING POWER LIQUID JERUK NIPIS PCH 650/675 ,,,50.00,60,83.33%,12,CTN,01/09/2029,S,12
AN,03,5,02,1,20131788,MAMA LEMON CAIRAN PENCUCI PIRING JERUK NIPIS PCH 950/920 ,,,55.00,55,100.00%,6,,11/09/2029,S,6
AN,03,6,01,1,20131788,MAMA LEMON CAIRAN PENCUCI PIRING JERUK NIPIS PCH 950/920 ,,,55.00,55,100.00%,6,CTN,11/09/2029,S,6
AN,03,6,02,1,20131788,MAMA LEMON CAIRAN PENCUCI PIRING JERUK NIPIS PCH 950/920 ,,,55.00,55,100.00%,6,,11/09/2029,S,6
AN,03,7,01,1,10003503,FORMULA SIKAT GIGI TRENDY 3S SOFT PCK,,,1.00,40,2.50%,72,CTN,01/09/2030,,2
AN,03,7,02,1,20048155,PUCUK HARUM MINUMAN TEH LESS SUGAR BTL 350L,,,22.00,480,4.58%,24,CTN,01/10/2027,D,24
AN,04,3,01,1,20036047,DAIA DETERGENT POWDER+SOFTENER ROMANTIC PINK PCK 800/725 ,,,40.00,40,100.00%,12,,01/01/2029,,6
AN,04,3,02,1,20061748,DAIA DETERGENT POWDER+SOFTENER VIOLET PASSION PCK 800/725 ,,,40.00,40,100.00%,12,,01/09/2029,,6
AN,04,4,01,1,20092331,EKONOMI PENCUCI PIRING POWER LIQUID JERUK NIPIS PCH 650/675 ,,,50.00,60,83.33%,12,,01/09/2029,S,12
AN,04,4,02,1,20107240,EKONOMI PENCUCI PIRING POWER LIQUID SIWAK&JRK LIMAU PCH 650L/675,,,60.00,50,120.00%,12,,01/07/2030,,12
AN,04,5,01,1,20136124,EKONOMI PENCUCI PIRING LIQUID NATURAL NANAS&JERUK NPS PCH 650L/675,,,50.00,50,100.00%,12,,01/01/2029,S,12
AN,04,5,02,1,20072923,BABY HAPPY  BABY DIAPERS PANTS 34/32S  BAG MEDIUM,,,24.00,30,80.00%,4,CTN,04/10/2029,E,2
AN,04,6,01,1,20092331,EKONOMI PENCUCI PIRING POWER LIQUID JERUK NIPIS PCH 650/675 ,,,50.00,60,83.33%,12,,01/09/2029,S,12
AN,04,6,02,1,20131788,MAMA LEMON CAIRAN PENCUCI PIRING JERUK NIPIS PCH 950/920 ,,,55.00,55,100.00%,6,,01/01/2029,S,6
AN,04,7,01,1,20107742,INDOMARET TAS RAMAH LINGKUNGAN KECIL PCS 40X30,,,288.00,600,48.00%,12,,01/08/2029,S,12
AN,04,7,02,1,20107742,INDOMARET TAS RAMAH LINGKUNGAN KECIL PCS 40X30,,,168.00,600,28.00%,12,,01/08/2029,S,12
AN,05,3,01,1,20112491,SUNLIGHT PENCUCI PIRING (NEW) LIME PCH 1L/910L,,,44.00,44,100.00%,6,,01/08/2028,S,6
AN,05,3,02,1,20144100,CHARM PEMBALUT DAUN SIRIH MAXI 26S NON WING PCK 23,,,10.00,15,66.67%,24,CTN,30/09/2029,,1
AN,05,4,01,1,20122043,INDOMARET TAS RAMAH LINGKUNGAN BESAR PCS 45X37X15,,,120.00,168,71.43%,12,,30/07/2029,,12
AN,05,4,02,1,20107742,INDOMARET TAS RAMAH LINGKUNGAN KECIL PCS 40X30,,,288.00,600,48.00%,12,,30/07/2029,S,12
AN,05,5,01,1,20020245,MOLTO PEWANGI PAKAIAN ACTIVE FRESH BLUE PCH 780/765L,,,36.00,50,72.00%,12,,16/09/2029,L,6
AN,05,5,02,1,20136124,EKONOMI PENCUCI PIRING LIQUID NATURAL NANAS&JERUK NPS PCH 650L/675,,,50.00,50,100.00%,12,,01/09/2029,S,12
AN,05,6,01,1,20107742,INDOMARET TAS RAMAH LINGKUNGAN KECIL PCS 40X30,,,288.00,600,48.00%,12,,01/08/2029,S,12
AN,05,6,02,1,20107742,INDOMARET TAS RAMAH LINGKUNGAN KECIL PCS 40X30,,,288.00,600,48.00%,12,,01/08/2029,S,12
AN,05,7,01,1,20107742,INDOMARET TAS RAMAH LINGKUNGAN KECIL PCS 40X30,,,372.00,600,62.00%,12,,01/07/2030,S,12
AN,05,7,02,1,20122043,INDOMARET TAS RAMAH LINGKUNGAN BESAR PCS 45X37X15,,,160.00,168,95.24%,12,,01/01/2028,,12
AN,06,3,01,1,20136124,EKONOMI PENCUCI PIRING LIQUID NATURAL NANAS&JERUK NPS PCH 650L/675,,,50.00,50,100.00%,12,,01/01/2030,S,12
AN,06,3,02,1,20136124,EKONOMI PENCUCI PIRING LIQUID NATURAL NANAS&JERUK NPS PCH 650L/675,,,50.00,50,100.00%,12,,01/01/2030,S,12
AN,06,4,01,1,20136124,EKONOMI PENCUCI PIRING LIQUID NATURAL NANAS&JERUK NPS PCH 650L/675,,,50.00,50,100.00%,12,,01/01/2030,S,12
AN,06,4,02,1,20092331,EKONOMI PENCUCI PIRING POWER LIQUID JERUK NIPIS PCH 650/675 ,,,50.00,60,83.33%,12,,01/09/2029,S,12
AN,06,5,01,1,20136124,EKONOMI PENCUCI PIRING LIQUID NATURAL NANAS&JERUK NPS PCH 650L/675,,,50.00,50,100.00%,12,,04/09/2030,S,12
AN,06,5,02,1,20092331,EKONOMI PENCUCI PIRING POWER LIQUID JERUK NIPIS PCH 650/675 ,,,45.00,60,75.00%,12,,01/01/2029,S,12
AN,06,6,01,1,20136124,EKONOMI PENCUCI PIRING LIQUID NATURAL NANAS&JERUK NPS PCH 650L/675,,,50.00,50,100.00%,12,,01/09/2029,S,12
AN,06,6,02,1,20091352,DAIA DETERGENT POWDER+SOFTENER VIOLET PASSION PCK 1.5/1.4 ,,,26.00,48,54.17%,6,,01/09/2030,D,6
AN,06,7,01,1,20107742,INDOMARET TAS RAMAH LINGKUNGAN KECIL PCS 40X30,,,288.00,600,48.00%,12,,01/08/2029,S,12
AN,06,7,02,1,20064413,KAO ATTACK DETERGENT POWDER JAZ 1 SEMERBAK CINTA BAG 1.4/1.3 ,,,33.00,33,100.00%,6,,01/09/2029,S,6
AN,07,3,01,1,20092331,EKONOMI PENCUCI PIRING POWER LIQUID JERUK NIPIS PCH 650/675 ,,,50.00,60,83.33%,12,,01/09/2029,S,12
AN,07,3,02,1,20136124,EKONOMI PENCUCI PIRING LIQUID NATURAL NANAS&JERUK NPS PCH 650L/675,,,30.00,50,60.00%,12,,01/09/2029,S,12
AN,07,4,01,1,20092331,EKONOMI PENCUCI PIRING POWER LIQUID JERUK NIPIS PCH 650/675 ,,,50.00,60,83.33%,12,,01/10/2029,S,12
AN,07,4,02,1,20142276,DAIA DETERGENT POWDER LILY & JASMINE PCK 1.5/1.4 ,,,4.00,40,10.00%,6,CTN,04/10/2029,,1
AN,07,5,01,1,20092331,EKONOMI PENCUCI PIRING POWER LIQUID JERUK NIPIS PCH 650/675 ,,,50.00,60,83.33%,12,,01/09/2029,S,12
AN,07,5,02,1,20130527,KAO ATTACK DETERGENT POWDER JAZ1+SOFTENER ROSE BERRY BAG 1.4/1.2 ,,,33.00,33,100.00%,6,,01/09/2029,L,2
AN,07,6,01,1,20092331,EKONOMI PENCUCI PIRING POWER LIQUID JERUK NIPIS PCH 650/675 ,,,50.00,60,83.33%,12,,01/01/2029,S,12
AN,07,6,02,1,20107742,INDOMARET TAS RAMAH LINGKUNGAN KECIL PCS 40X30,,,204.00,600,34.00%,12,,01/09/2029,S,12
AN,07,7,01,1,20107742,INDOMARET TAS RAMAH LINGKUNGAN KECIL PCS 40X30,,,384.00,600,64.00%,12,,22/09/2029,S,12
AN,07,7,02,1,20099547,CRYSTALIN AIR MINERAL  BTL 1500L,,,30.00,30,100.00%,12,CTN,18/03/2028,,12
AN,08,3,01,1,20112491,SUNLIGHT PENCUCI PIRING (NEW) LIME PCH 1L/910L,,,33.00,44,75.00%,6,,01/08/2028,S,6
AN,08,3,02,1,20092331,EKONOMI PENCUCI PIRING POWER LIQUID JERUK NIPIS PCH 650/675 ,,,50.00,60,83.33%,12,,01/06/2029,S,12
AN,08,4,01,1,20092331,EKONOMI PENCUCI PIRING POWER LIQUID JERUK NIPIS PCH 650/675 ,,,50.00,60,83.33%,12,CTN,01/09/2029,S,12
AN,08,4,02,1,20121372,RINSO DETERJEN POWDER + MOLTO PERFUME ESSENCE BAG 400/380,,,29.00,52,55.77%,12,CTN,30/09/2028,,12
AN,08,5,01,1,20091352,DAIA DETERGENT POWDER+SOFTENER VIOLET PASSION PCK 1.5/1.4 ,,,48.00,48,100.00%,6,,01/09/2030,D,6
AN,08,5,02,1,20112491,SUNLIGHT PENCUCI PIRING (NEW) LIME PCH 1L/910L,,,44.00,44,100.00%,6,,01/08/2028,S,6
AN,08,6,01,1,20092331,EKONOMI PENCUCI PIRING POWER LIQUID JERUK NIPIS PCH 650/675 ,,,50.00,60,83.33%,12,,01/01/2029,S,12
AN,08,6,02,1,20092331,EKONOMI PENCUCI PIRING POWER LIQUID JERUK NIPIS PCH 650/675 ,,,50.00,60,83.33%,12,,01/01/2029,S,12
AN,08,7,01,1,20099547,CRYSTALIN AIR MINERAL  BTL 1500L,,,3.00,30,10.00%,12,CTN,18/03/2028,,12
AN,08,7,02,1,20118913,INDOMARET TAS RAMAH LINGKUNGAN SEDANG PCS 383010.5,,,250.00,600,41.67%,10,,28/09/2029,,10
AN,09,3,01,1,20092331,EKONOMI PENCUCI PIRING POWER LIQUID JERUK NIPIS PCH 650/675 ,,,9.00,60,15.00%,12,CTN,04/10/2030,S,12
AN,09,3,02,1,10008104,SO KLIN PEWANGI PAKAIAN REFILL BLUE PCH 800/780L,,,50.00,50,100.00%,12,,01/09/2029,,6
AN,09,4,01,1,20092331,EKONOMI PENCUCI PIRING POWER LIQUID JERUK NIPIS PCH 650/675 ,,,46.00,60,76.67%,12,,01/01/2029,S,12
AN,09,4,02,1,10013205,SUNLIGHT PENCUCI PIRING JERUK NIPIS BTL 750L/675,,,40.00,42,95.24%,12,,21/09/2028,L,12
AN,09,5,01,1,20112491,SUNLIGHT PENCUCI PIRING (NEW) LIME PCH 1L/910L,,,44.00,44,100.00%,6,,01/08/2028,S,6
AN,09,5,02,1,20107742,INDOMARET TAS RAMAH LINGKUNGAN KECIL PCS 40X30,,,120.00,600,20.00%,12,,08/09/2028,S,12
AN,09,6,01,1,20112491,SUNLIGHT PENCUCI PIRING (NEW) LIME PCH 1L/910L,,,44.00,44,100.00%,6,,01/08/2028,S,6
AN,09,6,02,1,20112491,SUNLIGHT PENCUCI PIRING (NEW) LIME PCH 1L/910L,,,44.00,44,100.00%,6,,01/08/2028,S,6
AN,09,7,01,1,20112491,SUNLIGHT PENCUCI PIRING (NEW) LIME PCH 1L/910L,,,18.00,44,40.91%,6,CTN,30/09/2028,S,6
AN,09,7,02,1,20064413,KAO ATTACK DETERGENT POWDER JAZ 1 SEMERBAK CINTA BAG 1.4/1.3 ,,,33.00,33,100.00%,6,,01/09/2029,S,6
AN,10,3,01,1,20092331,EKONOMI PENCUCI PIRING POWER LIQUID JERUK NIPIS PCH 650/675 ,,,50.00,60,83.33%,12,,01/09/2030,S,12
AN,10,3,02,1,20030446,DAIA DETERGENT POWDER PUTIH  PCK 1.5/1.4 ,,,48.00,40,120.00%,6,,04/09/2029,,6
AN,10,4,01,1,20091352,DAIA DETERGENT POWDER+SOFTENER VIOLET PASSION PCK 1.5/1.4 ,,,42.00,48,87.50%,6,,29/09/2029,D,6
AN,10,4,02,1,20112491,SUNLIGHT PENCUCI PIRING (NEW) LIME PCH 1L/910L,,,23.00,44,52.27%,6,,01/08/2028,S,6
AN,10,5,01,1,20029237,INDOMARET PISAU CUKUR RAZOR 2 MATA SILET  PCS,,,1.00,24,4.17%,288,CTN,30/09/2026,,2
AN,10,5,02,1,20030446,DAIA DETERGENT POWDER PUTIH  PCK 1.5/1.4 ,,,48.00,40,120.00%,6,,04/09/2029,,6
AN,10,6,01,1,20092331,EKONOMI PENCUCI PIRING POWER LIQUID JERUK NIPIS PCH 650/675 ,,,50.00,60,83.33%,12,,07/09/2030,S,12
AN,10,6,02,1,20092331,EKONOMI PENCUCI PIRING POWER LIQUID JERUK NIPIS PCH 650/675 ,,,50.00,60,83.33%,12,,01/09/2029,S,12
AN,10,7,01,1,,,,,0.00,0.0,,,,,,
AN,10,7,02,1,20131788,MAMA LEMON CAIRAN PENCUCI PIRING JERUK NIPIS PCH 950/920 ,,,55.00,55,100.00%,6,,01/09/2029,S,6
AN,11,3,01,1,20019170,SLEEK CLEAN BABY BOTTLE NIPPLE &  ACCESORIES PCH 450+90L,,,6.00,70,8.57%,12,CTN,30/09/2029,,1
AN,11,3,02,1,20136124,EKONOMI PENCUCI PIRING LIQUID NATURAL NANAS&JERUK NPS PCH 650L/675,,,36.00,50,72.00%,12,,01/09/2030,S,12
AN,11,4,01,1,20093193,RAPIKA PELICIN PAKAIAN REFILL SAKURA STRWBERY PCH 400/300L,,,74.00,108,68.52%,12,CTN,01/10/2029,,4
AN,11,4,02,1,10023789,SEDAAP MIE MIE INSTANT GORENG PCK 91,,,52.00,52,100.00%,40,CTN,01/05/2027,S,40
AN,11,5,01,1,20142568,LIFEBUOY BODY WASH ANTI ACNE GREEN TEA PCH 300,,,2.00,39,5.13%,24,CTN,30/11/2028,,1
AN,11,5,02,1,20112491,SUNLIGHT PENCUCI PIRING (NEW) LIME PCH 1L/910L,,,44.00,44,100.00%,6,CTN,01/09/2028,S,6
AN,11,6,01,1,20118913,INDOMARET TAS RAMAH LINGKUNGAN SEDANG PCS 383010.5,,,100.00,600,16.67%,10,,29/09/2029,,10
AN,11,6,02,1,20064413,KAO ATTACK DETERGENT POWDER JAZ 1 SEMERBAK CINTA BAG 1.4/1.3 ,,,33.00,33,100.00%,6,,01/09/2029,S,6
AN,11,7,01,1,20107742,INDOMARET TAS RAMAH LINGKUNGAN KECIL PCS 40X30,,,200.00,600,33.33%,12,,01/09/2029,S,12
AN,11,7,02,1,20107742,INDOMARET TAS RAMAH LINGKUNGAN KECIL PCS 40X30,,,360.00,600,60.00%,12,,01/09/2029,S,12
AN,12,3,01,1,20107245,PEPSODENT KIDS PATRICK PASTA+SIKAT GIGI STRAWBERRY PCK 50/45,,,4.00,55,7.27%,36,CTN,18/05/2029,,1
AN,12,3,02,1,20131223,SO KLIN PEMBERSIH LANTAI REFILL CITRUS GARDEN PCH 700L,,,24.00,50,48.00%,12,CTN,01/09/2029,,2
AN,12,4,01,1,20112492,SUNLIGHT PENCUCI PIRING JERUK NIPIS PCH 420L/400,,,28.00,50,56.00%,12,,20/09/2028,,6
AN,12,4,02,1,20134680,LIFEBUOY SHAMPOO ANTI KETOMBE MENTHOL DINGIN BTL 170L,,,10.00,68,14.71%,36,CTN,31/03/2029,,1
AN,12,5,01,1,20112491,SUNLIGHT PENCUCI PIRING (NEW) LIME PCH 1L/910L,,,44.00,44,100.00%,6,,20/09/2028,S,6
AN,12,5,02,1,20092331,EKONOMI PENCUCI PIRING POWER LIQUID JERUK NIPIS PCH 650/675 ,,,40.00,60,66.67%,12,,01/09/2030,S,12
AN,12,6,01,1,20099547,CRYSTALIN AIR MINERAL  BTL 1500L,,,21.00,30,70.00%,12,CTN,18/03/2028,,12
AN,12,6,02,1,20130527,KAO ATTACK DETERGENT POWDER JAZ1+SOFTENER ROSE BERRY BAG 1.4/1.2 ,,,33.00,33,100.00%,6,,01/09/2029,L,2
AN,12,7,01,1,20107742,INDOMARET TAS RAMAH LINGKUNGAN KECIL PCS 40X30,,,360.00,600,60.00%,12,,01/09/2029,S,12
AN,12,7,02,1,20138059,MUSTIKA RATU MINYAK ZAITUN SKIN FIRMING BTL 75L,,,1.00,25,4.00%,32,BOX,01/09/2029,,1
AO,01,3,01,1,20054610,RINSO DETERJEN LIQUID FRONT LOAD PCH 1.6/1.45L,,,15.00,33,45.45%,6,CTN,30/09/2028,,1
AO,01,3,02,1,20069208,LE MINERALE AIR MINERAL  BTL 600 L,,,36.00,36,100.00%,24,CTN,01/03/2028,E,72
AO,01,4,01,1,20034450,MAMA LEMON LIQUID PENCUCI PIRING JERUK NIPIS PCH 690/650 ,,,23.00,60,38.33%,12,CTN,01/09/2029,E,12
AO,01,4,02,1,20091349,TRESEMME SHAMPOO SCALP CARE (NEW)  BTL 170L,,,6.00,95,6.32%,18,CTN,24/02/2029,,1
AO,01,5,01,1,20096590,SEDAAP MIE MIE INSTANT SOTO PCK 5X76,,,47.00,52,90.38%,8,CTN,01/05/2027,D,8
AO,01,5,02,1,20129966,NIPIS MADU MINUMAN BERKARBONASI LIME SODA BTL 330L,,,11.00,100,11.00%,12,CTN,01/05/2027,D,12
AO,01,6,01,1,10023792,SEDAAP MIE MIE INSTANT SOTO PCK 76,,,46.00,52,88.46%,40,CTN,04/05/2027,,40
AO,01,6,02,1,,,,,0.00,0.0,,,,,,
AO,01,7,01,1,10002101,HAPPYTOS SNACK TORTILA CHIPS MERAH PCK 140,,,36.00,24,150.00%,16,,01/09/2027,E,16
AO,01,7,02,1,10002101,HAPPYTOS SNACK TORTILA CHIPS MERAH PCK 140,,,36.00,24,150.00%,16,,01/09/2027,E,16
AO,02,3,01,1,20042991,INDOMARET GULA PASIR PREMIUM PUTIH PCK 1,,,25.00,25,100.00%,25,,01/09/2028,L,25
AO,02,3,02,1,20042991,INDOMARET GULA PASIR PREMIUM PUTIH PCK 1,,,25.00,25,100.00%,25,,01/09/2028,L,25
AO,02,4,01,1,20042991,INDOMARET GULA PASIR PREMIUM PUTIH PCK 1,,,25.00,25,100.00%,25,,01/09/2028,L,25
AO,02,4,02,1,20042991,INDOMARET GULA PASIR PREMIUM PUTIH PCK 1,,,25.00,25,100.00%,25,CTN,01/09/2028,L,25
AO,02,5,01,1,20042991,INDOMARET GULA PASIR PREMIUM PUTIH PCK 1,,,25.00,25,100.00%,25,,01/09/2028,L,25
AO,02,5,02,1,20042991,INDOMARET GULA PASIR PREMIUM PUTIH PCK 1,,,25.00,25,100.00%,25,,01/09/2028,L,25
AO,02,6,01,1,10002101,HAPPYTOS SNACK TORTILA CHIPS MERAH PCK 140,,,19.00,24,79.17%,16,CTN,30/09/2027,E,16
AO,02,6,02,1,20139457,AQUVIVA AIR MINERAL  CTN 12X250L,,,174.00,174,100.00%,1,CTN,03/03/2028,,2
AO,02,7,01,1,20087155,POP MIE MI INSTAN LAPEER TIME AYAM BAWANG CUP 75,,,32.00,32,100.00%,24,,01/04/2027,,6
AO,02,7,02,1,10002101,HAPPYTOS SNACK TORTILA CHIPS MERAH PCK 140,,,36.00,24,150.00%,16,,01/08/2027,E,16
AO,03,3,01,1,20042991,INDOMARET GULA PASIR PREMIUM PUTIH PCK 1,,,25.00,25,100.00%,25,,01/09/2028,L,25
AO,03,3,02,1,20042991,INDOMARET GULA PASIR PREMIUM PUTIH PCK 1,,,25.00,25,100.00%,25,,01/09/2028,L,25
AO,03,4,01,1,20042991,INDOMARET GULA PASIR PREMIUM PUTIH PCK 1,,,25.00,25,100.00%,25,,01/09/2028,L,25
AO,03,4,02,1,20042991,INDOMARET GULA PASIR PREMIUM PUTIH PCK 1,,,25.00,25,100.00%,25,,01/09/2028,L,25
AO,03,5,01,1,20042991,INDOMARET GULA PASIR PREMIUM PUTIH PCK 1,,,25.00,25,100.00%,25,,01/09/2028,L,25
AO,03,5,02,1,20042991,INDOMARET GULA PASIR PREMIUM PUTIH PCK 1,,,25.00,25,100.00%,25,,01/09/2028,L,25
AO,03,6,01,1,20073495,SOSRO FRUIT TEA FREEZE BTL 350L,,,38.00,125,30.40%,12,CTN,30/09/2027,L,12
AO,03,6,02,1,20144230,CHARM PEMBALUT DAUN SIRIH MAXI 24S  PCK 23,,,11.00,24,45.83%,24,CTN,27/09/2029,,1
AO,03,7,01,1,20056356,SHINZUI WHITEESSENTIAL FACIAL WASH ACNE CALM TUB 80L,,,2.00,40,5.00%,48,CTN,01/09/2028,,1
AO,03,7,02,1,20130709,LUX SABUN MANDI CAIR REFILL MAGICAL ORCHID PCH 825L,,,10.00,50,20.00%,12,CTN,31/03/2029,L,1
AO,04,3,01,1,20077499,PRISTINE 8.6+ AIR MINERAL  BTL 600L,,,40.00,40,100.00%,24,,01/09/2028,S,24
AO,04,3,02,1,20137992,AQUVIVA AIR MINERAL  BTL 1600L,,,60.00,60,100.00%,6,,01/03/2028,S,6
AO,04,4,01,1,20042991,INDOMARET GULA PASIR PREMIUM PUTIH PCK 1,,,25.00,25,100.00%,25,,01/09/2028,L,25
AO,04,4,02,1,20042991,INDOMARET GULA PASIR PREMIUM PUTIH PCK 1,,,25.00,25,100.00%,25,,01/09/2028,L,25
AO,04,5,01,1,20042991,INDOMARET GULA PASIR PREMIUM PUTIH PCK 1,,,25.00,25,100.00%,25,,01/09/2028,L,25
AO,04,5,02,1,20042991,INDOMARET GULA PASIR PREMIUM PUTIH PCK 1,,,25.00,25,100.00%,25,,01/09/2028,L,25
AO,04,6,01,1,20116675,CHITATO LITE SNACK POTATO NORI SEAWEED PCK 115,,,11.00,21,52.38%,18,,01/05/2027,D,9
AO,04,6,02,1,20137412,SHINZUI BRIGHTENING SERUM SUNSCREEN SPF 35 PA+++ TUB 30L,,,1.00,100,1.00%,48,CTN,01/09/2028,,1
AO,04,7,01,1,10002101,HAPPYTOS SNACK TORTILA CHIPS MERAH PCK 140,,,36.00,24,150.00%,16,,06/09/2027,E,16
AO,04,7,02,1,10002101,HAPPYTOS SNACK TORTILA CHIPS MERAH PCK 140,,,36.00,24,150.00%,16,,01/09/2027,E,16
AO,05,3,01,1,20130850,CHARM PEMBALUT COOL.FRESH SEJUK 23 WING PCK 14S,,,2.00,40,5.00%,24,CTN,30/09/2029,,2
AO,05,3,02,1,20144230,CHARM PEMBALUT DAUN SIRIH MAXI 24S  PCK 23,,,3.00,24,12.50%,24,CTN,27/09/2029,,1
AO,05,4,01,1,20042991,INDOMARET GULA PASIR PREMIUM PUTIH PCK 1,,,25.00,25,100.00%,25,,01/09/2028,L,25
AO,05,4,02,1,20042991,INDOMARET GULA PASIR PREMIUM PUTIH PCK 1,,,25.00,25,100.00%,25,,01/09/2028,L,25
AO,05,5,01,1,20042991,INDOMARET GULA PASIR PREMIUM PUTIH PCK 1,,,25.00,25,100.00%,25,,01/09/2028,L,25
AO,05,5,02,1,20042991,INDOMARET GULA PASIR PREMIUM PUTIH PCK 1,,,25.00,25,100.00%,25,,01/09/2028,L,25
AO,05,6,01,1,10000975,POP MIE MI INSTAN LAPEER TIME AYAM CUP 75,,,14.00,32,43.75%,24,,01/05/2027,L,6
AO,05,6,02,1,10001094,CHITATO SNACK POTATO CHIPS SAPI PANGGANG PCK 68/65,,,11.00,25,44.00%,30,,01/05/2027,D,10
AO,05,7,01,1,20077499,PRISTINE 8.6+ AIR MINERAL  BTL 600L,,,40.00,40,100.00%,24,CTN,10/09/2028,S,24
AO,05,7,02,1,20093100,ZEN ANTI BACTERIAL BODY WASH SHISO&SANDALWOD BTL 500/480L,,,4.00,65,6.15%,24,CTN,04/09/2029,,1
AO,06,3,01,1,20128719,SO KLIN SOFTERGENT POWDER LAVENDER & LILY PCK 455/375 ,,,3.00,60,5.00%,12,CTN,04/09/2030,L,6
AO,06,3,02,1,20034450,MAMA LEMON LIQUID PENCUCI PIRING JERUK NIPIS PCH 690/650 ,,,26.00,60,43.33%,12,CTN,04/09/2030,E,12
AO,06,4,01,1,20085988,LE MINERALE AIR MINERAL  BTL 1500L,,,33.00,33,100.00%,12,CTN,01/02/2028,E,24
AO,06,4,02,1,20085988,LE MINERALE AIR MINERAL  BTL 1500L,,,33.00,33,100.00%,12,CTN,01/02/2028,E,24
AO,06,5,01,1,20143330,B&B HAIR LOTION SPRAY  BTL 100 L,,,1.00,150,0.67%,24,CTN,30/09/2029,,1
AO,06,5,02,1,10024229,RESIK-V SABUN CAIR SIRIH P/KEWANITAAN ANGGREK BTL 90L,,,2.00,114,1.75%,36,CTN,31/08/2029,,3
AO,06,6,01,1,10000461,MONDE SNACK GOLD  PCK 60/50,,,15.00,15,100.00%,30,,01/08/2027,,6
AO,06,6,02,1,20122571,PIATTOS SNACK KENTANG SAPI PANGGANG PCK 120/115,,,18.00,20,90.00%,16,,01/07/2027,S,16
AO,06,7,01,1,20116670,CHITATO LITE SNACK POTATO NORI SEAWEED PCK 68/65,,,20.00,15,133.33%,30,,01/05/2027,D,6
AO,06,7,02,1,10001094,CHITATO SNACK POTATO CHIPS SAPI PANGGANG PCK 68/65,,,20.00,25,80.00%,30,,01/05/2027,D,10
AO,07,3,01,1,10000652,INDOMIE MIE INSTANT AYAM BAWANG PCK 69,,,25.00,52,48.08%,40,CTN,01/05/2027,D,40
AO,07,3,02,1,10005482,SUNLIGHT PENCUCI PIRING NEW REF LIME PCH 650L/660,,,35.00,50,70.00%,12,CTN,30/10/2029,D,12
AO,07,4,01,1,20125494,SOFTEX PEMBALUT WANITA COMFORT 36 NIGHT WING PCK 12S,,,9.00,24,37.50%,24,CTN,01/09/2029,,2
AO,07,4,02,1,20137023,SWEETY DRY X-PERT PANTS 38S  BAG LARGE,,,2.00,10,20.00%,8,CTN,01/09/2029,D,2
AO,07,5,01,1,10040202,SOFFELL LOTION ANTI NYAMUK KULIT JERUK BTL 80/60,,,17.00,48,35.42%,12,BOX,01/09/2028,,2
AO,07,5,02,1,10004513,NATUR PENCUCI RAMBUT ALAMI MENCEGAH RONTOK BTL 140L,,,2.00,40,5.00%,24,CTN,01/09/2028,,1
AO,07,6,01,1,20105341,AXE BODY SPRAY DEODORANT ICE CHILL KLG 150/135L,,,9.00,144,6.25%,12,CTN,31/08/2029,,1
AO,07,6,02,1,20062311,REXONA DEODORANT ROLL ON WOMEN FREE SPIRIT BTL 45L,,,5.00,140,3.57%,24,CTN,21/08/2028,L,2
AO,07,7,01,1,20126424,TARO SNACK NET SEAWEED PCK 115,,,12.00,9,133.33%,16,,01/07/2027,,2
AO,07,7,02,1,20116110,MAXICORN SNACK ROASTED CORN PCK 140/130,,,15.00,10,150.00%,20,,01/05/2027,L,5
AO,08,3,01,1,,,,,0.00,0.0,,,,,,
AO,08,3,02,1,,,,,0.00,0.0,,,,,,
AO,08,4,01,1,,,,,0.00,0.0,,,,,,
AO,08,4,02,1,,,,,0.00,0.0,,,,,,
AO,08,5,01,1,,,,,0.00,0.0,,,,,,
AO,08,5,02,1,20036047,DAIA DETERGENT POWDER+SOFTENER ROMANTIC PINK PCK 800/725 ,,,40.00,40,100.00%,12,CTN,04/09/2029,,6
AO,08,6,01,1,20093101,ZEN ANTI BACTERIAL BODY WASH SHISO&SANDALWOD PCH 400/380L,,,6.00,52,11.54%,24,CTN,01/09/2029,L,3
AO,08,6,02,1,20077499,PRISTINE 8.6+ AIR MINERAL  BTL 600L,,,40.00,40,100.00%,24,CTN,10/09/2028,S,24
AO,08,7,01,1,20116110,MAXICORN SNACK ROASTED CORN PCK 140/130,,,15.00,10,150.00%,20,,01/05/2027,L,5
AO,08,7,02,1,20116110,MAXICORN SNACK ROASTED CORN PCK 140/130,,,15.00,10,150.00%,20,,01/05/2027,L,5
AO,09,3,01,1,20139555,PUNOKAWAN BERAS PREMIUM  SAK 10,,,48.00,48,100.00%,1,CTN,28/02/2028,,1
AO,09,3,02,1,20139555,PUNOKAWAN BERAS PREMIUM  SAK 10,,,48.00,48,100.00%,1,,28/02/2028,,1
AO,09,4,01,1,20139555,PUNOKAWAN BERAS PREMIUM  SAK 10,,,48.00,48,100.00%,1,,28/02/2028,,1
AO,09,4,02,1,20139555,PUNOKAWAN BERAS PREMIUM  SAK 10,,,48.00,48,100.00%,1,,28/02/2028,,1
AO,09,5,01,1,20139555,PUNOKAWAN BERAS PREMIUM  SAK 10,,,33.00,48,68.75%,1,,28/02/2028,,1
AO,09,5,02,1,20139555,PUNOKAWAN BERAS PREMIUM  SAK 10,,,48.00,48,100.00%,1,,28/02/2028,,1
AO,09,6,01,1,20087155,POP MIE MI INSTAN LAPEER TIME AYAM BAWANG CUP 75,,,32.00,32,100.00%,24,,01/03/2027,,6
AO,09,6,02,1,20067202,PONDS PEMBERSIH WJH FACIAL FOAM PURE BRIGHT/CHARCOAL TUB 100,,,20.00,112,17.86%,24,CTN,31/07/2029,,1
AO,09,7,01,1,20016624,STT FRENCH FRIES 2000 PREMIUM  PCK 24,,,20.00,18,111.11%,48,,01/01/2027,,6
AO,09,7,02,1,20016624,STT FRENCH FRIES 2000 PREMIUM  PCK 24,,,20.00,18,111.11%,48,,01/01/2027,,6
AO,10,3,01,1,20139555,PUNOKAWAN BERAS PREMIUM  SAK 10,,,48.00,48,100.00%,1,CTN,28/02/2028,,1
AO,10,3,02,1,20139555,PUNOKAWAN BERAS PREMIUM  SAK 10,,,48.00,48,100.00%,1,,28/02/2028,,1
AO,10,4,01,1,20139555,PUNOKAWAN BERAS PREMIUM  SAK 10,,,48.00,48,100.00%,1,CTN,28/02/2028,,1
AO,10,4,02,1,20139555,PUNOKAWAN BERAS PREMIUM  SAK 10,,,48.00,48,100.00%,1,CTN,28/02/2028,,1
AO,10,5,01,1,10021010,GULAKU GULA TEBU (PUTIH) PREMIUM PCK 1000,,,32.00,32,100.00%,24,,19/08/2028,,24
AO,10,5,02,1,10021010,GULAKU GULA TEBU (PUTIH) PREMIUM PCK 1000,,,32.00,32,100.00%,24,,19/08/2028,,24
AO,10,6,01,1,10018962,YURI PEMBERSIH PORSELIN PORSTEX OCEAN BLUE BTL 700L,,,5.00,70,7.14%,12,CTN,01/09/2030,,1
AO,10,6,02,1,20067202,PONDS PEMBERSIH WJH FACIAL FOAM PURE BRIGHT/CHARCOAL TUB 100,,,1.00,112,0.89%,24,CTN,31/07/2029,,1
AO,10,7,01,1,20139457,AQUVIVA AIR MINERAL  CTN 12X250L,,,68.00,174,39.08%,1,CTN,03/03/2028,,2
AO,10,7,02,1,10015532,AQUA AIR MINERAL  BTL 330L,,,60.00,60,100.00%,24,CTN,30/09/2028,L,24
AO,11,3,01,1,20139555,PUNOKAWAN BERAS PREMIUM  SAK 10,,,48.00,48,100.00%,1,CTN,28/02/2028,,1
AO,11,3,02,1,20139555,PUNOKAWAN BERAS PREMIUM  SAK 10,,,48.00,48,100.00%,1,,28/02/2028,,1
AO,11,4,01,1,10021010,GULAKU GULA TEBU (PUTIH) PREMIUM PCK 1000,,,32.00,32,100.00%,24,,01/08/2028,,24
AO,11,4,02,1,10021010,GULAKU GULA TEBU (PUTIH) PREMIUM PCK 1000,,,32.00,32,100.00%,24,,01/08/2026,,24
AO,11,5,01,1,10021010,GULAKU GULA TEBU (PUTIH) PREMIUM PCK 1000,,,32.00,32,100.00%,24,,01/08/2028,,24
AO,11,5,02,1,10021010,GULAKU GULA TEBU (PUTIH) PREMIUM PCK 1000,,,32.00,32,100.00%,24,,01/08/2028,,24
AO,11,6,01,1,20130850,CHARM PEMBALUT COOL.FRESH SEJUK 23 WING PCK 14S,,,11.00,40,27.50%,24,CTN,30/09/2029,,2
AO,11,6,02,1,10018962,YURI PEMBERSIH PORSELIN PORSTEX OCEAN BLUE BTL 700L,,,4.00,70,5.71%,12,CTN,01/09/2030,,1
AO,11,7,01,1,10002101,HAPPYTOS SNACK TORTILA CHIPS MERAH PCK 140,,,19.00,24,79.17%,16,,30/09/2027,E,16
AO,11,7,02,1,10000955,YURI PEMBERSIH PORSELIN PORSTEX NON PARFUM BTL 1000L,,,9.00,24,37.50%,12,CTN,19/09/2030,L,2
AO,12,3,01,1,10015461,OVALE FACIAL LOTION PERFECT LUMINOUS BTL 200L,,,3.00,170,1.76%,36,CTN,30/06/2029,,2
AO,12,3,02,1,10011452,ESKULIN COLOGNE GEL ROMANTIC / ENCHANTING WHIT BTL 100L,,,2.00,99,2.02%,36,CTN,30/06/2029,,1
AO,12,4,01,1,20025365,SLEEK BABY LAUNDRY DETERGENT  PCH 450L,,,1.00,150,0.67%,12,CTN,30/09/2029,,1
AO,12,4,02,1,20123812,EKONOMI PENCUCI PIRING POWER LIQUID SEREH PCH 650L/675,,,50.00,60,83.33%,12,CTN,01/10/2029,L,6
AO,12,5,01,1,10021010,GULAKU GULA TEBU (PUTIH) PREMIUM PCK 1000,,,32.00,32,100.00%,24,,01/08/2028,,24
AO,12,5,02,1,10021010,GULAKU GULA TEBU (PUTIH) PREMIUM PCK 1000,,,32.00,32,100.00%,24,,01/08/2028,,24
AO,12,6,01,1,20071780,POTABEE SNACK POTATO CHIPS BBQ PCK 68/65,,,14.00,15,93.33%,30,,01/05/2027,,2
AO,12,6,02,1,10015532,AQUA AIR MINERAL  BTL 330L,,,8.00,60,13.33%,24,CTN,30/09/2028,L,24
AO,12,7,01,1,20087155,POP MIE MI INSTAN LAPEER TIME AYAM BAWANG CUP 75,,,48.00,32,150.00%,24,,01/05/2027,,6
AO,12,7,02,1,20066454,SOSRO FRUIT TEA BLACKCURRANT BTL 350L,,,100.00,100,100.00%,12,CTN,30/09/2029,S,12
AP,01,1,01,1,,,,,0.00,0.0,,,,,,
AP,01,1,02,1,,,,,0.00,0.0,,,,,,
AP,01,2,01,1,,,,,0.00,0.0,,,,,,
AP,01,2,02,1,,,,,0.00,0.0,,,,,,
AP,01,3,01,1,,,,,0.00,0.0,,,,,,
AP,01,3,02,1,,,,,0.00,0.0,,,,,,
AP,01,4,01,1,,,,,0.00,0.0,,,,,,
AP,01,4,02,1,,,,,0.00,0.0,,,,,,
AP,01,5,01,1,,,,,0.00,0.0,,,,,,
AP,01,5,02,1,,,,,0.00,0.0,,,,,,
AP,01,6,01,1,,,,,0.00,0.0,,,,,,
AP,01,6,02,1,,,,,0.00,0.0,,,,,,
AP,01,7,01,1,,,,,0.00,0.0,,,,,,
AP,01,7,02,1,,,,,0.00,0.0,,,,,,
AP,02,1,01,1,,,,,0.00,0.0,,,,,,
AP,02,1,02,1,,,,,0.00,0.0,,,,,,
AP,02,2,01,1,,,,,0.00,0.0,,,,,,
AP,02,2,02,1,,,,,0.00,0.0,,,,,,
AP,02,3,01,1,,,,,0.00,0.0,,,,,,
AP,02,3,02,1,,,,,0.00,0.0,,,,,,
AP,02,4,01,1,,,,,0.00,0.0,,,,,,
AP,02,4,02,1,,,,,0.00,0.0,,,,,,
AP,02,5,01,1,,,,,0.00,0.0,,,,,,
AP,02,5,02,1,,,,,0.00,0.0,,,,,,
AP,02,6,01,1,,,,,0.00,0.0,,,,,,
AP,02,6,02,1,,,,,0.00,0.0,,,,,,
AP,02,7,01,1,,,,,0.00,0.0,,,,,,
AP,02,7,02,1,,,,,0.00,0.0,,,,,,
AP,03,1,01,1,,,,,0.00,0.0,,,,,,
AP,03,1,02,1,,,,,0.00,0.0,,,,,,
AP,03,2,01,1,,,,,0.00,0.0,,,,,,
AP,03,2,02,1,,,,,0.00,0.0,,,,,,
AP,03,3,01,1,,,,,0.00,0.0,,,,,,
AP,03,3,02,1,,,,,0.00,0.0,,,,,,
AP,03,4,01,1,,,,,0.00,0.0,,,,,,
AP,03,4,02,1,,,,,0.00,0.0,,,,,,
AP,03,5,01,1,,,,,0.00,0.0,,,,,,
AP,03,5,02,1,,,,,0.00,0.0,,,,,,
AP,03,6,01,1,,,,,0.00,0.0,,,,,,
AP,03,6,02,1,,,,,0.00,0.0,,,,,,
AP,03,7,01,1,,,,,0.00,0.0,,,,,,
AP,03,7,02,1,,,,,0.00,0.0,,,,,,
AP,04,1,01,1,,,,,0.00,0.0,,,,,,
AP,04,1,02,1,,,,,0.00,0.0,,,,,,
AP,04,2,01,1,,,,,0.00,0.0,,,,,,
AP,04,2,02,1,,,,,0.00,0.0,,,,,,
AP,04,3,01,1,,,,,0.00,0.0,,,,,,
AP,04,3,02,1,,,,,0.00,0.0,,,,,,
AP,04,4,01,1,,,,,0.00,0.0,,,,,,
AP,04,4,02,1,,,,,0.00,0.0,,,,,,
AP,04,5,01,1,,,,,0.00,0.0,,,,,,
AP,04,5,02,1,,,,,0.00,0.0,,,,,,
AP,04,6,01,1,,,,,0.00,0.0,,,,,,
AP,04,6,02,1,,,,,0.00,0.0,,,,,,
AP,04,7,01,1,,,,,0.00,0.0,,,,,,
AP,04,7,02,1,,,,,0.00,0.0,,,,,,
AP,05,1,01,1,,,,,0.00,0.0,,,,,,
AP,05,1,02,1,,,,,0.00,0.0,,,,,,
AP,05,2,01,1,,,,,0.00,0.0,,,,,,
AP,05,2,02,1,,,,,0.00,0.0,,,,,,
AP,05,3,01,1,,,,,0.00,0.0,,,,,,
AP,05,3,02,1,,,,,0.00,0.0,,,,,,
AP,05,4,01,1,,,,,0.00,0.0,,,,,,
AP,05,4,02,1,,,,,0.00,0.0,,,,,,
AP,05,5,01,1,,,,,0.00,0.0,,,,,,
AP,05,5,02,1,,,,,0.00,0.0,,,,,,
AP,05,6,01,1,,,,,0.00,0.0,,,,,,
AP,05,6,02,1,,,,,0.00,0.0,,,,,,
AP,05,7,01,1,,,,,0.00,0.0,,,,,,
AP,05,7,02,1,,,,,0.00,0.0,,,,,,
AP,06,1,01,1,,,,,0.00,0.0,,,,,,
AP,06,1,02,1,,,,,0.00,0.0,,,,,,
AP,06,2,01,1,,,,,0.00,0.0,,,,,,
AP,06,2,02,1,,,,,0.00,0.0,,,,,,
AP,06,3,01,1,,,,,0.00,0.0,,,,,,
AP,06,3,02,1,,,,,0.00,0.0,,,,,,
AP,06,4,01,1,,,,,0.00,0.0,,,,,,
AP,06,4,02,1,,,,,0.00,0.0,,,,,,
AP,06,5,01,1,,,,,0.00,0.0,,,,,,
AP,06,5,02,1,,,,,0.00,0.0,,,,,,
AP,06,6,01,1,,,,,0.00,0.0,,,,,,
AP,06,6,02,1,,,,,0.00,0.0,,,,,,
AP,06,7,01,1,,,,,0.00,0.0,,,,,,
AP,06,7,02,1,,,,,0.00,0.0,,,,,,
AP,07,1,01,1,,,,,0.00,0.0,,,,,,
AP,07,1,02,1,,,,,0.00,0.0,,,,,,
AP,07,2,01,1,,,,,0.00,0.0,,,,,,
AP,07,2,02,1,,,,,0.00,0.0,,,,,,
AP,07,3,01,1,,,,,0.00,0.0,,,,,,
AP,07,3,02,1,,,,,0.00,0.0,,,,,,
AP,07,4,01,1,,,,,0.00,0.0,,,,,,
AP,07,4,02,1,,,,,0.00,0.0,,,,,,
AP,07,5,01,1,,,,,0.00,0.0,,,,,,
AP,07,5,02,1,,,,,0.00,0.0,,,,,,
AP,07,6,01,1,,,,,0.00,0.0,,,,,,
AP,07,6,02,1,,,,,0.00,0.0,,,,,,
AP,07,7,01,1,,,,,0.00,0.0,,,,,,
AP,07,7,02,1,,,,,0.00,0.0,,,,,,
AP,08,1,01,1,,,,,0.00,0.0,,,,,,
AP,08,1,02,1,,,,,0.00,0.0,,,,,,
AP,08,2,01,1,,,,,0.00,0.0,,,,,,
AP,08,2,02,1,,,,,0.00,0.0,,,,,,
AP,08,3,01,1,,,,,0.00,0.0,,,,,,
AP,08,3,02,1,,,,,0.00,0.0,,,,,,
AP,08,4,01,1,,,,,0.00,0.0,,,,,,
AP,08,4,02,1,,,,,0.00,0.0,,,,,,
AP,08,5,01,1,,,,,0.00,0.0,,,,,,
AP,08,5,02,1,,,,,0.00,0.0,,,,,,
AP,08,6,01,1,,,,,0.00,0.0,,,,,,
AP,08,6,02,1,,,,,0.00,0.0,,,,,,
AP,08,7,01,1,,,,,0.00,0.0,,,,,,
AP,08,7,02,1,,,,,0.00,0.0,,,,,,
AP,09,1,01,1,,,,,0.00,0.0,,,,,,
AP,09,1,02,1,,,,,0.00,0.0,,,,,,
AP,09,2,01,1,,,,,0.00,0.0,,,,,,
AP,09,2,02,1,,,,,0.00,0.0,,,,,,
AP,09,3,01,1,,,,,0.00,0.0,,,,,,
AP,09,3,02,1,,,,,0.00,0.0,,,,,,
AP,09,4,01,1,,,,,0.00,0.0,,,,,,
AP,09,4,02,1,,,,,0.00,0.0,,,,,,
AP,09,5,01,1,,,,,0.00,0.0,,,,,,
AP,09,5,02,1,,,,,0.00,0.0,,,,,,
AP,09,6,01,1,,,,,0.00,0.0,,,,,,
AP,09,6,02,1,,,,,0.00,0.0,,,,,,
AP,09,7,01,1,,,,,0.00,0.0,,,,,,
AP,09,7,02,1,,,,,0.00,0.0,,,,,,
AP,10,1,01,1,,,,,0.00,0.0,,,,,,
AP,10,1,02,1,,,,,0.00,0.0,,,,,,
AP,10,2,01,1,,,,,0.00,0.0,,,,,,
AP,10,2,02,1,,,,,0.00,0.0,,,,,,
AP,10,3,01,1,,,,,0.00,0.0,,,,,,
AP,10,3,02,1,,,,,0.00,0.0,,,,,,
AP,10,4,01,1,,,,,0.00,0.0,,,,,,
AP,10,4,02,1,,,,,0.00,0.0,,,,,,
AP,10,5,01,1,,,,,0.00,0.0,,,,,,
AP,10,5,02,1,,,,,0.00,0.0,,,,,,
AP,10,6,01,1,,,,,0.00,0.0,,,,,,
AP,10,6,02,1,,,,,0.00,0.0,,,,,,
AP,10,7,01,1,,,,,0.00,0.0,,,,,,
AP,10,7,02,1,,,,,0.00,0.0,,,,,,
AP,11,1,01,1,,,,,0.00,0.0,,,,,,
AP,11,1,02,1,,,,,0.00,0.0,,,,,,
AP,11,2,01,1,,,,,0.00,0.0,,,,,,
AP,11,2,02,1,,,,,0.00,0.0,,,,,,
AP,11,3,01,1,,,,,0.00,0.0,,,,,,
AP,11,3,02,1,,,,,0.00,0.0,,,,,,
AP,11,4,01,1,,,,,0.00,0.0,,,,,,
AP,11,4,02,1,,,,,0.00,0.0,,,,,,
AP,11,5,01,1,,,,,0.00,0.0,,,,,,
AP,11,5,02,1,,,,,0.00,0.0,,,,,,
AP,11,6,01,1,,,,,0.00,0.0,,,,,,
AP,11,6,02,1,,,,,0.00,0.0,,,,,,
AP,11,7,01,1,,,,,0.00,0.0,,,,,,
AP,11,7,02,1,,,,,0.00,0.0,,,,,,
AP,12,1,01,1,,,,,0.00,0.0,,,,,,
AP,12,1,02,1,,,,,0.00,0.0,,,,,,
AP,12,2,01,1,,,,,0.00,0.0,,,,,,
AP,12,2,02,1,,,,,0.00,0.0,,,,,,
AP,12,3,01,1,,,,,0.00,0.0,,,,,,
AP,12,3,02,1,,,,,0.00,0.0,,,,,,
AP,12,4,01,1,,,,,0.00,0.0,,,,,,
AP,12,4,02,1,,,,,0.00,0.0,,,,,,
AP,12,5,01,1,,,,,0.00,0.0,,,,,,
AP,12,5,02,1,,,,,0.00,0.0,,,,,,
AP,12,6,01,1,,,,,0.00,0.0,,,,,,
AP,12,6,02,1,,,,,0.00,0.0,,,,,,
AP,12,7,01,1,,,,,0.00,0.0,,,,,,
AP,12,7,02,1,,,,,0.00,0.0,,,,,,
AQ,01,1,01,1,,,,,0.00,0.0,,,,,,
AQ,01,1,02,1,,,,,0.00,0.0,,,,,,
AQ,01,2,01,1,20065780,FANTA SOFT DRINK STRAWBERRY PET 390L,,,99.00,104,95.19%,12,,31/03/2027,,6
AQ,01,2,02,1,20123322,GOLDA COFFEE DRINK CAPPUCCINO BTL 200L,,,186.00,186,100.00%,12,,01/05/2027,E,12
AQ,01,3,01,1,20072249,SOSRO TEH BOTOL ORIGINAL BTL 350L,,,104.00,110,94.55%,12,,01/08/2027,D,12
AQ,01,3,02,1,20133979,SPRITE SOFT DRINK ZERO SUGAR LEMON LIME PET 1L,,,33.00,33,100.00%,12,,31/03/2027,,6
AQ,01,4,01,1,20142467,FIT ME UP MINUMAN BERKARBONASI RELAX  BTL 160L,,,72.00,78,92.31%,24,,28/07/2027,,2
AQ,01,4,02,1,20073495,SOSRO FRUIT TEA FREEZE BTL 350L,,,60.00,125,48.00%,12,,01/08/2027,L,12
AQ,01,5,01,1,20009722,POCARI SWEAT MINUMAN ISOTONIK  BTL 500L,,,25.00,480,5.21%,24,,01/08/2027,E,24
AQ,01,5,02,1,10036640,ULTRA TEH KOTAK JASMINE TEA TPK 300L,,,98.00,98,100.00%,24,,01/08/2027,D,24
AQ,01,6,01,1,20096589,SEDAAP MIE MIE INSTANT GORENG PCK 5X91,,,23.00,52,44.23%,8,,01/05/2027,E,8
AQ,01,6,02,1,,,,,0.00,0.0,,,,,,
AQ,01,7,01,1,,,,,0.00,0.0,,,,,,
AQ,01,7,02,1,20019930,INDOMIE MIE GORENG RENDANG PCK 91,,,52.00,52,100.00%,40,,01/05/2027,S,40
AQ,02,1,01,1,,,,,0.00,0.0,,,,,,
AQ,02,1,02,1,,,,,0.00,0.0,,,,,,
AQ,02,2,01,1,20036200,SPRITE SOFT DRINK  PET 1L,,,33.00,33,100.00%,12,,01/03/2027,S,12
AQ,02,2,02,1,20036199,FANTA SOFT DRINK STRAWBERRY PET 1L,,,33.00,33,100.00%,12,,01/03/2027,L,4
AQ,02,3,01,1,20037565,PUCUK HARUM MINUMAN TEH MELATI BTL 500L,,,72.00,72,100.00%,12,,01/08/2027,E,12
AQ,02,3,02,1,20087542,GOLDA COFFEE DRINK DOLCE LATTE BTL 200L,,,186.00,186,100.00%,12,,01/06/2027,D,12
AQ,02,4,01,1,20060207,ICHI OCHA MINUMAN TEH MELATI BTL 350L,,,27.00,65,41.54%,24,,16/07/2027,,2
AQ,02,4,02,1,20085988,LE MINERALE AIR MINERAL  BTL 1500L,,,33.00,33,100.00%,12,,01/02/2028,E,24
AQ,02,5,01,1,20034079,FRISIAN FLAG SUSU CAIR UHT COKELAT TPK 225L,,,78.00,78,100.00%,36,,01/07/2027,D,36
AQ,02,5,02,1,20137992,AQUVIVA AIR MINERAL  BTL 1600L,,,44.00,60,73.33%,6,,03/03/2028,S,6
AQ,02,6,01,1,20121350,5 DAYS MINI CROISSANT CHOCOLATE PCK 128,,,14.00,20,70.00%,20,,01/03/2027,,2
AQ,02,6,02,1,20135720,SEDAAP MIE MIE INSTANT KARI MERCON CUP 79,,,24.00,64,37.50%,12,,01/05/2027,,12
AQ,02,7,01,1,,,,,0.00,0.0,,,,,,
AQ,02,7,02,1,20016624,STT FRENCH FRIES 2000 PREMIUM  PCK 24,,,15.00,18,83.33%,48,,01/03/2027,,6
AQ,03,1,01,1,,,,,0.00,0.0,,,,,,
AQ,03,1,02,1,,,,,0.00,0.0,,,,,,
AQ,03,2,01,1,20065778,COCA COLA SOFT DRINK  PET 390L,,,104.00,104,100.00%,12,,31/03/2027,S,12
AQ,03,2,02,1,20110967,MUJIGAE SUSU CAIR CHOCO BANANA BTL 250L,,,153.00,175,87.43%,12,,04/12/2027,L,3
AQ,03,3,01,1,20097781,KEBON AGUNG GULA KRISTAL PUTIH  PCK 1,,,14.00,28,50.00%,24,,01/09/2028,,24
AQ,03,3,02,1,20068905,FRISIAN FLAG SUSU KENTAL MANIS PUTIH PCH 535,,,50.00,50,100.00%,24,,01/05/2027,E,24
AQ,03,4,01,1,20053540,ADEM SARI CHING KU LEMON BTL 350L,,,28.00,65,43.08%,24,,01/08/2027,L,6
AQ,03,4,02,1,20045673,GOOD DAY COFFEE DRINK TIRAMISU BLISS BTL 250/230L,,,63.00,60,105.00%,24,,01/07/2027,L,4
AQ,03,5,01,1,10000405,ULTRA SUSU CAIR UHT STERIL PLAIN TPK 1000L,,,56.00,56,100.00%,12,,11/06/2027,E,12
AQ,03,5,02,1,20065778,COCA COLA SOFT DRINK  PET 390L,,,60.00,104,57.69%,12,,31/03/2027,S,12
AQ,03,6,01,1,20037565,PUCUK HARUM MINUMAN TEH MELATI BTL 500L,,,36.00,72,50.00%,12,,01/08/2027,E,12
AQ,03,6,02,1,20024699,STT FRENCH FRIES 2000 PREMIUM  PCK 62,,,24.00,24,100.00%,20,,01/02/2027,S,20
AQ,03,7,01,1,20104728,LEMONILO CHIMI KERIPIK UBI JAGUNG BAKAR PCK 41,,,28.00,21,133.33%,24,,23/07/2027,L,3
AQ,03,7,02,1,20096590,SEDAAP MIE MIE INSTANT SOTO PCK 5X76,,,52.00,52,100.00%,8,,01/05/2027,D,8
AQ,04,1,01,1,,,,,0.00,0.0,,,,,,
AQ,04,1,02,1,,,,,0.00,0.0,,,,,,
AQ,04,2,01,1,20139699,OASIS AIR MINERAL PH9  BTL 500L,,,40.00,40,100.00%,24,,01/06/2028,,24
AQ,04,2,02,1,20077499,PRISTINE 8.6+ AIR MINERAL  BTL 600L,,,40.00,40,100.00%,24,,01/09/2028,S,24
AQ,04,3,01,1,10021010,GULAKU GULA TEBU (PUTIH) PREMIUM PCK 1000,,,32.00,32,100.00%,24,,01/08/2028,,24
AQ,04,3,02,1,20077499,PRISTINE 8.6+ AIR MINERAL  BTL 600L,,,40.00,40,100.00%,24,,01/09/2028,S,24
AQ,04,4,01,1,20139698,AJE BIG SOFT DRINK NIPIS MADU BTL 350,,,108.00,108,100.00%,12,,01/05/2027,,4
AQ,04,4,02,1,20056219,ETERNALPLUS MINERAL WATER PH8+  BTL 500L,,,24.00,44,54.55%,20,,03/09/2028,,5
AQ,04,5,01,1,10000405,ULTRA SUSU CAIR UHT STERIL PLAIN TPK 1000L,,,56.00,56,100.00%,12,,11/06/2027,E,12
AQ,04,5,02,1,20015838,POCARI SWEAT MINUMAN ISOTONIK  BTL 350L,,,43.00,60,71.67%,24,,01/08/2027,D,24
AQ,04,6,01,1,20048348,PUCUK HARUM MINUMAN TEH LESS SUGAR BTL 500L,,,23.00,72,31.94%,12,,01/07/2027,S,2
AQ,04,6,02,1,,,,,0.00,0.0,,,,,,
AQ,04,7,01,1,20131047,LEMONILO CHIMI KERIPIK UBI KARAMEL MENTEGA PCK 41,,,21.00,21,100.00%,24,,04/08/2027,,2
AQ,04,7,02,1,20003910,NISSIN WALENS CHOCO SOES  PCK 100,,,33.00,33,100.00%,30,,01/09/2027,S,5
AQ,05,1,01,1,,,,,0.00,0.0,,,,,,
AQ,05,1,02,1,,,,,0.00,0.0,,,,,,
AQ,05,2,01,1,20137992,AQUVIVA AIR MINERAL  BTL 1600L,,,44.00,60,73.33%,6,,03/03/2028,S,6
AQ,05,2,02,1,20077499,PRISTINE 8.6+ AIR MINERAL  BTL 600L,,,40.00,40,100.00%,24,,01/09/2028,S,24
AQ,05,3,01,1,20065779,SPRITE SOFT DRINK  PET 390L,,,104.00,480,21.67%,12,,31/03/2027,S,12
AQ,05,3,02,1,20056219,ETERNALPLUS MINERAL WATER PH8+  BTL 500L,,,44.00,44,100.00%,20,,03/09/2028,,5
AQ,05,4,01,1,20102790,ABC COFFEE DRINK MILK COFFEE BTL 200/180L,,,78.00,78,100.00%,24,,03/09/2027,S,24
AQ,05,4,02,1,20056219,ETERNALPLUS MINERAL WATER PH8+  BTL 500L,,,44.00,44,100.00%,20,,03/09/2028,,5
AQ,05,5,01,1,20057867,HYDRO COCO NATURAL HEALTH DRINK  TPK 500 L,,,70.00,90,77.78%,12,,01/09/2027,D,12
AQ,05,5,02,1,20123322,GOLDA COFFEE DRINK CAPPUCCINO BTL 200L,,,186.00,186,100.00%,12,,01/06/2027,E,12
AQ,05,6,01,1,20136587,POP MIE INDOMIE GORENG  CUP 80,,,42.00,64,65.63%,12,,01/04/2027,L,12
AQ,05,6,02,1,20065248,ION WATER MINUMAN ISOTONIK  BTL 350L,,,24.00,60,40.00%,24,,01/09/2027,,2
AQ,05,7,01,1,20135720,SEDAAP MIE MIE INSTANT KARI MERCON CUP 79,,,64.00,64,100.00%,12,,01/05/2027,,12
AQ,05,7,02,1,20134572,PIATTOS SNACK KENTANG SAMBAL GEPREK PCK 120/115,,,20.00,20,100.00%,16,,01/08/2028,,4
AQ,06,1,01,1,,,,,0.00,0.0,,,,,,
AQ,06,1,02,1,,,,,0.00,0.0,,,,,,
AQ,06,2,01,1,20042991,INDOMARET GULA PASIR PREMIUM PUTIH PCK 1,,,15.00,25,60.00%,25,,01/09/2028,L,25
AQ,06,2,02,1,20005529,NESTLE AIR MINERAL PURE LIFE BTL 600L,,,40.00,40,100.00%,24,,01/03/2028,D,24
AQ,06,3,01,1,20034079,FRISIAN FLAG SUSU CAIR UHT COKELAT TPK 225L,,,78.00,78,100.00%,36,,01/07/2027,D,36
AQ,06,3,02,1,20089542,INDOMARET AIR MINUM PH TINGGI 8+  BTL 500L,,,64.00,72,88.89%,12,,01/09/2028,,6
AQ,06,4,01,1,20015838,POCARI SWEAT MINUMAN ISOTONIK  BTL 350L,,,46.00,60,76.67%,24,,01/08/2027,D,24
AQ,06,4,02,1,20133979,SPRITE SOFT DRINK ZERO SUGAR LEMON LIME PET 1L,,,33.00,33,100.00%,12,,31/03/2027,,6
AQ,06,5,01,1,20015838,POCARI SWEAT MINUMAN ISOTONIK  BTL 350L,,,50.00,60,83.33%,24,,01/08/2027,D,24
AQ,06,5,02,1,20113377,FLORIDINA JUICE PULP COCO BIT  BTL 350L,,,70.00,125,56.00%,12,,04/06/2027,L,12
AQ,06,6,01,1,,,,,0.00,0.0,,,,,,
AQ,06,6,02,1,20087542,GOLDA COFFEE DRINK DOLCE LATTE BTL 200L,,,78.00,186,41.94%,12,,20/05/2027,D,12
AQ,06,7,01,1,,,,,0.00,0.0,,,,,,
AQ,06,7,02,1,10014293,POP MIE MI INSTAN LAPEER TIME SOTO AYAM CUP 75,,,32.00,32,100.00%,24,,01/05/2027,L,8
AQ,07,1,01,1,,,,,0.00,0.0,,,,,,
AQ,07,1,02,1,,,,,0.00,0.0,,,,,,
AQ,07,2,01,1,20015838,POCARI SWEAT MINUMAN ISOTONIK  BTL 350L,,,50.00,60,83.33%,24,,01/08/2027,D,24
AQ,07,2,02,1,20037565,PUCUK HARUM MINUMAN TEH MELATI BTL 500L,,,57.00,72,79.17%,12,,01/08/2027,E,12
AQ,07,3,01,1,20037565,PUCUK HARUM MINUMAN TEH MELATI BTL 500L,,,72.00,72,100.00%,12,,01/08/2027,E,12
AQ,07,3,02,1,20034079,FRISIAN FLAG SUSU CAIR UHT COKELAT TPK 225L,,,78.00,78,100.00%,36,,01/08/2027,D,36
AQ,07,4,01,1,20032503,MINUTE MAID JUICE PULPY ORANGE BTL 1L,,,33.00,33,100.00%,12,,01/03/2027,S,3
AQ,07,4,02,1,20087410,GREENFIELDS UHT MILK FULL CREAM TPK 105L,,,84.00,80,105.00%,40,,01/06/2027,D,40
AQ,07,5,01,1,20141623,INDOMARET AIR MINERAL  BDD 6500L,,,166.00,180,92.22%,1,,09/09/2028,,1
AQ,07,5,02,1,20034079,FRISIAN FLAG SUSU CAIR UHT COKELAT TPK 225L,,,78.00,78,100.00%,36,,01/07/2027,D,36
AQ,07,6,01,1,20139291,FLOATY SNACK BAWANG PCK 60,,,12.00,12,100.00%,40,,04/08/2027,D,8
AQ,07,6,02,1,20140085,OISHI TATER THINS POTATO SNACK SEAWEED PCK 100,,,18.00,18,100.00%,12,,04/07/2027,,2
AQ,07,7,01,1,20139291,FLOATY SNACK BAWANG PCK 60,,,12.00,12,100.00%,40,,04/08/2027,D,8
AQ,07,7,02,1,10000975,POP MIE MI INSTAN LAPEER TIME AYAM CUP 75,,,44.00,32,137.50%,24,,01/05/2027,L,6
AQ,08,1,01,1,,,,,0.00,0.0,,,,,,
AQ,08,1,02,1,,,,,0.00,0.0,,,,,,
AQ,08,2,01,1,20057867,HYDRO COCO NATURAL HEALTH DRINK  TPK 500 L,,,90.00,90,100.00%,12,,20/08/2027,D,12
AQ,08,2,02,1,20036198,COCA COLA SOFT DRINK ZERO  PET 1L,,,12.00,33,36.36%,12,,31/03/2027,L,12
AQ,08,3,01,1,20143270,GOLDA COFFEE DRINK AREN LATTE BTL 200L,,,186.00,186,100.00%,12,,15/06/2027,,12
AQ,08,3,02,1,20042991,INDOMARET GULA PASIR PREMIUM PUTIH PCK 1,,,25.00,25,100.00%,25,,01/09/2028,L,25
AQ,08,4,01,1,20042991,INDOMARET GULA PASIR PREMIUM PUTIH PCK 1,,,25.00,25,100.00%,25,,01/09/2028,L,25
AQ,08,4,02,1,20042991,INDOMARET GULA PASIR PREMIUM PUTIH PCK 1,,,25.00,25,100.00%,25,,01/09/2028,L,25
AQ,08,5,01,1,10000426,AQUA AIR MINERAL  BTL 1500L,,,33.00,33,100.00%,12,,01/09/2028,E,24
AQ,08,5,02,1,10000426,AQUA AIR MINERAL  BTL 1500L,,,33.00,33,100.00%,12,,01/09/2028,E,24
AQ,08,6,01,1,20034686,OISHI SNACK PILLOWS UBI PCH 100,,,40.00,40,100.00%,20,,01/08/2027,L,10
AQ,08,6,02,1,20092857,STT FRENCH FRIES 2000 PREMIUM  PCK 130,,,12.00,12,100.00%,20,,01/03/2027,D,10
AQ,08,7,01,1,20055205,TARO SNACK NET SEAWEED PCK 62,,,12.00,8,150.00%,30,,30/09/2027,,6
AQ,08,7,02,1,,,,,0.00,0.0,,,,,,
AQ,09,1,01,1,,,,,0.00,0.0,,,,,,
AQ,09,1,02,1,,,,,0.00,0.0,,,,,,
AQ,09,2,01,1,20087542,GOLDA COFFEE DRINK DOLCE LATTE BTL 200L,,,151.00,186,81.18%,12,,01/05/2027,D,12
AQ,09,2,02,1,10004668,ULTRA SUSU UHT STERIL SLIM STRAWBERRY TPK 250L,,,126.00,126,100.00%,24,,01/06/2027,S,24
AQ,09,3,01,1,20129966,NIPIS MADU MINUMAN BERKARBONASI LIME SODA BTL 330L,,,100.00,100,100.00%,12,,31/05/2027,D,12
AQ,09,3,02,1,10021010,GULAKU GULA TEBU (PUTIH) PREMIUM PCK 1000,,,32.00,32,100.00%,24,,01/08/2028,,24
AQ,09,4,01,1,20129966,NIPIS MADU MINUMAN BERKARBONASI LIME SODA BTL 330L,,,100.00,100,100.00%,12,,31/05/2027,D,12
AQ,09,4,02,1,10021010,GULAKU GULA TEBU (PUTIH) PREMIUM PCK 1000,,,32.00,32,100.00%,24,,01/08/2028,,24
AQ,09,5,01,1,20035484,PUCUK HARUM MINUMAN TEH MELATI BTL 350L,,,65.00,65,100.00%,24,,01/09/2027,E,24
AQ,09,5,02,1,20035484,PUCUK HARUM MINUMAN TEH MELATI BTL 350L,,,65.00,65,100.00%,24,,01/09/2027,E,24
AQ,09,6,01,1,20092063,CHITATO SNACK POTATO CHIPS SAPI PANGGANG PCK 120/115,,,14.00,14,100.00%,18,,15/05/2027,D,6
AQ,09,6,02,1,20092063,CHITATO SNACK POTATO CHIPS SAPI PANGGANG PCK 120/115,,,14.00,14,100.00%,18,,01/05/2027,D,6
AQ,09,7,01,1,20099297,SEDAAP MIE MIE INSTANT KOREAN SPICY CHICKEN CUP 81,,,36.00,64,56.25%,12,,01/05/2027,,12
AQ,09,7,02,1,10000734,NISSIN WAFER CHOCOLATE KLG 570,,,42.00,42,100.00%,6,,01/11/2027,J,6
AQ,10,1,01,1,,,,,0.00,0.0,,,,,,
AQ,10,1,02,1,,,,,0.00,0.0,,,,,,
AQ,10,2,01,1,20137991,AQUVIVA AIR MINERAL  BTL 700L,,,64.00,64,100.00%,12,,20/03/2028,D,24
AQ,10,2,02,1,10021010,GULAKU GULA TEBU (PUTIH) PREMIUM PCK 1000,,,32.00,32,100.00%,24,,01/08/2028,,24
AQ,10,3,01,1,20133979,SPRITE SOFT DRINK ZERO SUGAR LEMON LIME PET 1L,,,33.00,33,100.00%,12,,31/03/2027,,6
AQ,10,3,02,1,20129966,NIPIS MADU MINUMAN BERKARBONASI LIME SODA BTL 330L,,,100.00,100,100.00%,12,,01/05/2027,D,12
AQ,10,4,01,1,20137992,AQUVIVA AIR MINERAL  BTL 1600L,,,44.00,60,73.33%,6,,01/03/2028,S,6
AQ,10,4,02,1,20036197,COCA COLA SOFT DRINK  PET 1L,,,30.00,33,90.91%,12,,01/03/2027,S,2
AQ,10,5,01,1,,,,,0.00,0.0,,,,,,
AQ,10,5,02,1,20048348,PUCUK HARUM MINUMAN TEH LESS SUGAR BTL 500L,,,72.00,72,100.00%,12,,01/07/2027,S,2
AQ,10,6,01,1,20047335,OISHI SNACK SPONGE CRUNCH STRAWBERRY PCH 100,,,28.00,28,100.00%,20,,01/08/2027,,2
AQ,10,6,02,1,20141944,CHITATO SNACK POTATO CHIPS RENDANG SAPI PCK 68/65,,,15.00,20,75.00%,30,,01/04/2027,,1
AQ,10,7,01,1,20116410,CHIKI SNACK TWIST ROASTED CORN PCK 75,,,15.00,15,100.00%,30,,21/03/2027,,6
AQ,10,7,02,1,20132750,CHITATO LITE SNACK POTATO AYAM BAWANG PCK 68/65,,,19.00,15,126.67%,30,,21/04/2027,,2
AQ,11,1,01,1,,,,,0.00,0.0,,,,,,
AQ,11,1,02,1,,,,,0.00,0.0,,,,,,
AQ,11,2,01,1,20048934,ICHI OCHA MINUMAN GREEN TEA  BTL 350L,,,48.00,65,73.85%,24,,30/06/2027,L,6
AQ,11,2,02,1,,,,,0.00,0.0,,,,,,
AQ,11,3,01,1,10021010,GULAKU GULA TEBU (PUTIH) PREMIUM PCK 1000,,,32.00,32,100.00%,24,,01/08/2027,,24
AQ,11,3,02,1,20085988,LE MINERALE AIR MINERAL  BTL 1500L,,,33.00,33,100.00%,12,,01/02/2028,E,24
AQ,11,4,01,1,,,,,0.00,0.0,,,,,,
AQ,11,4,02,1,10000426,AQUA AIR MINERAL  BTL 1500L,,,33.00,33,100.00%,12,,01/09/2028,E,24
AQ,11,5,01,1,20038726,NARAYA SOYA BOTOL KEDELAI  BTL 320/300L,,,50.00,50,100.00%,24,,01/07/2027,,8
AQ,11,5,02,1,,,,,0.00,0.0,,,,,,
AQ,11,6,01,1,,,,,0.00,0.0,,,,,,
AQ,11,6,02,1,,,,,0.00,0.0,,,,,,
AQ,11,7,01,1,20120421,TARO SNACK NET POTATO BARBEQUE PCK 115,,,12.00,9,133.33%,16,,01/07/2027,,2
AQ,11,7,02,1,10002101,HAPPYTOS SNACK TORTILA CHIPS MERAH PCK 140,,,24.00,24,100.00%,16,,01/09/2027,E,16
AQ,12,1,01,1,,,,,0.00,0.0,,,,,,
AQ,12,1,02,1,,,,,0.00,0.0,,,,,,
AQ,12,2,01,1,,,,,0.00,0.0,,,,,,
AQ,12,2,02,1,20035484,PUCUK HARUM MINUMAN TEH MELATI BTL 350L,,,65.00,65,100.00%,24,,01/09/2027,E,24
AQ,12,3,01,1,,,,,0.00,0.0,,,,,,
AQ,12,3,02,1,20034079,FRISIAN FLAG SUSU CAIR UHT COKELAT TPK 225L,,,78.00,78,100.00%,36,,01/07/2027,D,36
AQ,12,4,01,1,,,,,0.00,0.0,,,,,,
AQ,12,4,02,1,20085988,LE MINERALE AIR MINERAL  BTL 1500L,,,33.00,33,100.00%,12,,01/02/2028,E,24
AQ,12,5,01,1,10000426,AQUA AIR MINERAL  BTL 1500L,,,33.00,33,100.00%,12,,01/09/2028,E,24
AQ,12,5,02,1,,,,,0.00,0.0,,,,,,
AQ,12,6,01,1,,,,,0.00,0.0,,,,,,
AQ,12,6,02,1,,,,,0.00,0.0,,,,,,
AQ,12,7,01,1,10002101,HAPPYTOS SNACK TORTILA CHIPS MERAH PCK 140,,,24.00,24,100.00%,16,,01/09/2027,E,16
AQ,12,7,02,1,20120421,TARO SNACK NET POTATO BARBEQUE PCK 115,,,12.00,9,133.33%,16,,01/07/2027,,2
AR,01,1,01,1,,,,,0.00,0.0,,,,,,
AR,01,1,02,1,,,,,0.00,0.0,,,,,,
AR,01,2,01,1,,,,,0.00,0.0,,,,,,
AR,01,2,02,1,,,,,0.00,0.0,,,,,,
AR,01,3,01,1,,,,,0.00,0.0,,,,,,
AR,01,3,02,1,,,,,0.00,0.0,,,,,,
AR,01,4,01,1,,,,,0.00,0.0,,,,,,
AR,01,4,02,1,,,,,0.00,0.0,,,,,,
AR,01,5,01,1,,,,,0.00,0.0,,,,,,
AR,01,5,02,1,,,,,0.00,0.0,,,,,,
AR,01,6,01,1,,,,,0.00,0.0,,,,,,
AR,01,6,02,1,,,,,0.00,0.0,,,,,,
AR,01,7,01,1,,,,,0.00,0.0,,,,,,
AR,01,7,02,1,,,,,0.00,0.0,,,,,,
AR,02,1,01,1,,,,,0.00,0.0,,,,,,
AR,02,1,02,1,,,,,0.00,0.0,,,,,,
AR,02,2,01,1,,,,,0.00,0.0,,,,,,
AR,02,2,02,1,,,,,0.00,0.0,,,,,,
AR,02,3,01,1,,,,,0.00,0.0,,,,,,
AR,02,3,02,1,,,,,0.00,0.0,,,,,,
AR,02,4,01,1,,,,,0.00,0.0,,,,,,
AR,02,4,02,1,,,,,0.00,0.0,,,,,,
AR,02,5,01,1,,,,,0.00,0.0,,,,,,
AR,02,5,02,1,,,,,0.00,0.0,,,,,,
AR,02,6,01,1,,,,,0.00,0.0,,,,,,
AR,02,6,02,1,,,,,0.00,0.0,,,,,,
AR,02,7,01,1,,,,,0.00,0.0,,,,,,
AR,02,7,02,1,,,,,0.00,0.0,,,,,,
AR,03,1,01,1,,,,,0.00,0.0,,,,,,
AR,03,1,02,1,,,,,0.00,0.0,,,,,,
AR,03,2,01,1,,,,,0.00,0.0,,,,,,
AR,03,2,02,1,,,,,0.00,0.0,,,,,,
AR,03,3,01,1,,,,,0.00,0.0,,,,,,
AR,03,3,02,1,,,,,0.00,0.0,,,,,,
AR,03,4,01,1,,,,,0.00,0.0,,,,,,
AR,03,4,02,1,,,,,0.00,0.0,,,,,,
AR,03,5,01,1,,,,,0.00,0.0,,,,,,
AR,03,5,02,1,,,,,0.00,0.0,,,,,,
AR,03,6,01,1,,,,,0.00,0.0,,,,,,
AR,03,6,02,1,,,,,0.00,0.0,,,,,,
AR,03,7,01,1,,,,,0.00,0.0,,,,,,
AR,03,7,02,1,,,,,0.00,0.0,,,,,,
AR,04,1,01,1,,,,,0.00,0.0,,,,,,
AR,04,1,02,1,,,,,0.00,0.0,,,,,,
AR,04,2,01,1,,,,,0.00,0.0,,,,,,
AR,04,2,02,1,,,,,0.00,0.0,,,,,,
AR,04,3,01,1,,,,,0.00,0.0,,,,,,
AR,04,3,02,1,,,,,0.00,0.0,,,,,,
AR,04,4,01,1,,,,,0.00,0.0,,,,,,
AR,04,4,02,1,,,,,0.00,0.0,,,,,,
AR,04,5,01,1,,,,,0.00,0.0,,,,,,
AR,04,5,02,1,,,,,0.00,0.0,,,,,,
AR,04,6,01,1,,,,,0.00,0.0,,,,,,
AR,04,6,02,1,,,,,0.00,0.0,,,,,,
AR,04,7,01,1,,,,,0.00,0.0,,,,,,
AR,04,7,02,1,,,,,0.00,0.0,,,,,,
AR,05,1,01,1,,,,,0.00,0.0,,,,,,
AR,05,1,02,1,,,,,0.00,0.0,,,,,,
AR,05,2,01,1,,,,,0.00,0.0,,,,,,
AR,05,2,02,1,,,,,0.00,0.0,,,,,,
AR,05,3,01,1,,,,,0.00,0.0,,,,,,
AR,05,3,02,1,,,,,0.00,0.0,,,,,,
AR,05,4,01,1,,,,,0.00,0.0,,,,,,
AR,05,4,02,1,,,,,0.00,0.0,,,,,,
AR,05,5,01,1,,,,,0.00,0.0,,,,,,
AR,05,5,02,1,,,,,0.00,0.0,,,,,,
AR,05,6,01,1,,,,,0.00,0.0,,,,,,
AR,05,6,02,1,,,,,0.00,0.0,,,,,,
AR,05,7,01,1,,,,,0.00,0.0,,,,,,
AR,05,7,02,1,,,,,0.00,0.0,,,,,,
AR,06,1,01,1,,,,,0.00,0.0,,,,,,
AR,06,1,02,1,,,,,0.00,0.0,,,,,,
AR,06,2,01,1,,,,,0.00,0.0,,,,,,
AR,06,2,02,1,,,,,0.00,0.0,,,,,,
AR,06,3,01,1,,,,,0.00,0.0,,,,,,
AR,06,3,02,1,,,,,0.00,0.0,,,,,,
AR,06,4,01,1,,,,,0.00,0.0,,,,,,
AR,06,4,02,1,,,,,0.00,0.0,,,,,,
AR,06,5,01,1,,,,,0.00,0.0,,,,,,
AR,06,5,02,1,,,,,0.00,0.0,,,,,,
AR,06,6,01,1,,,,,0.00,0.0,,,,,,
AR,06,6,02,1,,,,,0.00,0.0,,,,,,
AR,06,7,01,1,,,,,0.00,0.0,,,,,,
AR,06,7,02,1,,,,,0.00,0.0,,,,,,
AR,07,1,01,1,,,,,0.00,0.0,,,,,,
AR,07,1,02,1,,,,,0.00,0.0,,,,,,
AR,07,2,01,1,,,,,0.00,0.0,,,,,,
AR,07,2,02,1,,,,,0.00,0.0,,,,,,
AR,07,3,01,1,,,,,0.00,0.0,,,,,,
AR,07,3,02,1,,,,,0.00,0.0,,,,,,
AR,07,4,01,1,,,,,0.00,0.0,,,,,,
AR,07,4,02,1,,,,,0.00,0.0,,,,,,
AR,07,5,01,1,,,,,0.00,0.0,,,,,,
AR,07,5,02,1,,,,,0.00,0.0,,,,,,
AR,07,6,01,1,,,,,0.00,0.0,,,,,,
AR,07,6,02,1,,,,,0.00,0.0,,,,,,
AR,07,7,01,1,,,,,0.00,0.0,,,,,,
AR,07,7,02,1,,,,,0.00,0.0,,,,,,
AR,08,1,01,1,,,,,0.00,0.0,,,,,,
AR,08,1,02,1,,,,,0.00,0.0,,,,,,
AR,08,2,01,1,,,,,0.00,0.0,,,,,,
AR,08,2,02,1,,,,,0.00,0.0,,,,,,
AR,08,3,01,1,,,,,0.00,0.0,,,,,,
AR,08,3,02,1,,,,,0.00,0.0,,,,,,
AR,08,4,01,1,,,,,0.00,0.0,,,,,,
AR,08,4,02,1,,,,,0.00,0.0,,,,,,
AR,08,5,01,1,,,,,0.00,0.0,,,,,,
AR,08,5,02,1,,,,,0.00,0.0,,,,,,
AR,08,6,01,1,20087155,POP MIE MI INSTAN LAPEER TIME AYAM BAWANG CUP 75,,,15.00,32,46.88%,24,,01/03/2027,,6
AR,08,6,02,1,,,,,0.00,0.0,,,,,,
AR,08,7,01,1,,,,,0.00,0.0,,,,,,
AR,08,7,02,1,,,,,0.00,0.0,,,,,,
AR,09,1,01,1,,,,,0.00,0.0,,,,,,
AR,09,1,02,1,,,,,0.00,0.0,,,,,,
AR,09,2,01,1,,,,,0.00,0.0,,,,,,
AR,09,2,02,1,,,,,0.00,0.0,,,,,,
AR,09,3,01,1,,,,,0.00,0.0,,,,,,
AR,09,3,02,1,,,,,0.00,0.0,,,,,,
AR,09,4,01,1,,,,,0.00,0.0,,,,,,
AR,09,4,02,1,,,,,0.00,0.0,,,,,,
AR,09,5,01,1,,,,,0.00,0.0,,,,,,
AR,09,5,02,1,,,,,0.00,0.0,,,,,,
AR,09,6,01,1,,,,,0.00,0.0,,,,,,
AR,09,6,02,1,,,,,0.00,0.0,,,,,,
AR,09,7,01,1,,,,,0.00,0.0,,,,,,
AR,09,7,02,1,,,,,0.00,0.0,,,,,,
AR,10,1,01,1,,,,,0.00,0.0,,,,,,
AR,10,1,02,1,,,,,0.00,0.0,,,,,,
AR,10,2,01,1,,,,,0.00,0.0,,,,,,
AR,10,2,02,1,,,,,0.00,0.0,,,,,,
AR,10,3,01,1,,,,,0.00,0.0,,,,,,
AR,10,3,02,1,,,,,0.00,0.0,,,,,,
AR,10,4,01,1,,,,,0.00,0.0,,,,,,
AR,10,4,02,1,,,,,0.00,0.0,,,,,,
AR,10,5,01,1,,,,,0.00,0.0,,,,,,
AR,10,5,02,1,,,,,0.00,0.0,,,,,,
AR,10,6,01,1,,,,,0.00,0.0,,,,,,
AR,10,6,02,1,,,,,0.00,0.0,,,,,,
AR,10,7,01,1,,,,,0.00,0.0,,,,,,
AR,10,7,02,1,20122571,PIATTOS SNACK KENTANG SAPI PANGGANG PCK 120/115,,,25.00,20,125.00%,16,,01/07/2027,S,16
AR,11,1,01,1,,,,,0.00,0.0,,,,,,
AR,11,1,02,1,,,,,0.00,0.0,,,,,,
AR,11,2,01,1,,,,,0.00,0.0,,,,,,
AR,11,2,02,1,,,,,0.00,0.0,,,,,,
AR,11,3,01,1,,,,,0.00,0.0,,,,,,
AR,11,3,02,1,,,,,0.00,0.0,,,,,,
AR,11,4,01,1,,,,,0.00,0.0,,,,,,
AR,11,4,02,1,,,,,0.00,0.0,,,,,,
AR,11,5,01,1,,,,,0.00,0.0,,,,,,
AR,11,5,02,1,,,,,0.00,0.0,,,,,,
AR,11,6,01,1,,,,,0.00,0.0,,,,,,
AR,11,6,02,1,,,,,0.00,0.0,,,,,,
AR,11,7,01,1,20122571,PIATTOS SNACK KENTANG SAPI PANGGANG PCK 120/115,,,25.00,20,125.00%,16,,01/07/2027,S,16
AR,11,7,02,1,,,,,0.00,0.0,,,,,,
AR,12,1,01,1,,,,,0.00,0.0,,,,,,
AR,12,1,02,1,,,,,0.00,0.0,,,,,,
AR,12,2,01,1,,,,,0.00,0.0,,,,,,
AR,12,2,02,1,,,,,0.00,0.0,,,,,,
AR,12,3,01,1,,,,,0.00,0.0,,,,,,
AR,12,3,02,1,,,,,0.00,0.0,,,,,,
AR,12,4,01,1,,,,,0.00,0.0,,,,,,
AR,12,4,02,1,,,,,0.00,0.0,,,,,,
AR,12,5,01,1,,,,,0.00,0.0,,,,,,
AR,12,5,02,1,,,,,0.00,0.0,,,,,,
AR,12,6,01,1,,,,,0.00,0.0,,,,,,
AR,12,6,02,1,,,,,0.00,0.0,,,,,,
AR,12,7,01,1,,,,,0.00,0.0,,,,,,
AR,12,7,02,1,20034685,OISHI SNACK PILLOWS CHOCOLATE PCH 100,,,40.00,40,100.00%,20,,01/08/2027,S,5
AS,01,1,01,1,,,,,0.00,0.0,,,,,,
AS,01,1,02,1,,,,,0.00,0.0,,,,,,
AS,01,2,01,1,20065779,SPRITE SOFT DRINK  PET 390L,,,101.00,480,21.04%,12,,01/03/2027,S,12
AS,01,2,02,1,,,,,0.00,0.0,,,,,,
AS,01,3,01,1,20091654,FRUITAMIN MINUMAN COCO BIT SPLASH GUAVA BTL 350L,,,58.00,100,58.00%,12,,01/08/2027,,1
AS,01,3,02,1,,,,,0.00,0.0,,,,,,
AS,01,4,01,1,,,,,0.00,0.0,,,,,,
AS,01,4,02,1,,,,,0.00,0.0,,,,,,
AS,01,5,01,1,,,,,0.00,0.0,,,,,,
AS,01,5,02,1,,,,,0.00,0.0,,,,,,
AS,01,6,01,1,10000185,INDOMIE MIE INSTANT KARI AYAM PCK 72,,,52.00,52,100.00%,40,,01/05/2027,D,40
AS,01,6,02,1,,,,,0.00,0.0,,,,,,
AS,01,7,01,1,,,,,0.00,0.0,,,,,,
AS,01,7,02,1,,,,,0.00,0.0,,,,,,
AS,02,1,01,1,,,,,0.00,0.0,,,,,,
AS,02,1,02,1,,,,,0.00,0.0,,,,,,
AS,02,2,01,1,,,,,0.00,0.0,,,,,,
AS,02,2,02,1,,,,,0.00,0.0,,,,,,
AS,02,3,01,1,,,,,0.00,0.0,,,,,,
AS,02,3,02,1,,,,,0.00,0.0,,,,,,
AS,02,4,01,1,,,,,0.00,0.0,,,,,,
AS,02,4,02,1,,,,,0.00,0.0,,,,,,
AS,02,5,01,1,,,,,0.00,0.0,,,,,,
AS,02,5,02,1,,,,,0.00,0.0,,,,,,
AS,02,6,01,1,,,,,0.00,0.0,,,,,,
AS,02,6,02,1,,,,,0.00,0.0,,,,,,
AS,02,7,01,1,,,,,0.00,0.0,,,,,,
AS,02,7,02,1,,,,,0.00,0.0,,,,,,
AS,03,1,01,1,,,,,0.00,0.0,,,,,,
AS,03,1,02,1,,,,,0.00,0.0,,,,,,
AS,03,2,01,1,,,,,0.00,0.0,,,,,,
AS,03,2,02,1,,,,,0.00,0.0,,,,,,
AS,03,3,01,1,,,,,0.00,0.0,,,,,,
AS,03,3,02,1,,,,,0.00,0.0,,,,,,
AS,03,4,01,1,,,,,0.00,0.0,,,,,,
AS,03,4,02,1,,,,,0.00,0.0,,,,,,
AS,03,5,01,1,,,,,0.00,0.0,,,,,,
AS,03,5,02,1,,,,,0.00,0.0,,,,,,
AS,03,6,01,1,,,,,0.00,0.0,,,,,,
AS,03,6,02,1,,,,,0.00,0.0,,,,,,
AS,03,7,01,1,,,,,0.00,0.0,,,,,,
AS,03,7,02,1,,,,,0.00,0.0,,,,,,
AS,04,1,01,1,,,,,0.00,0.0,,,,,,
AS,04,1,02,1,,,,,0.00,0.0,,,,,,
AS,04,2,01,1,,,,,0.00,0.0,,,,,,
AS,04,2,02,1,,,,,0.00,0.0,,,,,,
AS,04,3,01,1,,,,,0.00,0.0,,,,,,
AS,04,3,02,1,,,,,0.00,0.0,,,,,,
AS,04,4,01,1,,,,,0.00,0.0,,,,,,
AS,04,4,02,1,,,,,0.00,0.0,,,,,,
AS,04,5,01,1,,,,,0.00,0.0,,,,,,
AS,04,5,02,1,,,,,0.00,0.0,,,,,,
AS,04,6,01,1,,,,,0.00,0.0,,,,,,
AS,04,6,02,1,,,,,0.00,0.0,,,,,,
AS,04,7,01,1,,,,,0.00,0.0,,,,,,
AS,04,7,02,1,,,,,0.00,0.0,,,,,,
AS,05,1,01,1,,,,,0.00,0.0,,,,,,
AS,05,1,02,1,,,,,0.00,0.0,,,,,,
AS,05,2,01,1,,,,,0.00,0.0,,,,,,
AS,05,2,02,1,,,,,0.00,0.0,,,,,,
AS,05,3,01,1,,,,,0.00,0.0,,,,,,
AS,05,3,02,1,,,,,0.00,0.0,,,,,,
AS,05,4,01,1,,,,,0.00,0.0,,,,,,
AS,05,4,02,1,,,,,0.00,0.0,,,,,,
AS,05,5,01,1,,,,,0.00,0.0,,,,,,
AS,05,5,02,1,,,,,0.00,0.0,,,,,,
AS,05,6,01,1,,,,,0.00,0.0,,,,,,
AS,05,6,02,1,,,,,0.00,0.0,,,,,,
AS,05,7,01,1,,,,,0.00,0.0,,,,,,
AS,05,7,02,1,,,,,0.00,0.0,,,,,,
AS,06,1,01,1,,,,,0.00,0.0,,,,,,
AS,06,1,02,1,,,,,0.00,0.0,,,,,,
AS,06,2,01,1,,,,,0.00,0.0,,,,,,
AS,06,2,02,1,,,,,0.00,0.0,,,,,,
AS,06,3,01,1,,,,,0.00,0.0,,,,,,
AS,06,3,02,1,,,,,0.00,0.0,,,,,,
AS,06,4,01,1,,,,,0.00,0.0,,,,,,
AS,06,4,02,1,,,,,0.00,0.0,,,,,,
AS,06,5,01,1,,,,,0.00,0.0,,,,,,
AS,06,5,02,1,,,,,0.00,0.0,,,,,,
AS,06,6,01,1,,,,,0.00,0.0,,,,,,
AS,06,6,02,1,,,,,0.00,0.0,,,,,,
AS,06,7,01,1,,,,,0.00,0.0,,,,,,
AS,06,7,02,1,,,,,0.00,0.0,,,,,,
AS,07,1,01,1,,,,,0.00,0.0,,,,,,
AS,07,1,02,1,,,,,0.00,0.0,,,,,,
AS,07,2,01,1,,,,,0.00,0.0,,,,,,
AS,07,2,02,1,,,,,0.00,0.0,,,,,,
AS,07,3,01,1,,,,,0.00,0.0,,,,,,
AS,07,3,02,1,,,,,0.00,0.0,,,,,,
AS,07,4,01,1,,,,,0.00,0.0,,,,,,
AS,07,4,02,1,,,,,0.00,0.0,,,,,,
AS,07,5,01,1,,,,,0.00,0.0,,,,,,
AS,07,5,02,1,,,,,0.00,0.0,,,,,,
AS,07,6,01,1,,,,,0.00,0.0,,,,,,
AS,07,6,02,1,,,,,0.00,0.0,,,,,,
AS,07,7,01,1,,,,,0.00,0.0,,,,,,
AS,07,7,02,1,,,,,0.00,0.0,,,,,,
AS,08,1,01,1,,,,,0.00,0.0,,,,,,
AS,08,1,02,1,,,,,0.00,0.0,,,,,,
AS,08,2,01,1,,,,,0.00,0.0,,,,,,
AS,08,2,02,1,,,,,0.00,0.0,,,,,,
AS,08,3,01,1,,,,,0.00,0.0,,,,,,
AS,08,3,02,1,,,,,0.00,0.0,,,,,,
AS,08,4,01,1,,,,,0.00,0.0,,,,,,
AS,08,4,02,1,,,,,0.00,0.0,,,,,,
AS,08,5,01,1,,,,,0.00,0.0,,,,,,
AS,08,5,02,1,,,,,0.00,0.0,,,,,,
AS,08,6,01,1,,,,,0.00,0.0,,,,,,
AS,08,6,02,1,,,,,0.00,0.0,,,,,,
AS,08,7,01,1,,,,,0.00,0.0,,,,,,
AS,08,7,02,1,,,,,0.00,0.0,,,,,,
AS,09,1,01,1,,,,,0.00,0.0,,,,,,
AS,09,1,02,1,,,,,0.00,0.0,,,,,,
AS,09,2,01,1,,,,,0.00,0.0,,,,,,
AS,09,2,02,1,,,,,0.00,0.0,,,,,,
AS,09,3,01,1,,,,,0.00,0.0,,,,,,
AS,09,3,02,1,,,,,0.00,0.0,,,,,,
AS,09,4,01,1,,,,,0.00,0.0,,,,,,
AS,09,4,02,1,,,,,0.00,0.0,,,,,,
AS,09,5,01,1,,,,,0.00,0.0,,,,,,
AS,09,5,02,1,,,,,0.00,0.0,,,,,,
AS,09,6,01,1,,,,,0.00,0.0,,,,,,
AS,09,6,02,1,,,,,0.00,0.0,,,,,,
AS,09,7,01,1,,,,,0.00,0.0,,,,,,
AS,09,7,02,1,,,,,0.00,0.0,,,,,,
AS,10,1,01,1,,,,,0.00,0.0,,,,,,
AS,10,1,02,1,,,,,0.00,0.0,,,,,,
AS,10,2,01,1,,,,,0.00,0.0,,,,,,
AS,10,2,02,1,,,,,0.00,0.0,,,,,,
AS,10,3,01,1,,,,,0.00,0.0,,,,,,
AS,10,3,02,1,,,,,0.00,0.0,,,,,,
AS,10,4,01,1,,,,,0.00,0.0,,,,,,
AS,10,4,02,1,,,,,0.00,0.0,,,,,,
AS,10,5,01,1,,,,,0.00,0.0,,,,,,
AS,10,5,02,1,,,,,0.00,0.0,,,,,,
AS,10,6,01,1,,,,,0.00,0.0,,,,,,
AS,10,6,02,1,,,,,0.00,0.0,,,,,,
AS,10,7,01,1,20034682,RIN-BEE SNACK STICK KEJU PCK 60,,,24.00,16,150.00%,24,,01/06/2027,,2
AS,10,7,02,1,,,,,0.00,0.0,,,,,,
AS,11,1,01,1,,,,,0.00,0.0,,,,,,
AS,11,1,02,1,,,,,0.00,0.0,,,,,,
AS,11,2,01,1,,,,,0.00,0.0,,,,,,
AS,11,2,02,1,,,,,0.00,0.0,,,,,,
AS,11,3,01,1,,,,,0.00,0.0,,,,,,
AS,11,3,02,1,,,,,0.00,0.0,,,,,,
AS,11,4,01,1,,,,,0.00,0.0,,,,,,
AS,11,4,02,1,,,,,0.00,0.0,,,,,,
AS,11,5,01,1,,,,,0.00,0.0,,,,,,
AS,11,5,02,1,,,,,0.00,0.0,,,,,,
AS,11,6,01,1,,,,,0.00,0.0,,,,,,
AS,11,6,02,1,,,,,0.00,0.0,,,,,,
AS,11,7,01,1,,,,,0.00,0.0,,,,,,
AS,11,7,02,1,,,,,0.00,0.0,,,,,,
AS,12,1,01,1,,,,,0.00,0.0,,,,,,
AS,12,1,02,1,,,,,0.00,0.0,,,,,,
AS,12,2,01,1,,,,,0.00,0.0,,,,,,
AS,12,2,02,1,,,,,0.00,0.0,,,,,,
AS,12,3,01,1,,,,,0.00,0.0,,,,,,
AS,12,3,02,1,,,,,0.00,0.0,,,,,,
AS,12,4,01,1,,,,,0.00,0.0,,,,,,
AS,12,4,02,1,,,,,0.00,0.0,,,,,,
AS,12,5,01,1,,,,,0.00,0.0,,,,,,
AS,12,5,02,1,,,,,0.00,0.0,,,,,,
AS,12,6,01,1,,,,,0.00,0.0,,,,,,
AS,12,6,02,1,,,,,0.00,0.0,,,,,,
AS,12,7,01,1,,,,,0.00,0.0,,,,,,
AS,12,7,02,1,20034685,OISHI SNACK PILLOWS CHOCOLATE PCH 100,,,40.00,40,100.00%,20,,01/08/2027,S,5
AT,01,2,01,1,20065778,COCA COLA SOFT DRINK  PET 390L,,,100.00,104,96.15%,12,,31/03/2027,S,12
AT,01,2,02,1,10036640,ULTRA TEH KOTAK JASMINE TEA TPK 300L,,,98.00,98,100.00%,24,,01/09/2027,D,24
AT,01,3,01,1,20137992,AQUVIVA AIR MINERAL  BTL 1600L,,,59.00,60,98.33%,6,,01/03/2028,S,6
AT,01,3,02,1,20036198,COCA COLA SOFT DRINK ZERO  PET 1L,,,33.00,33,100.00%,12,,31/03/2027,L,12
AT,01,4,01,1,20102789,ABC COFFEE DRINK CHOCOMALT COFFE BTL 200/180L,,,78.00,78,100.00%,24,,25/09/2027,S,24
AT,01,4,02,1,20102789,ABC COFFEE DRINK CHOCOMALT COFFE BTL 200/180L,,,56.00,78,71.79%,24,,25/09/2027,S,24
AT,01,5,01,1,,,,,0.00,0.0,,,,,,
AT,01,5,02,1,,,,,0.00,0.0,,,,,,
AT,01,6,01,1,20090527,CRYSTALIN AIR MINERAL  BTL 600L,,,36.00,36,100.00%,24,CTN,18/03/2028,D,24
AT,01,6,02,1,20090527,CRYSTALIN AIR MINERAL  BTL 600L,,,36.00,36,100.00%,24,CTN,31/03/2028,D,24
AT,01,7,01,1,20116112,MAXICORN SNACK BARBECUE PCK 140/130,,,15.00,20,75.00%,20,,01/06/2027,S,5
AT,01,7,02,1,10036957,HAPPYTOS SNACK TORTILA CHIPS HIJAU PCK 140,,,36.00,24,150.00%,16,,01/09/2027,S,16
AT,02,2,01,1,20138837,MIZONE MINUMAN ISOTONIK COCO BOOST BTL 500L,,,51.00,72,70.83%,12,,01/08/2027,L,4
AT,02,2,02,1,20142491,SPRITE SOFT DRINK NIPIS MINT PET 390L,,,61.00,104,58.65%,12,,01/03/2027,,2
AT,02,3,01,1,20138167,KOPI KENANGAN HANYA UNTUKMU COFFEE DRINK JAPANESE MATCHA BTL 200L,,,64.00,78,82.05%,24,,31/08/2027,,2
AT,02,3,02,1,20038777,POCARI SWEAT MINUMAN ISOTONIK  BTL 900L,,,33.00,40,82.50%,15,,01/08/2027,S,15
AT,02,4,01,1,20009722,POCARI SWEAT MINUMAN ISOTONIK  BTL 500L,,,40.00,480,8.33%,24,,01/09/2027,E,24
AT,02,4,02,1,,,,,0.00,0.0,,,,,,
AT,02,5,01,1,,,,,0.00,0.0,,,,,,
AT,02,5,02,1,20073495,SOSRO FRUIT TEA FREEZE BTL 350L,,,100.00,125,80.00%,12,,01/09/2027,L,12
AT,02,6,01,1,20024699,STT FRENCH FRIES 2000 PREMIUM  PCK 62,,,24.00,24,100.00%,20,CTN,20/02/2027,S,20
AT,02,6,02,1,20024699,STT FRENCH FRIES 2000 PREMIUM  PCK 62,,,9.00,24,37.50%,20,CTN,20/02/2027,S,20
AT,02,7,01,1,20116112,MAXICORN SNACK BARBECUE PCK 140/130,,,15.00,20,75.00%,20,,01/06/2027,S,5
AT,02,7,02,1,20116112,MAXICORN SNACK BARBECUE PCK 140/130,,,15.00,20,75.00%,20,,01/06/2027,S,5
AT,03,2,01,1,20137991,AQUVIVA AIR MINERAL  BTL 700L,,,64.00,64,100.00%,12,,03/03/2028,D,24
AT,03,2,02,1,,,,,0.00,0.0,,,,,,
AT,03,3,01,1,,,,,0.00,0.0,,,,,,
AT,03,3,02,1,,,,,0.00,0.0,,,,,,
AT,03,4,01,1,20038777,POCARI SWEAT MINUMAN ISOTONIK  BTL 900L,,,40.00,40,100.00%,15,,01/08/2027,S,15
AT,03,4,02,1,,,,,0.00,0.0,,,,,,
AT,03,5,01,1,,,,,0.00,0.0,,,,,,
AT,03,5,02,1,20090527,CRYSTALIN AIR MINERAL  BTL 600L,,,36.00,36,100.00%,24,,01/02/2028,D,24
AT,03,6,01,1,10000975,POP MIE MI INSTAN LAPEER TIME AYAM CUP 75,,,32.00,32,100.00%,24,,01/05/2027,L,6
AT,03,6,02,1,20113377,FLORIDINA JUICE PULP COCO BIT  BTL 350L,,,100.00,125,80.00%,12,CTN,04/06/2027,L,12
AT,03,7,01,1,20097781,KEBON AGUNG GULA KRISTAL PUTIH  PCK 1,,,14.00,28,50.00%,24,CTN,01/09/2028,,24
AT,03,7,02,1,20138241,CHEETOS SNACK KEJU PCK 120,,,30.00,20,150.00%,14,,01/01/2027,L,4
AT,04,2,01,1,20036197,COCA COLA SOFT DRINK  PET 1L,,,33.00,33,100.00%,12,,01/03/2027,S,2
AT,04,2,02,1,10038881,TROPICAL MINYAK GORENG  BTL 1000L,,,45.00,32,140.63%,12,,01/09/2028,D,6
AT,04,3,01,1,10004669,ULTRA SUSU UHT STERIL SLIM CHOCOLATE TPK 250L,,,91.00,126,72.22%,24,,01/07/2027,E,24
AT,04,3,02,1,10038881,TROPICAL MINYAK GORENG  BTL 1000L,,,45.00,32,140.63%,12,,01/09/2028,D,6
AT,04,4,01,1,20094171,INDOMARET AIR MINUM 24X  CTN 200L,,,108.00,108,100.00%,1,,15/09/2028,S,2
AT,04,4,02,1,20066454,SOSRO FRUIT TEA BLACKCURRANT BTL 350L,,,80.00,100,80.00%,12,,01/09/2029,S,12
AT,04,5,01,1,20077499,PRISTINE 8.6+ AIR MINERAL  BTL 600L,,,40.00,40,100.00%,24,,10/09/2028,S,24
AT,04,5,02,1,20077499,PRISTINE 8.6+ AIR MINERAL  BTL 600L,,,40.00,40,100.00%,24,,10/09/2028,S,24
AT,04,6,01,1,10000861,POP MIE MI INSTAN LAPEER TIME BASO CUP 75,,,32.00,32,100.00%,24,,01/05/2027,L,12
AT,04,6,02,1,20005529,NESTLE AIR MINERAL PURE LIFE BTL 600L,,,40.00,40,100.00%,24,CTN,28/03/2028,D,24
AT,04,7,01,1,10000461,MONDE SNACK GOLD  PCK 60/50,,,15.00,15,100.00%,30,,01/08/2027,,6
AT,04,7,02,1,20139930,WONHAE SNACK TOPOKKI CHESE TRUFLE MY PCK 80,,,14.00,20,70.00%,40,,01/07/2027,,2
AT,05,2,01,1,20139700,PRISTINE 8.6+ AIR MINERAL  BTL 1500L,,,33.00,33,100.00%,12,,01/09/2028,L,12
AT,05,2,02,1,20139700,PRISTINE 8.6+ AIR MINERAL  BTL 1500L,,,33.00,33,100.00%,12,,01/09/2028,L,12
AT,05,3,01,1,20077499,PRISTINE 8.6+ AIR MINERAL  BTL 600L,,,40.00,40,100.00%,24,,01/08/2028,S,24
AT,05,3,02,1,20090527,CRYSTALIN AIR MINERAL  BTL 600L,,,40.00,36,111.11%,24,CTN,31/03/2028,D,24
AT,05,4,01,1,20077499,PRISTINE 8.6+ AIR MINERAL  BTL 600L,,,40.00,40,100.00%,24,,10/09/2028,S,24
AT,05,4,02,1,20077499,PRISTINE 8.6+ AIR MINERAL  BTL 600L,,,40.00,40,100.00%,24,,10/09/2028,S,24
AT,05,5,01,1,20077499,PRISTINE 8.6+ AIR MINERAL  BTL 600L,,,40.00,40,100.00%,24,,10/09/2028,S,24
AT,05,5,02,1,20077499,PRISTINE 8.6+ AIR MINERAL  BTL 600L,,,40.00,40,100.00%,24,,10/09/2028,S,24
AT,05,6,01,1,20139555,PUNOKAWAN BERAS PREMIUM  SAK 10,,,48.00,48,100.00%,1,SAK,28/02/2028,,1
AT,05,6,02,1,20024699,STT FRENCH FRIES 2000 PREMIUM  PCK 62,,,16.00,24,66.67%,20,,01/07/2027,S,20
AT,05,7,01,1,20071781,POTABEE SNACK POTATO CHIPS SEAWEED PCK 68/65,,,16.00,15,106.67%,30,,01/04/2028,,2
AT,05,7,02,1,20072249,SOSRO TEH BOTOL ORIGINAL BTL 350L,,,20.00,110,18.18%,12,CTN,30/09/2027,D,12
AT,06,2,01,1,20077499,PRISTINE 8.6+ AIR MINERAL  BTL 600L,,,40.00,40,100.00%,24,,01/09/2028,S,24
AT,06,2,02,1,20139700,PRISTINE 8.6+ AIR MINERAL  BTL 1500L,,,17.00,33,51.52%,12,,01/09/2028,L,12
AT,06,3,01,1,20077499,PRISTINE 8.6+ AIR MINERAL  BTL 600L,,,40.00,40,100.00%,24,,01/09/2028,S,24
AT,06,3,02,1,20077499,PRISTINE 8.6+ AIR MINERAL  BTL 600L,,,40.00,40,100.00%,24,,01/09/2028,S,24
AT,06,4,01,1,20077499,PRISTINE 8.6+ AIR MINERAL  BTL 600L,,,40.00,40,100.00%,24,,01/09/2028,S,24
AT,06,4,02,1,20077499,PRISTINE 8.6+ AIR MINERAL  BTL 600L,,,40.00,40,100.00%,24,,01/09/2028,S,24
AT,06,5,01,1,20077499,PRISTINE 8.6+ AIR MINERAL  BTL 600L,,,40.00,40,100.00%,24,,10/09/2028,S,24
AT,06,5,02,1,20077499,PRISTINE 8.6+ AIR MINERAL  BTL 600L,,,40.00,40,100.00%,24,,01/08/2028,S,24
AT,06,6,01,1,20005529,NESTLE AIR MINERAL PURE LIFE BTL 600L,,,37.00,40,92.50%,24,CTN,28/03/2028,D,24
AT,06,6,02,1,20005529,NESTLE AIR MINERAL PURE LIFE BTL 600L,,,20.00,40,50.00%,24,CTN,28/03/2028,D,24
AT,06,7,01,1,20034079,FRISIAN FLAG SUSU CAIR UHT COKELAT TPK 225L,,,78.00,78,100.00%,36,CTN,01/09/2027,D,36
AT,06,7,02,1,20139555,PUNOKAWAN BERAS PREMIUM  SAK 10,,,48.00,48,100.00%,1,SAK,28/02/2028,,1
AT,07,2,01,1,20077499,PRISTINE 8.6+ AIR MINERAL  BTL 600L,,,40.00,40,100.00%,24,,10/09/2028,S,24
AT,07,2,02,1,20077499,PRISTINE 8.6+ AIR MINERAL  BTL 600L,,,40.00,40,100.00%,24,,10/09/2028,S,24
AT,07,3,01,1,20090527,CRYSTALIN AIR MINERAL  BTL 600L,,,36.00,36,100.00%,24,,01/03/2028,D,24
AT,07,3,02,1,20077499,PRISTINE 8.6+ AIR MINERAL  BTL 600L,,,40.00,40,100.00%,24,,10/09/2028,S,24
AT,07,4,01,1,,,,,0.00,0.0,,,,,,
AT,07,4,02,1,20090527,CRYSTALIN AIR MINERAL  BTL 600L,,,36.00,36,100.00%,24,,01/03/2028,D,24
AT,07,5,01,1,20090527,CRYSTALIN AIR MINERAL  BTL 600L,,,36.00,36,100.00%,24,,01/03/2028,D,24
AT,07,5,02,1,20090527,CRYSTALIN AIR MINERAL  BTL 600L,,,36.00,36,100.00%,24,,01/03/2028,D,24
AT,07,6,01,1,20005529,NESTLE AIR MINERAL PURE LIFE BTL 600L,,,10.00,40,25.00%,24,CTN,28/03/2028,D,24
AT,07,6,02,1,20005529,NESTLE AIR MINERAL PURE LIFE BTL 600L,,,1.00,40,2.50%,24,CTN,28/03/2028,D,24
AT,07,7,01,1,10014292,POP MIE MI INSTAN LAPEER TIME KARI AYAM CUP 75,,,28.00,32,87.50%,24,,01/04/2027,L,8
AT,07,7,02,1,20137973,CHUBA KERIPIK SINGKONG KEJU PCK 125/120,,,24.00,18,133.33%,16,,01/07/2027,,1
AT,08,2,01,1,,,,,0.00,0.0,,,,,,
AT,08,2,02,1,,,,,0.00,0.0,,,,,,
AT,08,3,01,1,20090527,CRYSTALIN AIR MINERAL  BTL 600L,,,36.00,36,100.00%,24,,01/03/2028,D,24
AT,08,3,02,1,20090527,CRYSTALIN AIR MINERAL  BTL 600L,,,34.00,36,94.44%,24,,01/03/2028,D,24
AT,08,4,01,1,20090527,CRYSTALIN AIR MINERAL  BTL 600L,,,36.00,36,100.00%,24,,01/03/2028,D,24
AT,08,4,02,1,20090527,CRYSTALIN AIR MINERAL  BTL 600L,,,36.00,36,100.00%,24,,01/03/2028,D,24
AT,08,5,01,1,20090527,CRYSTALIN AIR MINERAL  BTL 600L,,,36.00,36,100.00%,24,,01/03/2028,D,24
AT,08,5,02,1,20090527,CRYSTALIN AIR MINERAL  BTL 600L,,,36.00,36,100.00%,24,,01/03/2028,D,24
AT,08,6,01,1,20034685,OISHI SNACK PILLOWS CHOCOLATE PCH 100,,,40.00,40,100.00%,20,,01/08/2027,S,5
AT,08,6,02,1,20034685,OISHI SNACK PILLOWS CHOCOLATE PCH 100,,,19.00,40,47.50%,20,,01/08/2027,S,5
AT,08,7,01,1,10001094,CHITATO SNACK POTATO CHIPS SAPI PANGGANG PCK 68/65,,,20.00,25,80.00%,30,,01/04/2027,D,10
AT,08,7,02,1,10002101,HAPPYTOS SNACK TORTILA CHIPS MERAH PCK 140,,,36.00,24,150.00%,16,,01/09/2027,E,16
AT,09,2,01,1,,,,,0.00,0.0,,,,,,
AT,09,2,02,1,,,,,0.00,0.0,,,,,,
AT,09,3,01,1,20090527,CRYSTALIN AIR MINERAL  BTL 600L,,,36.00,36,100.00%,24,,01/03/2028,D,24
AT,09,3,02,1,20090527,CRYSTALIN AIR MINERAL  BTL 600L,,,36.00,36,100.00%,24,,01/03/2028,D,24
AT,09,4,01,1,,,,,0.00,0.0,,,,,,
AT,09,4,02,1,,,,,0.00,0.0,,,,,,
AT,09,5,01,1,,,,,0.00,0.0,,,,,,
AT,09,5,02,1,,,,,0.00,0.0,,,,,,
AT,09,6,01,1,20005529,NESTLE AIR MINERAL PURE LIFE BTL 600L,,,9.00,40,22.50%,24,CTN,28/03/2028,D,24
AT,09,6,02,1,20005529,NESTLE AIR MINERAL PURE LIFE BTL 600L,,,40.00,40,100.00%,24,CTN,28/03/2028,D,24
AT,09,7,01,1,20141944,CHITATO SNACK POTATO CHIPS RENDANG SAPI PCK 68/65,,,16.00,20,80.00%,30,,16/03/2027,,1
AT,09,7,02,1,20014506,CHITATO SNACK POTATO CHIPS CHEESE SUPREME PCK 68/65,,,25.00,10,250.00%,30,,01/04/2027,,2
AT,10,2,01,1,10036640,ULTRA TEH KOTAK JASMINE TEA TPK 300L,,,97.00,98,98.98%,24,,20/08/2027,D,24
AT,10,2,02,1,20077499,PRISTINE 8.6+ AIR MINERAL  BTL 600L,,,40.00,40,100.00%,24,,01/09/2028,S,24
AT,10,3,01,1,20077499,PRISTINE 8.6+ AIR MINERAL  BTL 600L,,,32.00,40,80.00%,24,,01/09/2028,S,24
AT,10,3,02,1,20123322,GOLDA COFFEE DRINK CAPPUCCINO BTL 200L,,,186.00,186,100.00%,12,CTN,04/05/2027,E,12
AT,10,4,01,1,20123322,GOLDA COFFEE DRINK CAPPUCCINO BTL 200L,,,186.00,186,100.00%,12,CTN,01/05/2027,E,12
AT,10,4,02,1,20077499,PRISTINE 8.6+ AIR MINERAL  BTL 600L,,,40.00,40,100.00%,24,,01/09/2028,S,24
AT,10,5,01,1,20123322,GOLDA COFFEE DRINK CAPPUCCINO BTL 200L,,,26.00,186,13.98%,12,CTN,01/05/2027,E,12
AT,10,5,02,1,20077499,PRISTINE 8.6+ AIR MINERAL  BTL 600L,,,40.00,40,100.00%,24,,01/09/2028,S,24
AT,10,6,01,1,20005529,NESTLE AIR MINERAL PURE LIFE BTL 600L,,,40.00,40,100.00%,24,CTN,28/03/2028,D,24
AT,10,6,02,1,20005529,NESTLE AIR MINERAL PURE LIFE BTL 600L,,,20.00,40,50.00%,24,CTN,28/03/2028,D,24
AT,10,7,01,1,10001094,CHITATO SNACK POTATO CHIPS SAPI PANGGANG PCK 68/65,,,25.00,25,100.00%,30,,01/05/2027,D,10
AT,10,7,02,1,10001094,CHITATO SNACK POTATO CHIPS SAPI PANGGANG PCK 68/65,,,25.00,25,100.00%,30,,01/05/2027,D,10
AT,11,2,01,1,20018435,HYDRO COCO NATURAL HEALTH DRINK  TPK 250L,,,112.00,112,100.00%,24,,01/07/2027,D,24
AT,11,2,02,1,10000405,ULTRA SUSU CAIR UHT STERIL PLAIN TPK 1000L,,,56.00,56,100.00%,12,,01/07/2027,E,12
AT,11,3,01,1,20077499,PRISTINE 8.6+ AIR MINERAL  BTL 600L,,,40.00,40,100.00%,24,,01/09/2028,S,24
AT,11,3,02,1,20077499,PRISTINE 8.6+ AIR MINERAL  BTL 600L,,,40.00,40,100.00%,24,,10/09/2028,S,24
AT,11,4,01,1,20077499,PRISTINE 8.6+ AIR MINERAL  BTL 600L,,,40.00,40,100.00%,24,,10/09/2028,S,24
AT,11,4,02,1,20077499,PRISTINE 8.6+ AIR MINERAL  BTL 600L,,,40.00,40,100.00%,24,,01/09/2028,S,24
AT,11,5,01,1,20077499,PRISTINE 8.6+ AIR MINERAL  BTL 600L,,,40.00,40,100.00%,24,,01/09/2028,S,24
AT,11,5,02,1,20077499,PRISTINE 8.6+ AIR MINERAL  BTL 600L,,,40.00,40,100.00%,24,,10/09/2028,S,24
AT,11,6,01,1,20005529,NESTLE AIR MINERAL PURE LIFE BTL 600L,,,9.00,40,22.50%,24,CTN,28/03/2028,D,24
AT,11,6,02,1,20005529,NESTLE AIR MINERAL PURE LIFE BTL 600L,,,11.00,40,27.50%,24,CTN,28/03/2028,D,24
AT,11,7,01,1,20122571,PIATTOS SNACK KENTANG SAPI PANGGANG PCK 120/115,,,25.00,20,125.00%,16,,01/07/2027,S,16
AT,11,7,02,1,20122264,CHITATO SNACK POTATO CHIPS MI GORENG PCK 68/65,,,25.00,15,166.67%,30,,01/04/2027,,6
AT,12,2,01,1,20077499,PRISTINE 8.6+ AIR MINERAL  BTL 600L,,,40.00,40,100.00%,24,,10/09/2028,S,24
AT,12,2,02,1,10003814,AQUA AIR MINERAL  BTL 600 L,,,40.00,40,100.00%,24,,26/09/2028,E,48
AT,12,3,01,1,20077499,PRISTINE 8.6+ AIR MINERAL  BTL 600L,,,40.00,40,100.00%,24,,01/09/2028,S,24
AT,12,3,02,1,20037131,PRIM-A AIR MINERAL  BTL 600L,,,40.00,40,100.00%,24,,01/09/2027,L,24
AT,12,4,01,1,20077499,PRISTINE 8.6+ AIR MINERAL  BTL 600L,,,40.00,40,100.00%,24,,10/09/2028,S,24
AT,12,4,02,1,20077499,PRISTINE 8.6+ AIR MINERAL  BTL 600L,,,40.00,40,100.00%,24,,01/09/2028,S,24
AT,12,5,01,1,20077499,PRISTINE 8.6+ AIR MINERAL  BTL 600L,,,40.00,40,100.00%,24,,10/09/2028,S,24
AT,12,5,02,1,20134073,CLUB AIR MINERAL  CTN 24X220L,,,91.00,91,100.00%,1,,01/08/2028,,1
AT,12,6,01,1,20005529,NESTLE AIR MINERAL PURE LIFE BTL 600L,,,40.00,40,100.00%,24,CTN,28/03/2028,D,24
AT,12,6,02,1,20005529,NESTLE AIR MINERAL PURE LIFE BTL 600L,,,40.00,40,100.00%,24,CTN,28/03/2028,D,24
AT,12,7,01,1,10001094,CHITATO SNACK POTATO CHIPS SAPI PANGGANG PCK 68/65,,,25.00,25,100.00%,30,,01/04/2027,D,10
AT,12,7,02,1,20005529,NESTLE AIR MINERAL PURE LIFE BTL 600L,,,40.00,40,100.00%,24,CTN,28/03/2028,D,24
AU,01,2,01,1,20034078,FRISIAN FLAG SUSU CAIR UHT STROBERI TPK 225L,,,81.00,91,89.01%,36,,01/06/2027,S,36
AU,01,2,02,1,10008581,CAP BADAK LARUTAN PENYEGAR PUTIH BTL 500L,,,30.00,30,100.00%,24,,01/08/2031,S,8
AU,01,3,01,1,20077499,PRISTINE 8.6+ AIR MINERAL  BTL 600L,,,40.00,40,100.00%,24,,01/09/2028,S,24
AU,01,3,02,1,20077499,PRISTINE 8.6+ AIR MINERAL  BTL 600L,,,40.00,40,100.00%,24,,01/09/2028,S,24
AU,01,4,01,1,20102789,ABC COFFEE DRINK CHOCOMALT COFFE BTL 200/180L,,,78.00,78,100.00%,24,,25/09/2027,S,24
AU,01,4,02,1,20077499,PRISTINE 8.6+ AIR MINERAL  BTL 600L,,,40.00,40,100.00%,24,,01/09/2028,S,24
AU,01,5,01,1,20077499,PRISTINE 8.6+ AIR MINERAL  BTL 600L,,,40.00,40,100.00%,24,,01/09/2028,S,24
AU,01,5,02,1,20077499,PRISTINE 8.6+ AIR MINERAL  BTL 600L,,,40.00,40,100.00%,24,,01/09/2028,S,24
AU,01,6,01,1,20092857,STT FRENCH FRIES 2000 PREMIUM  PCK 130,,,12.00,12,100.00%,20,,11/03/2027,D,10
AU,01,6,02,1,20046842,BIG SOFT DRINK STRAWBERRY BTL 3.1L,,,20.00,20,100.00%,6,CTN,30/04/2027,,6
AU,01,7,01,1,20046842,BIG SOFT DRINK STRAWBERRY BTL 3.1L,,,20.00,20,100.00%,6,CTN,30/04/2027,,6
AU,01,7,02,1,10002101,HAPPYTOS SNACK TORTILA CHIPS MERAH PCK 140,,,26.00,24,108.33%,16,,01/09/2027,E,16
AU,02,2,01,1,20126648,LE MINERALE AIR MINERAL  BDD 6X330L,,,40.00,60,66.67%,4,,01/03/2028,L,4
AU,02,2,02,1,10015532,AQUA AIR MINERAL  BTL 330L,,,60.00,60,100.00%,24,,30/09/2028,L,24
AU,02,3,01,1,20097781,KEBON AGUNG GULA KRISTAL PUTIH  PCK 1,,,28.00,28,100.00%,24,,01/09/2028,,24
AU,02,3,02,1,20138057,NESCAFE COFFEE DRINK GULA AREN KLG 220L,,,112.00,112,100.00%,24,,01/09/2027,L,24
AU,02,4,01,1,20097781,KEBON AGUNG GULA KRISTAL PUTIH  PCK 1,,,28.00,28,100.00%,24,,01/09/2028,,24
AU,02,4,02,1,20097781,KEBON AGUNG GULA KRISTAL PUTIH  PCK 1,,,28.00,28,100.00%,24,,01/09/2028,,24
AU,02,5,01,1,20097781,KEBON AGUNG GULA KRISTAL PUTIH  PCK 1,,,28.00,28,100.00%,24,,01/09/2028,,24
AU,02,5,02,1,20094171,INDOMARET AIR MINUM 24X  CTN 200L,,,108.00,108,100.00%,1,,15/09/2028,S,2
AU,02,6,01,1,20137991,AQUVIVA AIR MINERAL  BTL 700L,,,64.00,64,100.00%,12,CTN,22/03/2028,D,24
AU,02,6,02,1,20046842,BIG SOFT DRINK STRAWBERRY BTL 3.1L,,,3.00,20,15.00%,6,CTN,30/04/2027,,6
AU,02,7,01,1,10002101,HAPPYTOS SNACK TORTILA CHIPS MERAH PCK 140,,,36.00,24,150.00%,16,,01/09/2027,E,16
AU,02,7,02,1,20092875,GARUDA SNACK PILUS MI GORENG PCK 80,,,28.00,24,116.67%,50,,01/02/2027,,10
AU,03,2,01,1,10000405,ULTRA SUSU CAIR UHT STERIL PLAIN TPK 1000L,,,56.00,56,100.00%,12,,27/06/2027,E,12
AU,03,2,02,1,20085988,LE MINERALE AIR MINERAL  BTL 1500L,,,33.00,33,100.00%,12,,01/02/2028,E,24
AU,03,3,01,1,20009737,YOU C1000 HEALTH DRINK VITAMIN ORANGE BTL 140L,,,40.00,77,51.95%,30,,01/08/2027,E,30
AU,03,3,02,1,20009737,YOU C1000 HEALTH DRINK VITAMIN ORANGE BTL 140L,,,77.00,77,100.00%,30,,01/08/2027,E,30
AU,03,4,01,1,20140636,TROPICAL MINYAK GORENG  BTL 1.5L,,,48.00,48,100.00%,8,,01/08/2028,,8
AU,03,4,02,1,20085988,LE MINERALE AIR MINERAL  BTL 1500L,,,33.00,33,100.00%,12,,01/02/2028,E,24
AU,03,5,01,1,20046842,BIG SOFT DRINK STRAWBERRY BTL 3.1L,,,20.00,20,100.00%,6,CTN,30/04/2027,,6
AU,03,5,02,1,20046842,BIG SOFT DRINK STRAWBERRY BTL 3.1L,,,20.00,20,100.00%,6,CTN,30/04/2027,,6
AU,03,6,01,1,20046842,BIG SOFT DRINK STRAWBERRY BTL 3.1L,,,16.00,20,80.00%,6,CTN,30/04/2027,,6
AU,03,6,02,1,20003910,NISSIN WALENS CHOCO SOES  PCK 100,,,33.00,33,100.00%,30,,01/08/2027,S,5
AU,03,7,01,1,20116112,MAXICORN SNACK BARBECUE PCK 140/130,,,13.00,20,65.00%,20,,01/05/2027,S,5
AU,03,7,02,1,10001094,CHITATO SNACK POTATO CHIPS SAPI PANGGANG PCK 68/65,,,25.00,25,100.00%,30,,01/05/2027,D,10
AU,04,2,01,1,20137991,AQUVIVA AIR MINERAL  BTL 700L,,,64.00,64,100.00%,12,,01/03/2028,D,24
AU,04,2,02,1,20137991,AQUVIVA AIR MINERAL  BTL 700L,,,63.00,64,98.44%,12,,01/03/2028,D,24
AU,04,3,01,1,20141623,INDOMARET AIR MINERAL  BDD 6500L,,,14.00,180,7.78%,1,BDD,01/09/2028,,1
AU,04,3,02,1,,,,,0.00,0.0,,,,,,
AU,04,4,01,1,,,,,0.00,0.0,,,,,,
AU,04,4,02,1,20005529,NESTLE AIR MINERAL PURE LIFE BTL 600L,,,40.00,40,100.00%,24,,01/03/2028,D,24
AU,04,5,01,1,,,,,0.00,0.0,,,,,,
AU,04,5,02,1,,,,,0.00,0.0,,,,,,
AU,04,6,01,1,20139555,PUNOKAWAN BERAS PREMIUM  SAK 10,,,48.00,48,100.00%,1,SAK,28/02/2028,,1
AU,04,6,02,1,20139555,PUNOKAWAN BERAS PREMIUM  SAK 10,,,48.00,48,100.00%,1,SAK,28/02/2028,,1
AU,04,7,01,1,20116670,CHITATO LITE SNACK POTATO NORI SEAWEED PCK 68/65,,,25.00,15,166.67%,30,,01/05/2027,D,6
AU,04,7,02,1,20116670,CHITATO LITE SNACK POTATO NORI SEAWEED PCK 68/65,,,25.00,15,166.67%,30,,01/05/2027,D,6
AU,05,2,01,1,20076770,GOOD DAY COFFEE DRINK CAPPUCCINO BTL 250/230L,,,21.00,60,35.00%,24,,01/08/2027,S,24
AU,05,2,02,1,20005529,NESTLE AIR MINERAL PURE LIFE BTL 600L,,,40.00,40,100.00%,24,,01/03/2028,D,24
AU,05,3,01,1,20005529,NESTLE AIR MINERAL PURE LIFE BTL 600L,,,40.00,40,100.00%,24,,01/03/2028,D,24
AU,05,3,02,1,20005529,NESTLE AIR MINERAL PURE LIFE BTL 600L,,,40.00,40,100.00%,24,,01/03/2028,D,24
AU,05,4,01,1,20005529,NESTLE AIR MINERAL PURE LIFE BTL 600L,,,40.00,40,100.00%,24,,01/03/2028,D,24
AU,05,4,02,1,20005529,NESTLE AIR MINERAL PURE LIFE BTL 600L,,,40.00,40,100.00%,24,,01/03/2028,D,24
AU,05,5,01,1,20005529,NESTLE AIR MINERAL PURE LIFE BTL 600L,,,40.00,40,100.00%,24,,01/03/2028,D,24
AU,05,5,02,1,20005529,NESTLE AIR MINERAL PURE LIFE BTL 600L,,,40.00,40,100.00%,24,,01/03/2028,D,24
AU,05,6,01,1,20139555,PUNOKAWAN BERAS PREMIUM  SAK 10,,,48.00,48,100.00%,1,SAK,28/02/2028,,1
AU,05,6,02,1,20139555,PUNOKAWAN BERAS PREMIUM  SAK 10,,,48.00,48,100.00%,1,SAK,28/02/2028,,1
AU,05,7,01,1,20092857,STT FRENCH FRIES 2000 PREMIUM  PCK 130,,,18.00,12,150.00%,20,,01/03/2027,D,10
AU,05,7,02,1,20139555,PUNOKAWAN BERAS PREMIUM  SAK 10,,,48.00,48,100.00%,1,SAK,28/02/2028,,1
AU,06,2,01,1,20139700,PRISTINE 8.6+ AIR MINERAL  BTL 1500L,,,33.00,33,100.00%,12,,01/09/2028,L,12
AU,06,2,02,1,20077499,PRISTINE 8.6+ AIR MINERAL  BTL 600L,,,40.00,40,100.00%,24,,01/09/2028,S,24
AU,06,3,01,1,20139700,PRISTINE 8.6+ AIR MINERAL  BTL 1500L,,,33.00,33,100.00%,12,,01/09/2028,L,12
AU,06,3,02,1,20139700,PRISTINE 8.6+ AIR MINERAL  BTL 1500L,,,33.00,33,100.00%,12,,01/09/2028,L,12
AU,06,4,01,1,20139700,PRISTINE 8.6+ AIR MINERAL  BTL 1500L,,,33.00,33,100.00%,12,,01/09/2028,L,12
AU,06,4,02,1,20139700,PRISTINE 8.6+ AIR MINERAL  BTL 1500L,,,33.00,33,100.00%,12,,01/09/2028,L,12
AU,06,5,01,1,20056193,GOOD DAY COFFEE DRINK AVOCADO DELIGHT BTL 250/230L,,,26.00,50,52.00%,24,,01/07/2027,,3
AU,06,5,02,1,20077499,PRISTINE 8.6+ AIR MINERAL  BTL 600L,,,40.00,40,100.00%,24,,01/09/2028,S,24
AU,06,6,01,1,20018435,HYDRO COCO NATURAL HEALTH DRINK  TPK 250L,,,33.00,112,29.46%,24,CTN,08/08/2027,D,24
AU,06,6,02,1,20136124,EKONOMI PENCUCI PIRING LIQUID NATURAL NANAS&JERUK NPS PCH 650L/675,,,35.00,50,70.00%,12,CTN,04/09/2030,S,12
AU,06,7,01,1,20139555,PUNOKAWAN BERAS PREMIUM  SAK 10,,,48.00,48,100.00%,1,SAK,28/02/2028,,1
AU,06,7,02,1,20072195,MR.HOTTEST SNACK TORTILLA CHIPS MAITOS JAGUNG BARBEQUE PCK 140/120,,,24.00,18,133.33%,16,,01/07/2027,L,16
AU,07,2,01,1,,,,,0.00,0.0,,,,,,
AU,07,2,02,1,,,,,0.00,0.0,,,,,,
AU,07,3,01,1,,,,,0.00,0.0,,,,,,
AU,07,3,02,1,10036640,ULTRA TEH KOTAK JASMINE TEA TPK 300L,,,98.00,98,100.00%,24,,01/08/2027,D,24
AU,07,4,01,1,20034079,FRISIAN FLAG SUSU CAIR UHT COKELAT TPK 225L,,,78.00,78,100.00%,36,,01/08/2027,D,36
AU,07,4,02,1,,,,,0.00,0.0,,,,,,
AU,07,5,01,1,20142024,KAKI TIGA LARUTAN PENYEGAR COOLTOPIA MELON ORANGE KLG 320L,,,25.00,63,39.68%,24,,01/09/2029,,2
AU,07,5,02,1,,,,,0.00,0.0,,,,,,
AU,07,6,01,1,20136124,EKONOMI PENCUCI PIRING LIQUID NATURAL NANAS&JERUK NPS PCH 650L/675,,,39.00,50,78.00%,12,CTN,01/09/2029,S,12
AU,07,6,02,1,20136124,EKONOMI PENCUCI PIRING LIQUID NATURAL NANAS&JERUK NPS PCH 650L/675,,,29.00,50,58.00%,12,CTN,01/09/2029,S,12
AU,07,7,01,1,10014293,POP MIE MI INSTAN LAPEER TIME SOTO AYAM CUP 75,,,34.00,32,106.25%,24,,01/06/2027,L,8
AU,07,7,02,1,20137991,AQUVIVA AIR MINERAL  BTL 700L,,,64.00,64,100.00%,12,CTN,22/03/2028,D,24
AU,08,2,01,1,20005835,ADES AIR MINERAL  BTL 600L,,,6.00,40,15.00%,24,CTN,04/01/2028,,24
AU,08,2,02,1,,,,,0.00,0.0,,,,,,
AU,08,3,01,1,20015838,POCARI SWEAT MINUMAN ISOTONIK  BTL 350L,,,50.00,60,83.33%,24,,01/08/2027,D,24
AU,08,3,02,1,,,,,0.00,0.0,,,,,,
AU,08,4,01,1,20005835,ADES AIR MINERAL  BTL 600L,,,1.00,40,2.50%,24,CTN,04/01/2028,,24
AU,08,4,02,1,,,,,0.00,0.0,,,,,,
AU,08,5,01,1,,,,,0.00,0.0,,,,,,
AU,08,5,02,1,,,,,0.00,0.0,,,,,,
AU,08,6,01,1,20139555,PUNOKAWAN BERAS PREMIUM  SAK 10,,,48.00,48,100.00%,1,SAK,28/02/2028,,1
AU,08,6,02,1,20139555,PUNOKAWAN BERAS PREMIUM  SAK 10,,,39.00,48,81.25%,1,SAK,28/02/2028,,1
AU,08,7,01,1,20144171,KRISBEE SNACK CHICKEN NUGGET  PCK 75,,,18.00,12,150.00%,30,,01/05/2027,,1
AU,08,7,02,1,20140674,SEDAAP MIE MIE INSTANT AYAM BAWANG PCK 5X71,,,10.00,40,25.00%,8,CTN,01/05/2027,S,8
AU,09,2,01,1,20097781,KEBON AGUNG GULA KRISTAL PUTIH  PCK 1,,,28.00,28,100.00%,24,,01/09/2028,,24
AU,09,2,02,1,20097781,KEBON AGUNG GULA KRISTAL PUTIH  PCK 1,,,28.00,28,100.00%,24,,01/09/2028,,24
AU,09,3,01,1,,,,,0.00,0.0,,,,,,
AU,09,3,02,1,,,,,0.00,0.0,,,,,,
AU,09,4,01,1,,,,,0.00,0.0,,,,,,
AU,09,4,02,1,,,,,0.00,0.0,,,,,,
AU,09,5,01,1,20097781,KEBON AGUNG GULA KRISTAL PUTIH  PCK 1,,,28.00,28,100.00%,24,,01/09/2028,,24
AU,09,5,02,1,20097781,KEBON AGUNG GULA KRISTAL PUTIH  PCK 1,,,28.00,28,100.00%,24,,01/09/2028,,24
AU,09,6,01,1,20057867,HYDRO COCO NATURAL HEALTH DRINK  TPK 500 L,,,1.00,90,1.11%,12,CTN,09/09/2027,D,12
AU,09,6,02,1,20137991,AQUVIVA AIR MINERAL  BTL 700L,,,63.00,64,98.44%,12,CTN,22/03/2028,D,24
AU,09,7,01,1,10001094,CHITATO SNACK POTATO CHIPS SAPI PANGGANG PCK 68/65,,,25.00,25,100.00%,30,,01/05/2027,D,10
AU,09,7,02,1,20116410,CHIKI SNACK TWIST ROASTED CORN PCK 75,,,25.00,15,166.67%,30,,01/03/2027,,6
AU,10,2,01,1,20139700,PRISTINE 8.6+ AIR MINERAL  BTL 1500L,,,33.00,33,100.00%,12,,01/09/2028,L,12
AU,10,2,02,1,20077499,PRISTINE 8.6+ AIR MINERAL  BTL 600L,,,40.00,40,100.00%,24,,01/09/2028,S,24
AU,10,3,01,1,20097781,KEBON AGUNG GULA KRISTAL PUTIH  PCK 1,,,28.00,28,100.00%,24,,01/09/2028,,24
AU,10,3,02,1,20139700,PRISTINE 8.6+ AIR MINERAL  BTL 1500L,,,33.00,33,100.00%,12,,01/09/2028,L,12
AU,10,4,01,1,20097781,KEBON AGUNG GULA KRISTAL PUTIH  PCK 1,,,28.00,28,100.00%,24,,01/09/2028,,24
AU,10,4,02,1,20139700,PRISTINE 8.6+ AIR MINERAL  BTL 1500L,,,33.00,33,100.00%,12,,01/09/2028,L,12
AU,10,5,01,1,20097781,KEBON AGUNG GULA KRISTAL PUTIH  PCK 1,,,28.00,28,100.00%,24,,01/09/2028,,24
AU,10,5,02,1,20139700,PRISTINE 8.6+ AIR MINERAL  BTL 1500L,,,33.00,33,100.00%,12,,01/09/2028,L,12
AU,10,6,01,1,20137991,AQUVIVA AIR MINERAL  BTL 700L,,,64.00,64,100.00%,12,CTN,22/03/2028,D,24
AU,10,6,02,1,10003517,INDOMIE MIE GORENG PLUS SPECIAL PCK 80,,,52.00,52,100.00%,40,,01/05/2027,E,40
AU,10,7,01,1,10001094,CHITATO SNACK POTATO CHIPS SAPI PANGGANG PCK 68/65,,,25.00,25,100.00%,30,,01/03/2027,D,10
AU,10,7,02,1,20122571,PIATTOS SNACK KENTANG SAPI PANGGANG PCK 120/115,,,25.00,20,125.00%,16,,01/07/2027,S,16
AU,11,2,01,1,20139700,PRISTINE 8.6+ AIR MINERAL  BTL 1500L,,,33.00,33,100.00%,12,,01/09/2028,L,12
AU,11,2,02,1,20139700,PRISTINE 8.6+ AIR MINERAL  BTL 1500L,,,22.00,33,66.67%,12,,01/09/2028,L,12
AU,11,3,01,1,20139700,PRISTINE 8.6+ AIR MINERAL  BTL 1500L,,,33.00,33,100.00%,12,,01/09/2028,L,12
AU,11,3,02,1,20139700,PRISTINE 8.6+ AIR MINERAL  BTL 1500L,,,33.00,33,100.00%,12,,01/09/2028,L,12
AU,11,4,01,1,20139700,PRISTINE 8.6+ AIR MINERAL  BTL 1500L,,,33.00,33,100.00%,12,,01/09/2028,L,12
AU,11,4,02,1,20139700,PRISTINE 8.6+ AIR MINERAL  BTL 1500L,,,33.00,33,100.00%,12,,01/09/2028,L,12
AU,11,5,01,1,20090527,CRYSTALIN AIR MINERAL  BTL 600L,,,36.00,36,100.00%,24,,01/03/2028,D,24
AU,11,5,02,1,20090527,CRYSTALIN AIR MINERAL  BTL 600L,,,36.00,36,100.00%,24,,01/03/2028,D,24
AU,11,6,01,1,20012680,QTELA KERIPIK SINGKONG ORIGINAL PCK 175,,,21.00,21,100.00%,12,,01/06/2027,,4
AU,11,6,02,1,10003517,INDOMIE MIE GORENG PLUS SPECIAL PCK 80,,,52.00,52,100.00%,40,,01/05/2027,E,40
AU,11,7,01,1,10001094,CHITATO SNACK POTATO CHIPS SAPI PANGGANG PCK 68/65,,,25.00,25,100.00%,30,,01/05/2027,D,10
AU,11,7,02,1,10001094,CHITATO SNACK POTATO CHIPS SAPI PANGGANG PCK 68/65,,,25.00,25,100.00%,30,,01/05/2027,D,10
AU,12,2,01,1,20139700,PRISTINE 8.6+ AIR MINERAL  BTL 1500L,,,33.00,33,100.00%,12,,01/09/2028,L,12
AU,12,2,02,1,20139700,PRISTINE 8.6+ AIR MINERAL  BTL 1500L,,,33.00,33,100.00%,12,,01/09/2028,L,12
AU,12,3,01,1,20139700,PRISTINE 8.6+ AIR MINERAL  BTL 1500L,,,33.00,33,100.00%,12,,01/09/2028,L,12
AU,12,3,02,1,20139700,PRISTINE 8.6+ AIR MINERAL  BTL 1500L,,,33.00,33,100.00%,12,,01/09/2028,L,12
AU,12,4,01,1,20015838,POCARI SWEAT MINUMAN ISOTONIK  BTL 350L,,,50.00,60,83.33%,24,,01/08/2027,D,24
AU,12,4,02,1,20139700,PRISTINE 8.6+ AIR MINERAL  BTL 1500L,,,33.00,33,100.00%,12,,01/09/2028,L,12
AU,12,5,01,1,20090527,CRYSTALIN AIR MINERAL  BTL 600L,,,36.00,36,100.00%,24,,15/03/2028,D,24
AU,12,5,02,1,20139700,PRISTINE 8.6+ AIR MINERAL  BTL 1500L,,,33.00,33,100.00%,12,,01/09/2028,L,12
AU,12,6,01,1,10003517,INDOMIE MIE GORENG PLUS SPECIAL PCK 80,,,52.00,52,100.00%,40,,01/05/2027,E,40
AU,12,6,02,1,20139700,PRISTINE 8.6+ AIR MINERAL  BTL 1500L,,,33.00,33,100.00%,12,CTN,01/09/2028,L,12
AU,12,7,01,1,20057867,HYDRO COCO NATURAL HEALTH DRINK  TPK 500 L,,,25.00,90,27.78%,12,CTN,09/09/2027,D,12
AU,12,7,02,1,20057867,HYDRO COCO NATURAL HEALTH DRINK  TPK 500 L,,,90.00,90,100.00%,12,CTN,09/09/2027,D,12
AV,01,2,01,1,,,,,0.00,0.0,,,,,,
AV,01,2,02,1,20069208,LE MINERALE AIR MINERAL  BTL 600 L,,,36.00,36,100.00%,24,,01/03/2028,E,72
AV,01,3,01,1,20069208,LE MINERALE AIR MINERAL  BTL 600 L,,,36.00,36,100.00%,24,,01/03/2028,E,72
AV,01,3,02,1,20069208,LE MINERALE AIR MINERAL  BTL 600 L,,,36.00,36,100.00%,24,,01/03/2028,E,72
AV,01,4,01,1,20069208,LE MINERALE AIR MINERAL  BTL 600 L,,,36.00,36,100.00%,24,,01/03/2028,E,72
AV,01,4,02,1,20077499,PRISTINE 8.6+ AIR MINERAL  BTL 600L,,,40.00,40,100.00%,24,,01/08/2028,S,24
AV,01,5,01,1,10000426,AQUA AIR MINERAL  BTL 1500L,,,33.00,33,100.00%,12,CTN,01/09/2028,E,24
AV,01,5,02,1,10000426,AQUA AIR MINERAL  BTL 1500L,,,33.00,33,100.00%,12,CTN,01/09/2028,E,24
AV,01,6,01,1,20042466,DAIA DETERGENT POWDER+SOFTENER ROMANTIC PINK PCK 470/390 ,,,10.00,50,20.00%,12,CTN,30/09/2029,L,12
AV,01,6,02,1,20113183,RINSO DETERJEN POWDER + MOLTO ROSE FRESH BAG 400/380,,,15.00,52,28.85%,12,CTN,30/09/2028,,12
AV,01,7,01,1,20042466,DAIA DETERGENT POWDER+SOFTENER ROMANTIC PINK PCK 470/390 ,,,4.00,50,8.00%,12,CTN,30/09/2029,L,12
AV,01,7,02,1,20066454,SOSRO FRUIT TEA BLACKCURRANT BTL 350L,,,3.00,100,3.00%,12,CTN,30/09/2029,S,12
AV,02,2,01,1,20069208,LE MINERALE AIR MINERAL  BTL 600 L,,,36.00,36,100.00%,24,,01/03/2028,E,72
AV,02,2,02,1,20069208,LE MINERALE AIR MINERAL  BTL 600 L,,,36.00,36,100.00%,24,,01/03/2028,E,72
AV,02,3,01,1,20069208,LE MINERALE AIR MINERAL  BTL 600 L,,,36.00,36,100.00%,24,,01/03/2028,E,72
AV,02,3,02,1,20069208,LE MINERALE AIR MINERAL  BTL 600 L,,,36.00,36,100.00%,24,,01/03/2028,E,72
AV,02,4,01,1,10000426,AQUA AIR MINERAL  BTL 1500L,,,33.00,33,100.00%,12,,01/09/2028,E,24
AV,02,4,02,1,10000426,AQUA AIR MINERAL  BTL 1500L,,,33.00,33,100.00%,12,,01/09/2028,E,24
AV,02,5,01,1,10000426,AQUA AIR MINERAL  BTL 1500L,,,33.00,33,100.00%,12,,01/09/2029,E,24
AV,02,5,02,1,10000426,AQUA AIR MINERAL  BTL 1500L,,,33.00,33,100.00%,12,,01/09/2029,E,24
AV,02,6,01,1,20066454,SOSRO FRUIT TEA BLACKCURRANT BTL 350L,,,30.00,100,30.00%,12,CTN,30/09/2029,S,12
AV,02,6,02,1,10004034,VIXAL PEMBERSIH KAMAR MANDI EKTRA KUAT BTL 750L/720,,,32.00,51,62.75%,12,CTN,27/10/2029,L,2
AV,02,7,01,1,20066454,SOSRO FRUIT TEA BLACKCURRANT BTL 350L,,,1.00,100,1.00%,12,CTN,30/09/2029,S,12
AV,02,7,02,1,20012680,QTELA KERIPIK SINGKONG ORIGINAL PCK 175,,,18.00,21,85.71%,12,,04/04/2027,,4
AV,03,2,01,1,20096590,SEDAAP MIE MIE INSTANT SOTO PCK 5X76,,,9.00,52,17.31%,8,CTN,04/05/2027,D,8
AV,03,2,02,1,20007307,LAURIER PEMBALUT 22 X-TRA MAXI PCK 10S,,,10.00,32,31.25%,48,CTN,30/09/2029,,2
AV,03,3,01,1,20113183,RINSO DETERJEN POWDER + MOLTO ROSE FRESH BAG 400/380,,,30.00,52,57.69%,12,CTN,30/09/2028,,12
AV,03,3,02,1,20007307,LAURIER PEMBALUT 22 X-TRA MAXI PCK 10S,,,8.00,32,25.00%,48,CTN,30/09/2029,,2
AV,03,4,01,1,20102790,ABC COFFEE DRINK MILK COFFEE BTL 200/180L,,,56.00,78,71.79%,24,CTN,03/09/2027,S,24
AV,03,4,02,1,20021323,LAURIER PEMBALUT 35 RELAX NIGHT BAG 6S,,,5.00,12,41.67%,48,CTN,30/09/2029,,2
AV,03,5,01,1,10022333,SNOWMAN SPIDOL MARKER KECIL 3S MERAHBIRUHTM PCK,,,1.00,50,2.00%,48,BOX,29/09/2026,,1
AV,03,5,02,1,20001404,INDOMARET HAND SOAP STRAWBERRY PCH 400L,,,28.00,50,56.00%,12,CTN,02/09/2029,,2
AV,03,6,01,1,20077499,PRISTINE 8.6+ AIR MINERAL  BTL 600L,,,40.00,40,100.00%,24,CTN,10/09/2028,S,24
AV,03,6,02,1,20066454,SOSRO FRUIT TEA BLACKCURRANT BTL 350L,,,46.00,100,46.00%,12,CTN,30/09/2029,S,12
AV,03,7,01,1,20124567,SUKSESS MIE GORENG ISI 2 AYAM GEPREK PCK 126,,,21.00,52,40.38%,24,CTN,05/05/2027,,24
AV,03,7,02,1,10004669,ULTRA SUSU UHT STERIL SLIM CHOCOLATE TPK 250L,,,126.00,126,100.00%,24,CTN,06/07/2027,E,24
AV,04,2,01,1,20073425,INDOMARET PENCUCI PIRING (NEW) JERUK NIPIS PCH 800/650L,,,44.00,44,100.00%,12,CTN,02/09/2029,,3
AV,04,2,02,1,20126648,LE MINERALE AIR MINERAL  BDD 6X330L,,,40.00,60,66.67%,4,CTN,01/03/2028,L,4
AV,04,3,01,1,20028779,INDOMARET KARBOL WANGI (BR)  PCH 800/650L,,,30.00,40,75.00%,12,CTN,02/09/2029,,1
AV,04,3,02,1,20072924,BABY HAPPY  BABY DIAPERS PANTS 26S  BAG EXTRALARGE,,,15.00,32,46.88%,4,CTN,01/09/2029,D,4
AV,04,4,01,1,20126648,LE MINERALE AIR MINERAL  BDD 6X330L,,,60.00,60,100.00%,4,CTN,01/03/2028,L,4
AV,04,4,02,1,20072924,BABY HAPPY  BABY DIAPERS PANTS 26S  BAG EXTRALARGE,,,1.00,32,3.13%,4,CTN,01/09/2029,D,4
AV,04,5,01,1,20027963,INDOMARET PEMBERSIH KACA  PCH 400L,,,31.00,60,51.67%,12,CTN,02/09/2029,,2
AV,04,5,02,1,20126648,LE MINERALE AIR MINERAL  BDD 6X330L,,,18.00,60,30.00%,4,CTN,01/02/2028,L,4
AV,04,6,01,1,20077499,PRISTINE 8.6+ AIR MINERAL  BTL 600L,,,40.00,40,100.00%,24,CTN,10/09/2028,S,24
AV,04,6,02,1,20077499,PRISTINE 8.6+ AIR MINERAL  BTL 600L,,,40.00,40,100.00%,24,CTN,10/09/2028,S,24
AV,04,7,01,1,20077499,PRISTINE 8.6+ AIR MINERAL  BTL 600L,,,40.00,40,100.00%,24,CTN,10/09/2028,S,24
AV,04,7,02,1,20073495,SOSRO FRUIT TEA FREEZE BTL 350L,,,60.00,125,48.00%,12,CTN,30/09/2027,L,12
AV,05,2,01,1,20069208,LE MINERALE AIR MINERAL  BTL 600 L,,,36.00,36,100.00%,24,,01/03/2028,E,72
AV,05,2,02,1,,,,,0.00,0.0,,,,,,
AV,05,3,01,1,20069208,LE MINERALE AIR MINERAL  BTL 600 L,,,36.00,36,100.00%,24,,01/03/2028,E,72
AV,05,3,02,1,20069208,LE MINERALE AIR MINERAL  BTL 600 L,,,36.00,36,100.00%,24,,01/03/2028,E,72
AV,05,4,01,1,20069208,LE MINERALE AIR MINERAL  BTL 600 L,,,36.00,36,100.00%,24,,01/03/2028,E,72
AV,05,4,02,1,20069208,LE MINERALE AIR MINERAL  BTL 600 L,,,864.00,36,2400.00%,,,,E,72
AV,05,5,01,1,20069208,LE MINERALE AIR MINERAL  BTL 600 L,,,864.00,36,2400.00%,,,,E,72
AV,05,5,02,1,20069208,LE MINERALE AIR MINERAL  BTL 600 L,,,36.00,36,100.00%,24,,01/03/2028,E,72
AV,05,6,01,1,10004669,ULTRA SUSU UHT STERIL SLIM CHOCOLATE TPK 250L,,,122.00,126,96.83%,24,CTN,06/07/2027,E,24
AV,05,6,02,1,10003800,INDOMIE MIE GORENG JUMBO SPECIAL PCK 129,,,56.00,56,100.00%,24,CTN,19/05/2027,E,24
AV,05,7,01,1,20077499,PRISTINE 8.6+ AIR MINERAL  BTL 600L,,,40.00,40,100.00%,24,CTN,10/09/2028,S,24
AV,05,7,02,1,20077499,PRISTINE 8.6+ AIR MINERAL  BTL 600L,,,40.00,40,100.00%,24,CTN,10/09/2028,S,24
AV,06,2,01,1,,,,,0.00,0.0,,,,,,
AV,06,2,02,1,,,,,0.00,0.0,,,,,,
AV,06,3,01,1,,,,,0.00,0.0,,,,,,
AV,06,3,02,1,,,,,0.00,0.0,,,,,,
AV,06,4,01,1,,,,,0.00,0.0,,,,,,
AV,06,4,02,1,,,,,0.00,0.0,,,,,,
AV,06,5,01,1,,,,,0.00,0.0,,,,,,
AV,06,5,02,1,,,,,0.00,0.0,,,,,,
AV,06,6,01,1,10003800,INDOMIE MIE GORENG JUMBO SPECIAL PCK 129,,,8.00,56,14.29%,24,CTN,19/05/2027,E,24
AV,06,6,02,1,10004676,ULTRA SUSU UHT STERIL SLIM PLAIN TPK 250L,,,78.00,126,61.90%,24,CTN,06/07/2027,D,24
AV,06,7,01,1,20073495,SOSRO FRUIT TEA FREEZE BTL 350L,,,40.00,125,32.00%,12,CTN,30/09/2029,L,12
AV,06,7,02,1,10002560,INDOMIE MIE INSTANT SOTO MIE PCK 70,,,25.00,52,48.08%,40,CTN,05/05/2027,D,40
AV,07,2,01,1,,,,,0.00,0.0,,,,,,
AV,07,2,02,1,20041257,MAMY POKO BABY DIAPERS STANDAR 24S TIPE PEREKAT PCK SMALL,,,6.00,42,14.29%,6,CTN,30/09/2029,L,2
AV,07,3,01,1,,,,,0.00,0.0,,,,,,
AV,07,3,02,1,10005974,CHARM PEMBALUT SAFE NIGHT 29 WING PCK 10/9S,,,12.00,12,100.00%,48,CTN,30/09/2029,,2
AV,07,4,01,1,,,,,0.00,0.0,,,,,,
AV,07,4,02,1,10005974,CHARM PEMBALUT SAFE NIGHT 29 WING PCK 10/9S,,,2.00,12,16.67%,48,CTN,30/09/2029,,2
AV,07,5,01,1,,,,,0.00,0.0,,,,,,
AV,07,5,02,1,,,,,0.00,0.0,,,,,,
AV,07,6,01,1,20083795,FRISIAN FLAG SUSU CAIR UHT MILKY/NUTRIBRAIN CHOCO BDD 6X110L,,,21.00,154,13.64%,6,CTN,02/07/2027,D,6
AV,07,6,02,1,10003800,INDOMIE MIE GORENG JUMBO SPECIAL PCK 129,,,56.00,56,100.00%,24,CTN,19/05/2027,E,24
AV,07,7,01,1,10002560,INDOMIE MIE INSTANT SOTO MIE PCK 70,,,52.00,52,100.00%,40,CTN,05/05/2027,D,40
AV,07,7,02,1,10003800,INDOMIE MIE GORENG JUMBO SPECIAL PCK 129,,,8.00,56,14.29%,24,CTN,19/05/2027,E,24
AV,08,2,01,1,20085988,LE MINERALE AIR MINERAL  BTL 1500L,,,33.00,33,100.00%,12,CTN,01/02/2028,E,24
AV,08,2,02,1,20139025,LARISST GULA KRISTAL PUTIH  PCK 1,,,32.00,32,100.00%,20,,22/09/2028,E,20
AV,08,3,01,1,20045422,MAMY POKO PANTS STANDAR 28S  PCK LARGE,,,14.00,32,43.75%,4,CTN,01/09/2029,D,4
AV,08,3,02,1,,,,,0.00,0.0,,,,,,
AV,08,4,01,1,10014567,LAURIER PANTY LINERS 40S CLEANFRESH NON PARFUMED PCK,,,1.00,40,2.50%,42,CTN,30/09/2029,,2
AV,08,4,02,1,20135430,LAURIER PEMBALUT RELAX NIGHT 35 WING PCK 18S,,,3.00,25,12.00%,16,CTN,05/09/2029,,2
AV,08,5,01,1,20004027,INDOMARET HAND SOAP CAMOMILE PCH 375L,,,6.00,50,12.00%,24,CTN,30/09/2028,,2
AV,08,5,02,1,20001407,INDOMARET PEMBERSIH LANTAI LAVENDER PCH 800L,,,24.00,50,48.00%,12,CTN,30/09/2028,,2
AV,08,6,01,1,10000426,AQUA AIR MINERAL  BTL 1500L,,,33.00,33,100.00%,12,CTN,29/09/2028,E,24
AV,08,6,02,1,10000426,AQUA AIR MINERAL  BTL 1500L,,,33.00,33,100.00%,12,CTN,29/09/2028,E,24
AV,08,7,01,1,20052296,INDOMARET GULA PASIR PREMIUM KUNING PCK 1,,,25.00,25,100.00%,25,SAK,04/09/2028,E,25
AV,08,7,02,1,10004669,ULTRA SUSU UHT STERIL SLIM CHOCOLATE TPK 250L,,,91.00,126,72.22%,24,CTN,06/07/2027,E,24
AV,09,2,01,1,20045621,LIFREE POPOK PEREKAT 8/7S  BAG LARGE,,,4.00,16,25.00%,12,CTN,30/09/2029,L,2
AV,09,2,02,1,10032895,CHARM PEMBALUT SAFE NIGHT 35 GATHERS WING PCK 12/11S,,,17.00,21,80.95%,24,CTN,30/09/2029,,2
AV,09,3,01,1,20139700,PRISTINE 8.6+ AIR MINERAL  BTL 1500L,,,33.00,33,100.00%,12,,01/09/2028,L,12
AV,09,3,02,1,20139700,PRISTINE 8.6+ AIR MINERAL  BTL 1500L,,,33.00,33,100.00%,12,,01/09/2028,L,12
AV,09,4,01,1,20139700,PRISTINE 8.6+ AIR MINERAL  BTL 1500L,,,33.00,33,100.00%,12,,01/09/2028,L,12
AV,09,4,02,1,20139700,PRISTINE 8.6+ AIR MINERAL  BTL 1500L,,,33.00,33,100.00%,12,,01/09/2028,L,12
AV,09,5,01,1,20139700,PRISTINE 8.6+ AIR MINERAL  BTL 1500L,,,33.00,33,100.00%,12,,01/09/2028,L,12
AV,09,5,02,1,20139700,PRISTINE 8.6+ AIR MINERAL  BTL 1500L,,,33.00,33,100.00%,12,,01/09/2028,L,12
AV,09,6,01,1,10007389,SO KLIN PEWANGI PAKAIAN REFILL PINK PCH 800/780L,,,40.00,50,80.00%,12,CTN,04/10/2029,L,12
AV,09,6,02,1,20052296,INDOMARET GULA PASIR PREMIUM KUNING PCK 1,,,25.00,25,100.00%,25,SAK,04/09/2028,E,25
AV,09,7,01,1,10007389,SO KLIN PEWANGI PAKAIAN REFILL PINK PCH 800/780L,,,18.00,50,36.00%,12,CTN,04/10/2029,L,12
AV,09,7,02,1,10003800,INDOMIE MIE GORENG JUMBO SPECIAL PCK 129,,,56.00,56,100.00%,24,CTN,19/05/2027,E,24
AV,10,2,01,1,20099547,CRYSTALIN AIR MINERAL  BTL 1500L,,,30.00,30,100.00%,12,CTN,18/03/2028,,12
AV,10,2,02,1,20139700,PRISTINE 8.6+ AIR MINERAL  BTL 1500L,,,33.00,33,100.00%,12,,01/09/2028,L,12
AV,10,3,01,1,20139700,PRISTINE 8.6+ AIR MINERAL  BTL 1500L,,,33.00,33,100.00%,12,,01/09/2028,L,12
AV,10,3,02,1,20139700,PRISTINE 8.6+ AIR MINERAL  BTL 1500L,,,33.00,33,100.00%,12,,01/09/2028,L,12
AV,10,4,01,1,20139700,PRISTINE 8.6+ AIR MINERAL  BTL 1500L,,,33.00,33,100.00%,12,,01/09/2028,L,12
AV,10,4,02,1,20139700,PRISTINE 8.6+ AIR MINERAL  BTL 1500L,,,33.00,33,100.00%,12,,01/09/2028,L,12
AV,10,5,01,1,20139700,PRISTINE 8.6+ AIR MINERAL  BTL 1500L,,,33.00,33,100.00%,12,,01/09/2028,L,12
AV,10,5,02,1,20139700,PRISTINE 8.6+ AIR MINERAL  BTL 1500L,,,33.00,33,100.00%,12,,01/09/2028,L,12
AV,10,6,01,1,10023789,SEDAAP MIE MIE INSTANT GORENG PCK 91,,,20.00,52,38.46%,40,CTN,01/05/2027,S,40
AV,10,6,02,1,10003800,INDOMIE MIE GORENG JUMBO SPECIAL PCK 129,,,9.00,56,16.07%,24,CTN,19/05/2027,E,24
AV,10,7,01,1,10003800,INDOMIE MIE GORENG JUMBO SPECIAL PCK 129,,,8.00,56,14.29%,24,CTN,19/05/2027,E,24
AV,10,7,02,1,10000426,AQUA AIR MINERAL  BTL 1500L,,,33.00,33,100.00%,12,CTN,29/09/2028,E,24
AV,11,2,01,1,20085988,LE MINERALE AIR MINERAL  BTL 1500L,,,33.00,33,100.00%,12,,01/02/2028,E,24
AV,11,2,02,1,20085988,LE MINERALE AIR MINERAL  BTL 1500L,,,33.00,33,100.00%,12,,01/02/2028,E,24
AV,11,3,01,1,20085988,LE MINERALE AIR MINERAL  BTL 1500L,,,33.00,33,100.00%,12,,01/02/2028,E,24
AV,11,3,02,1,20085988,LE MINERALE AIR MINERAL  BTL 1500L,,,33.00,33,100.00%,12,,01/02/2028,E,24
AV,11,4,01,1,20077116,SOVIA MINYAK GORENG  PCH 1L,,,50.00,50,100.00%,12,,01/08/2028,S,12
AV,11,4,02,1,20077116,SOVIA MINYAK GORENG  PCH 1L,,,50.00,50,100.00%,12,,01/08/2028,S,12
AV,11,5,01,1,20077116,SOVIA MINYAK GORENG  PCH 1L,,,50.00,50,100.00%,12,,01/08/2028,S,12
AV,11,5,02,1,,,,,0.00,0.0,,,,,,
AV,11,6,01,1,20091352,DAIA DETERGENT POWDER+SOFTENER VIOLET PASSION PCK 1.5/1.4 ,,,28.00,48,58.33%,6,CTN,04/09/2030,D,6
AV,11,6,02,1,20091352,DAIA DETERGENT POWDER+SOFTENER VIOLET PASSION PCK 1.5/1.4 ,,,48.00,48,100.00%,6,CTN,04/09/2030,D,6
AV,11,7,01,1,10007389,SO KLIN PEWANGI PAKAIAN REFILL PINK PCH 800/780L,,,1.00,50,2.00%,12,CTN,04/10/2029,L,12
AV,11,7,02,1,,,,,0.00,0.0,,,,,,
AV,12,2,01,1,,,,,0.00,0.0,,,,,,
AV,12,2,02,1,,,,,0.00,0.0,,,,,,
AV,12,3,01,1,20077116,SOVIA MINYAK GORENG  PCH 1L,,,50.00,50,100.00%,12,,01/09/2028,S,12
AV,12,3,02,1,20085988,LE MINERALE AIR MINERAL  BTL 1500L,,,33.00,33,100.00%,12,,01/02/2028,E,24
AV,12,4,01,1,20077116,SOVIA MINYAK GORENG  PCH 1L,,,50.00,50,100.00%,12,,01/08/2028,S,12
AV,12,4,02,1,20077116,SOVIA MINYAK GORENG  PCH 1L,,,50.00,50,100.00%,12,,01/08/2028,S,12
AV,12,5,01,1,20077116,SOVIA MINYAK GORENG  PCH 1L,,,50.00,50,100.00%,12,,01/08/2028,S,12
AV,12,5,02,1,20077116,SOVIA MINYAK GORENG  PCH 1L,,,50.00,50,100.00%,12,,01/08/2028,S,12
AV,12,6,01,1,20091352,DAIA DETERGENT POWDER+SOFTENER VIOLET PASSION PCK 1.5/1.4 ,,,28.00,48,58.33%,6,CTN,04/09/2030,D,6
AV,12,6,02,1,20052321,DAIA DETERGENT POWDER+SOFTENER ROMANTIC PINK PCK 1.5/1.4 ,,,8.00,40,20.00%,6,CTN,04/09/2029,D,6
AV,12,7,01,1,10004669,ULTRA SUSU UHT STERIL SLIM CHOCOLATE TPK 250L,,,20.00,126,15.87%,24,CTN,06/07/2027,E,24
AV,12,7,02,1,20052296,INDOMARET GULA PASIR PREMIUM KUNING PCK 1,,,25.00,25,100.00%,25,SAK,04/09/2028,E,25
AW,01,2,01,1,20137991,AQUVIVA AIR MINERAL  BTL 700L,,,64.00,64,100.00%,12,,20/03/2028,D,24
AW,01,2,02,1,20137992,AQUVIVA AIR MINERAL  BTL 1600L,,,60.00,60,100.00%,6,,01/03/2028,S,6
AW,01,3,01,1,20085988,LE MINERALE AIR MINERAL  BTL 1500L,,,33.00,33,100.00%,12,,01/02/2028,E,24
AW,01,3,02,1,20085988,LE MINERALE AIR MINERAL  BTL 1500L,,,33.00,33,100.00%,12,,01/02/2028,E,24
AW,01,4,01,1,20092331,EKONOMI PENCUCI PIRING POWER LIQUID JERUK NIPIS PCH 650/675 ,,,21.00,60,35.00%,12,CTN,04/10/2030,S,12
AW,01,4,02,1,20092331,EKONOMI PENCUCI PIRING POWER LIQUID JERUK NIPIS PCH 650/675 ,,,50.00,60,83.33%,12,CTN,04/10/2030,S,12
AW,01,5,01,1,20085988,LE MINERALE AIR MINERAL  BTL 1500L,,,33.00,33,100.00%,12,,01/02/2028,E,24
AW,01,5,02,1,20085988,LE MINERALE AIR MINERAL  BTL 1500L,,,33.00,33,100.00%,12,,01/02/2028,E,24
AW,01,6,01,1,20045104,QTELA KERIPIK TEMPE CABE RAWIT PCK 55,,,15.00,20,75.00%,30,,01/04/2027,L,5
AW,01,6,02,1,20045139,NISSIN WALENS BLUEBERRY SOES  PCK 100,,,18.00,21,85.71%,36,,01/08/2027,,2
AW,01,7,01,1,10000426,AQUA AIR MINERAL  BTL 1500L,,,33.00,33,100.00%,12,CTN,29/09/2028,E,24
AW,01,7,02,1,20016624,STT FRENCH FRIES 2000 PREMIUM  PCK 24,,,15.00,18,83.33%,48,,01/01/2027,,6
AW,02,2,01,1,20076770,GOOD DAY COFFEE DRINK CAPPUCCINO BTL 250/230L,,,10.00,60,16.67%,24,CTN,30/09/2027,S,24
AW,02,2,02,1,,,,,0.00,0.0,,,,,,
AW,02,3,01,1,20076770,GOOD DAY COFFEE DRINK CAPPUCCINO BTL 250/230L,,,14.00,60,23.33%,24,CTN,20/08/2027,S,24
AW,02,3,02,1,20076770,GOOD DAY COFFEE DRINK CAPPUCCINO BTL 250/230L,,,19.00,60,31.67%,24,CTN,30/09/2027,S,24
AW,02,4,01,1,20076770,GOOD DAY COFFEE DRINK CAPPUCCINO BTL 250/230L,,,8.00,60,13.33%,24,CTN,20/08/2027,S,24
AW,02,4,02,1,20076770,GOOD DAY COFFEE DRINK CAPPUCCINO BTL 250/230L,,,1.00,60,1.67%,24,CTN,30/09/2027,S,24
AW,02,5,01,1,20076770,GOOD DAY COFFEE DRINK CAPPUCCINO BTL 250/230L,,,60.00,60,100.00%,24,CTN,20/08/2027,S,24
AW,02,5,02,1,10002101,HAPPYTOS SNACK TORTILA CHIPS MERAH PCK 140,,,12.00,24,50.00%,16,CTN,22/09/2027,E,16
AW,02,6,01,1,10000426,AQUA AIR MINERAL  BTL 1500L,,,33.00,33,100.00%,12,CTN,29/09/2028,E,24
AW,02,6,02,1,10000426,AQUA AIR MINERAL  BTL 1500L,,,33.00,33,100.00%,12,CTN,29/09/2028,E,24
AW,02,7,01,1,10004676,ULTRA SUSU UHT STERIL SLIM PLAIN TPK 250L,,,10.00,126,7.94%,24,CTN,06/07/2027,D,24
AW,02,7,02,1,10014292,POP MIE MI INSTAN LAPEER TIME KARI AYAM CUP 75,,,48.00,32,150.00%,24,,01/05/2027,L,8
AW,03,2,01,1,,,,,0.00,0.0,,,,,,
AW,03,2,02,1,20102790,ABC COFFEE DRINK MILK COFFEE BTL 200/180L,,,78.00,78,100.00%,24,CTN,03/09/2027,S,24
AW,03,3,01,1,,,,,0.00,0.0,,,,,,
AW,03,3,02,1,,,,,0.00,0.0,,,,,,
AW,03,4,01,1,,,,,0.00,0.0,,,,,,
AW,03,4,02,1,,,,,0.00,0.0,,,,,,
AW,03,5,01,1,20102790,ABC COFFEE DRINK MILK COFFEE BTL 200/180L,,,78.00,78,100.00%,24,CTN,03/09/2027,S,24
AW,03,5,02,1,10002101,HAPPYTOS SNACK TORTILA CHIPS MERAH PCK 140,,,12.00,24,50.00%,16,CTN,22/09/2027,E,16
AW,03,6,01,1,10000426,AQUA AIR MINERAL  BTL 1500L,,,33.00,33,100.00%,12,CTN,29/09/2028,E,24
AW,03,6,02,1,10000426,AQUA AIR MINERAL  BTL 1500L,,,33.00,33,100.00%,12,CTN,29/09/2028,E,24
AW,03,7,01,1,10004676,ULTRA SUSU UHT STERIL SLIM PLAIN TPK 250L,,,126.00,126,100.00%,24,CTN,06/07/2027,D,24
AW,03,7,02,1,20052296,INDOMARET GULA PASIR PREMIUM KUNING PCK 1,,,25.00,25,100.00%,25,SAK,04/09/2028,E,25
AW,04,2,01,1,20073805,SO KLIN SOFTERGENT POWDER MAGNOLIA&BERIES PCK 1.44/1.3,,,40.00,40,100.00%,6,CTN,04/10/2029,,6
AW,04,2,02,1,20073805,SO KLIN SOFTERGENT POWDER MAGNOLIA&BERIES PCK 1.44/1.3,,,40.00,40,100.00%,6,CTN,04/10/2029,,6
AW,04,3,01,1,20137992,AQUVIVA AIR MINERAL  BTL 1600L,,,60.00,60,100.00%,6,,20/03/2028,S,6
AW,04,3,02,1,20137992,AQUVIVA AIR MINERAL  BTL 1600L,,,60.00,60,100.00%,6,,20/03/2028,S,6
AW,04,4,01,1,20137992,AQUVIVA AIR MINERAL  BTL 1600L,,,60.00,60,100.00%,6,,20/03/2028,S,6
AW,04,4,02,1,20137992,AQUVIVA AIR MINERAL  BTL 1600L,,,60.00,60,100.00%,6,,01/03/2028,S,6
AW,04,5,01,1,20073805,SO KLIN SOFTERGENT POWDER MAGNOLIA&BERIES PCK 1.44/1.3,,,8.00,40,20.00%,6,CTN,04/10/2029,,6
AW,04,5,02,1,20073805,SO KLIN SOFTERGENT POWDER MAGNOLIA&BERIES PCK 1.44/1.3,,,5.00,40,12.50%,6,CTN,04/10/2029,,6
AW,04,6,01,1,10000426,AQUA AIR MINERAL  BTL 1500L,,,33.00,33,100.00%,12,CTN,29/09/2028,E,24
AW,04,6,02,1,10000426,AQUA AIR MINERAL  BTL 1500L,,,33.00,33,100.00%,12,CTN,29/09/2028,E,24
AW,04,7,01,1,20052296,INDOMARET GULA PASIR PREMIUM KUNING PCK 1,,,25.00,25,100.00%,25,SAK,04/09/2028,E,25
AW,04,7,02,1,20052296,INDOMARET GULA PASIR PREMIUM KUNING PCK 1,,,25.00,25,100.00%,25,SAK,04/09/2028,E,25
AW,05,2,01,1,10002101,HAPPYTOS SNACK TORTILA CHIPS MERAH PCK 140,,,24.00,24,100.00%,16,CTN,22/09/2027,E,16
AW,05,2,02,1,10002101,HAPPYTOS SNACK TORTILA CHIPS MERAH PCK 140,,,24.00,24,100.00%,16,CTN,22/09/2027,E,16
AW,05,3,01,1,10002101,HAPPYTOS SNACK TORTILA CHIPS MERAH PCK 140,,,12.00,24,50.00%,16,CTN,22/09/2027,E,16
AW,05,3,02,1,20085988,LE MINERALE AIR MINERAL  BTL 1500L,,,33.00,33,100.00%,12,,01/02/2028,E,24
AW,05,4,01,1,10002101,HAPPYTOS SNACK TORTILA CHIPS MERAH PCK 140,,,24.00,24,100.00%,16,CTN,22/09/2027,E,16
AW,05,4,02,1,10002101,HAPPYTOS SNACK TORTILA CHIPS MERAH PCK 140,,,24.00,24,100.00%,16,CTN,22/09/2027,E,16
AW,05,5,01,1,10002101,HAPPYTOS SNACK TORTILA CHIPS MERAH PCK 140,,,12.00,24,50.00%,16,CTN,22/09/2027,E,16
AW,05,5,02,1,10002101,HAPPYTOS SNACK TORTILA CHIPS MERAH PCK 140,,,12.00,24,50.00%,16,CTN,22/09/2027,E,16
AW,05,6,01,1,10000426,AQUA AIR MINERAL  BTL 1500L,,,33.00,33,100.00%,12,CTN,29/09/2028,E,24
AW,05,6,02,1,10000426,AQUA AIR MINERAL  BTL 1500L,,,33.00,33,100.00%,12,CTN,29/09/2028,E,24
AW,05,7,01,1,20052296,INDOMARET GULA PASIR PREMIUM KUNING PCK 1,,,25.00,25,100.00%,25,SAK,04/09/2028,E,25
AW,05,7,02,1,20052296,INDOMARET GULA PASIR PREMIUM KUNING PCK 1,,,25.00,25,100.00%,25,SAK,04/09/2028,E,25
AW,06,2,01,1,10002101,HAPPYTOS SNACK TORTILA CHIPS MERAH PCK 140,,,24.00,24,100.00%,16,CTN,22/09/2027,E,16
AW,06,2,02,1,10002101,HAPPYTOS SNACK TORTILA CHIPS MERAH PCK 140,,,12.00,24,50.00%,16,CTN,22/09/2027,E,16
AW,06,3,01,1,10002101,HAPPYTOS SNACK TORTILA CHIPS MERAH PCK 140,,,12.00,24,50.00%,16,CTN,22/09/2027,E,16
AW,06,3,02,1,10002101,HAPPYTOS SNACK TORTILA CHIPS MERAH PCK 140,,,24.00,24,100.00%,16,CTN,22/09/2027,E,16
AW,06,4,01,1,10002101,HAPPYTOS SNACK TORTILA CHIPS MERAH PCK 140,,,24.00,24,100.00%,16,CTN,22/09/2027,E,16
AW,06,4,02,1,10002101,HAPPYTOS SNACK TORTILA CHIPS MERAH PCK 140,,,12.00,24,50.00%,16,CTN,22/09/2027,E,16
AW,06,5,01,1,20140636,TROPICAL MINYAK GORENG  BTL 1.5L,,,48.00,48,100.00%,8,,01/08/2028,,8
AW,06,5,02,1,10002101,HAPPYTOS SNACK TORTILA CHIPS MERAH PCK 140,,,24.00,24,100.00%,16,CTN,22/09/2027,E,16
AW,06,6,01,1,10000426,AQUA AIR MINERAL  BTL 1500L,,,33.00,33,100.00%,12,CTN,29/09/2028,E,24
AW,06,6,02,1,20077499,PRISTINE 8.6+ AIR MINERAL  BTL 600L,,,40.00,40,100.00%,24,CTN,10/09/2028,S,24
AW,06,7,01,1,20052296,INDOMARET GULA PASIR PREMIUM KUNING PCK 1,,,25.00,25,100.00%,25,SAK,04/09/2028,E,25
AW,06,7,02,1,20052296,INDOMARET GULA PASIR PREMIUM KUNING PCK 1,,,25.00,25,100.00%,25,SAK,04/09/2028,E,25
AW,07,2,01,1,10002101,HAPPYTOS SNACK TORTILA CHIPS MERAH PCK 140,,,12.00,24,50.00%,16,CTN,22/09/2027,E,16
AW,07,2,02,1,10002101,HAPPYTOS SNACK TORTILA CHIPS MERAH PCK 140,,,12.00,24,50.00%,16,CTN,22/09/2027,E,16
AW,07,3,01,1,10002101,HAPPYTOS SNACK TORTILA CHIPS MERAH PCK 140,,,24.00,24,100.00%,16,CTN,22/09/2027,E,16
AW,07,3,02,1,20004027,INDOMARET HAND SOAP CAMOMILE PCH 375L,,,6.00,50,12.00%,24,CTN,01/09/2028,,2
AW,07,4,01,1,10002101,HAPPYTOS SNACK TORTILA CHIPS MERAH PCK 140,,,12.00,24,50.00%,16,CTN,22/09/2027,E,16
AW,07,4,02,1,20004027,INDOMARET HAND SOAP CAMOMILE PCH 375L,,,16.00,50,32.00%,24,CTN,01/09/2028,,2
AW,07,5,01,1,10002101,HAPPYTOS SNACK TORTILA CHIPS MERAH PCK 140,,,24.00,24,100.00%,16,CTN,22/09/2027,E,16
AW,07,5,02,1,20107742,INDOMARET TAS RAMAH LINGKUNGAN KECIL PCS 40X30,,,360.00,600,60.00%,12,LSN,29/09/2026,S,12
AW,07,6,01,1,,,,,0.00,0.0,,,,,,
AW,07,6,02,1,,,,,0.00,0.0,,,,,,
AW,07,7,01,1,20052296,INDOMARET GULA PASIR PREMIUM KUNING PCK 1,,,25.00,25,100.00%,25,SAK,04/09/2028,E,25
AW,07,7,02,1,20052296,INDOMARET GULA PASIR PREMIUM KUNING PCK 1,,,25.00,25,100.00%,25,SAK,04/09/2028,E,25
AW,08,2,01,1,,,,,0.00,0.0,,,,,,
AW,08,2,02,1,10000426,AQUA AIR MINERAL  BTL 1500L,,,33.00,33,100.00%,12,,01/09/2028,E,24
AW,08,3,01,1,10000426,AQUA AIR MINERAL  BTL 1500L,,,33.00,33,100.00%,12,,01/09/2028,E,24
AW,08,3,02,1,10000426,AQUA AIR MINERAL  BTL 1500L,,,33.00,33,100.00%,12,,01/09/2028,E,24
AW,08,4,01,1,10000426,AQUA AIR MINERAL  BTL 1500L,,,33.00,33,100.00%,12,,01/09/2028,E,24
AW,08,4,02,1,10000426,AQUA AIR MINERAL  BTL 1500L,,,33.00,33,100.00%,12,,01/09/2028,E,24
AW,08,5,01,1,10000426,AQUA AIR MINERAL  BTL 1500L,,,33.00,33,100.00%,12,,01/09/2028,E,24
AW,08,5,02,1,10000426,AQUA AIR MINERAL  BTL 1500L,,,33.00,33,100.00%,12,,01/09/2028,E,24
AW,08,6,01,1,20077499,PRISTINE 8.6+ AIR MINERAL  BTL 600L,,,40.00,40,100.00%,24,CTN,10/09/2028,S,24
AW,08,6,02,1,,,,,0.00,0.0,,,,,,
AW,08,7,01,1,20052296,INDOMARET GULA PASIR PREMIUM KUNING PCK 1,,,25.00,25,100.00%,25,SAK,04/09/2028,E,25
AW,08,7,02,1,20052296,INDOMARET GULA PASIR PREMIUM KUNING PCK 1,,,25.00,25,100.00%,25,SAK,04/09/2028,E,25
AW,09,2,01,1,10000426,AQUA AIR MINERAL  BTL 1500L,,,33.00,33,100.00%,12,,01/09/2028,E,24
AW,09,2,02,1,10000426,AQUA AIR MINERAL  BTL 1500L,,,33.00,33,100.00%,12,,01/09/2028,E,24
AW,09,3,01,1,10000426,AQUA AIR MINERAL  BTL 1500L,,,33.00,33,100.00%,12,,01/09/2028,E,24
AW,09,3,02,1,,,,,0.00,0.0,,,,,,
AW,09,4,01,1,10000426,AQUA AIR MINERAL  BTL 1500L,,,33.00,33,100.00%,12,,01/09/2028,E,24
AW,09,4,02,1,,,,,0.00,0.0,,,,,,
AW,09,5,01,1,,,,,0.00,0.0,,,,,,
AW,09,5,02,1,,,,,0.00,0.0,,,,,,
AW,09,6,01,1,,,,,0.00,0.0,,,,,,
AW,09,6,02,1,20052321,DAIA DETERGENT POWDER+SOFTENER ROMANTIC PINK PCK 1.5/1.4 ,,,8.00,40,20.00%,6,CTN,04/09/2029,D,6
AW,09,7,01,1,20052296,INDOMARET GULA PASIR PREMIUM KUNING PCK 1,,,25.00,25,100.00%,25,SAK,04/09/2028,E,25
AW,09,7,02,1,20052296,INDOMARET GULA PASIR PREMIUM KUNING PCK 1,,,25.00,25,100.00%,25,SAK,04/09/2028,E,25
AW,10,2,01,1,10000426,AQUA AIR MINERAL  BTL 1500L,,,33.00,33,100.00%,12,,01/09/2028,E,24
AW,10,2,02,1,10000426,AQUA AIR MINERAL  BTL 1500L,,,33.00,33,100.00%,12,,01/09/2028,E,24
AW,10,3,01,1,10000426,AQUA AIR MINERAL  BTL 1500L,,,33.00,33,100.00%,12,,01/09/2028,E,24
AW,10,3,02,1,10000426,AQUA AIR MINERAL  BTL 1500L,,,33.00,33,100.00%,12,,01/09/2028,E,24
AW,10,4,01,1,10000426,AQUA AIR MINERAL  BTL 1500L,,,33.00,33,100.00%,12,,01/09/2028,E,24
AW,10,4,02,1,10000426,AQUA AIR MINERAL  BTL 1500L,,,33.00,33,100.00%,12,,01/09/2028,E,24
AW,10,5,01,1,10000426,AQUA AIR MINERAL  BTL 1500L,,,33.00,33,100.00%,12,,01/09/2028,E,24
AW,10,5,02,1,10000426,AQUA AIR MINERAL  BTL 1500L,,,33.00,33,100.00%,12,,01/09/2028,E,24
AW,10,6,01,1,20052321,DAIA DETERGENT POWDER+SOFTENER ROMANTIC PINK PCK 1.5/1.4 ,,,40.00,40,100.00%,6,CTN,04/09/2029,D,6
AW,10,6,02,1,20052296,INDOMARET GULA PASIR PREMIUM KUNING PCK 1,,,25.00,25,100.00%,25,SAK,04/09/2028,E,25
AW,10,7,01,1,20052296,INDOMARET GULA PASIR PREMIUM KUNING PCK 1,,,25.00,25,100.00%,25,SAK,04/09/2028,E,25
AW,10,7,02,1,20052296,INDOMARET GULA PASIR PREMIUM KUNING PCK 1,,,25.00,25,100.00%,25,SAK,04/09/2028,E,25
AW,11,2,01,1,10000426,AQUA AIR MINERAL  BTL 1500L,,,33.00,33,100.00%,12,,01/09/2028,E,24
AW,11,2,02,1,20077116,SOVIA MINYAK GORENG  PCH 1L,,,50.00,50,100.00%,12,,01/09/2028,S,12
AW,11,3,01,1,20077116,SOVIA MINYAK GORENG  PCH 1L,,,50.00,50,100.00%,12,,01/08/2028,S,12
AW,11,3,02,1,20077116,SOVIA MINYAK GORENG  PCH 1L,,,50.00,50,100.00%,12,,01/08/2028,S,12
AW,11,4,01,1,10000426,AQUA AIR MINERAL  BTL 1500L,,,33.00,33,100.00%,12,,01/09/2028,E,24
AW,11,4,02,1,20077116,SOVIA MINYAK GORENG  PCH 1L,,,50.00,50,100.00%,12,,01/08/2028,S,12
AW,11,5,01,1,10000426,AQUA AIR MINERAL  BTL 1500L,,,33.00,33,100.00%,12,,01/09/2028,E,24
AW,11,5,02,1,20077116,SOVIA MINYAK GORENG  PCH 1L,,,50.00,50,100.00%,12,,01/08/2028,S,12
AW,11,6,01,1,20052296,INDOMARET GULA PASIR PREMIUM KUNING PCK 1,,,25.00,25,100.00%,25,SAK,04/09/2028,E,25
AW,11,6,02,1,20052296,INDOMARET GULA PASIR PREMIUM KUNING PCK 1,,,25.00,25,100.00%,25,SAK,04/09/2028,E,25
AW,11,7,01,1,20052296,INDOMARET GULA PASIR PREMIUM KUNING PCK 1,,,25.00,25,100.00%,25,SAK,04/09/2028,E,25
AW,11,7,02,1,20052296,INDOMARET GULA PASIR PREMIUM KUNING PCK 1,,,25.00,25,100.00%,25,SAK,04/09/2028,E,25
AW,12,2,01,1,,,,,0.00,0.0,,,,,,
AW,12,2,02,1,,,,,0.00,0.0,,,,,,
AW,12,3,01,1,20077116,SOVIA MINYAK GORENG  PCH 1L,,,50.00,50,100.00%,12,,01/08/2028,S,12
AW,12,3,02,1,20077116,SOVIA MINYAK GORENG  PCH 1L,,,50.00,50,100.00%,12,,01/08/2028,S,12
AW,12,4,01,1,20077116,SOVIA MINYAK GORENG  PCH 1L,,,50.00,50,100.00%,12,,01/08/2028,S,12
AW,12,4,02,1,20140079,GARNIER DRY TOUCH CREAM VITAMIN C POT 30L,,,4.00,50,8.00%,24,CTN,04/09/2029,,1
AW,12,5,01,1,,,,,0.00,0.0,,,,,,
AW,12,5,02,1,,,,,0.00,0.0,,,,,,
AW,12,6,01,1,20052296,INDOMARET GULA PASIR PREMIUM KUNING PCK 1,,,25.00,25,100.00%,25,SAK,04/09/2028,E,25
AW,12,6,02,1,20077499,PRISTINE 8.6+ AIR MINERAL  BTL 600L,,,40.00,40,100.00%,24,CTN,10/09/2028,S,24
AW,12,7,01,1,20052296,INDOMARET GULA PASIR PREMIUM KUNING PCK 1,,,15.00,25,60.00%,25,SAK,04/09/2028,E,25
AW,12,7,02,1,20137992,AQUVIVA AIR MINERAL  BTL 1600L,,,39.00,60,65.00%,6,CTN,20/03/2028,S,6
AX,01,1,01,1,,,,,0.00,0.0,,,,,,
AX,01,1,02,1,,,,,0.00,0.0,,,,,,
AX,01,2,01,1,,,,,0.00,0.0,,,,,,
AX,01,2,02,1,,,,,0.00,0.0,,,,,,
AX,01,3,01,1,,,,,0.00,0.0,,,,,,
AX,01,3,02,1,,,,,0.00,0.0,,,,,,
AX,01,4,01,1,,,,,0.00,0.0,,,,,,
AX,01,4,02,1,,,,,0.00,0.0,,,,,,
AX,01,5,01,1,,,,,0.00,0.0,,,,,,
AX,01,5,02,1,,,,,0.00,0.0,,,,,,
AX,01,6,01,1,,,,,0.00,0.0,,,,,,
AX,01,6,02,1,,,,,0.00,0.0,,,,,,
AX,01,7,01,1,,,,,0.00,0.0,,,,,,
AX,01,7,02,1,,,,,0.00,0.0,,,,,,
AX,02,1,01,1,,,,,0.00,0.0,,,,,,
AX,02,1,02,1,,,,,0.00,0.0,,,,,,
AX,02,2,01,1,,,,,0.00,0.0,,,,,,
AX,02,2,02,1,,,,,0.00,0.0,,,,,,
AX,02,3,01,1,,,,,0.00,0.0,,,,,,
AX,02,3,02,1,,,,,0.00,0.0,,,,,,
AX,02,4,01,1,,,,,0.00,0.0,,,,,,
AX,02,4,02,1,,,,,0.00,0.0,,,,,,
AX,02,5,01,1,,,,,0.00,0.0,,,,,,
AX,02,5,02,1,,,,,0.00,0.0,,,,,,
AX,02,6,01,1,,,,,0.00,0.0,,,,,,
AX,02,6,02,1,,,,,0.00,0.0,,,,,,
AX,02,7,01,1,,,,,0.00,0.0,,,,,,
AX,02,7,02,1,,,,,0.00,0.0,,,,,,
AX,03,1,01,1,,,,,0.00,0.0,,,,,,
AX,03,1,02,1,,,,,0.00,0.0,,,,,,
AX,03,2,01,1,,,,,0.00,0.0,,,,,,
AX,03,2,02,1,,,,,0.00,0.0,,,,,,
AX,03,3,01,1,,,,,0.00,0.0,,,,,,
AX,03,3,02,1,,,,,0.00,0.0,,,,,,
AX,03,4,01,1,,,,,0.00,0.0,,,,,,
AX,03,4,02,1,,,,,0.00,0.0,,,,,,
AX,03,5,01,1,,,,,0.00,0.0,,,,,,
AX,03,5,02,1,,,,,0.00,0.0,,,,,,
AX,03,6,01,1,,,,,0.00,0.0,,,,,,
AX,03,6,02,1,,,,,0.00,0.0,,,,,,
AX,03,7,01,1,,,,,0.00,0.0,,,,,,
AX,03,7,02,1,,,,,0.00,0.0,,,,,,
AX,04,1,01,1,,,,,0.00,0.0,,,,,,
AX,04,1,02,1,,,,,0.00,0.0,,,,,,
AX,04,2,01,1,,,,,0.00,0.0,,,,,,
AX,04,2,02,1,,,,,0.00,0.0,,,,,,
AX,04,3,01,1,,,,,0.00,0.0,,,,,,
AX,04,3,02,1,,,,,0.00,0.0,,,,,,
AX,04,4,01,1,,,,,0.00,0.0,,,,,,
AX,04,4,02,1,,,,,0.00,0.0,,,,,,
AX,04,5,01,1,,,,,0.00,0.0,,,,,,
AX,04,5,02,1,,,,,0.00,0.0,,,,,,
AX,04,6,01,1,,,,,0.00,0.0,,,,,,
AX,04,6,02,1,,,,,0.00,0.0,,,,,,
AX,04,7,01,1,,,,,0.00,0.0,,,,,,
AX,04,7,02,1,,,,,0.00,0.0,,,,,,
AX,05,1,01,1,,,,,0.00,0.0,,,,,,
AX,05,1,02,1,,,,,0.00,0.0,,,,,,
AX,05,2,01,1,,,,,0.00,0.0,,,,,,
AX,05,2,02,1,,,,,0.00,0.0,,,,,,
AX,05,3,01,1,,,,,0.00,0.0,,,,,,
AX,05,3,02,1,,,,,0.00,0.0,,,,,,
AX,05,4,01,1,,,,,0.00,0.0,,,,,,
AX,05,4,02,1,,,,,0.00,0.0,,,,,,
AX,05,5,01,1,,,,,0.00,0.0,,,,,,
AX,05,5,02,1,,,,,0.00,0.0,,,,,,
AX,05,6,01,1,,,,,0.00,0.0,,,,,,
AX,05,6,02,1,,,,,0.00,0.0,,,,,,
AX,05,7,01,1,,,,,0.00,0.0,,,,,,
AX,05,7,02,1,,,,,0.00,0.0,,,,,,
AX,06,1,01,1,,,,,0.00,0.0,,,,,,
AX,06,1,02,1,,,,,0.00,0.0,,,,,,
AX,06,2,01,1,,,,,0.00,0.0,,,,,,
AX,06,2,02,1,,,,,0.00,0.0,,,,,,
AX,06,3,01,1,,,,,0.00,0.0,,,,,,
AX,06,3,02,1,,,,,0.00,0.0,,,,,,
AX,06,4,01,1,,,,,0.00,0.0,,,,,,
AX,06,4,02,1,,,,,0.00,0.0,,,,,,
AX,06,5,01,1,,,,,0.00,0.0,,,,,,
AX,06,5,02,1,,,,,0.00,0.0,,,,,,
AX,06,6,01,1,,,,,0.00,0.0,,,,,,
AX,06,6,02,1,,,,,0.00,0.0,,,,,,
AX,06,7,01,1,,,,,0.00,0.0,,,,,,
AX,06,7,02,1,,,,,0.00,0.0,,,,,,
AX,07,1,01,1,,,,,0.00,0.0,,,,,,
AX,07,1,02,1,,,,,0.00,0.0,,,,,,
AX,07,2,01,1,,,,,0.00,0.0,,,,,,
AX,07,2,02,1,,,,,0.00,0.0,,,,,,
AX,07,3,01,1,,,,,0.00,0.0,,,,,,
AX,07,3,02,1,,,,,0.00,0.0,,,,,,
AX,07,4,01,1,,,,,0.00,0.0,,,,,,
AX,07,4,02,1,,,,,0.00,0.0,,,,,,
AX,07,5,01,1,,,,,0.00,0.0,,,,,,
AX,07,5,02,1,,,,,0.00,0.0,,,,,,
AX,07,6,01,1,,,,,0.00,0.0,,,,,,
AX,07,6,02,1,,,,,0.00,0.0,,,,,,
AX,07,7,01,1,,,,,0.00,0.0,,,,,,
AX,07,7,02,1,,,,,0.00,0.0,,,,,,
AX,08,1,01,1,,,,,0.00,0.0,,,,,,
AX,08,1,02,1,,,,,0.00,0.0,,,,,,
AX,08,2,01,1,,,,,0.00,0.0,,,,,,
AX,08,2,02,1,,,,,0.00,0.0,,,,,,
AX,08,3,01,1,,,,,0.00,0.0,,,,,,
AX,08,3,02,1,,,,,0.00,0.0,,,,,,
AX,08,4,01,1,,,,,0.00,0.0,,,,,,
AX,08,4,02,1,,,,,0.00,0.0,,,,,,
AX,08,5,01,1,,,,,0.00,0.0,,,,,,
AX,08,5,02,1,,,,,0.00,0.0,,,,,,
AX,08,6,01,1,,,,,0.00,0.0,,,,,,
AX,08,6,02,1,,,,,0.00,0.0,,,,,,
AX,08,7,01,1,,,,,0.00,0.0,,,,,,
AX,08,7,02,1,,,,,0.00,0.0,,,,,,
AX,09,1,01,1,,,,,0.00,0.0,,,,,,
AX,09,1,02,1,,,,,0.00,0.0,,,,,,
AX,09,2,01,1,,,,,0.00,0.0,,,,,,
AX,09,2,02,1,,,,,0.00,0.0,,,,,,
AX,09,3,01,1,,,,,0.00,0.0,,,,,,
AX,09,3,02,1,,,,,0.00,0.0,,,,,,
AX,09,4,01,1,,,,,0.00,0.0,,,,,,
AX,09,4,02,1,,,,,0.00,0.0,,,,,,
AX,09,5,01,1,,,,,0.00,0.0,,,,,,
AX,09,5,02,1,,,,,0.00,0.0,,,,,,
AX,09,6,01,1,,,,,0.00,0.0,,,,,,
AX,09,6,02,1,,,,,0.00,0.0,,,,,,
AX,09,7,01,1,,,,,0.00,0.0,,,,,,
AX,09,7,02,1,,,,,0.00,0.0,,,,,,
AX,10,1,01,1,,,,,0.00,0.0,,,,,,
AX,10,1,02,1,,,,,0.00,0.0,,,,,,
AX,10,2,01,1,,,,,0.00,0.0,,,,,,
AX,10,2,02,1,,,,,0.00,0.0,,,,,,
AX,10,3,01,1,,,,,0.00,0.0,,,,,,
AX,10,3,02,1,,,,,0.00,0.0,,,,,,
AX,10,4,01,1,,,,,0.00,0.0,,,,,,
AX,10,4,02,1,,,,,0.00,0.0,,,,,,
AX,10,5,01,1,,,,,0.00,0.0,,,,,,
AX,10,5,02,1,,,,,0.00,0.0,,,,,,
AX,10,6,01,1,,,,,0.00,0.0,,,,,,
AX,10,6,02,1,,,,,0.00,0.0,,,,,,
AX,10,7,01,1,,,,,0.00,0.0,,,,,,
AX,10,7,02,1,,,,,0.00,0.0,,,,,,
AX,11,1,01,1,,,,,0.00,0.0,,,,,,
AX,11,1,02,1,,,,,0.00,0.0,,,,,,
AX,11,2,01,1,,,,,0.00,0.0,,,,,,
AX,11,2,02,1,,,,,0.00,0.0,,,,,,
AX,11,3,01,1,,,,,0.00,0.0,,,,,,
AX,11,3,02,1,,,,,0.00,0.0,,,,,,
AX,11,4,01,1,,,,,0.00,0.0,,,,,,
AX,11,4,02,1,,,,,0.00,0.0,,,,,,
AX,11,5,01,1,,,,,0.00,0.0,,,,,,
AX,11,5,02,1,,,,,0.00,0.0,,,,,,
AX,11,6,01,1,,,,,0.00,0.0,,,,,,
AX,11,6,02,1,,,,,0.00,0.0,,,,,,
AX,11,7,01,1,,,,,0.00,0.0,,,,,,
AX,11,7,02,1,,,,,0.00,0.0,,,,,,
AX,12,1,01,1,,,,,0.00,0.0,,,,,,
AX,12,1,02,1,,,,,0.00,0.0,,,,,,
AX,12,2,01,1,,,,,0.00,0.0,,,,,,
AX,12,2,02,1,,,,,0.00,0.0,,,,,,
AX,12,3,01,1,,,,,0.00,0.0,,,,,,
AX,12,3,02,1,,,,,0.00,0.0,,,,,,
AX,12,4,01,1,,,,,0.00,0.0,,,,,,
AX,12,4,02,1,,,,,0.00,0.0,,,,,,
AX,12,5,01,1,,,,,0.00,0.0,,,,,,
AX,12,5,02,1,,,,,0.00,0.0,,,,,,
AX,12,6,01,1,,,,,0.00,0.0,,,,,,
AX,12,6,02,1,,,,,0.00,0.0,,,,,,
AX,12,7,01,1,,,,,0.00,0.0,,,,,,
AX,12,7,02,1,,,,,0.00,0.0,,,,,,
AY,01,1,01,1,,,,,0.00,0.0,,,,,,
AY,01,1,02,1,,,,,0.00,0.0,,,,,,
AY,01,2,01,1,,,,,0.00,0.0,,,,,,
AY,01,2,02,1,,,,,0.00,0.0,,,,,,
AY,01,3,01,1,,,,,0.00,0.0,,,,,,
AY,01,3,02,1,,,,,0.00,0.0,,,,,,
AY,01,4,01,1,,,,,0.00,0.0,,,,,,
AY,01,4,02,1,,,,,0.00,0.0,,,,,,
AY,01,5,01,1,,,,,0.00,0.0,,,,,,
AY,01,5,02,1,,,,,0.00,0.0,,,,,,
AY,01,6,01,1,,,,,0.00,0.0,,,,,,
AY,01,6,02,1,,,,,0.00,0.0,,,,,,
AY,01,7,01,1,,,,,0.00,0.0,,,,,,
AY,01,7,02,1,,,,,0.00,0.0,,,,,,
AY,02,1,01,1,,,,,0.00,0.0,,,,,,
AY,02,1,02,1,,,,,0.00,0.0,,,,,,
AY,02,2,01,1,,,,,0.00,0.0,,,,,,
AY,02,2,02,1,,,,,0.00,0.0,,,,,,
AY,02,3,01,1,,,,,0.00,0.0,,,,,,
AY,02,3,02,1,,,,,0.00,0.0,,,,,,
AY,02,4,01,1,,,,,0.00,0.0,,,,,,
AY,02,4,02,1,,,,,0.00,0.0,,,,,,
AY,02,5,01,1,,,,,0.00,0.0,,,,,,
AY,02,5,02,1,,,,,0.00,0.0,,,,,,
AY,02,6,01,1,,,,,0.00,0.0,,,,,,
AY,02,6,02,1,,,,,0.00,0.0,,,,,,
AY,02,7,01,1,,,,,264.00,0.0,,,,,,
AY,02,7,02,1,,,,,264.00,0.0,,,,,,
AY,03,1,01,1,,,,,0.00,0.0,,,,,,
AY,03,1,02,1,,,,,0.00,0.0,,,,,,
AY,03,2,01,1,,,,,0.00,0.0,,,,,,
AY,03,2,02,1,,,,,0.00,0.0,,,,,,
AY,03,3,01,1,,,,,0.00,0.0,,,,,,
AY,03,3,02,1,,,,,0.00,0.0,,,,,,
AY,03,4,01,1,,,,,0.00,0.0,,,,,,
AY,03,4,02,1,,,,,0.00,0.0,,,,,,
AY,03,5,01,1,,,,,0.00,0.0,,,,,,
AY,03,5,02,1,,,,,0.00,0.0,,,,,,
AY,03,6,01,1,,,,,0.00,0.0,,,,,,
AY,03,6,02,1,,,,,0.00,0.0,,,,,,
AY,03,7,01,1,,,,,264.00,0.0,,,,,,
AY,03,7,02,1,,,,,264.00,0.0,,,,,,
AY,04,1,01,1,,,,,0.00,0.0,,,,,,
AY,04,1,02,1,,,,,0.00,0.0,,,,,,
AY,04,2,01,1,,,,,0.00,0.0,,,,,,
AY,04,2,02,1,,,,,0.00,0.0,,,,,,
AY,04,3,01,1,,,,,0.00,0.0,,,,,,
AY,04,3,02,1,,,,,0.00,0.0,,,,,,
AY,04,4,01,1,,,,,0.00,0.0,,,,,,
AY,04,4,02,1,,,,,0.00,0.0,,,,,,
AY,04,5,01,1,,,,,0.00,0.0,,,,,,
AY,04,5,02,1,,,,,0.00,0.0,,,,,,
AY,04,6,01,1,,,,,0.00,0.0,,,,,,
AY,04,6,02,1,,,,,0.00,0.0,,,,,,
AY,04,7,01,1,,,,,648.00,0.0,,,,,,
AY,04,7,02,1,,,,,264.00,0.0,,,,,,
AY,05,1,01,1,,,,,0.00,0.0,,,,,,
AY,05,1,02,1,,,,,0.00,0.0,,,,,,
AY,05,2,01,1,,,,,0.00,0.0,,,,,,
AY,05,2,02,1,,,,,0.00,0.0,,,,,,
AY,05,3,01,1,,,,,0.00,0.0,,,,,,
AY,05,3,02,1,,,,,0.00,0.0,,,,,,
AY,05,4,01,1,,,,,0.00,0.0,,,,,,
AY,05,4,02,1,,,,,0.00,0.0,,,,,,
AY,05,5,01,1,,,,,0.00,0.0,,,,,,
AY,05,5,02,1,,,,,0.00,0.0,,,,,,
AY,05,6,01,1,,,,,0.00,0.0,,,,,,
AY,05,6,02,1,,,,,0.00,0.0,,,,,,
AY,05,7,01,1,,,,,264.00,0.0,,,,,,
AY,05,7,02,1,,,,,264.00,0.0,,,,,,
AY,06,1,01,1,,,,,0.00,0.0,,,,,,
AY,06,1,02,1,,,,,0.00,0.0,,,,,,
AY,06,2,01,1,,,,,0.00,0.0,,,,,,
AY,06,2,02,1,,,,,0.00,0.0,,,,,,
AY,06,3,01,1,,,,,0.00,0.0,,,,,,
AY,06,3,02,1,,,,,0.00,0.0,,,,,,
AY,06,4,01,1,,,,,0.00,0.0,,,,,,
AY,06,4,02,1,,,,,0.00,0.0,,,,,,
AY,06,5,01,1,,,,,0.00,0.0,,,,,,
AY,06,5,02,1,,,,,0.00,0.0,,,,,,
AY,06,6,01,1,,,,,0.00,0.0,,,,,,
AY,06,6,02,1,,,,,0.00,0.0,,,,,,
AY,06,7,01,1,,,,,1500.00,0.0,,,,,,
AY,06,7,02,1,,,,,1200.00,0.0,,,,,,
AY,07,1,01,1,,,,,0.00,0.0,,,,,,
AY,07,1,02,1,,,,,0.00,0.0,,,,,,
AY,07,2,01,1,,,,,0.00,0.0,,,,,,
AY,07,2,02,1,,,,,0.00,0.0,,,,,,
AY,07,3,01,1,,,,,0.00,0.0,,,,,,
AY,07,3,02,1,,,,,0.00,0.0,,,,,,
AY,07,4,01,1,,,,,0.00,0.0,,,,,,
AY,07,4,02,1,,,,,0.00,0.0,,,,,,
AY,07,5,01,1,,,,,0.00,0.0,,,,,,
AY,07,5,02,1,,,,,0.00,0.0,,,,,,
AY,07,6,01,1,,,,,0.00,0.0,,,,,,
AY,07,6,02,1,,,,,0.00,0.0,,,,,,
AY,07,7,01,1,,,,,264.00,0.0,,,,,,
AY,07,7,02,1,,,,,264.00,0.0,,,,,,
AZ,01,1,01,1,,,,,0.00,0.0,,,,,,
AZ,01,1,02,1,,,,,0.00,0.0,,,,,,
AZ,01,2,01,1,10005909,INDOMILK SUSU CAIR UHT PLAIN TPK 950L,,,56.00,56,100.00%,12,,28/05/2027,,2
AZ,01,2,02,1,10005909,INDOMILK SUSU CAIR UHT PLAIN TPK 950L,,,56.00,56,100.00%,12,,28/05/2027,,2
AZ,01,3,01,1,10005909,INDOMILK SUSU CAIR UHT PLAIN TPK 950L,,,56.00,56,100.00%,12,,28/05/2027,,2
AZ,01,3,02,1,10005909,INDOMILK SUSU CAIR UHT PLAIN TPK 950L,,,56.00,56,100.00%,12,,28/05/2027,,2
AZ,01,4,01,1,,,,,0.00,0.0,,,,,,
AZ,01,4,02,1,10005909,INDOMILK SUSU CAIR UHT PLAIN TPK 950L,,,56.00,56,100.00%,12,,28/05/2027,,2
AZ,01,5,01,1,20034078,FRISIAN FLAG SUSU CAIR UHT STROBERI TPK 225L,,,78.00,91,85.71%,36,,07/06/2027,S,36
AZ,01,5,02,1,,,,,0.00,0.0,,,,,,
AZ,01,6,01,1,20101056,RAW MATERIAL PALM SUGAR LIQUID  PCS 1300,,,33.00,40,82.50%,12,,14/09/2027,Z,1
AZ,01,6,02,1,20101056,RAW MATERIAL PALM SUGAR LIQUID  PCS 1300,,,29.00,40,72.50%,12,,14/09/2027,Z,1
AZ,01,7,01,1,,,,,0.00,0.0,,,,,,
AZ,01,7,02,1,20095509,Y/COFFEE GOLD CUP COLD  PCS 14 OZ,,,24.00,20,120.00%,500,,23/09/2029,Z,500
AZ,02,1,01,1,,,,,0.00,0.0,,,,,,
AZ,02,1,02,1,,,,,0.00,0.0,,,,,,
AZ,02,2,01,1,10005909,INDOMILK SUSU CAIR UHT PLAIN TPK 950L,,,56.00,56,100.00%,12,,28/05/2027,,2
AZ,02,2,02,1,10005909,INDOMILK SUSU CAIR UHT PLAIN TPK 950L,,,56.00,56,100.00%,12,,28/05/2027,,2
AZ,02,3,01,1,10005909,INDOMILK SUSU CAIR UHT PLAIN TPK 950L,,,56.00,56,100.00%,12,,28/05/2027,,2
AZ,02,3,02,1,10005909,INDOMILK SUSU CAIR UHT PLAIN TPK 950L,,,56.00,56,100.00%,12,,28/05/2027,,2
AZ,02,4,01,1,10005909,INDOMILK SUSU CAIR UHT PLAIN TPK 950L,,,56.00,56,100.00%,12,,28/05/2027,,2
AZ,02,4,02,1,10005909,INDOMILK SUSU CAIR UHT PLAIN TPK 950L,,,56.00,56,100.00%,12,,28/05/2027,,2
AZ,02,5,01,1,10005909,INDOMILK SUSU CAIR UHT PLAIN TPK 950L,,,56.00,56,100.00%,12,,28/05/2027,,2
AZ,02,5,02,1,10005909,INDOMILK SUSU CAIR UHT PLAIN TPK 950L,,,56.00,56,100.00%,12,,28/05/2027,,2
AZ,02,6,01,1,20101056,RAW MATERIAL PALM SUGAR LIQUID  PCS 1300,,,33.00,40,82.50%,12,,14/09/2027,Z,1
AZ,02,6,02,1,,,,,0.00,0.0,,,,,,
AZ,02,7,01,1,20095509,Y/COFFEE GOLD CUP COLD  PCS 14 OZ,,,24.00,20,120.00%,500,,23/09/2029,Z,500
AZ,02,7,02,1,20095509,Y/COFFEE GOLD CUP COLD  PCS 14 OZ,,,24.00,20,120.00%,500,,23/09/2029,Z,500
AZ,03,1,01,1,,,,,0.00,0.0,,,,,,
AZ,03,1,02,1,,,,,0.00,0.0,,,,,,
AZ,03,2,01,1,20122061,OATSIDE OAT MILK BARISTA BLEND TPK 1L,,,92.00,92,100.00%,6,,23/08/2027,L,2
AZ,03,2,02,1,,,,,0.00,0.0,,,,,,
AZ,03,3,01,1,10005909,INDOMILK SUSU CAIR UHT PLAIN TPK 950L,,,56.00,56,100.00%,12,,28/05/2027,,2
AZ,03,3,02,1,20034079,FRISIAN FLAG SUSU CAIR UHT COKELAT TPK 225L,,,78.00,78,100.00%,36,,31/07/2027,D,36
AZ,03,4,01,1,20101056,RAW MATERIAL PALM SUGAR LIQUID  PCS 1300,,,23.00,40,57.50%,12,,31/08/2027,Z,1
AZ,03,4,02,1,10005909,INDOMILK SUSU CAIR UHT PLAIN TPK 950L,,,56.00,56,100.00%,12,,28/05/2027,,2
AZ,03,5,01,1,10005909,INDOMILK SUSU CAIR UHT PLAIN TPK 950L,,,56.00,56,100.00%,12,,28/05/2027,,2
AZ,03,5,02,1,10005909,INDOMILK SUSU CAIR UHT PLAIN TPK 950L,,,56.00,56,100.00%,12,,28/05/2027,,2
AZ,03,6,01,1,,,,,0.00,0.0,,,,,,
AZ,03,6,02,1,,,,,0.00,0.0,,,,,,
AZ,03,7,01,1,20095509,Y/COFFEE GOLD CUP COLD  PCS 14 OZ,,,24.00,20,120.00%,500,,23/09/2029,Z,500
AZ,03,7,02,1,20095509,Y/COFFEE GOLD CUP COLD  PCS 14 OZ,,,24.00,20,120.00%,500,,23/09/2029,Z,500
AZ,04,1,01,1,,,,,0.00,0.0,,,,,,
AZ,04,1,02,1,,,,,0.00,0.0,,,,,,
AZ,04,2,01,1,10005909,INDOMILK SUSU CAIR UHT PLAIN TPK 950L,,,56.00,56,100.00%,12,,28/05/2027,,2
AZ,04,2,02,1,10005909,INDOMILK SUSU CAIR UHT PLAIN TPK 950L,,,56.00,56,100.00%,12,,28/05/2027,,2
AZ,04,3,01,1,20101056,RAW MATERIAL PALM SUGAR LIQUID  PCS 1300,,,33.00,40,82.50%,12,,31/08/2027,Z,1
AZ,04,3,02,1,10005909,INDOMILK SUSU CAIR UHT PLAIN TPK 950L,,,56.00,56,100.00%,12,,28/05/2027,,2
AZ,04,4,01,1,20101056,RAW MATERIAL PALM SUGAR LIQUID  PCS 1300,,,33.00,40,82.50%,12,,31/08/2027,Z,1
AZ,04,4,02,1,10005909,INDOMILK SUSU CAIR UHT PLAIN TPK 950L,,,56.00,56,100.00%,12,,28/05/2027,,2
AZ,04,5,01,1,20034078,FRISIAN FLAG SUSU CAIR UHT STROBERI TPK 225L,,,78.00,91,85.71%,36,,30/06/2027,S,36
AZ,04,5,02,1,20034078,FRISIAN FLAG SUSU CAIR UHT STROBERI TPK 225L,,,78.00,91,85.71%,36,,30/06/2027,S,36
AZ,04,6,01,1,,,,,0.00,0.0,,,,,,
AZ,04,6,02,1,20034078,FRISIAN FLAG SUSU CAIR UHT STROBERI TPK 225L,,,54.00,91,59.34%,36,,30/06/2027,S,36
AZ,04,7,01,1,20092877,POINT COFFEE STRAW BIG FRAPPE & FREEZY  PCS,,,4.00,9,44.44%,5000,,18/09/2029,Z,100
AZ,04,7,02,1,20092877,POINT COFFEE STRAW BIG FRAPPE & FREEZY  PCS,,,4.00,9,44.44%,5000,,18/09/2029,Z,100
AZ,05,1,01,1,,,,,0.00,0.0,,,,,,
AZ,05,1,02,1,,,,,0.00,0.0,,,,,,
AZ,05,2,01,1,10005909,INDOMILK SUSU CAIR UHT PLAIN TPK 950L,,,56.00,56,100.00%,12,,01/05/2027,,2
AZ,05,2,02,1,10005909,INDOMILK SUSU CAIR UHT PLAIN TPK 950L,,,56.00,56,100.00%,12,,01/05/2027,,2
AZ,05,3,01,1,10005909,INDOMILK SUSU CAIR UHT PLAIN TPK 950L,,,56.00,56,100.00%,12,,01/05/2027,,2
AZ,05,3,02,1,,,,,0.00,0.0,,,,,,
AZ,05,4,01,1,10005909,INDOMILK SUSU CAIR UHT PLAIN TPK 950L,,,56.00,56,100.00%,12,,28/05/2027,,2
AZ,05,4,02,1,10005909,INDOMILK SUSU CAIR UHT PLAIN TPK 950L,,,56.00,56,100.00%,12,,28/05/2027,,2
AZ,05,5,01,1,20080433,RAW MATERIAL VANILLA SYRUP (DC)  BTL 750L,,,45.00,80,56.25%,12,,07/09/2027,Z,1
AZ,05,5,02,1,20080433,RAW MATERIAL VANILLA SYRUP (DC)  BTL 750L,,,45.00,80,56.25%,12,,07/09/2027,Z,1
AZ,05,6,01,1,,,,,0.00,0.0,,,,,,
AZ,05,6,02,1,10008095,ULTRA SUSU UHT STERIL SLIM STRAWBERRY TPK 200L,,,84.00,147,57.14%,24,,10/06/2027,L,24
AZ,05,7,01,1,20092877,POINT COFFEE STRAW BIG FRAPPE & FREEZY  PCS,,,4.00,9,44.44%,5000,,18/09/2029,Z,100
AZ,05,7,02,1,20092877,POINT COFFEE STRAW BIG FRAPPE & FREEZY  PCS,,,4.00,9,44.44%,5000,,18/09/2029,Z,100
AZ,06,1,01,1,,,,,0.00,0.0,,,,,,
AZ,06,1,02,1,,,,,0.00,0.0,,,,,,
AZ,06,2,01,1,20102840,RAW MATERIAL CREAMER POWDER  PCK 1000,,,28.00,28,100.00%,12,,17/09/2028,Z,1
AZ,06,2,02,1,10036647,ULTRA SUSU CAIR UHT STERIL CHOCOLATE TPK 1000L,,,56.00,56,100.00%,12,,03/07/2027,D,2
AZ,06,3,01,1,20102840,RAW MATERIAL CREAMER POWDER  PCK 1000,,,28.00,28,100.00%,12,,09/09/2028,Z,1
AZ,06,3,02,1,10005909,INDOMILK SUSU CAIR UHT PLAIN TPK 950L,,,56.00,56,100.00%,12,,01/05/2027,,2
AZ,06,4,01,1,20106981,RAW MATERIAL GULA CAIR  SCT 8L,,,54.00,63,85.71%,400,,26/08/2027,Z,400
AZ,06,4,02,1,10005909,INDOMILK SUSU CAIR UHT PLAIN TPK 950L,,,56.00,56,100.00%,12,,01/05/2027,,2
AZ,06,5,01,1,10004668,ULTRA SUSU UHT STERIL SLIM STRAWBERRY TPK 250L,,,119.00,126,94.44%,24,,23/06/2027,S,24
AZ,06,5,02,1,10005909,INDOMILK SUSU CAIR UHT PLAIN TPK 950L,,,56.00,56,100.00%,12,,01/05/2027,,2
AZ,06,6,01,1,10004443,INDOMILK SUSU CAIR UHT CHOCOLATE TPK 190/180L,,,58.00,112,51.79%,30,,01/05/2027,,10
AZ,06,6,02,1,20102840,RAW MATERIAL CREAMER POWDER  PCK 1000,,,5.00,28,17.86%,12,,17/09/2028,Z,1
AZ,06,7,01,1,20069690,RTD STRAW SLIM (GREEN)  PCS,,,9.00,12,75.00%,10000,,18/09/2029,Z,500
AZ,06,7,02,1,,,,,0.00,0.0,,,,,,
AZ,07,1,01,1,,,,,0.00,0.0,,,,,,
AZ,07,1,02,1,,,,,0.00,0.0,,,,,,
AZ,07,2,01,1,20102840,RAW MATERIAL CREAMER POWDER  PCK 1000,,,28.00,28,100.00%,12,,09/09/2028,Z,1
AZ,07,2,02,1,20130034,OATSIDE OAT MILK WITH STRAW BARISTA BLEND TPK 200L,,,112.00,112,100.00%,24,,05/09/2027,,6
AZ,07,3,01,1,10005909,INDOMILK SUSU CAIR UHT PLAIN TPK 950L,,,56.00,56,100.00%,12,,28/05/2027,,2
AZ,07,3,02,1,20080434,RAW MATERIAL CARAMEL SYRUP (DC)  BTL 750L,,,33.00,80,41.25%,12,,14/02/2028,Z,1
AZ,07,4,01,1,20052311,DIAMOND SUSU UHT FULL CREAM TPK 1000L,,,55.00,56,98.21%,12,,29/07/2027,S,12
AZ,07,4,02,1,20101056,RAW MATERIAL PALM SUGAR LIQUID  PCS 1300,,,30.00,40,75.00%,12,,24/08/2027,Z,1
AZ,07,5,01,1,20102840,RAW MATERIAL CREAMER POWDER  PCK 1000,,,28.00,28,100.00%,12,,17/09/2028,Z,1
AZ,07,5,02,1,20052311,DIAMOND SUSU UHT FULL CREAM TPK 1000L,,,56.00,56,100.00%,12,,29/07/2027,S,12
AZ,07,6,01,1,,,,,0.00,0.0,,,,,,
AZ,07,6,02,1,10019614,ULTRA MIMI SUSU CAIR UHT CHOCOLATE TPK 125L,,,56.00,130,43.08%,40,,18/06/2027,,10
AZ,07,7,01,1,,,,,0.00,0.0,,,,,,
AZ,07,7,02,1,,,,,0.00,0.0,,,,,,
AZ,08,1,01,1,,,,,0.00,0.0,,,,,,
AZ,08,1,02,1,,,,,0.00,0.0,,,,,,
AZ,08,2,01,1,20085776,RAW MATERIAL COFFEE JELLY  PCK 2,,,24.00,80,30.00%,6,,22/07/2027,Z,1
AZ,08,2,02,1,20130034,OATSIDE OAT MILK WITH STRAW BARISTA BLEND TPK 200L,,,112.00,112,100.00%,24,,05/09/2027,,6
AZ,08,3,01,1,10005909,INDOMILK SUSU CAIR UHT PLAIN TPK 950L,,,56.00,56,100.00%,12,,28/05/2027,,2
AZ,08,3,02,1,20102840,RAW MATERIAL CREAMER POWDER  PCK 1000,,,28.00,28,100.00%,12,,11/08/2028,Z,1
AZ,08,4,01,1,20101056,RAW MATERIAL PALM SUGAR LIQUID  PCS 1300,,,33.00,40,82.50%,12,,01/09/2027,Z,1
AZ,08,4,02,1,,,,,0.00,0.0,,,,,,
AZ,08,5,01,1,20052311,DIAMOND SUSU UHT FULL CREAM TPK 1000L,,,56.00,56,100.00%,12,,29/07/2027,S,12
AZ,08,5,02,1,10013027,GREENFIELDS UHT MILK FULL CREAM TPK 1000/950L,,,28.00,56,50.00%,12,,27/05/2027,T,4
AZ,08,6,01,1,,,,,0.00,0.0,,,,,,
AZ,08,6,02,1,,,,,0.00,0.0,,,,,,
AZ,08,7,01,1,20069690,RTD STRAW SLIM (GREEN)  PCS,,,8.00,12,66.67%,10000,,18/09/2029,Z,500
AZ,08,7,02,1,20069690,RTD STRAW SLIM (GREEN)  PCS,,,8.00,12,66.67%,10000,,19/09/2029,Z,500
AZ,09,1,01,1,,,,,0.00,0.0,,,,,,
AZ,09,1,02,1,,,,,0.00,0.0,,,,,,
AZ,09,2,01,1,20130034,OATSIDE OAT MILK WITH STRAW BARISTA BLEND TPK 200L,,,82.00,112,73.21%,24,,09/09/2027,,6
AZ,09,2,02,1,20130190,GREENFIELDS UHT MILK CHOCOLATE TPK 105L,,,120.00,126,95.24%,40,,09/06/2027,,4
AZ,09,3,01,1,20101056,RAW MATERIAL PALM SUGAR LIQUID  PCS 1300,,,33.00,40,82.50%,12,,04/09/2027,Z,1
AZ,09,3,02,1,10005909,INDOMILK SUSU CAIR UHT PLAIN TPK 950L,,,56.00,56,100.00%,12,,01/05/2027,,2
AZ,09,4,01,1,20034077,FRISIAN FLAG SUSU CAIR UHT FULL CREAM TPK 225L,,,78.00,91,85.71%,36,,31/08/2027,L,14
AZ,09,4,02,1,20142757,RAW MATERIAL OAT DRINK  TPK 1L,,,100.00,100,100.00%,6,,10/09/2027,Z,6
AZ,09,5,01,1,10005909,INDOMILK SUSU CAIR UHT PLAIN TPK 950L,,,56.00,56,100.00%,12,,01/05/2027,,2
AZ,09,5,02,1,20034079,FRISIAN FLAG SUSU CAIR UHT COKELAT TPK 225L,,,78.00,78,100.00%,36,,11/07/2027,D,36
AZ,09,6,01,1,20101056,RAW MATERIAL PALM SUGAR LIQUID  PCS 1300,,,33.00,40,82.50%,12,,04/09/2027,Z,1
AZ,09,6,02,1,20101056,RAW MATERIAL PALM SUGAR LIQUID  PCS 1300,,,33.00,40,82.50%,12,,01/09/2027,Z,1
AZ,09,7,01,1,20069690,RTD STRAW SLIM (GREEN)  PCS,,,8.00,12,66.67%,10000,,18/09/2029,Z,500
AZ,09,7,02,1,20069690,RTD STRAW SLIM (GREEN)  PCS,,,8.00,12,66.67%,10000,,18/09/2029,Z,500
AZ,10,1,01,1,,,,,0.00,0.0,,,,,,
AZ,10,1,02,1,,,,,0.00,0.0,,,,,,
AZ,10,2,01,1,10005909,INDOMILK SUSU CAIR UHT PLAIN TPK 950L,,,56.00,56,100.00%,12,,28/05/2027,,2
AZ,10,2,02,1,10005909,INDOMILK SUSU CAIR UHT PLAIN TPK 950L,,,56.00,56,100.00%,12,,01/05/2027,,2
AZ,10,3,01,1,10005909,INDOMILK SUSU CAIR UHT PLAIN TPK 950L,,,56.00,56,100.00%,12,,28/05/2027,,2
AZ,10,3,02,1,20052311,DIAMOND SUSU UHT FULL CREAM TPK 1000L,,,56.00,56,100.00%,12,,23/08/2027,S,12
AZ,10,4,01,1,20142757,RAW MATERIAL OAT DRINK  TPK 1L,,,58.00,100,58.00%,6,,10/09/2027,Z,6
AZ,10,4,02,1,,,,,0.00,0.0,,,,,,
AZ,10,5,01,1,20134776,RAW MATERIAL SEASALT POWDER  PCK 1,,,38.00,33,115.15%,10,,28/08/2027,Z,1
AZ,10,5,02,1,20102840,RAW MATERIAL CREAMER POWDER  PCK 1000,,,28.00,28,100.00%,12,,11/08/2028,Z,1
AZ,10,6,01,1,20102840,RAW MATERIAL CREAMER POWDER  PCK 1000,,,28.00,28,100.00%,12,,11/08/2028,Z,1
AZ,10,6,02,1,20034077,FRISIAN FLAG SUSU CAIR UHT FULL CREAM TPK 225L,,,70.00,91,76.92%,36,,11/07/2027,L,14
AZ,10,7,01,1,20069690,RTD STRAW SLIM (GREEN)  PCS,,,8.00,12,66.67%,10000,,18/09/2029,Z,500
AZ,10,7,02,1,20069690,RTD STRAW SLIM (GREEN)  PCS,,,8.00,12,66.67%,10000,,18/09/2029,Z,500
AZ,11,1,01,1,,,,,0.00,0.0,,,,,,
AZ,11,1,02,1,,,,,0.00,0.0,,,,,,
AZ,11,2,01,1,20052311,DIAMOND SUSU UHT FULL CREAM TPK 1000L,,,36.00,56,64.29%,12,,23/08/2027,S,12
AZ,11,2,02,1,10005909,INDOMILK SUSU CAIR UHT PLAIN TPK 950L,,,56.00,56,100.00%,12,,28/05/2027,,2
AZ,11,3,01,1,10005909,INDOMILK SUSU CAIR UHT PLAIN TPK 950L,,,56.00,56,100.00%,12,,28/05/2027,,2
AZ,11,3,02,1,20052311,DIAMOND SUSU UHT FULL CREAM TPK 1000L,,,56.00,56,100.00%,12,,23/08/2027,S,12
AZ,11,4,01,1,20052311,DIAMOND SUSU UHT FULL CREAM TPK 1000L,,,56.00,56,100.00%,12,,31/07/2027,S,12
AZ,11,4,02,1,10005909,INDOMILK SUSU CAIR UHT PLAIN TPK 950L,,,35.00,56,62.50%,12,,01/05/2027,,2
AZ,11,5,01,1,20052311,DIAMOND SUSU UHT FULL CREAM TPK 1000L,,,56.00,56,100.00%,12,,31/07/2027,S,12
AZ,11,5,02,1,10005909,INDOMILK SUSU CAIR UHT PLAIN TPK 950L,,,56.00,56,100.00%,12,,28/05/2027,,2
AZ,11,6,01,1,10007971,BUAVITA JUICE SLIM (82317) ORANGE TPK 245L,,,48.00,119,40.34%,24,,01/09/2027,,2
AZ,11,6,02,1,20136951,CIMORY FRESH MILK UHT MATCHA TPK 250/225 L,,,39.00,105,37.14%,24,,31/05/2027,S,12
AZ,11,7,01,1,20069690,RTD STRAW SLIM (GREEN)  PCS,,,8.00,12,66.67%,10000,,18/09/2029,Z,500
AZ,11,7,02,1,20069690,RTD STRAW SLIM (GREEN)  PCS,,,8.00,12,66.67%,10000,,18/09/2029,Z,500
AZ,12,1,01,1,,,,,0.00,0.0,,,,,,
AZ,12,1,02,1,,,,,0.00,0.0,,,,,,
AZ,12,2,01,1,10005909,INDOMILK SUSU CAIR UHT PLAIN TPK 950L,,,56.00,56,100.00%,12,,01/05/2027,,2
AZ,12,2,02,1,10005909,INDOMILK SUSU CAIR UHT PLAIN TPK 950L,,,56.00,56,100.00%,12,,01/05/2027,,2
AZ,12,3,01,1,10005909,INDOMILK SUSU CAIR UHT PLAIN TPK 950L,,,56.00,56,100.00%,12,,28/05/2027,,2
AZ,12,3,02,1,10005909,INDOMILK SUSU CAIR UHT PLAIN TPK 950L,,,56.00,56,100.00%,12,,28/05/2027,,2
AZ,12,4,01,1,10005909,INDOMILK SUSU CAIR UHT PLAIN TPK 950L,,,56.00,56,100.00%,12,,28/05/2027,,2
AZ,12,4,02,1,20087413,GREENFIELDS UHT MILK FULL CREAM TPK 250L,,,70.00,91,76.92%,32,,01/04/2027,,16
AZ,12,5,01,1,10005909,INDOMILK SUSU CAIR UHT PLAIN TPK 950L,,,56.00,56,100.00%,12,,28/05/2027,,2
AZ,12,5,02,1,10005909,INDOMILK SUSU CAIR UHT PLAIN TPK 950L,,,56.00,56,100.00%,12,,28/05/2027,,2
AZ,12,6,01,1,10005909,INDOMILK SUSU CAIR UHT PLAIN TPK 950L,,,41.00,56,73.21%,12,,01/05/2027,,2
AZ,12,6,02,1,,,,,0.00,0.0,,,,,,
AZ,12,7,01,1,,,,,0.00,0.0,,,,,,
AZ,12,7,02,1,20069690,RTD STRAW SLIM (GREEN)  PCS,,,8.00,12,66.67%,10000,,18/09/2029,Z,500
AZ,13,1,01,1,20056219,ETERNALPLUS MINERAL WATER PH8+  BTL 500L,,,44.00,44,100.00%,20,CTN,04/09/2028,,5
AZ,13,1,02,1,20056219,ETERNALPLUS MINERAL WATER PH8+  BTL 500L,,,44.00,44,100.00%,20,CTN,03/09/2028,,5
AZ,13,2,01,1,20052311,DIAMOND SUSU UHT FULL CREAM TPK 1000L,,,56.00,56,100.00%,12,,18/08/2027,S,12
AZ,13,2,02,1,20052311,DIAMOND SUSU UHT FULL CREAM TPK 1000L,,,56.00,56,100.00%,12,,18/08/2027,S,12
AZ,13,3,01,1,10005909,INDOMILK SUSU CAIR UHT PLAIN TPK 950L,,,56.00,56,100.00%,12,,28/05/2027,,2
AZ,13,3,02,1,20034078,FRISIAN FLAG SUSU CAIR UHT STROBERI TPK 225L,,,78.00,91,85.71%,36,,04/05/2027,S,36
AZ,13,4,01,1,10005909,INDOMILK SUSU CAIR UHT PLAIN TPK 950L,,,56.00,56,100.00%,12,,28/05/2027,,2
AZ,13,4,02,1,20014071,FRISIAN FLAG SUSU CAIR UHT CHOCOLATE TPK 946L,,,56.00,80,70.00%,12,,01/04/2027,,3
AZ,13,5,01,1,20014071,FRISIAN FLAG SUSU CAIR UHT CHOCOLATE TPK 946L,,,37.00,80,46.25%,12,,01/04/2027,,3
AZ,13,5,02,1,20122061,OATSIDE OAT MILK BARISTA BLEND TPK 1L,,,73.00,92,79.35%,6,,01/09/2027,L,2
AZ,13,6,01,1,,,,,0.00,0.0,,,,,,
AZ,13,6,02,1,,,,,0.00,0.0,,,,,,
AZ,13,7,01,1,20069664,POINT COFFEE CUP COLD  PCK 16 OZ,,,12.00,15,80.00%,1000,,20/09/2029,Z,50
AZ,13,7,02,1,20069664,POINT COFFEE CUP COLD  PCK 16 OZ,,,12.00,15,80.00%,1000,,20/09/2029,Z,50
AZ,14,1,01,1,20056219,ETERNALPLUS MINERAL WATER PH8+  BTL 500L,,,44.00,44,100.00%,20,CTN,04/09/2028,,5
AZ,14,1,02,1,10003895,HOLISTICARE VITAMIN SUPER ESTER C 30S  BTL,,,17.00,60,28.33%,1,PCS,20/01/2029,,1
AZ,14,2,01,1,20122061,OATSIDE OAT MILK BARISTA BLEND TPK 1L,,,100.00,92,108.70%,6,,12/09/2027,L,2
AZ,14,2,02,1,20130034,OATSIDE OAT MILK WITH STRAW BARISTA BLEND TPK 200L,,,94.00,112,83.93%,24,,09/09/2027,,6
AZ,14,3,01,1,10005909,INDOMILK SUSU CAIR UHT PLAIN TPK 950L,,,56.00,56,100.00%,12,,28/05/2027,,2
AZ,14,3,02,1,20134526,SO KLIN PEWANGI PAKAIAN REFILL COTTON FANTASY PCH 800/780L,,,50.00,50,100.00%,12,,30/09/2029,,6
AZ,14,4,01,1,10005909,INDOMILK SUSU CAIR UHT PLAIN TPK 950L,,,56.00,56,100.00%,12,,28/05/2027,,2
AZ,14,4,02,1,10005909,INDOMILK SUSU CAIR UHT PLAIN TPK 950L,,,56.00,56,100.00%,12,,28/05/2027,,2
AZ,14,5,01,1,10005909,INDOMILK SUSU CAIR UHT PLAIN TPK 950L,,,56.00,56,100.00%,12,,28/05/2027,,2
AZ,14,5,02,1,20034078,FRISIAN FLAG SUSU CAIR UHT STROBERI TPK 225L,,,39.00,91,42.86%,36,,04/05/2027,S,36
AZ,14,6,01,1,,,,,0.00,0.0,,,,,,
AZ,14,6,02,1,,,,,0.00,0.0,,,,,,
AZ,14,7,01,1,20069664,POINT COFFEE CUP COLD  PCK 16 OZ,,,12.00,15,80.00%,1000,,20/09/2029,Z,50
AZ,14,7,02,1,20069664,POINT COFFEE CUP COLD  PCK 16 OZ,,,12.00,15,80.00%,1000,,20/09/2029,Z,50
AZ,15,1,01,1,20056219,ETERNALPLUS MINERAL WATER PH8+  BTL 500L,,,44.00,44,100.00%,20,CTN,03/09/2028,,5
AZ,15,1,02,1,20127602,SUPER ZUPER CANDY (50S) ASSORTED PCK 125,,,5.00,42,11.90%,12,CTN,04/06/2028,,2
AZ,15,2,01,1,20120921,GIV BODY WASH SMOOTH & GLOW MULBRY&COLLAGEN PCH 800 L,,,33.00,50,66.00%,12,,31/08/2028,,1
AZ,15,2,02,1,20052311,DIAMOND SUSU UHT FULL CREAM TPK 1000L,,,56.00,56,100.00%,12,,29/07/2027,S,12
AZ,15,3,01,1,10005909,INDOMILK SUSU CAIR UHT PLAIN TPK 950L,,,56.00,56,100.00%,12,,28/05/2027,,2
AZ,15,3,02,1,10005909,INDOMILK SUSU CAIR UHT PLAIN TPK 950L,,,56.00,56,100.00%,12,,28/05/2027,,2
AZ,15,4,01,1,10005909,INDOMILK SUSU CAIR UHT PLAIN TPK 950L,,,56.00,56,100.00%,12,,28/05/2027,,2
AZ,15,4,02,1,10005909,INDOMILK SUSU CAIR UHT PLAIN TPK 950L,,,56.00,56,100.00%,12,,28/05/2027,,2
AZ,15,5,01,1,10005909,INDOMILK SUSU CAIR UHT PLAIN TPK 950L,,,56.00,56,100.00%,12,,28/05/2027,,2
AZ,15,5,02,1,,,,,0.00,0.0,,,,,,
AZ,15,6,01,1,,,,,0.00,0.0,,,,,,
AZ,15,6,02,1,,,,,0.00,0.0,,,,,,
AZ,15,7,01,1,20069664,POINT COFFEE CUP COLD  PCK 16 OZ,,,12.00,15,80.00%,1000,,20/09/2029,Z,50
AZ,15,7,02,1,20069664,POINT COFFEE CUP COLD  PCK 16 OZ,,,12.00,15,80.00%,1000,,18/08/2028,Z,50
AZ,16,1,01,1,,,,,0.00,0.0,,,,,,
AZ,16,1,02,1,,,,,0.00,0.0,,,,,,
AZ,16,2,01,1,10005909,INDOMILK SUSU CAIR UHT PLAIN TPK 950L,,,56.00,56,100.00%,12,,28/05/2027,,2
AZ,16,2,02,1,10005909,INDOMILK SUSU CAIR UHT PLAIN TPK 950L,,,56.00,56,100.00%,12,,28/05/2027,,2
AZ,16,3,01,1,10005909,INDOMILK SUSU CAIR UHT PLAIN TPK 950L,,,56.00,56,100.00%,12,,28/05/2027,,2
AZ,16,3,02,1,10005909,INDOMILK SUSU CAIR UHT PLAIN TPK 950L,,,56.00,56,100.00%,12,,28/05/2027,,2
AZ,16,4,01,1,10005909,INDOMILK SUSU CAIR UHT PLAIN TPK 950L,,,56.00,56,100.00%,12,,28/05/2027,,2
AZ,16,4,02,1,10005909,INDOMILK SUSU CAIR UHT PLAIN TPK 950L,,,56.00,56,100.00%,12,,28/05/2027,,2
AZ,16,5,01,1,10005909,INDOMILK SUSU CAIR UHT PLAIN TPK 950L,,,56.00,56,100.00%,12,,28/05/2027,,2
AZ,16,5,02,1,10005909,INDOMILK SUSU CAIR UHT PLAIN TPK 950L,,,56.00,56,100.00%,12,,28/05/2027,,2
AZ,16,6,01,1,,,,,0.00,0.0,,,,,,
AZ,16,6,02,1,,,,,0.00,0.0,,,,,,
AZ,16,7,01,1,20092521,SWEETY SILVER MAXX PROTECTION PANTS 26/28S BAG LARGE,,,20.00,10,200.00%,8,,25/09/2029,L,1
AZ,16,7,02,1,,,,,0.00,0.0,,,,,,
AZ,17,1,01,1,,,,,0.00,0.0,,,,,,
AZ,17,1,02,1,,,,,0.00,0.0,,,,,,
AZ,17,2,01,1,,,,,0.00,0.0,,,,,,
AZ,17,2,02,1,,,,,0.00,0.0,,,,,,
AZ,17,3,01,1,10005909,INDOMILK SUSU CAIR UHT PLAIN TPK 950L,,,56.00,56,100.00%,12,,28/05/2027,,2
AZ,17,3,02,1,,,,,0.00,0.0,,,,,,
AZ,17,4,01,1,10005909,INDOMILK SUSU CAIR UHT PLAIN TPK 950L,,,56.00,56,100.00%,12,,28/05/2027,,2
AZ,17,4,02,1,,,,,0.00,0.0,,,,,,
AZ,17,5,01,1,10005909,INDOMILK SUSU CAIR UHT PLAIN TPK 950L,,,56.00,56,100.00%,12,,28/05/2027,,2
AZ,17,5,02,1,,,,,0.00,0.0,,,,,,
AZ,17,6,01,1,,,,,0.00,0.0,,,,,,
AZ,17,6,02,1,,,,,0.00,0.0,,,,,,
AZ,17,7,01,1,,,,,0.00,0.0,,,,,,
AZ,17,7,02,1,,,,,0.00,0.0,,,,,,
AZ,18,1,01,1,,,,,0.00,0.0,,,,,,
AZ,18,1,02,1,,,,,0.00,0.0,,,,,,
AZ,18,2,01,1,,,,,0.00,0.0,,,,,,
AZ,18,2,02,1,,,,,0.00,0.0,,,,,,
AZ,18,3,01,1,,,,,0.00,0.0,,,,,,
AZ,18,3,02,1,,,,,0.00,0.0,,,,,,
AZ,18,4,01,1,,,,,0.00,0.0,,,,,,
AZ,18,4,02,1,,,,,0.00,0.0,,,,,,
AZ,18,5,01,1,,,,,0.00,0.0,,,,,,
AZ,18,5,02,1,,,,,0.00,0.0,,,,,,
AZ,18,6,01,1,,,,,0.00,0.0,,,,,,
AZ,18,6,02,1,,,,,0.00,0.0,,,,,,
AZ,18,7,01,1,,,,,0.00,0.0,,,,,,
AZ,18,7,02,1,,,,,0.00,0.0,,,,,,
AZ,19,1,01,1,,,,,0.00,0.0,,,,,,
AZ,19,1,02,1,,,,,0.00,0.0,,,,,,
AZ,19,2,01,1,10005909,INDOMILK SUSU CAIR UHT PLAIN TPK 950L,,,56.00,56,100.00%,12,,28/05/2027,,2
AZ,19,2,02,1,,,,,0.00,0.0,,,,,,
AZ,19,3,01,1,10005909,INDOMILK SUSU CAIR UHT PLAIN TPK 950L,,,56.00,56,100.00%,12,,28/05/2027,,2
AZ,19,3,02,1,10005909,INDOMILK SUSU CAIR UHT PLAIN TPK 950L,,,56.00,56,100.00%,12,,28/05/2027,,2
AZ,19,4,01,1,10005909,INDOMILK SUSU CAIR UHT PLAIN TPK 950L,,,56.00,56,100.00%,12,,28/05/2027,,2
AZ,19,4,02,1,10005909,INDOMILK SUSU CAIR UHT PLAIN TPK 950L,,,56.00,56,100.00%,12,,28/05/2027,,2
AZ,19,5,01,1,10005909,INDOMILK SUSU CAIR UHT PLAIN TPK 950L,,,56.00,56,100.00%,12,,28/05/2027,,2
AZ,19,5,02,1,10005909,INDOMILK SUSU CAIR UHT PLAIN TPK 950L,,,56.00,56,100.00%,12,,28/05/2027,,2
AZ,19,6,01,1,,,,,0.00,0.0,,,,,,
AZ,19,6,02,1,,,,,0.00,0.0,,,,,,
AZ,19,7,01,1,,,,,0.00,0.0,,,,,,
AZ,19,7,02,1,,,,,0.00,0.0,,,,,,
AZ,20,1,01,1,,,,,0.00,0.0,,,,,,
AZ,20,1,02,1,,,,,0.00,0.0,,,,,,
AZ,20,2,01,1,,,,,0.00,0.0,,,,,,
AZ,20,2,02,1,,,,,0.00,0.0,,,,,,
AZ,20,3,01,1,,,,,0.00,0.0,,,,,,
AZ,20,3,02,1,,,,,0.00,0.0,,,,,,
AZ,20,4,01,1,,,,,0.00,0.0,,,,,,
AZ,20,4,02,1,,,,,0.00,0.0,,,,,,
AZ,20,5,01,1,,,,,0.00,0.0,,,,,,
AZ,20,5,02,1,,,,,0.00,0.0,,,,,,
AZ,20,6,01,1,,,,,0.00,0.0,,,,,,
AZ,20,6,02,1,,,,,0.00,0.0,,,,,,
AZ,20,7,01,1,20143927,INDOMARET ADULT DIAPERS HAPPY PANTS 3IN1 M PCK 8,,,15.00,18,83.33%,8,,01/09/2029,,1
AZ,20,7,02,1,,,,,0.00,0.0,,,,,,
AZ,21,1,01,1,,,,,0.00,0.0,,,,,,
AZ,21,1,02,1,,,,,0.00,0.0,,,,,,
AZ,21,2,01,1,,,,,0.00,0.0,,,,,,
AZ,21,2,02,1,,,,,0.00,0.0,,,,,,
AZ,21,3,01,1,10013027,GREENFIELDS UHT MILK FULL CREAM TPK 1000/950L,,,56.00,56,100.00%,12,,26/06/2027,T,4
AZ,21,3,02,1,10013027,GREENFIELDS UHT MILK FULL CREAM TPK 1000/950L,,,56.00,56,100.00%,12,,26/06/2027,T,4
AZ,21,4,01,1,10013027,GREENFIELDS UHT MILK FULL CREAM TPK 1000/950L,,,56.00,56,100.00%,12,,26/06/2027,T,4
AZ,21,4,02,1,,,,,0.00,0.0,,,,,,
AZ,21,5,01,1,,,,,0.00,0.0,,,,,,
AZ,21,5,02,1,,,,,0.00,0.0,,,,,,
AZ,21,6,01,1,,,,,0.00,0.0,,,,,,
AZ,21,6,02,1,,,,,0.00,0.0,,,,,,
AZ,21,7,01,1,,,,,0.00,0.0,,,,,,
AZ,21,7,02,1,,,,,0.00,0.0,,,,,,
AZ,22,1,01,1,,,,,0.00,0.0,,,,,,
AZ,22,1,02,1,,,,,0.00,0.0,,,,,,
AZ,22,2,01,1,,,,,0.00,0.0,,,,,,
AZ,22,2,02,1,,,,,0.00,0.0,,,,,,
AZ,22,3,01,1,,,,,0.00,0.0,,,,,,
AZ,22,3,02,1,,,,,0.00,0.0,,,,,,
AZ,22,4,01,1,,,,,0.00,0.0,,,,,,
AZ,22,4,02,1,,,,,0.00,0.0,,,,,,
AZ,22,5,01,1,,,,,0.00,0.0,,,,,,
AZ,22,5,02,1,,,,,0.00,0.0,,,,,,
AZ,22,6,01,1,,,,,0.00,0.0,,,,,,
AZ,22,6,02,1,,,,,0.00,0.0,,,,,,
AZ,22,7,01,1,,,,,0.00,0.0,,,,,,
AZ,22,7,02,1,,,,,0.00,0.0,,,,,,
AZ,23,1,01,1,,,,,0.00,0.0,,,,,,
AZ,23,1,02,1,,,,,0.00,0.0,,,,,,
AZ,23,2,01,1,,,,,0.00,0.0,,,,,,
AZ,23,2,02,1,,,,,0.00,0.0,,,,,,
AZ,23,3,01,1,,,,,0.00,0.0,,,,,,
AZ,23,3,02,1,,,,,0.00,0.0,,,,,,
AZ,23,4,01,1,,,,,0.00,0.0,,,,,,
AZ,23,4,02,1,,,,,0.00,0.0,,,,,,
AZ,23,5,01,1,,,,,0.00,0.0,,,,,,
AZ,23,5,02,1,,,,,0.00,0.0,,,,,,
AZ,23,6,01,1,,,,,0.00,0.0,,,,,,
AZ,23,6,02,1,,,,,0.00,0.0,,,,,,
AZ,23,7,01,1,,,,,0.00,0.0,,,,,,
AZ,23,7,02,1,,,,,0.00,0.0,,,,,,
AZ,24,1,01,1,,,,,0.00,0.0,,,,,,
AZ,24,1,02,1,,,,,0.00,0.0,,,,,,
AZ,24,2,01,1,,,,,0.00,0.0,,,,,,
AZ,24,2,02,1,,,,,0.00,0.0,,,,,,
AZ,24,3,01,1,,,,,0.00,0.0,,,,,,
AZ,24,3,02,1,,,,,0.00,0.0,,,,,,
AZ,24,4,01,1,,,,,0.00,0.0,,,,,,
AZ,24,4,02,1,,,,,0.00,0.0,,,,,,
AZ,24,5,01,1,,,,,0.00,0.0,,,,,,
AZ,24,5,02,1,,,,,0.00,0.0,,,,,,
AZ,24,6,01,1,,,,,0.00,0.0,,,,,,
AZ,24,6,02,1,,,,,0.00,0.0,,,,,,
AZ,24,7,01,1,20126742,SWEETY DIAPER SILVER COMFORT 40S  BAG NB-S,,,15.00,20,75.00%,8,,27/08/2029,L,1
AZ,24,7,02,1,,,,,0.00,0.0,,,,,,
AZ,25,1,01,1,,,,,0.00,0.0,,,,,,
AZ,25,1,02,1,,,,,0.00,0.0,,,,,,
AZ,25,2,01,1,,,,,0.00,0.0,,,,,,
AZ,25,2,02,1,,,,,0.00,0.0,,,,,,
AZ,25,3,01,1,,,,,0.00,0.0,,,,,,
AZ,25,3,02,1,,,,,0.00,0.0,,,,,,
AZ,25,4,01,1,,,,,0.00,0.0,,,,,,
AZ,25,4,02,1,,,,,0.00,0.0,,,,,,
AZ,25,5,01,1,,,,,0.00,0.0,,,,,,
AZ,25,5,02,1,,,,,0.00,0.0,,,,,,
AZ,25,6,01,1,,,,,0.00,0.0,,,,,,
AZ,25,6,02,1,,,,,0.00,0.0,,,,,,
AZ,25,7,01,1,,,,,0.00,0.0,,,,,,
AZ,25,7,02,1,,,,,0.00,0.0,,,,,,
AZ,26,1,01,1,,,,,0.00,0.0,,,,,,
AZ,26,1,02,1,,,,,0.00,0.0,,,,,,
AZ,26,2,01,1,,,,,0.00,0.0,,,,,,
AZ,26,2,02,1,,,,,0.00,0.0,,,,,,
AZ,26,3,01,1,20115153,KODOMO BABY WIPES ANTI BACTERIAL PCK 250S,,,25.00,20,125.00%,24,,31/08/2029,,2
AZ,26,3,02,1,,,,,0.00,0.0,,,,,,
AZ,26,4,01,1,20134526,SO KLIN PEWANGI PAKAIAN REFILL COTTON FANTASY PCH 800/780L,,,50.00,50,100.00%,12,,30/09/2029,,6
AZ,26,4,02,1,,,,,0.00,0.0,,,,,,
AZ,26,5,01,1,,,,,0.00,0.0,,,,,,
AZ,26,5,02,1,,,,,0.00,0.0,,,,,,
AZ,26,6,01,1,,,,,0.00,0.0,,,,,,
AZ,26,6,02,1,,,,,0.00,0.0,,,,,,
AZ,26,7,01,1,,,,,0.00,0.0,,,,,,
AZ,26,7,02,1,,,,,0.00,0.0,,,,,,
AZ,27,1,01,1,,,,,0.00,0.0,,,,,,
AZ,27,1,02,1,,,,,0.00,0.0,,,,,,
AZ,27,2,01,1,,,,,0.00,0.0,,,,,,
AZ,27,2,02,1,,,,,0.00,0.0,,,,,,
AZ,27,3,01,1,20113093,ROYALE SOFTENER SUNNY DAY PCH 680/600L,,,26.00,50,52.00%,12,,04/09/2029,,2
AZ,27,3,02,1,,,,,0.00,0.0,,,,,,
AZ,27,4,01,1,,,,,0.00,0.0,,,,,,
AZ,27,4,02,1,,,,,0.00,0.0,,,,,,
AZ,27,5,01,1,,,,,0.00,0.0,,,,,,
AZ,27,5,02,1,,,,,0.00,0.0,,,,,,
AZ,27,6,01,1,,,,,0.00,0.0,,,,,,
AZ,27,6,02,1,,,,,0.00,0.0,,,,,,
AZ,27,7,01,1,,,,,0.00,0.0,,,,,,
AZ,27,7,02,1,,,,,0.00,0.0,,,,,,
AZ,28,1,01,1,20087289,CHUPA CHUPS SOUR BITES CANDY  PCK 61.6/56,,,1.00,18,5.56%,64,CTN,05/07/2027,,2
AZ,28,1,02,1,10028390,HAPPYDENT WHITE CHEWING GUM 8S/10S  PCK 14,,,4.00,60,6.67%,120,CTN,05/02/2028,,4
AZ,28,2,01,1,,,,,0.00,0.0,,,,,,
AZ,28,2,02,1,,,,,0.00,0.0,,,,,,
AZ,28,3,01,1,,,,,0.00,0.0,,,,,,
AZ,28,3,02,1,,,,,0.00,0.0,,,,,,
AZ,28,4,01,1,,,,,0.00,0.0,,,,,,
AZ,28,4,02,1,,,,,0.00,0.0,,,,,,
AZ,28,5,01,1,,,,,0.00,0.0,,,,,,
AZ,28,5,02,1,,,,,0.00,0.0,,,,,,
AZ,28,6,01,1,,,,,0.00,0.0,,,,,,
AZ,28,6,02,1,,,,,0.00,0.0,,,,,,
AZ,28,7,01,1,,,,,0.00,0.0,,,,,,
AZ,28,7,02,1,,,,,0.00,0.0,,,,,,
AZ,29,1,01,1,20141981,DUM DUM MILK TEA CHOCO BTL 330L,,,40.00,125,32.00%,12,CTN,31/08/2027,,2
AZ,29,1,02,1,20087289,CHUPA CHUPS SOUR BITES CANDY  PCK 61.6/56,,,9.00,18,50.00%,64,CTN,05/07/2027,,2
AZ,29,2,01,1,,,,,0.00,0.0,,,,,,
AZ,29,2,02,1,,,,,0.00,0.0,,,,,,
AZ,29,3,01,1,,,,,0.00,0.0,,,,,,
AZ,29,3,02,1,,,,,0.00,0.0,,,,,,
AZ,29,4,01,1,,,,,0.00,0.0,,,,,,
AZ,29,4,02,1,,,,,0.00,0.0,,,,,,
AZ,29,5,01,1,,,,,0.00,0.0,,,,,,
AZ,29,5,02,1,,,,,0.00,0.0,,,,,,
AZ,29,6,01,1,,,,,0.00,0.0,,,,,,
AZ,29,6,02,1,,,,,0.00,0.0,,,,,,
AZ,29,7,01,1,,,,,0.00,0.0,,,,,,
AZ,29,7,02,1,,,,,0.00,0.0,,,,,,
AZ,30,1,01,1,20056219,ETERNALPLUS MINERAL WATER PH8+  BTL 500L,,,12.00,44,27.27%,20,CTN,03/09/2028,,5
AZ,30,1,02,1,20056219,ETERNALPLUS MINERAL WATER PH8+  BTL 500L,,,12.00,44,27.27%,20,CTN,04/09/2028,,5
AZ,30,2,01,1,,,,,0.00,0.0,,,,,,
AZ,30,2,02,1,,,,,0.00,0.0,,,,,,
AZ,30,3,01,1,,,,,0.00,0.0,,,,,,
AZ,30,3,02,1,,,,,0.00,0.0,,,,,,
AZ,30,4,01,1,,,,,0.00,0.0,,,,,,
AZ,30,4,02,1,,,,,0.00,0.0,,,,,,
AZ,30,5,01,1,,,,,0.00,0.0,,,,,,
AZ,30,5,02,1,,,,,0.00,0.0,,,,,,
AZ,30,6,01,1,,,,,0.00,0.0,,,,,,
AZ,30,6,02,1,,,,,0.00,0.0,,,,,,
AZ,30,7,01,1,20139391,NEXTAR CHOCOLATE PIE  BOX 6X24,,,40.00,36,111.11%,10,,11/07/2027,,2
AZ,30,7,02,1,10026038,SGM EKSPLOR 1+ PRO-GRESSMAXX SUSU PERTUMBUHAN MADU BOX 150,,,30.00,30,100.00%,48,,04/09/2028,S,6
AZ,31,1,01,1,,,,,0.00,0.0,,,,,,
AZ,31,1,02,1,,,,,0.00,0.0,,,,,,
AZ,31,2,01,1,,,,,0.00,0.0,,,,,,
AZ,31,2,02,1,,,,,0.00,0.0,,,,,,
AZ,31,3,01,1,,,,,0.00,0.0,,,,,,
AZ,31,3,02,1,,,,,0.00,0.0,,,,,,
AZ,31,4,01,1,,,,,0.00,0.0,,,,,,
AZ,31,4,02,1,,,,,0.00,0.0,,,,,,
AZ,31,5,01,1,,,,,0.00,0.0,,,,,,
AZ,31,5,02,1,,,,,0.00,0.0,,,,,,
AZ,31,6,01,1,,,,,0.00,0.0,,,,,,
AZ,31,6,02,1,,,,,0.00,0.0,,,,,,
AZ,31,7,01,1,,,,,0.00,0.0,,,,,,
AZ,31,7,02,1,,,,,0.00,0.0,,,,,,
AZ,32,1,01,1,,,,,0.00,0.0,,,,,,
AZ,32,1,02,1,,,,,0.00,0.0,,,,,,
AZ,32,2,01,1,,,,,0.00,0.0,,,,,,
AZ,32,2,02,1,,,,,0.00,0.0,,,,,,
AZ,32,3,01,1,,,,,0.00,0.0,,,,,,
AZ,32,3,02,1,,,,,0.00,0.0,,,,,,
AZ,32,4,01,1,,,,,0.00,0.0,,,,,,
AZ,32,4,02,1,,,,,0.00,0.0,,,,,,
AZ,32,5,01,1,,,,,0.00,0.0,,,,,,
AZ,32,5,02,1,,,,,0.00,0.0,,,,,,
AZ,32,6,01,1,,,,,0.00,0.0,,,,,,
AZ,32,6,02,1,,,,,0.00,0.0,,,,,,
AZ,32,7,01,1,,,,,0.00,0.0,,,,,,
AZ,32,7,02,1,,,,,0.00,0.0,,,,,,
AZ,33,1,01,1,,,,,0.00,0.0,,,,,,
AZ,33,1,02,1,,,,,0.00,0.0,,,,,,
AZ,33,2,01,1,,,,,0.00,0.0,,,,,,
AZ,33,2,02,1,,,,,0.00,0.0,,,,,,
AZ,33,3,01,1,,,,,0.00,0.0,,,,,,
AZ,33,3,02,1,,,,,0.00,0.0,,,,,,
AZ,33,4,01,1,,,,,0.00,0.0,,,,,,
AZ,33,4,02,1,,,,,0.00,0.0,,,,,,
AZ,33,5,01,1,,,,,0.00,0.0,,,,,,
AZ,33,5,02,1,,,,,0.00,0.0,,,,,,
AZ,33,6,01,1,,,,,0.00,0.0,,,,,,
AZ,33,6,02,1,,,,,0.00,0.0,,,,,,
AZ,33,7,01,1,,,,,0.00,0.0,,,,,,
AZ,33,7,02,1,,,,,0.00,0.0,,,,,,
AZ,34,1,01,1,,,,,0.00,0.0,,,,,,
AZ,34,1,02,1,,,,,0.00,0.0,,,,,,
AZ,34,2,01,1,,,,,0.00,0.0,,,,,,
AZ,34,2,02,1,,,,,0.00,0.0,,,,,,
AZ,34,3,01,1,,,,,0.00,0.0,,,,,,
AZ,34,3,02,1,,,,,0.00,0.0,,,,,,
AZ,34,4,01,1,,,,,0.00,0.0,,,,,,
AZ,34,4,02,1,,,,,0.00,0.0,,,,,,
AZ,34,5,01,1,,,,,0.00,0.0,,,,,,
AZ,34,5,02,1,,,,,0.00,0.0,,,,,,
AZ,34,6,01,1,,,,,0.00,0.0,,,,,,
AZ,34,6,02,1,,,,,0.00,0.0,,,,,,
AZ,34,7,01,1,,,,,0.00,0.0,,,,,,
AZ,34,7,02,1,,,,,0.00,0.0,,,,,,
AZ,35,1,01,1,,,,,0.00,0.0,,,,,,
AZ,35,1,02,1,,,,,0.00,0.0,,,,,,
AZ,35,2,01,1,,,,,0.00,0.0,,,,,,
AZ,35,2,02,1,,,,,0.00,0.0,,,,,,
AZ,35,3,01,1,,,,,0.00,0.0,,,,,,
AZ,35,3,02,1,,,,,0.00,0.0,,,,,,
AZ,35,4,01,1,,,,,0.00,0.0,,,,,,
AZ,35,4,02,1,,,,,0.00,0.0,,,,,,
AZ,35,5,01,1,,,,,0.00,0.0,,,,,,
AZ,35,5,02,1,,,,,0.00,0.0,,,,,,
AZ,35,6,01,1,,,,,0.00,0.0,,,,,,
AZ,35,6,02,1,,,,,0.00,0.0,,,,,,
AZ,35,7,01,1,,,,,0.00,0.0,,,,,,
AZ,35,7,02,1,,,,,0.00,0.0,,,,,,
AZ,36,1,01,1,,,,,0.00,0.0,,,,,,
AZ,36,1,02,1,,,,,0.00,0.0,,,,,,
AZ,36,2,01,1,,,,,0.00,0.0,,,,,,
AZ,36,2,02,1,,,,,0.00,0.0,,,,,,
AZ,36,3,01,1,,,,,0.00,0.0,,,,,,
AZ,36,3,02,1,,,,,0.00,0.0,,,,,,
AZ,36,4,01,1,,,,,0.00,0.0,,,,,,
AZ,36,4,02,1,,,,,0.00,0.0,,,,,,
AZ,36,5,01,1,,,,,0.00,0.0,,,,,,
AZ,36,5,02,1,,,,,0.00,0.0,,,,,,
AZ,36,6,01,1,,,,,0.00,0.0,,,,,,
AZ,36,6,02,1,,,,,0.00,0.0,,,,,,
AZ,36,7,01,1,,,,,0.00,0.0,,,,,,
AZ,36,7,02,1,,,,,0.00,0.0,,,,,,
AZ,37,1,01,1,,,,,0.00,0.0,,,,,,
AZ,37,1,02,1,,,,,0.00,0.0,,,,,,
AZ,37,2,01,1,,,,,0.00,0.0,,,,,,
AZ,37,2,02,1,,,,,0.00,0.0,,,,,,
AZ,37,3,01,1,,,,,0.00,0.0,,,,,,
AZ,37,3,02,1,,,,,0.00,0.0,,,,,,
AZ,37,4,01,1,,,,,0.00,0.0,,,,,,
AZ,37,4,02,1,,,,,0.00,0.0,,,,,,
AZ,37,5,01,1,,,,,0.00,0.0,,,,,,
AZ,37,5,02,1,,,,,0.00,0.0,,,,,,
AZ,37,6,01,1,,,,,0.00,0.0,,,,,,
AZ,37,6,02,1,,,,,0.00,0.0,,,,,,
AZ,37,7,01,1,,,,,0.00,0.0,,,,,,
AZ,37,7,02,1,,,,,0.00,0.0,,,,,,
AZ,38,1,01,1,,,,,0.00,0.0,,,,,,
AZ,38,1,02,1,,,,,0.00,0.0,,,,,,
AZ,38,2,01,1,,,,,0.00,0.0,,,,,,
AZ,38,2,02,1,,,,,0.00,0.0,,,,,,
AZ,38,3,01,1,,,,,0.00,0.0,,,,,,
AZ,38,3,02,1,,,,,0.00,0.0,,,,,,
AZ,38,4,01,1,,,,,0.00,0.0,,,,,,
AZ,38,4,02,1,,,,,0.00,0.0,,,,,,
AZ,38,5,01,1,,,,,0.00,0.0,,,,,,
AZ,38,5,02,1,,,,,0.00,0.0,,,,,,
AZ,38,6,01,1,,,,,0.00,0.0,,,,,,
AZ,38,6,02,1,,,,,0.00,0.0,,,,,,
AZ,38,7,01,1,,,,,0.00,0.0,,,,,,
AZ,38,7,02,1,,,,,0.00,0.0,,,,,,
AZ,39,1,01,1,,,,,0.00,0.0,,,,,,
AZ,39,1,02,1,,,,,0.00,0.0,,,,,,
AZ,39,2,01,1,,,,,0.00,0.0,,,,,,
AZ,39,2,02,1,,,,,0.00,0.0,,,,,,
AZ,39,3,01,1,,,,,0.00,0.0,,,,,,
AZ,39,3,02,1,,,,,0.00,0.0,,,,,,
AZ,39,4,01,1,,,,,0.00,0.0,,,,,,
AZ,39,4,02,1,,,,,0.00,0.0,,,,,,
AZ,39,5,01,1,,,,,0.00,0.0,,,,,,
AZ,39,5,02,1,,,,,0.00,0.0,,,,,,
AZ,39,6,01,1,,,,,0.00,0.0,,,,,,
AZ,39,6,02,1,,,,,0.00,0.0,,,,,,
AZ,39,7,01,1,,,,,0.00,0.0,,,,,,
AZ,39,7,02,1,,,,,0.00,0.0,,,,,,
B1,01,1,01,1,20106233,POINT COFFEE PLASTIK SEAL CUP  PCS 16 OZ,,,1.00,126,0.79%,2,CTN,,Z,2
B1,01,1,02,1,20124726,INDOMARET FACIAL TISSUE 2 PLY (2+1)  BDD 3180,,,2.00,10,20.00%,20,CTN,,E,20
B1,01,1,03,1,,,,,0.00,0.0,,,,,,
B1,01,1,04,1,,,,,0.00,0.0,,,,,,
B1,01,1,05,1,,,,,0.00,0.0,,,,,,
B1,01,1,06,1,,,,,0.00,0.0,,,,,,
B1,01,1,07,1,,,,,0.00,0.0,,,,,,
B1,01,1,08,1,,,,,0.00,0.0,,,,,,
B1,01,1,09,1,,,,,0.00,0.0,,,,,,
B1,01,1,10,1,,,,,0.00,0.0,,,,,,
B1,01,1,11,1,,,,,0.00,0.0,,,,,,
B1,01,1,12,1,,,,,0.00,0.0,,,,,,
B1,01,1,13,1,,,,,0.00,0.0,,,,,,
B1,01,1,14,1,,,,,0.00,0.0,,,,,,
B1,01,1,15,1,,,,,0.00,0.0,,,,,,
B1,01,1,16,1,,,,,0.00,0.0,,,,,,
B1,01,1,17,1,,,,,0.00,0.0,,,,,,
B1,01,1,18,1,,,,,0.00,0.0,,,,,,
B1,01,1,19,1,,,,,0.00,0.0,,,,,,
B1,01,1,20,1,,,,,0.00,0.0,,,,,,
B1,01,1,21,1,,,,,0.00,0.0,,,,,,
B1,01,1,22,1,,,,,0.00,0.0,,,,,,
B1,01,1,23,1,,,,,0.00,0.0,,,,,,
B1,01,1,24,1,,,,,0.00,0.0,,,,,,
B1,01,1,25,1,,,,,0.00,0.0,,,,,,
B1,01,1,26,1,,,,,0.00,0.0,,,,,,
B1,01,1,27,1,,,,,0.00,0.0,,,,,,
B1,01,1,28,1,,,,,0.00,0.0,,,,,,
B1,01,1,29,1,,,,,0.00,0.0,,,,,,
B1,01,1,30,1,,,,,0.00,0.0,,,,,,
B1,01,1,31,1,,,,,0.00,0.0,,,,,,
B1,01,1,32,1,,,,,0.00,0.0,,,,,,
B1,01,1,33,1,,,,,0.00,0.0,,,,,,
B1,01,1,34,1,,,,,0.00,0.0,,,,,,
B1,01,1,35,1,,,,,0.00,0.0,,,,,,
B1,01,1,36,1,,,,,0.00,0.0,,,,,,
B1,01,1,37,1,,,,,0.00,0.0,,,,,,
B1,01,1,38,1,,,,,0.00,0.0,,,,,,
B1,01,1,39,1,,,,,0.00,0.0,,,,,,
B1,01,1,40,1,,,,,0.00,0.0,,,,,,
B1,01,1,41,1,,,,,0.00,0.0,,,,,,
B1,01,1,42,1,,,,,0.00,0.0,,,,,,
B1,01,1,43,1,,,,,0.00,0.0,,,,,,
B1,01,1,44,1,,,,,0.00,0.0,,,,,,
B1,01,1,45,1,,,,,0.00,0.0,,,,,,
B1,01,1,46,1,,,,,0.00,0.0,,,,,,
B1,01,1,47,1,,,,,0.00,0.0,,,,,,
B1,01,1,48,1,,,,,0.00,0.0,,,,,,
B1,01,1,49,1,,,,,0.00,0.0,,,,,,
B1,01,1,50,1,,,,,0.00,0.0,,,,,,
B1,01,1,51,1,,,,,0.00,0.0,,,,,,
B1,01,1,52,1,,,,,0.00,0.0,,,,,,
B1,01,1,53,1,,,,,0.00,0.0,,,,,,
B1,01,1,54,1,,,,,0.00,0.0,,,,,,
B1,01,1,55,1,,,,,0.00,0.0,,,,,,
B1,01,1,56,1,,,,,0.00,0.0,,,,,,
B1,01,1,57,1,,,,,0.00,0.0,,,,,,
B1,01,1,58,1,,,,,0.00,0.0,,,,,,
B1,01,1,59,1,,,,,0.00,0.0,,,,,,
B1,01,1,60,1,,,,,0.00,0.0,,,,,,
B1,01,1,61,1,,,,,0.00,0.0,,,,,,
B1,01,1,62,1,,,,,0.00,0.0,,,,,,
B1,01,1,63,1,,,,,0.00,0.0,,,,,,
B1,01,1,64,1,,,,,0.00,0.0,,,,,,
B1,01,1,65,1,,,,,0.00,0.0,,,,,,
B1,01,1,66,1,,,,,0.00,0.0,,,,,,
B1,01,1,67,1,,,,,0.00,0.0,,,,,,
B1,01,1,68,1,,,,,0.00,0.0,,,,,,
B1,01,1,69,1,,,,,0.00,0.0,,,,,,
B1,01,1,70,1,,,,,0.00,0.0,,,,,,
B1,01,1,71,1,,,,,0.00,0.0,,,,,,
B1,01,1,72,1,,,,,0.00,0.0,,,,,,
B1,01,1,73,1,,,,,0.00,0.0,,,,,,
B1,01,1,74,1,,,,,0.00,0.0,,,,,,
B1,01,1,75,1,,,,,0.00,0.0,,,,,,
B1,01,1,76,1,,,,,0.00,0.0,,,,,,
B1,01,1,77,1,,,,,0.00,0.0,,,,,,
B1,01,1,78,1,,,,,0.00,0.0,,,,,,
B1,01,1,79,1,,,,,0.00,0.0,,,,,,
B1,01,1,80,1,,,,,0.00,0.0,,,,,,
B1,01,1,81,1,,,,,0.00,0.0,,,,,,
B1,01,1,82,1,,,,,0.00,0.0,,,,,,
B1,01,1,83,1,,,,,0.00,0.0,,,,,,
B1,01,1,84,1,,,,,0.00,0.0,,,,,,
B1,01,1,85,1,,,,,0.00,0.0,,,,,,
B1,01,1,86,1,,,,,0.00,0.0,,,,,,
B1,01,1,87,1,,,,,0.00,0.0,,,,,,
B1,01,1,88,1,,,,,0.00,0.0,,,,,,
B1,01,1,89,1,,,,,0.00,0.0,,,,,,
B1,01,1,90,1,,,,,0.00,0.0,,,,,,
B1,01,1,91,1,,,,,0.00,0.0,,,,,,
B1,01,1,92,1,,,,,0.00,0.0,,,,,,
B1,01,1,93,1,,,,,0.00,0.0,,,,,,
B1,01,1,94,1,,,,,0.00,0.0,,,,,,
B1,01,1,95,1,,,,,0.00,0.0,,,,,,
B1,01,1,96,1,,,,,0.00,0.0,,,,,,
B1,01,1,97,1,,,,,0.00,0.0,,,,,,
B1,01,1,98,1,,,,,0.00,0.0,,,,,,
B1,01,1,99,1,,,,,0.00,0.0,,,,,,
B1,01,2,01,1,,,,,0.00,0.0,,,,,,
B1,01,2,02,1,,,,,0.00,0.0,,,,,,
B1,01,2,03,1,,,,,0.00,0.0,,,,,,
B1,01,2,04,1,,,,,0.00,0.0,,,,,,
B1,01,2,05,1,,,,,0.00,0.0,,,,,,
B1,01,2,06,1,,,,,0.00,0.0,,,,,,
B1,01,2,07,1,,,,,0.00,0.0,,,,,,
B1,01,2,08,1,,,,,0.00,0.0,,,,,,
B1,01,2,09,1,,,,,0.00,0.0,,,,,,
B1,01,2,10,1,,,,,0.00,0.0,,,,,,
B1,01,2,11,1,,,,,0.00,0.0,,,,,,
B1,01,2,12,1,,,,,0.00,0.0,,,,,,
B1,01,2,13,1,,,,,0.00,0.0,,,,,,
B1,01,2,14,1,,,,,0.00,0.0,,,,,,
B1,01,2,15,1,,,,,0.00,0.0,,,,,,
B1,01,2,16,1,,,,,0.00,0.0,,,,,,
B1,01,2,17,1,,,,,0.00,0.0,,,,,,
B1,01,2,18,1,,,,,0.00,0.0,,,,,,
B1,01,2,19,1,,,,,0.00,0.0,,,,,,
B1,01,2,20,1,,,,,0.00,0.0,,,,,,
B1,01,2,21,1,,,,,0.00,0.0,,,,,,
B1,01,2,22,1,,,,,0.00,0.0,,,,,,
B1,01,2,23,1,,,,,0.00,0.0,,,,,,
B1,01,2,24,1,,,,,0.00,0.0,,,,,,
B1,01,2,25,1,,,,,0.00,0.0,,,,,,
B1,01,2,26,1,,,,,0.00,0.0,,,,,,
B1,01,2,27,1,,,,,0.00,0.0,,,,,,
B1,01,2,28,1,,,,,0.00,0.0,,,,,,
B1,01,2,29,1,,,,,0.00,0.0,,,,,,
B1,01,2,30,1,,,,,0.00,0.0,,,,,,
B1,01,2,31,1,,,,,0.00,0.0,,,,,,
B1,01,2,32,1,,,,,0.00,0.0,,,,,,
B1,01,2,33,1,,,,,0.00,0.0,,,,,,
B1,01,2,34,1,,,,,0.00,0.0,,,,,,
B1,01,2,35,1,,,,,0.00,0.0,,,,,,
B1,01,2,36,1,,,,,0.00,0.0,,,,,,
B1,01,2,37,1,,,,,0.00,0.0,,,,,,
B1,01,2,38,1,,,,,0.00,0.0,,,,,,
B1,01,2,39,1,,,,,0.00,0.0,,,,,,
B1,01,2,40,1,,,,,0.00,0.0,,,,,,
B1,01,2,41,1,,,,,0.00,0.0,,,,,,
B1,01,2,42,1,,,,,0.00,0.0,,,,,,
B1,01,2,43,1,,,,,0.00,0.0,,,,,,
B1,01,2,44,1,,,,,0.00,0.0,,,,,,
B1,01,2,45,1,,,,,0.00,0.0,,,,,,
B1,01,2,46,1,,,,,0.00,0.0,,,,,,
B1,01,2,47,1,,,,,0.00,0.0,,,,,,
VC,01,1,01,1,,,,,0.00,0.0,,,,,,
VC,01,1,02,1,,,,,0.00,0.0,,,,,,
VC,01,1,03,1,,,,,0.00,0.0,,,,,,
VC,01,1,04,1,,,,,0.00,0.0,,,,,,
VC,01,1,05,1,,,,,0.00,0.0,,,,,,
VC,01,1,06,1,,,,,0.00,0.0,,,,,,
VC,01,1,07,1,,,,,0.00,0.0,,,,,,
VC,01,1,08,1,,,,,0.00,0.0,,,,,,
VC,01,1,09,1,,,,,0.00,0.0,,,,,,
VC,01,1,10,1,,,,,0.00,0.0,,,,,,
VC,01,2,01,1,,,,,0.00,0.0,,,,,,
VC,01,2,02,1,,,,,0.00,0.0,,,,,,
VC,01,2,03,1,,,,,0.00,0.0,,,,,,
VC,01,2,04,1,,,,,0.00,0.0,,,,,,
VC,01,2,05,1,,,,,0.00,0.0,,,,,,
VC,01,2,06,1,,,,,0.00,0.0,,,,,,
VC,01,2,07,1,,,,,0.00,0.0,,,,,,
VC,01,2,08,1,,,,,0.00,0.0,,,,,,
VC,01,2,09,1,,,,,0.00,0.0,,,,,,
VC,01,2,10,1,,,,,0.00,0.0,,,,,,
VC,01,3,01,1,,,,,0.00,0.0,,,,,,
VC,01,3,02,1,,,,,0.00,0.0,,,,,,
VC,01,3,03,1,,,,,0.00,0.0,,,,,,
VC,01,3,04,1,,,,,0.00,0.0,,,,,,
VC,01,3,05,1,,,,,0.00,0.0,,,,,,
VC,01,3,06,1,,,,,0.00,0.0,,,,,,
VC,01,3,07,1,,,,,0.00,0.0,,,,,,
VC,01,3,08,1,,,,,0.00,0.0,,,,,,
VC,01,3,09,1,,,,,0.00,0.0,,,,,,
VC,01,3,10,1,,,,,0.00,0.0,,,,,,
VC,01,4,01,1,,,,,0.00,0.0,,,,,,
VC,01,4,02,1,,,,,0.00,0.0,,,,,,
VC,01,4,03,1,,,,,0.00,0.0,,,,,,
VC,01,4,04,1,,,,,0.00,0.0,,,,,,
VC,01,4,05,1,,,,,0.00,0.0,,,,,,
VC,01,4,06,1,,,,,0.00,0.0,,,,,,
VC,01,4,07,1,,,,,0.00,0.0,,,,,,
VC,01,4,08,1,,,,,0.00,0.0,,,,,,
VC,01,4,09,1,,,,,0.00,0.0,,,,,,
VC,01,4,10,1,,,,,0.00,0.0,,,,,,
VC,01,5,01,1,,,,,0.00,0.0,,,,,,
VC,01,5,02,1,,,,,0.00,0.0,,,,,,
VC,01,5,03,1,,,,,0.00,0.0,,,,,,
VC,01,5,04,1,,,,,0.00,0.0,,,,,,
VC,01,5,05,1,,,,,0.00,0.0,,,,,,
VC,01,5,06,1,,,,,0.00,0.0,,,,,,
VC,01,5,07,1,,,,,0.00,0.0,,,,,,
VC,01,5,08,1,,,,,0.00,0.0,,,,,,
VC,01,5,09,1,,,,,0.00,0.0,,,,,,
VC,01,5,10,1,,,,,0.00,0.0,,,,,,
ZA,01,1,01,1,,,,,0.00,0.0,,,,,,
ZA,01,1,02,1,,,,,0.00,0.0,,,,,,
ZA,01,1,03,1,,,,,0.00,0.0,,,,,,
ZA,01,1,04,1,,,,,0.00,0.0,,,,,,
ZA,01,1,05,1,,,,,0.00,0.0,,,,,,
ZA,01,1,06,1,,,,,0.00,0.0,,,,,,
ZA,01,1,07,1,,,,,0.00,0.0,,,,,,
ZA,01,1,08,1,,,,,0.00,0.0,,,,,,
ZA,01,1,09,1,,,,,0.00,0.0,,,,,,
ZA,01,1,10,1,,,,,0.00,0.0,,,,,,
ZA,01,1,11,1,,,,,0.00,0.0,,,,,,
ZA,01,1,12,1,,,,,0.00,0.0,,,,,,
ZA,01,1,13,1,,,,,0.00,0.0,,,,,,
ZA,01,1,14,1,,,,,0.00,0.0,,,,,,
ZA,01,1,15,1,,,,,0.00,0.0,,,,,,
ZA,01,1,16,1,,,,,0.00,0.0,,,,,,
ZA,01,1,17,1,,,,,0.00,0.0,,,,,,
ZA,01,1,18,1,,,,,0.00,0.0,,,,,,
ZA,01,1,19,1,,,,,0.00,0.0,,,,,,
ZA,01,1,20,1,,,,,0.00,0.0,,,,,,
ZA,01,1,21,1,,,,,0.00,0.0,,,,,,
ZA,01,1,22,1,,,,,0.00,0.0,,,,,,
ZA,01,1,23,1,,,,,0.00,0.0,,,,,,
ZA,01,1,24,1,,,,,0.00,0.0,,,,,,
ZA,01,1,25,1,,,,,0.00,0.0,,,,,,
ZA,01,1,26,1,,,,,0.00,0.0,,,,,,
ZA,01,1,27,1,,,,,0.00,0.0,,,,,,
ZA,01,1,28,1,,,,,0.00,0.0,,,,,,
ZA,01,2,01,1,,,,,0.00,0.0,,,,,,
ZA,01,2,02,1,,,,,0.00,0.0,,,,,,
ZA,01,2,03,1,,,,,0.00,0.0,,,,,,
ZA,01,2,04,1,,,,,0.00,0.0,,,,,,
ZA,01,2,05,1,,,,,0.00,0.0,,,,,,
ZA,01,2,06,1,,,,,0.00,0.0,,,,,,
ZA,01,2,07,1,,,,,0.00,0.0,,,,,,
ZA,01,2,08,1,,,,,0.00,0.0,,,,,,
ZA,01,2,09,1,,,,,0.00,0.0,,,,,,
ZA,01,2,10,1,,,,,0.00,0.0,,,,,,
ZA,01,2,11,1,,,,,0.00,0.0,,,,,,
ZA,01,2,12,1,,,,,0.00,0.0,,,,,,
ZA,01,2,13,1,,,,,0.00,0.0,,,,,,
ZA,01,2,14,1,,,,,0.00,0.0,,,,,,
ZA,01,2,15,1,,,,,0.00,0.0,,,,,,
ZA,01,2,16,1,,,,,0.00,0.0,,,,,,
ZA,01,2,17,1,,,,,0.00,0.0,,,,,,
ZA,01,2,18,1,,,,,0.00,0.0,,,,,,
ZA,01,2,19,1,,,,,0.00,0.0,,,,,,
ZA,01,2,20,1,,,,,0.00,0.0,,,,,,
ZA,01,2,21,1,,,,,0.00,0.0,,,,,,
ZA,01,2,22,1,,,,,0.00,0.0,,,,,,
ZA,01,2,23,1,,,,,0.00,0.0,,,,,,
ZA,01,2,24,1,,,,,0.00,0.0,,,,,,
ZA,01,2,25,1,,,,,0.00,0.0,,,,,,
ZA,01,2,26,1,,,,,0.00,0.0,,,,,,
ZA,01,2,27,1,,,,,0.00,0.0,,,,,,
ZA,01,2,28,1,,,,,0.00,0.0,,,,,,
ZA,01,3,01,1,,,,,0.00,0.0,,,,,,
ZA,01,3,02,1,,,,,0.00,0.0,,,,,,
ZA,01,3,03,1,,,,,0.00,0.0,,,,,,
ZA,01,3,04,1,,,,,0.00,0.0,,,,,,
ZA,01,3,05,1,,,,,0.00,0.0,,,,,,
ZA,01,3,06,1,,,,,0.00,0.0,,,,,,
ZA,01,3,07,1,,,,,0.00,0.0,,,,,,
ZA,01,3,08,1,,,,,0.00,0.0,,,,,,
ZA,01,3,09,1,,,,,0.00,0.0,,,,,,
ZA,01,3,10,1,,,,,0.00,0.0,,,,,,
ZA,01,3,11,1,,,,,0.00,0.0,,,,,,
ZA,01,3,12,1,,,,,0.00,0.0,,,,,,
ZA,01,3,13,1,,,,,0.00,0.0,,,,,,
ZA,01,3,14,1,,,,,0.00,0.0,,,,,,
ZA,01,3,15,1,,,,,0.00,0.0,,,,,,
ZA,01,3,16,1,,,,,0.00,0.0,,,,,,
ZA,01,3,17,1,,,,,0.00,0.0,,,,,,
ZA,01,3,18,1,,,,,0.00,0.0,,,,,,
ZA,01,3,19,1,,,,,0.00,0.0,,,,,,
ZA,01,3,20,1,,,,,0.00,0.0,,,,,,
ZA,01,3,21,1,,,,,0.00,0.0,,,,,,
ZA,01,3,22,1,,,,,0.00,0.0,,,,,,
ZA,01,3,23,1,,,,,0.00,0.0,,,,,,
ZA,01,3,24,1,,,,,0.00,0.0,,,,,,
ZA,01,3,25,1,,,,,0.00,0.0,,,,,,
ZA,01,3,26,1,,,,,0.00,0.0,,,,,,
ZA,01,3,27,1,,,,,0.00,0.0,,,,,,
ZA,01,3,28,1,,,,,0.00,0.0,,,,,,
ZA,02,1,01,1,,,,,0.00,0.0,,,,,,
ZA,02,1,02,1,,,,,0.00,0.0,,,,,,
ZA,02,1,03,1,,,,,0.00,0.0,,,,,,
ZA,02,1,04,1,,,,,0.00,0.0,,,,,,
ZA,02,1,05,1,,,,,0.00,0.0,,,,,,
ZA,02,1,06,1,,,,,0.00,0.0,,,,,,
ZA,02,1,07,1,,,,,0.00,0.0,,,,,,
ZA,02,1,08,1,,,,,0.00,0.0,,,,,,
ZA,02,1,09,1,,,,,0.00,0.0,,,,,,
ZA,02,1,10,1,,,,,0.00,0.0,,,,,,
ZA,02,1,11,1,,,,,0.00,0.0,,,,,,
ZA,02,1,12,1,,,,,0.00,0.0,,,,,,
ZA,02,1,13,1,,,,,0.00,0.0,,,,,,
ZA,02,1,14,1,,,,,0.00,0.0,,,,,,
ZA,02,1,15,1,,,,,0.00,0.0,,,,,,
ZA,02,1,16,1,,,,,0.00,0.0,,,,,,
ZA,02,1,17,1,,,,,0.00,0.0,,,,,,
ZA,02,1,18,1,,,,,0.00,0.0,,,,,,
ZA,02,1,19,1,,,,,0.00,0.0,,,,,,
ZA,02,1,20,1,,,,,0.00,0.0,,,,,,
ZA,02,1,21,1,,,,,0.00,0.0,,,,,,
ZA,02,1,22,1,,,,,0.00,0.0,,,,,,
ZA,02,1,23,1,,,,,0.00,0.0,,,,,,
ZA,02,1,24,1,,,,,0.00,0.0,,,,,,
ZA,02,1,25,1,,,,,0.00,0.0,,,,,,
ZA,02,2,01,1,,,,,0.00,0.0,,,,,,
ZA,02,2,02,1,,,,,0.00,0.0,,,,,,
ZA,02,2,03,1,,,,,0.00,0.0,,,,,,
ZA,02,2,04,1,,,,,0.00,0.0,,,,,,
ZA,02,2,05,1,,,,,0.00,0.0,,,,,,
ZA,02,2,06,1,,,,,0.00,0.0,,,,,,
ZA,02,2,07,1,,,,,0.00,0.0,,,,,,
ZA,02,2,08,1,,,,,0.00,0.0,,,,,,
ZA,02,2,09,1,,,,,0.00,0.0,,,,,,
ZA,02,2,10,1,,,,,0.00,0.0,,,,,,
ZA,02,2,11,1,,,,,0.00,0.0,,,,,,
ZA,02,2,12,1,,,,,0.00,0.0,,,,,,
ZA,02,2,13,1,,,,,0.00,0.0,,,,,,
ZA,02,2,14,1,,,,,0.00,0.0,,,,,,
ZA,02,2,15,1,,,,,0.00,0.0,,,,,,
ZA,02,2,16,1,,,,,0.00,0.0,,,,,,
ZA,02,2,17,1,,,,,0.00,0.0,,,,,,
ZA,02,2,18,1,,,,,0.00,0.0,,,,,,
ZA,02,2,19,1,,,,,0.00,0.0,,,,,,
ZA,02,2,20,1,,,,,0.00,0.0,,,,,,
ZA,02,2,21,1,,,,,0.00,0.0,,,,,,
ZA,02,2,22,1,,,,,0.00,0.0,,,,,,
ZA,02,2,23,1,,,,,0.00,0.0,,,,,,
ZA,02,2,24,1,,,,,0.00,0.0,,,,,,
ZA,02,2,25,1,,,,,0.00,0.0,,,,,,
ZB,01,1,01,1,,,,,0.00,0.0,,,,,,
ZB,01,1,02,1,,,,,0.00,0.0,,,,,,
ZB,01,1,03,1,,,,,0.00,0.0,,,,,,
ZB,01,1,04,1,,,,,0.00,0.0,,,,,,
ZB,01,1,05,1,,,,,0.00,0.0,,,,,,
ZB,01,1,06,1,,,,,0.00,0.0,,,,,,
ZB,01,1,07,1,,,,,0.00,0.0,,,,,,
ZB,01,1,08,1,,,,,0.00,0.0,,,,,,
ZB,01,1,09,1,,,,,0.00,0.0,,,,,,
ZB,01,1,10,1,,,,,0.00,0.0,,,,,,
ZB,01,1,11,1,,,,,0.00,0.0,,,,,,
ZB,01,1,12,1,,,,,0.00,0.0,,,,,,
ZB,01,1,13,1,,,,,0.00,0.0,,,,,,
ZB,01,1,14,1,,,,,0.00,0.0,,,,,,
ZB,01,1,15,1,,,,,0.00,0.0,,,,,,
ZB,01,1,16,1,,,,,0.00,0.0,,,,,,
ZB,01,1,17,1,,,,,0.00,0.0,,,,,,
ZB,01,1,18,1,,,,,0.00,0.0,,,,,,
ZB,01,1,19,1,,,,,0.00,0.0,,,,,,
ZB,01,1,20,1,,,,,0.00,0.0,,,,,,
ZB,01,1,21,1,,,,,0.00,0.0,,,,,,
ZB,01,1,22,1,,,,,0.00,0.0,,,,,,
ZB,01,1,23,1,,,,,0.00,0.0,,,,,,
ZB,01,1,24,1,,,,,0.00,0.0,,,,,,
ZB,01,1,25,1,,,,,0.00,0.0,,,,,,
ZB,01,1,26,1,,,,,0.00,0.0,,,,,,
ZB,01,1,27,1,,,,,0.00,0.0,,,,,,
ZB,01,1,28,1,,,,,0.00,0.0,,,,,,
ZB,01,1,29,1,,,,,0.00,0.0,,,,,,
ZB,01,2,01,1,,,,,0.00,0.0,,,,,,
ZB,01,2,02,1,,,,,0.00,0.0,,,,,,
ZB,01,2,03,1,,,,,0.00,0.0,,,,,,
ZB,01,2,04,1,,,,,0.00,0.0,,,,,,
ZB,01,2,05,1,,,,,0.00,0.0,,,,,,
ZB,01,2,06,1,,,,,0.00,0.0,,,,,,
ZB,01,2,07,1,,,,,0.00,0.0,,,,,,
ZB,01,2,08,1,,,,,0.00,0.0,,,,,,
ZB,01,2,09,1,,,,,0.00,0.0,,,,,,
ZB,01,2,10,1,,,,,0.00,0.0,,,,,,
ZB,01,2,11,1,,,,,0.00,0.0,,,,,,
ZB,01,2,12,1,,,,,0.00,0.0,,,,,,
ZB,01,2,13,1,,,,,0.00,0.0,,,,,,
ZB,01,2,14,1,,,,,0.00,0.0,,,,,,
ZB,01,2,15,1,,,,,0.00,0.0,,,,,,
ZB,01,2,16,1,,,,,0.00,0.0,,,,,,
ZB,01,2,17,1,,,,,0.00,0.0,,,,,,
ZB,01,2,18,1,,,,,0.00,0.0,,,,,,
ZB,01,2,19,1,,,,,0.00,0.0,,,,,,
ZB,01,2,20,1,,,,,0.00,0.0,,,,,,
ZB,01,2,21,1,,,,,0.00,0.0,,,,,,
ZB,01,2,22,1,,,,,0.00,0.0,,,,,,
ZB,01,2,23,1,,,,,0.00,0.0,,,,,,
ZB,01,2,24,1,,,,,0.00,0.0,,,,,,
ZB,01,2,25,1,,,,,0.00,0.0,,,,,,
ZB,01,2,26,1,,,,,0.00,0.0,,,,,,
ZB,01,2,27,1,,,,,0.00,0.0,,,,,,
ZB,01,2,28,1,,,,,0.00,0.0,,,,,,
ZB,01,2,29,1,,,,,0.00,0.0,,,,,,
ZB,01,3,01,1,,,,,0.00,0.0,,,,,,
ZB,01,3,02,1,,,,,0.00,0.0,,,,,,
ZB,01,3,03,1,,,,,0.00,0.0,,,,,,
ZB,01,3,04,1,,,,,0.00,0.0,,,,,,
ZB,01,3,05,1,,,,,0.00,0.0,,,,,,
ZB,01,3,06,1,,,,,0.00,0.0,,,,,,
ZB,01,3,07,1,,,,,0.00,0.0,,,,,,
ZB,01,3,08,1,,,,,0.00,0.0,,,,,,
ZB,01,3,09,1,,,,,0.00,0.0,,,,,,
ZB,01,3,10,1,,,,,0.00,0.0,,,,,,
ZB,01,3,11,1,,,,,0.00,0.0,,,,,,
ZB,01,3,12,1,,,,,0.00,0.0,,,,,,
ZB,01,3,13,1,,,,,0.00,0.0,,,,,,
ZB,01,3,14,1,,,,,0.00,0.0,,,,,,
ZB,01,3,15,1,,,,,0.00,0.0,,,,,,
ZB,01,3,16,1,,,,,0.00,0.0,,,,,,
ZB,01,3,17,1,,,,,0.00,0.0,,,,,,
ZB,01,3,18,1,,,,,0.00,0.0,,,,,,
ZB,01,3,19,1,,,,,0.00,0.0,,,,,,
ZB,01,3,20,1,,,,,0.00,0.0,,,,,,
ZB,01,3,21,1,,,,,0.00,0.0,,,,,,
ZB,01,3,22,1,,,,,0.00,0.0,,,,,,
ZB,01,3,23,1,,,,,0.00,0.0,,,,,,
ZB,01,3,24,1,,,,,0.00,0.0,,,,,,
ZB,01,3,25,1,,,,,0.00,0.0,,,,,,
ZB,01,3,26,1,,,,,0.00,0.0,,,,,,
ZB,01,3,27,1,,,,,0.00,0.0,,,,,,
ZB,01,3,28,1,,,,,0.00,0.0,,,,,,
ZB,01,3,29,1,,,,,0.00,0.0,,,,,,
ZC,01,1,01,1,,,,,0.00,0.0,,,,,,
ZC,01,1,02,1,,,,,0.00,0.0,,,,,,
ZC,01,1,03,1,,,,,0.00,0.0,,,,,,
ZC,01,1,04,1,,,,,0.00,0.0,,,,,,
ZC,01,1,05,1,,,,,0.00,0.0,,,,,,
ZC,01,1,06,1,,,,,0.00,0.0,,,,,,
ZC,01,1,07,1,,,,,0.00,0.0,,,,,,
ZC,01,1,08,1,,,,,0.00,0.0,,,,,,
ZC,01,1,09,1,,,,,0.00,0.0,,,,,,
ZC,01,1,10,1,,,,,0.00,0.0,,,,,,
ZC,01,1,11,1,,,,,0.00,0.0,,,,,,
ZC,01,1,12,1,,,,,0.00,0.0,,,,,,
ZC,01,1,13,1,,,,,0.00,0.0,,,,,,
ZC,01,1,14,1,,,,,0.00,0.0,,,,,,
ZC,01,1,15,1,,,,,0.00,0.0,,,,,,
ZC,01,1,16,1,,,,,0.00,0.0,,,,,,
ZC,01,1,17,1,,,,,0.00,0.0,,,,,,
ZC,01,1,18,1,,,,,0.00,0.0,,,,,,
ZC,01,1,19,1,,,,,0.00,0.0,,,,,,
ZC,01,1,20,1,,,,,0.00,0.0,,,,,,
ZC,01,1,21,1,,,,,0.00,0.0,,,,,,
ZC,01,1,22,1,,,,,0.00,0.0,,,,,,
ZC,01,1,23,1,,,,,0.00,0.0,,,,,,
ZC,01,1,24,1,,,,,0.00,0.0,,,,,,
ZC,01,1,25,1,,,,,0.00,0.0,,,,,,
ZC,01,1,26,1,,,,,0.00,0.0,,,,,,
ZC,01,1,27,1,,,,,0.00,0.0,,,,,,
ZC,01,1,28,1,,,,,0.00,0.0,,,,,,
ZC,01,1,29,1,,,,,0.00,0.0,,,,,,
ZC,01,1,30,1,,,,,0.00,0.0,,,,,,
ZC,01,1,31,1,,,,,0.00,0.0,,,,,,
ZC,01,1,32,1,,,,,0.00,0.0,,,,,,
ZC,01,1,33,1,,,,,0.00,0.0,,,,,,
ZC,01,1,34,1,,,,,0.00,0.0,,,,,,
ZC,01,1,35,1,,,,,0.00,0.0,,,,,,
ZC,01,1,36,1,,,,,0.00,0.0,,,,,,
ZC,01,1,37,1,,,,,0.00,0.0,,,,,,
ZC,01,1,38,1,,,,,0.00,0.0,,,,,,
ZC,01,1,39,1,,,,,0.00,0.0,,,,,,
ZC,01,1,40,1,,,,,0.00,0.0,,,,,,
ZC,01,1,41,1,,,,,0.00,0.0,,,,,,
ZC,01,1,42,1,,,,,0.00,0.0,,,,,,
ZC,01,1,43,1,,,,,0.00,0.0,,,,,,
ZC,01,1,44,1,,,,,0.00,0.0,,,,,,
ZC,01,1,45,1,,,,,0.00,0.0,,,,,,
ZC,01,1,46,1,,,,,0.00,0.0,,,,,,
ZC,01,1,47,1,,,,,0.00,0.0,,,,,,
ZC,01,1,48,1,,,,,0.00,0.0,,,,,,
ZC,01,1,49,1,,,,,0.00,0.0,,,,,,
ZC,01,1,50,1,,,,,0.00,0.0,,,,,,
ZC,01,1,51,1,,,,,0.00,0.0,,,,,,
ZC,01,1,52,1,,,,,0.00,0.0,,,,,,
ZC,01,1,53,1,,,,,0.00,0.0,,,,,,
ZC,01,1,54,1,,,,,0.00,0.0,,,,,,
ZC,01,1,55,1,,,,,0.00,0.0,,,,,,
ZC,01,1,56,1,,,,,0.00,0.0,,,,,,
ZC,01,1,57,1,,,,,0.00,0.0,,,,,,
ZC,01,1,58,1,,,,,0.00,0.0,,,,,,
ZC,01,1,59,1,,,,,0.00,0.0,,,,,,
ZC,01,1,60,1,,,,,0.00,0.0,,,,,,
ZC,01,1,61,1,,,,,0.00,0.0,,,,,,
ZC,01,1,62,1,,,,,0.00,0.0,,,,,,
ZC,01,1,63,1,,,,,0.00,0.0,,,,,,
ZC,01,1,64,1,,,,,0.00,0.0,,,,,,
ZC,01,1,65,1,,,,,0.00,0.0,,,,,,
ZC,01,1,66,1,,,,,0.00,0.0,,,,,,
ZC,01,1,67,1,,,,,0.00,0.0,,,,,,
ZC,01,1,68,1,,,,,0.00,0.0,,,,,,
ZC,01,1,69,1,,,,,0.00,0.0,,,,,,
ZC,01,1,70,1,,,,,0.00,0.0,,,,,,
ZC,01,1,71,1,,,,,0.00,0.0,,,,,,
ZC,01,1,72,1,,,,,0.00,0.0,,,,,,
ZC,01,1,73,1,,,,,0.00,0.0,,,,,,
ZC,01,1,74,1,,,,,0.00,0.0,,,,,,
ZC,01,1,75,1,,,,,0.00,0.0,,,,,,
ZC,01,1,76,1,,,,,0.00,0.0,,,,,,
ZC,01,1,77,1,,,,,0.00,0.0,,,,,,
ZC,01,1,78,1,,,,,0.00,0.0,,,,,,
ZC,01,1,79,1,,,,,0.00,0.0,,,,,,
ZC,01,1,80,1,,,,,0.00,0.0,,,,,,
ZC,01,1,81,1,,,,,0.00,0.0,,,,,,
ZC,01,1,82,1,,,,,0.00,0.0,,,,,,
ZC,01,1,83,1,,,,,0.00,0.0,,,,,,
ZC,01,1,84,1,,,,,0.00,0.0,,,,,,
ZC,01,1,85,1,,,,,0.00,0.0,,,,,,
ZC,01,1,86,1,,,,,0.00,0.0,,,,,,
ZC,01,1,87,1,,,,,0.00,0.0,,,,,,
ZC,01,1,88,1,,,,,0.00,0.0,,,,,,
ZC,01,1,89,1,,,,,0.00,0.0,,,,,,
ZC,01,1,90,1,,,,,0.00,0.0,,,,,,
ZC,01,1,91,1,,,,,0.00,0.0,,,,,,
ZC,01,1,92,1,,,,,0.00,0.0,,,,,,
ZC,01,1,93,1,,,,,0.00,0.0,,,,,,
ZC,01,1,94,1,,,,,0.00,0.0,,,,,,
ZC,01,1,95,1,,,,,0.00,0.0,,,,,,
ZC,01,1,96,1,,,,,0.00,0.0,,,,,,
ZC,01,1,97,1,,,,,0.00,0.0,,,,,,
ZC,01,1,98,1,,,,,0.00,0.0,,,,,,
ZC,01,1,99,1,,,,,0.00,0.0,,,,,,
ZD,01,1,01,1,,,,,0.00,0.0,,,,,,
ZD,01,1,02,1,10008315,KINDER BUENO CHOCOLATE RICH IN MILK  PCK 43,,,20.00,30,66.67%,30,,01/01/2028,,2
ZD,01,1,03,1,,,,,0.00,0.0,,,,,,
ZD,01,1,04,1,,,,,0.00,0.0,,,,,,
ZD,01,2,01,1,,,,,0.00,0.0,,,,,,
ZD,01,2,02,1,,,,,0.00,0.0,,,,,,
ZD,01,2,03,1,,,,,0.00,0.0,,,,,,
ZD,01,2,04,1,,,,,0.00,0.0,,,,,,
ZD,01,3,01,1,,,,,0.00,0.0,,,,,,
ZD,01,3,02,1,10008315,KINDER BUENO CHOCOLATE RICH IN MILK  PCK 43,,,16.00,30,53.33%,30,,01/01/2028,,2
ZD,01,3,03,1,,,,,0.00,0.0,,,,,,
ZD,01,3,04,1,,,,,0.00,0.0,,,,,,
ZD,01,4,01,1,,,,,0.00,0.0,,,,,,
ZD,01,4,02,1,,,,,0.00,0.0,,,,,,
ZD,01,4,03,1,,,,,0.00,0.0,,,,,,
ZD,01,4,04,1,20037413,MY BABY MINYAK TELON PLUS  BTL 90L,,,13.00,30,43.33%,60,,01/01/2028,,2
ZD,02,1,01,1,,,,,0.00,0.0,,,,,,
ZD,02,1,02,1,,,,,0.00,0.0,,,,,,
ZD,02,1,03,1,20056311,CEREBROFORT MARINE GUMMY STRAWBERRY PCK 20,,,48.00,30,160.00%,10,,01/07/2027,,1
ZD,02,1,04,1,20052425,SALONPAS KOYO PEREDA NYERI  PCK 102S,,,50.00,60,83.33%,10,,01/01/2029,L,2
ZD,02,2,01,1,,,,,0.00,0.0,,,,,,
ZD,02,2,02,1,,,,,0.00,0.0,,,,,,
ZD,02,2,03,1,,,,,0.00,0.0,,,,,,
ZD,02,2,04,1,20141330,PLOSSA DUAL INHALER SARANGHAEYO PCS,,,6.00,100,6.00%,72,,01/01/2028,,1
ZD,02,3,01,1,20077302,MILKITA CANDY MILK (30S) ASSORTED PCK 105,,,3.00,52,5.77%,20,,01/12/2027,,1
ZD,02,3,02,1,20039715,CADBURY CHOCOLATE DAIRY MILK  PCK 30/25,,,2.00,44,4.55%,288,,01/10/2027,,2
ZD,02,3,03,1,10000098,CABE KOYO KECIL 10S  PCK,,,50.00,900,5.56%,20,,01/01/2028,,1
ZD,02,3,04,1,20019446,CAP LANG MINYAK GOSOK PIJAT URUT (GPU)  BTL 60L,,,12.00,720,1.67%,12,,01/01/2028,,1
ZD,02,4,01,1,20096157,CHOMP CHOMP MARSHMALLOW STRAWBERRY PCK 60/50,,,8.00,50,16.00%,36,,01/08/2027,,1
ZD,02,4,02,1,20054969,ANTANGIN OBAT MASUK ANGIN CAIR GINGER MINT BOX 515L,,,3.00,60,5.00%,60,,01/01/2028,,1
ZD,02,4,03,1,20008798,SILVER QUEEN CHOCOLATE CHUNKY BAR CASHEW PCK 85/82,,,10.00,32,31.25%,96,,01/07/2027,S,2
ZD,02,4,04,1,,,,,0.00,0.0,,,,,,
ZD,03,1,01,1,,,,,0.00,0.0,,,,,,
ZD,03,1,02,1,,,,,0.00,0.0,,,,,,
ZD,03,1,03,1,,,,,0.00,0.0,,,,,,
ZD,03,2,01,1,10038880,SILVER QUEEN CHOCOLATE MIDI ALMOND PCK 22,,,1.00,30,3.33%,360,,01/05/2027,,10
ZD,03,2,02,1,,,,,0.00,0.0,,,,,,
ZD,03,2,03,1,20022908,SILVER QUEEN CHOCOLATE CHUNKY BAR ALMOND PCK 85/82,,,3.00,50,6.00%,96,,01/08/2027,S,2
ZD,03,3,01,1,20072367,CADBURY CHOCOLATE DAIRY MILK CASHEW NUT PCK 57/52,,,6.00,40,15.00%,144,,01/08/2027,,6
ZD,03,3,02,1,,,,,0.00,0.0,,,,,,
ZD,03,3,03,1,20036148,SILVER QUEEN CHOCOLATE CHUNKY BAR CASHEW PCK 26,,,4.00,50,8.00%,192,,01/08/2027,,12
ZD,03,4,01,1,20130547,DELFI CHOCOLATE DAIRY MILK  PCK 2X25,,,11.00,60,18.33%,72,,01/07/2027,,6
ZD,03,4,02,1,20141835,CADBURY DAIRY MILK OREO SHAREBAG  PCH 80.5,,,7.00,52,13.46%,16,,01/07/2027,,1
ZD,03,4,03,1,20130159,CADBURY DAIRY MILK SHAREBAG MILK CHOCOLATE PCH 81,,,3.00,30,10.00%,40,,01/07/2027,,1
ZD,04,1,01,1,,,,,0.00,0.0,,,,,,
ZD,04,1,02,1,,,,,0.00,0.0,,,,,,
ZD,04,1,03,1,,,,,0.00,0.0,,,,,,
ZD,04,2,01,1,20139612,FRESH CARE SMASH INHALER + ROLL ON FRUITY PCS 8,,,24.00,960,2.50%,12,,01/01/2028,,2
ZD,04,2,02,1,10037013,RELAXA CANDY BARLEY MINT PCK 108/81,,,7.00,45,15.56%,24,,01/08/2027,,2
ZD,04,2,03,1,20082194,CADBURY CHOCOLATE DAIRY MILK OREO PCK 60/58.5,,,2.00,30,6.67%,192,,01/08/2027,,2
ZD,04,3,01,1,,,,,0.00,0.0,,,,,,
ZD,04,3,02,1,,,,,0.00,0.0,,,,,,
ZD,04,3,03,1,,,,,0.00,0.0,,,,,,
ZD,04,4,01,1,20094168,CHOMP CHOMP TWIST MARSHMALLOW  PCK 60/50,,,6.00,48,12.50%,36,,01/02/2027,,1
ZD,04,4,02,1,20140912,SIDO MUNCUL JAMU TOLAK ANGIN CAIR + MADU  SCT 15L,,,4.00,60,6.67%,360,,01/04/2028,,6
ZD,04,4,03,1,20125041,MY BABY MINYAK TELON PLUS LAVENDER BTL 90L,,,6.00,55,10.91%,60,,01/09/2029,,2
ZD,05,1,01,1,,,,,0.00,0.0,,,,,,
ZD,05,1,02,1,,,,,0.00,0.0,,,,,,
ZD,05,1,03,1,10010192,SILVER QUEEN CHOCOLATE CASHEW PCK 22,,,1.00,40,2.50%,360,,01/12/2027,,2
ZD,05,2,01,1,,,,,0.00,0.0,,,,,,
ZD,05,2,02,1,,,,,0.00,0.0,,,,,,
ZD,05,2,03,1,20137065,JLO GUMMY EGG  PCK 18,,,2.00,21,9.52%,144,,01/08/2027,,6
ZD,05,3,01,1,,,,,0.00,0.0,,,,,,
ZD,05,3,02,1,,,,,0.00,0.0,,,,,,
ZD,05,3,03,1,10000312,YUPI CANDY GUMMY NEON STICK PCK 45,,,9.00,65,13.85%,72,,01/08/2027,,6
ZD,05,4,01,1,20134028,DELFI CHOCOLATE WAFER TAKE-IT BIG BDD 2X33,,,9.00,40,22.50%,80,,11/09/2027,,2
ZD,05,4,02,1,20143069,PARAMEX NYERI OTOT HOT CREAM  PCS 60,,,4.00,80,5.00%,72,,01/06/2028,,1
ZD,05,4,03,1,20141002,WONHAE MATCHA BERRY MINI BITES  PCK 30,,,6.00,52,11.54%,72,,01/06/2027,,2
ZP,01,1,01,1,,,,,0.00,0.0,,,,,,
ZP,01,1,02,1,,,,,0.00,0.0,,,,,,
ZP,01,2,01,1,,,,,0.00,0.0,,,,,,
ZP,01,2,02,1,,,,,0.00,0.0,,,,,,
ZP,02,1,01,1,,,,,0.00,0.0,,,,,,
ZP,02,1,02,1,,,,,0.00,0.0,,,,,,
ZP,02,2,01,1,,,,,0.00,0.0,,,,,,
ZP,02,2,02,1,,,,,0.00,0.0,,,,,,
ZP,03,1,01,1,,,,,0.00,0.0,,,,,,
ZP,03,1,02,1,,,,,0.00,0.0,,,,,,
ZP,03,2,01,1,,,,,0.00,0.0,,,,,,
ZP,03,2,02,1,,,,,0.00,0.0,,,,,,
ZP,04,1,01,1,,,,,0.00,0.0,,,,,,
ZP,04,1,02,1,,,,,0.00,0.0,,,,,,
ZP,04,2,01,1,,,,,0.00,0.0,,,,,,
ZP,04,2,02,1,,,,,0.00,0.0,,,,,,
ZP,05,1,01,1,,,,,0.00,0.0,,,,,,
ZP,05,1,02,1,,,,,0.00,0.0,,,,,,
ZP,05,2,01,1,,,,,0.00,0.0,,,,,,
ZP,05,2,02,1,,,,,0.00,0.0,,,,,,
ZP,06,1,01,1,,,,,0.00,0.0,,,,,,
ZP,06,1,02,1,,,,,0.00,0.0,,,,,,
ZP,06,2,01,1,,,,,0.00,0.0,,,,,,
ZP,06,2,02,1,,,,,0.00,0.0,,,,,,
ZP,07,1,01,1,,,,,0.00,0.0,,,,,,
ZP,07,1,02,1,,,,,0.00,0.0,,,,,,
ZP,07,2,01,1,,,,,0.00,0.0,,,,,,
ZP,07,2,02,1,,,,,0.00,0.0,,,,,,
ZZ,01,1,01,1,,,,,0.00,0.0,,,,,,
ZZ,01,1,02,1,,,,,0.00,0.0,,,,,,
ZZ,01,1,03,1,,,,,0.00,0.0,,,,,,
ZZ,01,1,04,1,,,,,0.00,0.0,,,,,,
ZZ,01,1,05,1,,,,,0.00,0.0,,,,,,
ZZ,01,1,06,1,,,,,0.00,0.0,,,,,,
ZZ,01,1,07,1,,,,,0.00,0.0,,,,,,
ZZ,01,1,08,1,,,,,0.00,0.0,,,,,,
ZZ,01,1,09,1,,,,,0.00,0.0,,,,,,
ZZ,01,1,10,1,,,,,0.00,0.0,,,,,,
ZZ,01,2,01,1,,,,,0.00,0.0,,,,,,
ZZ,01,2,02,1,,,,,0.00,0.0,,,,,,
ZZ,01,2,03,1,,,,,0.00,0.0,,,,,,
ZZ,01,2,04,1,,,,,0.00,0.0,,,,,,
ZZ,01,2,05,1,,,,,0.00,0.0,,,,,,
ZZ,01,2,06,1,,,,,0.00,0.0,,,,,,
ZZ,01,2,07,1,,,,,0.00,0.0,,,,,,
ZZ,01,2,08,1,,,,,0.00,0.0,,,,,,
ZZ,01,2,09,1,,,,,0.00,0.0,,,,,,
ZZ,01,2,10,1,,,,,0.00,0.0,,,,,,
ZZ,01,2,11,1,,,,,0.00,0.0,,,,,,
ZZ,01,2,12,1,,,,,0.00,0.0,,,,,,
ZZ,01,2,13,1,,,,,0.00,0.0,,,,,,
ZZ,01,2,14,1,,,,,0.00,0.0,,,,,,
ZZ,01,2,15,1,,,,,0.00,0.0,,,,,,
ZZ,01,2,16,1,,,,,0.00,0.0,,,,,,
ZZ,01,2,17,1,,,,,0.00,0.0,,,,,,
ZZ,01,2,18,1,,,,,0.00,0.0,,,,,,
ZZ,01,2,19,1,,,,,0.00,0.0,,,,,,
ZZ,01,2,20,1,,,,,0.00,0.0,,,,,,
ZZ,01,2,21,1,,,,,0.00,0.0,,,,,,
ZZ,01,2,22,1,,,,,0.00,0.0,,,,,,
ZZ,01,2,23,1,,,,,0.00,0.0,,,,,,
ZZ,01,2,24,1,,,,,0.00,0.0,,,,,,
ZZ,01,2,25,1,,,,,0.00,0.0,,,,,,
ZZ,01,2,26,1,,,,,0.00,0.0,,,,,,
ZZ,01,2,27,1,,,,,0.00,0.0,,,,,,
ZZ,01,2,28,1,,,,,0.00,0.0,,,,,,
ZZ,01,2,29,1,,,,,0.00,0.0,,,,,,
ZZ,01,2,30,1,,,,,0.00,0.0,,,,,,
ZZ,01,2,31,1,,,,,0.00,0.0,,,,,,
ZZ,01,2,32,1,,,,,0.00,0.0,,,,,,
ZZ,01,2,33,1,,,,,0.00,0.0,,,,,,
ZZ,01,2,34,1,,,,,0.00,0.0,,,,,,
ZZ,01,2,35,1,,,,,0.00,0.0,,,,,,
ZZ,01,2,36,1,,,,,0.00,0.0,,,,,,
ZZ,01,2,37,1,,,,,0.00,0.0,,,,,,
ZZ,01,2,38,1,,,,,0.00,0.0,,,,,,
ZZ,01,2,39,1,,,,,0.00,0.0,,,,,,
ZZ,01,2,40,1,,,,,0.00,0.0,,,,,,
